State,ZipCode,TaxRegionName,TaxRegionCode,CombinedRate,StateRate,CountyRate,CityRate,SpecialRate
IA,50001,WARREN COUNTY,APKO,0.060000,0.060000,0.000000,0,0
IA,50002,ADAIR COUNTY,ANXV,0.070000,0.060000,0.010000,0,0
IA,50003,DALLAS COUNTY,AOHU,0.060000,0.060000,0.000000,0,0
IA,50005,MARSHALL COUNTY,AOYU,0.070000,0.060000,0.010000,0,0
IA,50006,HARDIN COUNTY,AOOV,0.070000,0.060000,0.010000,0,0
IA,50007,POLK COUNTY,APDV,0.060000,0.060000,0.000000,0,0
IA,50008,WAYNE COUNTY,APLL,0.070000,0.060000,0.010000,0,0
IA,50009,POLK COUNTY,APDV,0.060000,0.060000,0.000000,0,0
IA,50010,STORY COUNTY,APIA,0.070000,0.060000,0.010000,0,0
IA,50011,STORY COUNTY,APIA,0.070000,0.060000,0.010000,0,0
IA,50012,STORY COUNTY,APIA,0.070000,0.060000,0.010000,0,0
IA,50013,STORY COUNTY,APIA,0.070000,0.060000,0.010000,0,0
IA,50014,STORY COUNTY,APIA,0.070000,0.060000,0.010000,0,0
IA,50020,CASS COUNTY,AODL,0.070000,0.060000,0.010000,0,0
IA,50021,POLK COUNTY,APDV,0.060000,0.060000,0.000000,0,0
IA,50022,CASS COUNTY,AODL,0.070000,0.060000,0.010000,0,0
IA,50023,POLK COUNTY,APDV,0.060000,0.060000,0.000000,0,0
IA,50025,AUDUBON COUNTY,ANYZ,0.070000,0.060000,0.010000,0,0
IA,50026,GUTHRIE COUNTY,AONS,0.070000,0.060000,0.010000,0,0
IA,50027,MAHASKA COUNTY,AOXS,0.070000,0.060000,0.010000,0,0
IA,50028,JASPER COUNTY,AOSI,0.070000,0.060000,0.010000,0,0
IA,50029,GUTHRIE COUNTY,AONS,0.070000,0.060000,0.010000,0,0
IA,50031,BOONE COUNTY,AOAI,0.070000,0.060000,0.010000,0,0
IA,50032,POLK COUNTY,APDV,0.060000,0.060000,0.000000,0,0
IA,50033,BEVINGTON (MADISON CO),AOXK,0.070000,0.060000,0.000000,0.010000,0
IA,50034,HAMILTON COUNTY,AOOC,0.070000,0.060000,0.010000,0,0
IA,50035,POLK COUNTY,APDV,0.060000,0.060000,0.000000,0,0
IA,50036,BOONE COUNTY,AOAI,0.070000,0.060000,0.010000,0,0
IA,50037,BOONE COUNTY,AOAI,0.070000,0.060000,0.010000,0,0
IA,50038,DALLAS COUNTY,AOHU,0.060000,0.060000,0.000000,0,0
IA,50039,DALLAS COUNTY,AOHU,0.060000,0.060000,0.000000,0,0
IA,50040,BOONE COUNTY,AOAI,0.070000,0.060000,0.010000,0,0
IA,50041,FRANKLIN COUNTY,AOMC,0.070000,0.060000,0.010000,0,0
IA,50042,AUDUBON COUNTY,ANYZ,0.070000,0.060000,0.010000,0,0
IA,50044,MARION COUNTY,AOYG,0.070000,0.060000,0.010000,0,0
IA,50046,STORY COUNTY,APIA,0.070000,0.060000,0.010000,0,0
IA,50047,WARREN COUNTY,APKO,0.060000,0.060000,0.000000,0,0
IA,50048,GUTHRIE COUNTY,AONS,0.070000,0.060000,0.010000,0,0
IA,50049,LUCAS COUNTY,AOWU,0.070000,0.060000,0.010000,0,0
IA,50050,GREENE COUNTY,AOMZ,0.070000,0.060000,0.000000,0,0.010000
IA,50051,MARSHALL COUNTY,AOYU,0.070000,0.060000,0.010000,0,0
IA,50052,WAYNE COUNTY,APLL,0.070000,0.060000,0.010000,0,0
IA,50054,JASPER COUNTY,AOSI,0.070000,0.060000,0.010000,0,0
IA,50055,STORY COUNTY,APIA,0.070000,0.060000,0.010000,0,0
IA,50056,STORY COUNTY,APIA,0.070000,0.060000,0.010000,0,0
IA,50057,MARION COUNTY,AOYG,0.070000,0.060000,0.010000,0,0
IA,50058,CARROLL COUNTY,AOCY,0.070000,0.060000,0.010000,0,0
IA,50059,GREENE COUNTY,AOMZ,0.070000,0.060000,0.000000,0,0.010000
IA,50060,WAYNE COUNTY,APLL,0.070000,0.060000,0.010000,0,0
IA,50061,WARREN COUNTY,APKO,0.060000,0.060000,0.000000,0,0
IA,50062,MARION COUNTY,AOYG,0.070000,0.060000,0.010000,0,0
IA,50063,DALLAS COUNTY,AOHU,0.060000,0.060000,0.000000,0,0
IA,50064,GREENE COUNTY,AOMZ,0.070000,0.060000,0.000000,0,0.010000
IA,50065,DECATUR COUNTY,AOIQ,0.070000,0.060000,0.010000,0,0
IA,50066,DALLAS COUNTY,AOHU,0.060000,0.060000,0.000000,0,0
IA,50067,DECATUR COUNTY,AOIQ,0.070000,0.060000,0.010000,0,0
IA,50068,LUCAS COUNTY,AOWU,0.070000,0.060000,0.010000,0,0
IA,50069,DALLAS COUNTY,AOHU,0.060000,0.060000,0.000000,0,0
IA,50070,DALLAS COUNTY,AOHU,0.060000,0.060000,0.000000,0,0
IA,50071,WRIGHT COUNTY,APOD,0.070000,0.060000,0.010000,0,0
IA,50072,MADISON COUNTY,AOXJ,0.070000,0.060000,0.010000,0,0
IA,50073,POLK COUNTY,APDV,0.060000,0.060000,0.000000,0,0
IA,50074,RINGGOLD COUNTY,APFN,0.070000,0.060000,0.010000,0,0
IA,50075,HAMILTON COUNTY,AOOC,0.070000,0.060000,0.010000,0,0
IA,50076,AUDUBON COUNTY,ANYZ,0.070000,0.060000,0.010000,0,0
IA,50078,MARSHALL COUNTY,AOYU,0.070000,0.060000,0.010000,0,0
IA,50099,BOONE COUNTY,AOAI,0.070000,0.060000,0.010000,0,0
IA,50101,WRIGHT COUNTY,APOD,0.070000,0.060000,0.010000,0,0
IA,50102,HARDIN COUNTY,AOOV,0.070000,0.060000,0.010000,0,0
IA,50103,DECATUR COUNTY,AOIQ,0.070000,0.060000,0.010000,0,0
IA,50104,KEOKUK COUNTY,AOUA,0.060000,0.060000,0.000000,0,0
IA,50105,STORY COUNTY,APIA,0.070000,0.060000,0.010000,0,0
IA,50106,MARSHALL COUNTY,AOYU,0.070000,0.060000,0.010000,0,0
IA,50107,GREENE COUNTY,AOMZ,0.070000,0.060000,0.000000,0,0.010000
IA,50108,DECATUR COUNTY,AOIQ,0.070000,0.060000,0.010000,0,0
IA,50109,DALLAS COUNTY,AOHU,0.060000,0.060000,0.000000,0,0
IA,50110,AUDUBON COUNTY,ANYZ,0.070000,0.060000,0.010000,0,0
IA,50111,POLK COUNTY,APDV,0.060000,0.060000,0.000000,0,0
IA,50112,POWESHIEK COUNTY,APFE,0.070000,0.060000,0.010000,0,0
IA,50115,GUTHRIE COUNTY,AONS,0.070000,0.060000,0.010000,0,0
IA,50116,MARION COUNTY,AOYG,0.070000,0.060000,0.010000,0,0
IA,50117,AUDUBON COUNTY,ANYZ,0.070000,0.060000,0.010000,0,0
IA,50118,WARREN COUNTY,APKO,0.060000,0.060000,0.000000,0,0
IA,50119,MARION COUNTY,AOYG,0.070000,0.060000,0.010000,0,0
IA,50120,MARSHALL COUNTY,AOYU,0.070000,0.060000,0.010000,0,0
IA,50122,HARDIN COUNTY,AOOV,0.070000,0.060000,0.010000,0,0
IA,50123,WAYNE COUNTY,APLL,0.070000,0.060000,0.010000,0,0
IA,50124,STORY COUNTY,APIA,0.070000,0.060000,0.010000,0,0
IA,50125,WARREN COUNTY,APKO,0.060000,0.060000,0.000000,0,0
IA,50126,HARDIN COUNTY,AOOV,0.070000,0.060000,0.010000,0,0
IA,50127,JASPER COUNTY,AOSI,0.070000,0.060000,0.010000,0,0
IA,50128,GUTHRIE COUNTY,AONS,0.070000,0.060000,0.010000,0,0
IA,50129,GREENE COUNTY,AOMZ,0.070000,0.060000,0.000000,0,0.010000
IA,50130,HAMILTON COUNTY,AOOC,0.070000,0.060000,0.010000,0,0
IA,50131,POLK COUNTY,APDV,0.060000,0.060000,0.000000,0,0
IA,50132,HAMILTON COUNTY,AOOC,0.070000,0.060000,0.010000,0,0
IA,50133,RINGGOLD COUNTY,APFN,0.070000,0.060000,0.010000,0,0
IA,50134,STORY COUNTY,APIA,0.070000,0.060000,0.010000,0,0
IA,50135,JASPER COUNTY,AOSI,0.070000,0.060000,0.010000,0,0
IA,50136,KEOKUK COUNTY,AOUA,0.060000,0.060000,0.000000,0,0
IA,50137,JASPER COUNTY,AOSI,0.070000,0.060000,0.010000,0,0
IA,50138,MARION COUNTY,AOYG,0.070000,0.060000,0.010000,0,0
IA,50139,WARREN COUNTY,APKO,0.060000,0.060000,0.000000,0,0
IA,50140,DECATUR COUNTY,AOIQ,0.070000,0.060000,0.010000,0,0
IA,50141,MARSHALL COUNTY,AOYU,0.070000,0.060000,0.010000,0,0
IA,50142,MARSHALL COUNTY,AOYU,0.070000,0.060000,0.010000,0,0
IA,50143,MAHASKA COUNTY,AOXS,0.070000,0.060000,0.010000,0,0
IA,50144,DECATUR COUNTY,AOIQ,0.070000,0.060000,0.010000,0,0
IA,50145,WARREN COUNTY,APKO,0.060000,0.060000,0.000000,0,0
IA,50146,DALLAS COUNTY,AOHU,0.060000,0.060000,0.000000,0,0
IA,50147,WAYNE COUNTY,APLL,0.070000,0.060000,0.010000,0,0
IA,50148,MARSHALL COUNTY,AOYU,0.070000,0.060000,0.010000,0,0
IA,50149,UNION COUNTY,APJM,0.070000,0.060000,0.010000,0,0
IA,50150,MONROE COUNTY,APAQ,0.070000,0.060000,0.010000,0,0
IA,50151,LUCAS COUNTY,AOWU,0.070000,0.060000,0.010000,0,0
IA,50152,BOONE COUNTY,AOAI,0.070000,0.060000,0.010000,0,0
IA,50153,JASPER COUNTY,AOSI,0.070000,0.060000,0.010000,0,0
IA,50154,STORY COUNTY,APIA,0.070000,0.060000,0.010000,0,0
IA,50155,MADISON COUNTY,AOXJ,0.070000,0.060000,0.010000,0,0
IA,50156,BOONE COUNTY,AOAI,0.070000,0.060000,0.010000,0,0
IA,50157,POWESHIEK COUNTY,APFE,0.070000,0.060000,0.010000,0,0
IA,50158,MARSHALL COUNTY,AOYU,0.070000,0.060000,0.010000,0,0
IA,50160,WARREN COUNTY,APKO,0.060000,0.060000,0.000000,0,0
IA,50161,STORY COUNTY,APIA,0.070000,0.060000,0.010000,0,0
IA,50162,MARSHALL COUNTY,AOYU,0.070000,0.060000,0.010000,0,0
IA,50163,MARION COUNTY,AOYG,0.070000,0.060000,0.010000,0,0
IA,50164,GUTHRIE COUNTY,AONS,0.070000,0.060000,0.010000,0,0
IA,50165,WAYNE COUNTY,APLL,0.070000,0.060000,0.010000,0,0
IA,50166,WARREN COUNTY,APKO,0.060000,0.060000,0.000000,0,0
IA,50167,DALLAS COUNTY,AOHU,0.060000,0.060000,0.000000,0,0
IA,50168,JASPER COUNTY,AOSI,0.070000,0.060000,0.010000,0,0
IA,50169,POLK COUNTY,APDV,0.060000,0.060000,0.000000,0,0
IA,50170,JASPER COUNTY,AOSI,0.070000,0.060000,0.010000,0,0
IA,50171,POWESHIEK COUNTY,APFE,0.070000,0.060000,0.010000,0,0
IA,50173,TAMA COUNTY,APIQ,0.070000,0.060000,0.010000,0,0
IA,50174,MURRAY,AOFG,0.070000,0.060000,0.000000,0.010000,0
IA,50201,STORY COUNTY,APIA,0.070000,0.060000,0.010000,0,0
IA,50206,HARDIN COUNTY,AOOV,0.070000,0.060000,0.010000,0,0
IA,50207,MAHASKA COUNTY,AOXS,0.070000,0.060000,0.010000,0,0
IA,50208,JASPER COUNTY,AOSI,0.070000,0.060000,0.010000,0,0
IA,50210,WARREN COUNTY,APKO,0.060000,0.060000,0.000000,0,0
IA,50211,WARREN COUNTY,APKO,0.060000,0.060000,0.000000,0,0
IA,50212,BOONE COUNTY,AOAI,0.070000,0.060000,0.010000,0,0
IA,50213,OSCEOLA,AOFH,0.070000,0.060000,0.000000,0.010000,0
IA,50214,MARION COUNTY,AOYG,0.070000,0.060000,0.010000,0,0
IA,50216,GUTHRIE COUNTY,AONS,0.070000,0.060000,0.010000,0,0
IA,50217,GREENE COUNTY,AOMZ,0.070000,0.060000,0.000000,0,0.010000
IA,50218,MADISON COUNTY,AOXJ,0.070000,0.060000,0.010000,0,0
IA,50219,MARION COUNTY,AOYG,0.070000,0.060000,0.010000,0,0
IA,50220,PERRY,AOIF,0.070000,0.060000,0.000000,0.010000,0
IA,50222,MADISON COUNTY,AOXJ,0.070000,0.060000,0.010000,0,0
IA,50223,BOONE COUNTY,AOAI,0.070000,0.060000,0.010000,0,0
IA,50225,MARION COUNTY,AOYG,0.070000,0.060000,0.010000,0,0
IA,50226,POLK,APEH,0.070000,0.060000,0.010000,0.000000,0
IA,50227,FRANKLIN COUNTY,AOMC,0.070000,0.060000,0.010000,0,0
IA,50228,JASPER COUNTY,AOSI,0.070000,0.060000,0.010000,0,0
IA,50229,WARREN COUNTY,APKO,0.060000,0.060000,0.000000,0,0
IA,50230,HARDIN COUNTY,AOOV,0.070000,0.060000,0.010000,0,0
IA,50231,HAMILTON COUNTY,AOOC,0.070000,0.060000,0.010000,0,0
IA,50232,JASPER COUNTY,AOSI,0.070000,0.060000,0.010000,0,0
IA,50233,DALLAS COUNTY,AOHU,0.060000,0.060000,0.000000,0,0
IA,50234,MARSHALL COUNTY,AOYU,0.070000,0.060000,0.010000,0,0
IA,50235,GREENE COUNTY,AOMZ,0.070000,0.060000,0.000000,0,0.010000
IA,50236,STORY COUNTY,APIA,0.070000,0.060000,0.010000,0,0
IA,50237,POLK COUNTY,APDV,0.060000,0.060000,0.000000,0,0
IA,50238,LUCAS COUNTY,AOWU,0.070000,0.060000,0.010000,0,0
IA,50239,MARSHALL COUNTY,AOYU,0.070000,0.060000,0.010000,0,0
IA,50240,MADISON COUNTY,AOXJ,0.070000,0.060000,0.010000,0,0
IA,50241,WARREN COUNTY,APKO,0.060000,0.060000,0.000000,0,0
IA,50242,POWESHIEK COUNTY,APFE,0.070000,0.060000,0.010000,0,0
IA,50243,SHELDAHL,APEJ,0.070000,0.060000,0.010000,0.000000,0
IA,50244,STORY COUNTY,APIA,0.070000,0.060000,0.010000,0,0
IA,50246,HAMILTON COUNTY,AOOC,0.070000,0.060000,0.010000,0,0
IA,50247,MARSHALL COUNTY,AOYU,0.070000,0.060000,0.010000,0,0
IA,50248,STORY COUNTY,APIA,0.070000,0.060000,0.010000,0,0
IA,50249,HAMILTON COUNTY,AOOC,0.070000,0.060000,0.010000,0,0
IA,50250,ADAIR COUNTY,ANXV,0.070000,0.060000,0.010000,0,0
IA,50251,JASPER COUNTY,AOSI,0.070000,0.060000,0.010000,0,0
IA,50252,WARREN COUNTY,APKO,0.060000,0.060000,0.000000,0,0
IA,50254,UNION COUNTY,APJM,0.070000,0.060000,0.010000,0,0
IA,50255,THORNBURG,AOUO,0.070000,0.060000,0.010000,0.000000,0
IA,50256,MARION COUNTY,AOYG,0.070000,0.060000,0.010000,0,0
IA,50257,MADISON COUNTY,AOXJ,0.070000,0.060000,0.010000,0,0
IA,50258,HARDIN COUNTY,AOOV,0.070000,0.060000,0.010000,0,0
IA,50259,HARDIN COUNTY,AOOV,0.070000,0.060000,0.010000,0,0
IA,50261,DALLAS COUNTY,AOHU,0.060000,0.060000,0.000000,0,0
IA,50262,DECATUR COUNTY,AOIQ,0.070000,0.060000,0.010000,0,0
IA,50263,DALLAS COUNTY,AOHU,0.060000,0.060000,0.000000,0,0
IA,50264,DECATUR COUNTY,AOIQ,0.070000,0.060000,0.010000,0,0
IA,50265,POLK COUNTY,APDV,0.060000,0.060000,0.000000,0,0
IA,50266,POLK COUNTY,APDV,0.060000,0.060000,0.000000,0,0
IA,50268,WHAT CHEER,AOUQ,0.070000,0.060000,0.010000,0.000000,0
IA,50269,HARDIN COUNTY,AOOV,0.070000,0.060000,0.010000,0,0
IA,50271,HAMILTON COUNTY,AOOC,0.070000,0.060000,0.010000,0,0
IA,50272,LUCAS COUNTY,AOWU,0.070000,0.060000,0.010000,0,0
IA,50273,MADISON COUNTY,AOXJ,0.070000,0.060000,0.010000,0,0
IA,50274,CASS COUNTY,AODL,0.070000,0.060000,0.010000,0,0
IA,50275,CLARKE COUNTY,AOFF,0.060000,0.060000,0.000000,0,0
IA,50276,DALLAS COUNTY,AOHU,0.060000,0.060000,0.000000,0,0
IA,50277,GUTHRIE COUNTY,AONS,0.070000,0.060000,0.010000,0,0
IA,50278,STORY COUNTY,APIA,0.070000,0.060000,0.010000,0,0
IA,50301,POLK COUNTY,APDV,0.060000,0.060000,0.000000,0,0
IA,50302,POLK COUNTY,APDV,0.060000,0.060000,0.000000,0,0
IA,50303,POLK COUNTY,APDV,0.060000,0.060000,0.000000,0,0
IA,50304,POLK COUNTY,APDV,0.060000,0.060000,0.000000,0,0
IA,50305,POLK COUNTY,APDV,0.060000,0.060000,0.000000,0,0
IA,50306,POLK COUNTY,APDV,0.060000,0.060000,0.000000,0,0
IA,50307,POLK COUNTY,APDV,0.060000,0.060000,0.000000,0,0
IA,50308,POLK COUNTY,APDV,0.060000,0.060000,0.000000,0,0
IA,50309,POLK COUNTY,APDV,0.060000,0.060000,0.000000,0,0
IA,50310,POLK COUNTY,APDV,0.060000,0.060000,0.000000,0,0
IA,50311,POLK COUNTY,APDV,0.060000,0.060000,0.000000,0,0
IA,50312,POLK COUNTY,APDV,0.060000,0.060000,0.000000,0,0
IA,50313,POLK COUNTY,APDV,0.060000,0.060000,0.000000,0,0
IA,50314,POLK COUNTY,APDV,0.060000,0.060000,0.000000,0,0
IA,50315,POLK COUNTY,APDV,0.060000,0.060000,0.000000,0,0
IA,50316,POLK COUNTY,APDV,0.060000,0.060000,0.000000,0,0
IA,50317,POLK COUNTY,APDV,0.060000,0.060000,0.000000,0,0
IA,50318,POLK COUNTY,APDV,0.060000,0.060000,0.000000,0,0
IA,50319,POLK COUNTY,APDV,0.060000,0.060000,0.000000,0,0
IA,50320,POLK COUNTY,APDV,0.060000,0.060000,0.000000,0,0
IA,50321,POLK COUNTY,APDV,0.060000,0.060000,0.000000,0,0
IA,50322,POLK COUNTY,APDV,0.060000,0.060000,0.000000,0,0
IA,50323,DALLAS COUNTY,AOHU,0.060000,0.060000,0.000000,0,0
IA,50324,POLK COUNTY,APDV,0.060000,0.060000,0.000000,0,0
IA,50325,POLK COUNTY,APDV,0.060000,0.060000,0.000000,0,0
IA,50327,POLK COUNTY,APDV,0.060000,0.060000,0.000000,0,0
IA,50328,POLK COUNTY,APDV,0.060000,0.060000,0.000000,0,0
IA,50329,POLK COUNTY,APDV,0.060000,0.060000,0.000000,0,0
IA,50330,POLK COUNTY,APDV,0.060000,0.060000,0.000000,0,0
IA,50331,POLK COUNTY,APDV,0.060000,0.060000,0.000000,0,0
IA,50332,POLK COUNTY,APDV,0.060000,0.060000,0.000000,0,0
IA,50334,POLK COUNTY,APDV,0.060000,0.060000,0.000000,0,0
IA,50335,POLK COUNTY,APDV,0.060000,0.060000,0.000000,0,0
IA,50336,POLK COUNTY,APDV,0.060000,0.060000,0.000000,0,0
IA,50339,POLK COUNTY,APDV,0.060000,0.060000,0.000000,0,0
IA,50340,POLK COUNTY,APDV,0.060000,0.060000,0.000000,0,0
IA,50359,POLK COUNTY,APDV,0.060000,0.060000,0.000000,0,0
IA,50360,POLK COUNTY,APDV,0.060000,0.060000,0.000000,0,0
IA,50361,POLK COUNTY,APDV,0.060000,0.060000,0.000000,0,0
IA,50362,POLK COUNTY,APDV,0.060000,0.060000,0.000000,0,0
IA,50363,POLK COUNTY,APDV,0.060000,0.060000,0.000000,0,0
IA,50364,POLK COUNTY,APDV,0.060000,0.060000,0.000000,0,0
IA,50367,POLK COUNTY,APDV,0.060000,0.060000,0.000000,0,0
IA,50368,POLK COUNTY,APDV,0.060000,0.060000,0.000000,0,0
IA,50369,POLK COUNTY,APDV,0.060000,0.060000,0.000000,0,0
IA,50380,POLK COUNTY,APDV,0.060000,0.060000,0.000000,0,0
IA,50381,POLK COUNTY,APDV,0.060000,0.060000,0.000000,0,0
IA,50391,POLK COUNTY,APDV,0.060000,0.060000,0.000000,0,0
IA,50392,POLK COUNTY,APDV,0.060000,0.060000,0.000000,0,0
IA,50393,POLK COUNTY,APDV,0.060000,0.060000,0.000000,0,0
IA,50394,POLK COUNTY,APDV,0.060000,0.060000,0.000000,0,0
IA,50395,POLK COUNTY,APDV,0.060000,0.060000,0.000000,0,0
IA,50396,POLK COUNTY,APDV,0.060000,0.060000,0.000000,0,0
IA,50398,DALLAS COUNTY,AOHU,0.060000,0.060000,0.000000,0,0
IA,50401,CERRO GORDO COUNTY,AOED,0.070000,0.060000,0.010000,0,0
IA,50402,CERRO GORDO COUNTY,AOED,0.070000,0.060000,0.010000,0,0
IA,50420,FRANKLIN COUNTY,AOMC,0.070000,0.060000,0.010000,0,0
IA,50421,WRIGHT COUNTY,APOD,0.070000,0.060000,0.010000,0,0
IA,50423,HANCOCK COUNTY,AOOM,0.070000,0.060000,0.010000,0,0
IA,50424,WINNEBAGO COUNTY,APMJ,0.070000,0.060000,0.010000,0,0
IA,50426,MITCHELL COUNTY,AOZS,0.070000,0.060000,0.010000,0,0
IA,50427,FRANKLIN COUNTY,AOMC,0.070000,0.060000,0.010000,0,0
IA,50428,CERRO GORDO COUNTY,AOED,0.070000,0.060000,0.010000,0,0
IA,50430,HANCOCK COUNTY,AOOM,0.070000,0.060000,0.010000,0,0
IA,50431,FRANKLIN COUNTY,AOMC,0.070000,0.060000,0.010000,0,0
IA,50432,HANCOCK COUNTY,AOOM,0.070000,0.060000,0.010000,0,0
IA,50433,CERRO GORDO COUNTY,AOED,0.070000,0.060000,0.010000,0,0
IA,50434,WORTH COUNTY,APNV,0.070000,0.060000,0.010000,0,0
IA,50435,FLOYD COUNTY,AOLU,0.070000,0.060000,0.010000,0,0
IA,50436,WINNEBAGO COUNTY,APMJ,0.070000,0.060000,0.010000,0,0
IA,50438,HANCOCK COUNTY,AOOM,0.070000,0.060000,0.010000,0,0
IA,50439,HANCOCK COUNTY,AOOM,0.070000,0.060000,0.010000,0,0
IA,50440,WORTH COUNTY,APNV,0.070000,0.060000,0.010000,0,0
IA,50441,FRANKLIN COUNTY,AOMC,0.070000,0.060000,0.010000,0,0
IA,50444,WORTH COUNTY,APNV,0.070000,0.060000,0.010000,0,0
IA,50446,WORTH COUNTY,APNV,0.070000,0.060000,0.010000,0,0
IA,50447,HANCOCK COUNTY,AOOM,0.070000,0.060000,0.010000,0,0
IA,50448,WORTH COUNTY,APNV,0.070000,0.060000,0.010000,0,0
IA,50449,HANCOCK COUNTY,AOOM,0.070000,0.060000,0.010000,0,0
IA,50450,WINNEBAGO COUNTY,APMJ,0.070000,0.060000,0.010000,0,0
IA,50451,KOSSUTH COUNTY,AOUR,0.070000,0.060000,0.010000,0,0
IA,50452,FRANKLIN COUNTY,AOMC,0.070000,0.060000,0.010000,0,0
IA,50453,WINNEBAGO COUNTY,APMJ,0.070000,0.060000,0.010000,0,0
IA,50454,MITCHELL COUNTY,AOZS,0.070000,0.060000,0.010000,0,0
IA,50455,MITCHELL COUNTY,AOZS,0.070000,0.060000,0.010000,0,0
IA,50456,WORTH COUNTY,APNV,0.070000,0.060000,0.010000,0,0
IA,50457,CERRO GORDO COUNTY,AOED,0.070000,0.060000,0.010000,0,0
IA,50458,FLOYD COUNTY,AOLU,0.070000,0.060000,0.010000,0,0
IA,50459,WORTH COUNTY,APNV,0.070000,0.060000,0.010000,0,0
IA,50460,MITCHELL COUNTY,AOZS,0.070000,0.060000,0.010000,0,0
IA,50461,MITCHELL COUNTY,AOZS,0.070000,0.060000,0.010000,0,0
IA,50464,CERRO GORDO COUNTY,AOED,0.070000,0.060000,0.010000,0,0
IA,50465,WINNEBAGO COUNTY,APMJ,0.070000,0.060000,0.010000,0,0
IA,50466,HOWARD COUNTY,AOQH,0.070000,0.060000,0.010000,0,0
IA,50467,CERRO GORDO COUNTY,AOED,0.070000,0.060000,0.010000,0,0
IA,50468,FLOYD COUNTY,AOLU,0.070000,0.060000,0.010000,0,0
IA,50469,CERRO GORDO COUNTY,AOED,0.070000,0.060000,0.010000,0,0
IA,50470,WRIGHT COUNTY,APOD,0.070000,0.060000,0.010000,0,0
IA,50471,FLOYD COUNTY,AOLU,0.070000,0.060000,0.010000,0,0
IA,50472,MITCHELL COUNTY,AOZS,0.070000,0.060000,0.010000,0,0
IA,50473,WINNEBAGO COUNTY,APMJ,0.070000,0.060000,0.010000,0,0
IA,50475,FRANKLIN COUNTY,AOMC,0.070000,0.060000,0.010000,0,0
IA,50476,MITCHELL COUNTY,AOZS,0.070000,0.060000,0.010000,0,0
IA,50477,CERRO GORDO COUNTY,AOED,0.070000,0.060000,0.010000,0,0
IA,50478,WINNEBAGO COUNTY,APMJ,0.070000,0.060000,0.010000,0,0
IA,50479,CERRO GORDO COUNTY,AOED,0.070000,0.060000,0.010000,0,0
IA,50480,KOSSUTH COUNTY,AOUR,0.070000,0.060000,0.010000,0,0
IA,50481,MITCHELL COUNTY,AOZS,0.070000,0.060000,0.010000,0,0
IA,50482,CERRO GORDO COUNTY,AOED,0.070000,0.060000,0.010000,0,0
IA,50483,KOSSUTH COUNTY,AOUR,0.070000,0.060000,0.010000,0,0
IA,50484,HANCOCK COUNTY,AOOM,0.070000,0.060000,0.010000,0,0
IA,50501,WEBSTER COUNTY,APLU,0.070000,0.060000,0.010000,0,0
IA,50510,BUENA VISTA COUNTY,AOBO,0.070000,0.060000,0.010000,0,0
IA,50511,KOSSUTH COUNTY,AOUR,0.070000,0.060000,0.010000,0,0
IA,50514,EMMET COUNTY,AOKX,0.070000,0.060000,0.010000,0,0
IA,50515,PALO ALTO COUNTY,APCP,0.070000,0.060000,0.010000,0,0
IA,50516,WEBSTER COUNTY,APLU,0.070000,0.060000,0.010000,0,0
IA,50517,KOSSUTH COUNTY,AOUR,0.070000,0.060000,0.010000,0,0
IA,50518,WEBSTER COUNTY,APLU,0.070000,0.060000,0.010000,0,0
IA,50519,HUMBOLDT COUNTY,AOQO,0.070000,0.060000,0.010000,0,0
IA,50520,HUMBOLDT COUNTY,AOQO,0.070000,0.060000,0.010000,0,0
IA,50521,WEBSTER COUNTY,APLU,0.070000,0.060000,0.010000,0,0
IA,50522,KOSSUTH COUNTY,AOUR,0.070000,0.060000,0.010000,0,0
IA,50523,WEBSTER COUNTY,APLU,0.070000,0.060000,0.010000,0,0
IA,50524,WEBSTER COUNTY,APLU,0.070000,0.060000,0.010000,0,0
IA,50525,WRIGHT COUNTY,APOD,0.070000,0.060000,0.010000,0,0
IA,50526,WRIGHT COUNTY,APOD,0.070000,0.060000,0.010000,0,0
IA,50527,PALO ALTO COUNTY,APCP,0.070000,0.060000,0.010000,0,0
IA,50528,PALO ALTO COUNTY,APCP,0.070000,0.060000,0.010000,0,0
IA,50529,HUMBOLDT COUNTY,AOQO,0.070000,0.060000,0.010000,0,0
IA,50530,WEBSTER COUNTY,APLU,0.070000,0.060000,0.010000,0,0
IA,50531,EMMET COUNTY,AOKX,0.070000,0.060000,0.010000,0,0
IA,50532,WEBSTER COUNTY,APLU,0.070000,0.060000,0.010000,0,0
IA,50533,WRIGHT COUNTY,APOD,0.070000,0.060000,0.010000,0,0
IA,50535,SAC COUNTY,APFY,0.070000,0.060000,0.010000,0,0
IA,50536,PALO ALTO COUNTY,APCP,0.070000,0.060000,0.010000,0,0
IA,50538,CALHOUN COUNTY,AOCM,0.070000,0.060000,0.010000,0,0
IA,50539,KOSSUTH COUNTY,AOUR,0.070000,0.060000,0.010000,0,0
IA,50540,POCAHONTAS COUNTY,APDL,0.070000,0.060000,0.010000,0,0
IA,50541,POCAHONTAS COUNTY,APDL,0.070000,0.060000,0.010000,0,0
IA,50542,WRIGHT COUNTY,APOD,0.070000,0.060000,0.010000,0,0
IA,50543,WEBSTER COUNTY,APLU,0.070000,0.060000,0.010000,0,0
IA,50544,WEBSTER COUNTY,APLU,0.070000,0.060000,0.010000,0,0
IA,50545,HUMBOLDT COUNTY,AOQO,0.070000,0.060000,0.010000,0,0
IA,50546,POCAHONTAS COUNTY,APDL,0.070000,0.060000,0.010000,0,0
IA,50548,HUMBOLDT COUNTY,AOQO,0.070000,0.060000,0.010000,0,0
IA,50551,CALHOUN COUNTY,AOCM,0.070000,0.060000,0.010000,0,0
IA,50552,CALHOUN COUNTY,AOCM,0.070000,0.060000,0.010000,0,0
IA,50554,POCAHONTAS COUNTY,APDL,0.070000,0.060000,0.010000,0,0
IA,50556,KOSSUTH COUNTY,AOUR,0.070000,0.060000,0.010000,0,0
IA,50557,WEBSTER COUNTY,APLU,0.070000,0.060000,0.010000,0,0
IA,50558,HUMBOLDT COUNTY,AOQO,0.070000,0.060000,0.010000,0,0
IA,50559,KOSSUTH COUNTY,AOUR,0.070000,0.060000,0.010000,0,0
IA,50560,KOSSUTH COUNTY,AOUR,0.070000,0.060000,0.010000,0,0
IA,50561,SAC COUNTY,APFY,0.070000,0.060000,0.010000,0,0
IA,50562,PALO ALTO COUNTY,APCP,0.070000,0.060000,0.010000,0,0
IA,50563,CALHOUN COUNTY,AOCM,0.070000,0.060000,0.010000,0,0
IA,50565,BUENA VISTA COUNTY,AOBO,0.070000,0.060000,0.010000,0,0
IA,50566,WEBSTER COUNTY,APLU,0.070000,0.060000,0.010000,0,0
IA,50567,SAC COUNTY,APFY,0.070000,0.060000,0.010000,0,0
IA,50568,BUENA VISTA COUNTY,AOBO,0.070000,0.060000,0.010000,0,0
IA,50569,WEBSTER COUNTY,APLU,0.070000,0.060000,0.010000,0,0
IA,50570,HUMBOLDT COUNTY,AOQO,0.070000,0.060000,0.010000,0,0
IA,50571,POCAHONTAS COUNTY,APDL,0.070000,0.060000,0.010000,0,0
IA,50573,POCAHONTAS COUNTY,APDL,0.070000,0.060000,0.010000,0,0
IA,50574,POCAHONTAS COUNTY,APDL,0.070000,0.060000,0.010000,0,0
IA,50575,CALHOUN COUNTY,AOCM,0.070000,0.060000,0.010000,0,0
IA,50576,BUENA VISTA COUNTY,AOBO,0.070000,0.060000,0.010000,0,0
IA,50577,HUMBOLDT COUNTY,AOQO,0.070000,0.060000,0.010000,0,0
IA,50578,EMMET COUNTY,AOKX,0.070000,0.060000,0.010000,0,0
IA,50579,CALHOUN COUNTY,AOCM,0.070000,0.060000,0.010000,0,0
IA,50581,POCAHONTAS COUNTY,APDL,0.070000,0.060000,0.010000,0,0
IA,50582,HUMBOLDT COUNTY,AOQO,0.070000,0.060000,0.010000,0,0
IA,50583,SAC COUNTY,APFY,0.070000,0.060000,0.010000,0,0
IA,50585,BUENA VISTA COUNTY,AOBO,0.070000,0.060000,0.010000,0,0
IA,50586,CALHOUN COUNTY,AOCM,0.070000,0.060000,0.010000,0,0
IA,50588,BUENA VISTA COUNTY,AOBO,0.070000,0.060000,0.010000,0,0
IA,50590,KOSSUTH COUNTY,AOUR,0.070000,0.060000,0.010000,0,0
IA,50591,HUMBOLDT COUNTY,AOQO,0.070000,0.060000,0.010000,0,0
IA,50592,BUENA VISTA COUNTY,AOBO,0.070000,0.060000,0.010000,0,0
IA,50593,POCAHONTAS COUNTY,APDL,0.070000,0.060000,0.010000,0,0
IA,50594,WEBSTER COUNTY,APLU,0.070000,0.060000,0.010000,0,0
IA,50595,HAMILTON COUNTY,AOOC,0.070000,0.060000,0.010000,0,0
IA,50597,PALO ALTO COUNTY,APCP,0.070000,0.060000,0.010000,0,0
IA,50598,KOSSUTH COUNTY,AOUR,0.070000,0.060000,0.010000,0,0
IA,50599,WRIGHT COUNTY,APOD,0.070000,0.060000,0.010000,0,0
IA,50601,HARDIN COUNTY,AOOV,0.070000,0.060000,0.010000,0,0
IA,50602,BUTLER COUNTY,AOBZ,0.070000,0.060000,0.010000,0,0
IA,50603,CHICKASAW COUNTY,AOEX,0.070000,0.060000,0.010000,0,0
IA,50604,BUTLER COUNTY,AOBZ,0.070000,0.060000,0.010000,0,0
IA,50605,BUTLER COUNTY,AOBZ,0.070000,0.060000,0.010000,0,0
IA,50606,FAYETTE COUNTY,AOLE,0.070000,0.060000,0.010000,0,0
IA,50607,BUCHANAN COUNTY,AOBC,0.070000,0.060000,0.010000,0,0
IA,50608,BUTLER COUNTY,AOBZ,0.070000,0.060000,0.010000,0,0
IA,50609,GRUNDY COUNTY,AONI,0.070000,0.060000,0.010000,0,0
IA,50611,BUTLER COUNTY,AOBZ,0.070000,0.060000,0.010000,0,0
IA,50612,TAMA COUNTY,APIQ,0.070000,0.060000,0.010000,0,0
IA,50613,BLACK HAWK COUNTY,ANZW,0.070000,0.060000,0.010000,0,0
IA,50614,BLACK HAWK COUNTY,ANZW,0.070000,0.060000,0.010000,0,0
IA,50616,FLOYD COUNTY,AOLU,0.070000,0.060000,0.010000,0,0
IA,50619,BUTLER COUNTY,AOBZ,0.070000,0.060000,0.010000,0,0
IA,50620,FLOYD COUNTY,AOLU,0.070000,0.060000,0.010000,0,0
IA,50621,GRUNDY COUNTY,AONI,0.070000,0.060000,0.010000,0,0
IA,50622,BREMER COUNTY,AOAT,0.070000,0.060000,0.010000,0,0
IA,50623,BLACK HAWK COUNTY,ANZW,0.070000,0.060000,0.010000,0,0
IA,50624,GRUNDY COUNTY,AONI,0.070000,0.060000,0.010000,0,0
IA,50625,BUTLER COUNTY,AOBZ,0.070000,0.060000,0.010000,0,0
IA,50626,BLACK HAWK COUNTY,ANZW,0.070000,0.060000,0.010000,0,0
IA,50627,HARDIN COUNTY,AOOV,0.070000,0.060000,0.010000,0,0
IA,50628,HOWARD COUNTY,AOQH,0.070000,0.060000,0.010000,0,0
IA,50629,BUCHANAN COUNTY,AOBC,0.070000,0.060000,0.010000,0,0
IA,50630,CHICKASAW COUNTY,AOEX,0.070000,0.060000,0.010000,0,0
IA,50631,BREMER COUNTY,AOAT,0.070000,0.060000,0.010000,0,0
IA,50632,TAMA COUNTY,APIQ,0.070000,0.060000,0.010000,0,0
IA,50633,FRANKLIN COUNTY,AOMC,0.070000,0.060000,0.010000,0,0
IA,50634,BLACK HAWK COUNTY,ANZW,0.070000,0.060000,0.010000,0,0
IA,50635,TAMA COUNTY,APIQ,0.070000,0.060000,0.010000,0,0
IA,50636,BUTLER COUNTY,AOBZ,0.070000,0.060000,0.010000,0,0
IA,50638,GRUNDY COUNTY,AONI,0.070000,0.060000,0.010000,0,0
IA,50641,BUCHANAN COUNTY,AOBC,0.070000,0.060000,0.010000,0,0
IA,50642,GRUNDY COUNTY,AONI,0.070000,0.060000,0.010000,0,0
IA,50643,SIOUX COUNTY,APHM,0.070000,0.060000,0.010000,0,0
IA,50644,BUCHANAN COUNTY,AOBC,0.070000,0.060000,0.010000,0,0
IA,50645,CHICKASAW COUNTY,AOEX,0.070000,0.060000,0.010000,0,0
IA,50647,BREMER COUNTY,AOAT,0.070000,0.060000,0.010000,0,0
IA,50648,BUCHANAN COUNTY,AOBC,0.070000,0.060000,0.010000,0,0
IA,50649,BUTLER COUNTY,AOBZ,0.070000,0.060000,0.010000,0,0
IA,50650,BUCHANAN COUNTY,AOBC,0.070000,0.060000,0.010000,0,0
IA,50651,BLACK HAWK COUNTY,ANZW,0.070000,0.060000,0.010000,0,0
IA,50652,TAMA COUNTY,APIQ,0.070000,0.060000,0.010000,0,0
IA,50653,FLOYD COUNTY,AOLU,0.070000,0.060000,0.010000,0,0
IA,50654,DELAWARE COUNTY,AOIZ,0.070000,0.060000,0.010000,0,0
IA,50655,FAYETTE COUNTY,AOLE,0.070000,0.060000,0.010000,0,0
IA,50657,GRUNDY COUNTY,AONI,0.070000,0.060000,0.010000,0,0
IA,50658,CHICKASAW COUNTY,AOEX,0.070000,0.060000,0.010000,0,0
IA,50659,CHICKASAW COUNTY,AOEX,0.070000,0.060000,0.010000,0,0
IA,50660,BUTLER COUNTY,AOBZ,0.070000,0.060000,0.010000,0,0
IA,50661,CHICKASAW COUNTY,AOEX,0.070000,0.060000,0.010000,0,0
IA,50662,FAYETTE COUNTY,AOLE,0.070000,0.060000,0.010000,0,0
IA,50664,FAYETTE COUNTY,AOLE,0.070000,0.060000,0.010000,0,0
IA,50665,BUTLER COUNTY,AOBZ,0.070000,0.060000,0.010000,0,0
IA,50666,BREMER COUNTY,AOAT,0.070000,0.060000,0.010000,0,0
IA,50667,BLACK HAWK COUNTY,ANZW,0.070000,0.060000,0.010000,0,0
IA,50668,BREMER COUNTY,AOAT,0.070000,0.060000,0.010000,0,0
IA,50669,REINBECK,AONP,0.060000,0.060000,0.000000,0.000000,0
IA,50670,BUTLER COUNTY,AOBZ,0.070000,0.060000,0.010000,0,0
IA,50671,FAYETTE COUNTY,AOLE,0.070000,0.060000,0.010000,0,0
IA,50672,HARDIN COUNTY,AOOV,0.070000,0.060000,0.010000,0,0
IA,50673,GRUNDY COUNTY,AONI,0.070000,0.060000,0.010000,0,0
IA,50674,BREMER COUNTY,AOAT,0.070000,0.060000,0.010000,0,0
IA,50675,TAMA COUNTY,APIQ,0.070000,0.060000,0.010000,0,0
IA,50676,BREMER COUNTY,AOAT,0.070000,0.060000,0.010000,0,0
IA,50677,BREMER COUNTY,AOAT,0.070000,0.060000,0.010000,0,0
IA,50680,GRUNDY COUNTY,AONI,0.070000,0.060000,0.010000,0,0
IA,50681,FAYETTE COUNTY,AOLE,0.070000,0.060000,0.010000,0,0
IA,50682,BUCHANAN COUNTY,AOBC,0.070000,0.060000,0.010000,0,0
IA,50701,BLACK HAWK COUNTY,ANZW,0.070000,0.060000,0.010000,0,0
IA,50702,BLACK HAWK COUNTY,ANZW,0.070000,0.060000,0.010000,0,0
IA,50703,BLACK HAWK COUNTY,ANZW,0.070000,0.060000,0.010000,0,0
IA,50704,BLACK HAWK COUNTY,ANZW,0.070000,0.060000,0.010000,0,0
IA,50707,BLACK HAWK COUNTY,ANZW,0.070000,0.060000,0.010000,0,0
IA,50801,UNION COUNTY,APJM,0.070000,0.060000,0.010000,0,0
IA,50830,UNION COUNTY,APJM,0.070000,0.060000,0.010000,0,0
IA,50831,UNION COUNTY,APJM,0.070000,0.060000,0.010000,0,0
IA,50833,TAYLOR COUNTY,APJE,0.070000,0.060000,0.010000,0,0
IA,50835,RINGGOLD COUNTY,APFN,0.070000,0.060000,0.010000,0,0
IA,50836,TAYLOR COUNTY,APJE,0.070000,0.060000,0.010000,0,0
IA,50837,ADAIR COUNTY,ANXV,0.070000,0.060000,0.010000,0,0
IA,50839,ADAMS COUNTY,ANYB,0.070000,0.060000,0.010000,0,0
IA,50840,TAYLOR COUNTY,APJE,0.070000,0.060000,0.010000,0,0
IA,50841,ADAMS COUNTY,ANYB,0.070000,0.060000,0.010000,0,0
IA,50842,UNION COUNTY,APJM,0.070000,0.060000,0.010000,0,0
IA,50843,CASS COUNTY,AODL,0.070000,0.060000,0.010000,0,0
IA,50845,RINGGOLD COUNTY,APFN,0.070000,0.060000,0.010000,0,0
IA,50846,ADAIR COUNTY,ANXV,0.070000,0.060000,0.010000,0,0
IA,50847,MONTGOMERY COUNTY,APAU,0.070000,0.060000,0.010000,0,0
IA,50848,TAYLOR COUNTY,APJE,0.070000,0.060000,0.010000,0,0
IA,50849,ADAIR COUNTY,ANXV,0.070000,0.060000,0.010000,0,0
IA,50851,TAYLOR COUNTY,APJE,0.070000,0.060000,0.010000,0,0
IA,50853,CASS COUNTY,AODL,0.070000,0.060000,0.010000,0,0
IA,50854,RINGGOLD COUNTY,APFN,0.070000,0.060000,0.010000,0,0
IA,50857,ADAMS COUNTY,ANYB,0.070000,0.060000,0.010000,0,0
IA,50858,ADAIR COUNTY,ANXV,0.070000,0.060000,0.010000,0,0
IA,50859,ADAMS COUNTY,ANYB,0.070000,0.060000,0.010000,0,0
IA,50860,RINGGOLD COUNTY,APFN,0.070000,0.060000,0.010000,0,0
IA,50861,UNION COUNTY,APJM,0.070000,0.060000,0.010000,0,0
IA,50862,TAYLOR COUNTY,APJE,0.070000,0.060000,0.010000,0,0
IA,50863,RINGGOLD COUNTY,APFN,0.070000,0.060000,0.010000,0,0
IA,50864,MONTGOMERY COUNTY,APAU,0.070000,0.060000,0.010000,0,0
IA,50936,POLK COUNTY,APDV,0.060000,0.060000,0.000000,0,0
IA,50940,POLK COUNTY,APDV,0.060000,0.060000,0.000000,0,0
IA,50947,POLK COUNTY,APDV,0.060000,0.060000,0.000000,0,0
IA,50950,POLK COUNTY,APDV,0.060000,0.060000,0.000000,0,0
IA,50980,POLK COUNTY,APDV,0.060000,0.060000,0.000000,0,0
IA,50981,POLK COUNTY,APDV,0.060000,0.060000,0.000000,0,0
IA,50982,POLK COUNTY,APDV,0.060000,0.060000,0.000000,0,0
IA,50983,POLK COUNTY,APDV,0.060000,0.060000,0.000000,0,0
IA,51001,PLYMOUTH COUNTY,APCZ,0.070000,0.060000,0.010000,0,0
IA,51002,BUENA VISTA COUNTY,AOBO,0.070000,0.060000,0.010000,0,0
IA,51003,SIOUX COUNTY,APHM,0.070000,0.060000,0.010000,0,0
IA,51004,WOODBURY COUNTY,APNE,0.070000,0.060000,0.010000,0,0
IA,51005,CHEROKEE COUNTY,AOEO,0.070000,0.060000,0.010000,0,0
IA,51006,IDA COUNTY,AORA,0.070000,0.060000,0.010000,0,0
IA,51007,WOODBURY COUNTY,APNE,0.070000,0.060000,0.010000,0,0
IA,51008,PLYMOUTH COUNTY,APCZ,0.070000,0.060000,0.010000,0,0
IA,51009,OBRIEN COUNTY,APBN,0.070000,0.060000,0.010000,0,0
IA,51010,MONONA COUNTY,APAD,0.070000,0.060000,0.010000,0,0
IA,51011,SIOUX COUNTY,APHM,0.070000,0.060000,0.010000,0,0
IA,51012,CHEROKEE COUNTY,AOEO,0.070000,0.060000,0.010000,0,0
IA,51014,CHEROKEE COUNTY,AOEO,0.070000,0.060000,0.010000,0,0
IA,51015,WOODBURY COUNTY,APNE,0.070000,0.060000,0.010000,0,0
IA,51016,WOODBURY COUNTY,APNE,0.070000,0.060000,0.010000,0,0
IA,51018,WOODBURY COUNTY,APNE,0.070000,0.060000,0.010000,0,0
IA,51019,WOODBURY COUNTY,APNE,0.070000,0.060000,0.010000,0,0
IA,51020,IDA COUNTY,AORA,0.070000,0.060000,0.010000,0,0
IA,51022,SIOUX COUNTY,APHM,0.070000,0.060000,0.010000,0,0
IA,51023,SIOUX COUNTY,APHM,0.070000,0.060000,0.010000,0,0
IA,51024,PLYMOUTH COUNTY,APCZ,0.070000,0.060000,0.010000,0,0
IA,51025,HOLSTEIN,AORE,0.070000,0.060000,0.000000,0.010000,0
IA,51026,WOODBURY COUNTY,APNE,0.070000,0.060000,0.010000,0,0
IA,51027,SIOUX COUNTY,APHM,0.070000,0.060000,0.010000,0,0
IA,51028,PLYMOUTH COUNTY,APCZ,0.070000,0.060000,0.010000,0,0
IA,51029,CHEROKEE COUNTY,AOEO,0.070000,0.060000,0.010000,0,0
IA,51030,WOODBURY COUNTY,APNE,0.070000,0.060000,0.010000,0,0
IA,51031,PLYMOUTH COUNTY,APCZ,0.070000,0.060000,0.010000,0,0
IA,51033,BUENA VISTA COUNTY,AOBO,0.070000,0.060000,0.010000,0,0
IA,51034,MONONA COUNTY,APAD,0.070000,0.060000,0.010000,0,0
IA,51035,CHEROKEE COUNTY,AOEO,0.070000,0.060000,0.010000,0,0
IA,51036,SIOUX COUNTY,APHM,0.070000,0.060000,0.010000,0,0
IA,51037,CHEROKEE COUNTY,AOEO,0.070000,0.060000,0.010000,0,0
IA,51038,PLYMOUTH COUNTY,APCZ,0.070000,0.060000,0.010000,0,0
IA,51039,WOODBURY COUNTY,APNE,0.070000,0.060000,0.010000,0,0
IA,51040,MONONA COUNTY,APAD,0.070000,0.060000,0.010000,0,0
IA,51041,SIOUX COUNTY,APHM,0.070000,0.060000,0.010000,0,0
IA,51044,WOODBURY COUNTY,APNE,0.070000,0.060000,0.010000,0,0
IA,51045,PLYMOUTH COUNTY,APCZ,0.070000,0.060000,0.010000,0,0
IA,51046,OBRIEN COUNTY,APBN,0.070000,0.060000,0.010000,0,0
IA,51047,CLAY COUNTY,AOFJ,0.070000,0.060000,0.010000,0,0
IA,51048,WOODBURY COUNTY,APNE,0.070000,0.060000,0.010000,0,0
IA,51049,CHEROKEE COUNTY,AOEO,0.070000,0.060000,0.010000,0,0
IA,51050,PLYMOUTH COUNTY,APCZ,0.070000,0.060000,0.010000,0,0
IA,51051,MONONA COUNTY,APAD,0.070000,0.060000,0.010000,0,0
IA,51052,WOODBURY COUNTY,APNE,0.070000,0.060000,0.010000,0,0
IA,51053,SAC COUNTY,APFY,0.070000,0.060000,0.010000,0,0
IA,51054,WOODBURY COUNTY,APNE,0.070000,0.060000,0.010000,0,0
IA,51055,WOODBURY COUNTY,APNE,0.070000,0.060000,0.010000,0,0
IA,51056,WOODBURY COUNTY,APNE,0.070000,0.060000,0.010000,0,0
IA,51058,OBRIEN COUNTY,APBN,0.070000,0.060000,0.010000,0,0
IA,51060,MONONA COUNTY,APAD,0.070000,0.060000,0.010000,0,0
IA,51061,CHEROKEE COUNTY,AOEO,0.070000,0.060000,0.010000,0,0
IA,51062,PLYMOUTH COUNTY,APCZ,0.070000,0.060000,0.010000,0,0
IA,51063,MONONA COUNTY,APAD,0.070000,0.060000,0.010000,0,0
IA,51101,WOODBURY COUNTY,APNE,0.070000,0.060000,0.010000,0,0
IA,51102,WOODBURY COUNTY,APNE,0.070000,0.060000,0.010000,0,0
IA,51103,WOODBURY COUNTY,APNE,0.070000,0.060000,0.010000,0,0
IA,51104,WOODBURY COUNTY,APNE,0.070000,0.060000,0.010000,0,0
IA,51105,WOODBURY COUNTY,APNE,0.070000,0.060000,0.010000,0,0
IA,51106,WOODBURY COUNTY,APNE,0.070000,0.060000,0.010000,0,0
IA,51108,WOODBURY COUNTY,APNE,0.070000,0.060000,0.010000,0,0
IA,51109,WOODBURY COUNTY,APNE,0.070000,0.060000,0.010000,0,0
IA,51111,WOODBURY COUNTY,APNE,0.070000,0.060000,0.010000,0,0
IA,51201,OBRIEN COUNTY,APBN,0.070000,0.060000,0.010000,0,0
IA,51230,LYON COUNTY,AOXA,0.070000,0.060000,0.010000,0,0
IA,51231,OBRIEN COUNTY,APBN,0.070000,0.060000,0.010000,0,0
IA,51232,OSCEOLA COUNTY,APBW,0.060000,0.060000,0.000000,0,0
IA,51234,SIOUX COUNTY,APHM,0.070000,0.060000,0.010000,0,0
IA,51235,LYON COUNTY,AOXA,0.070000,0.060000,0.010000,0,0
IA,51237,LYON COUNTY,AOXA,0.070000,0.060000,0.010000,0,0
IA,51238,SIOUX COUNTY,APHM,0.070000,0.060000,0.010000,0,0
IA,51239,SIOUX COUNTY,APHM,0.070000,0.060000,0.010000,0,0
IA,51240,LYON COUNTY,AOXA,0.070000,0.060000,0.010000,0,0
IA,51241,LYON COUNTY,AOXA,0.070000,0.060000,0.010000,0,0
IA,51242,LYON COUNTY,AOXA,0.070000,0.060000,0.010000,0,0
IA,51243,LYON COUNTY,AOXA,0.070000,0.060000,0.010000,0,0
IA,51244,SIOUX COUNTY,APHM,0.070000,0.060000,0.010000,0,0
IA,51245,OBRIEN COUNTY,APBN,0.070000,0.060000,0.010000,0,0
IA,51246,LYON COUNTY,AOXA,0.070000,0.060000,0.010000,0,0
IA,51247,SIOUX COUNTY,APHM,0.070000,0.060000,0.010000,0,0
IA,51248,OBRIEN COUNTY,APBN,0.070000,0.060000,0.010000,0,0
IA,51249,SIBLEY,APCD,0.070000,0.060000,0.010000,0.000000,0
IA,51250,SIOUX COUNTY,APHM,0.070000,0.060000,0.010000,0,0
IA,51301,CLAY COUNTY,AOFJ,0.070000,0.060000,0.010000,0,0
IA,51331,DICKINSON COUNTY,AOJT,0.070000,0.060000,0.010000,0,0
IA,51333,CLAY COUNTY,AOFJ,0.070000,0.060000,0.010000,0,0
IA,51334,EMMET COUNTY,AOKX,0.070000,0.060000,0.010000,0,0
IA,51338,CLAY COUNTY,AOFJ,0.070000,0.060000,0.010000,0,0
IA,51340,CLAY COUNTY,AOFJ,0.070000,0.060000,0.010000,0,0
IA,51341,CLAY COUNTY,AOFJ,0.070000,0.060000,0.010000,0,0
IA,51342,PALO ALTO COUNTY,APCP,0.070000,0.060000,0.010000,0,0
IA,51343,CLAY COUNTY,AOFJ,0.070000,0.060000,0.010000,0,0
IA,51345,OSCEOLA COUNTY,APBW,0.060000,0.060000,0.000000,0,0
IA,51346,OBRIEN COUNTY,APBN,0.070000,0.060000,0.010000,0,0
IA,51347,DICKINSON COUNTY,AOJT,0.070000,0.060000,0.010000,0,0
IA,51350,OSCEOLA COUNTY,APBW,0.060000,0.060000,0.000000,0,0
IA,51351,DICKINSON COUNTY,AOJT,0.070000,0.060000,0.010000,0,0
IA,51354,OSCEOLA COUNTY,APBW,0.060000,0.060000,0.000000,0,0
IA,51355,DICKINSON COUNTY,AOJT,0.070000,0.060000,0.010000,0,0
IA,51357,CLAY COUNTY,AOFJ,0.070000,0.060000,0.010000,0,0
IA,51358,PALO ALTO COUNTY,APCP,0.070000,0.060000,0.010000,0,0
IA,51360,DICKINSON COUNTY,AOJT,0.070000,0.060000,0.010000,0,0
IA,51363,DICKINSON COUNTY,AOJT,0.070000,0.060000,0.010000,0,0
IA,51364,DICKINSON COUNTY,AOJT,0.070000,0.060000,0.010000,0,0
IA,51365,EMMET COUNTY,AOKX,0.070000,0.060000,0.010000,0,0
IA,51366,CLAY COUNTY,AOFJ,0.070000,0.060000,0.010000,0,0
IA,51401,CARROLL COUNTY,AOCY,0.070000,0.060000,0.010000,0,0
IA,51430,CARROLL COUNTY,AOCY,0.070000,0.060000,0.010000,0,0
IA,51431,IDA COUNTY,AORA,0.070000,0.060000,0.010000,0,0
IA,51432,CRAWFORD COUNTY,AOHH,0.070000,0.060000,0.010000,0,0
IA,51433,SAC COUNTY,APFY,0.070000,0.060000,0.010000,0,0
IA,51436,CARROLL COUNTY,AOCY,0.070000,0.060000,0.010000,0,0
IA,51439,CRAWFORD COUNTY,AOHH,0.070000,0.060000,0.010000,0,0
IA,51440,CARROLL COUNTY,AOCY,0.070000,0.060000,0.010000,0,0
IA,51441,CRAWFORD COUNTY,AOHH,0.070000,0.060000,0.010000,0,0
IA,51442,CRAWFORD COUNTY,AOHH,0.070000,0.060000,0.010000,0,0
IA,51443,CARROLL COUNTY,AOCY,0.070000,0.060000,0.010000,0,0
IA,51444,CARROLL COUNTY,AOCY,0.070000,0.060000,0.010000,0,0
IA,51445,IDA COUNTY,AORA,0.070000,0.060000,0.010000,0,0
IA,51446,SHELBY COUNTY,APHB,0.070000,0.060000,0.010000,0,0
IA,51447,SHELBY COUNTY,APHB,0.070000,0.060000,0.010000,0,0
IA,51448,CRAWFORD COUNTY,AOHH,0.070000,0.060000,0.010000,0,0
IA,51449,CALHOUN COUNTY,AOCM,0.070000,0.060000,0.010000,0,0
IA,51450,SAC COUNTY,APFY,0.070000,0.060000,0.010000,0,0
IA,51451,CARROLL COUNTY,AOCY,0.070000,0.060000,0.010000,0,0
IA,51452,CARROLL COUNTY,AOCY,0.070000,0.060000,0.010000,0,0
IA,51453,CALHOUN COUNTY,AOCM,0.070000,0.060000,0.010000,0,0
IA,51454,CRAWFORD COUNTY,AOHH,0.070000,0.060000,0.010000,0,0
IA,51455,CARROLL COUNTY,AOCY,0.070000,0.060000,0.010000,0,0
IA,51458,SAC COUNTY,APFY,0.070000,0.060000,0.010000,0,0
IA,51459,CARROLL COUNTY,AOCY,0.070000,0.060000,0.010000,0,0
IA,51460,CRAWFORD COUNTY,AOHH,0.070000,0.060000,0.010000,0,0
IA,51461,CRAWFORD COUNTY,AOHH,0.070000,0.060000,0.010000,0,0
IA,51462,GREENE COUNTY,AOMZ,0.070000,0.060000,0.000000,0,0.010000
IA,51463,CARROLL COUNTY,AOCY,0.070000,0.060000,0.010000,0,0
IA,51465,CRAWFORD COUNTY,AOHH,0.070000,0.060000,0.010000,0,0
IA,51466,SAC COUNTY,APFY,0.070000,0.060000,0.010000,0,0
IA,51467,CRAWFORD COUNTY,AOHH,0.070000,0.060000,0.010000,0,0
IA,51501,POTTAWATTAMIE COUNTY,APEM,0.070000,0.060000,0.010000,0,0
IA,51502,POTTAWATTAMIE COUNTY,APEM,0.070000,0.060000,0.010000,0,0
IA,51503,POTTAWATTAMIE COUNTY,APEM,0.070000,0.060000,0.010000,0,0
IA,51510,POTTAWATTAMIE COUNTY,APEM,0.070000,0.060000,0.010000,0,0
IA,51520,CRAWFORD COUNTY,AOHH,0.070000,0.060000,0.010000,0,0
IA,51521,POTTAWATTAMIE COUNTY,APEM,0.070000,0.060000,0.010000,0,0
IA,51523,MONONA COUNTY,APAD,0.070000,0.060000,0.010000,0,0
IA,51525,POTTAWATTAMIE COUNTY,APEM,0.070000,0.060000,0.010000,0,0
IA,51526,POTTAWATTAMIE COUNTY,APEM,0.070000,0.060000,0.010000,0,0
IA,51527,SHELBY COUNTY,APHB,0.070000,0.060000,0.010000,0,0
IA,51528,CRAWFORD COUNTY,AOHH,0.070000,0.060000,0.010000,0,0
IA,51529,HARRISON COUNTY,AOPJ,0.070000,0.060000,0.010000,0,0
IA,51530,SHELBY COUNTY,APHB,0.070000,0.060000,0.010000,0,0
IA,51531,SHELBY COUNTY,APHB,0.070000,0.060000,0.010000,0,0
IA,51532,MONTGOMERY COUNTY,APAU,0.070000,0.060000,0.010000,0,0
IA,51533,MILLS COUNTY,AOZJ,0.070000,0.060000,0.010000,0,0
IA,51534,MILLS COUNTY,AOZJ,0.070000,0.060000,0.010000,0,0
IA,51535,CASS COUNTY,AODL,0.070000,0.060000,0.010000,0,0
IA,51536,POTTAWATTAMIE COUNTY,APEM,0.070000,0.060000,0.010000,0,0
IA,51537,SHELBY COUNTY,APHB,0.070000,0.060000,0.010000,0,0
IA,51540,MILLS COUNTY,AOZJ,0.070000,0.060000,0.010000,0,0
IA,51541,MILLS COUNTY,AOZJ,0.070000,0.060000,0.010000,0,0
IA,51542,POTTAWATTAMIE COUNTY,APEM,0.070000,0.060000,0.010000,0,0
IA,51543,AUDUBON COUNTY,ANYZ,0.070000,0.060000,0.010000,0,0
IA,51544,CASS COUNTY,AODL,0.070000,0.060000,0.010000,0,0
IA,51545,HARRISON COUNTY,AOPJ,0.070000,0.060000,0.010000,0,0
IA,51546,HARRISON COUNTY,AOPJ,0.070000,0.060000,0.010000,0,0
IA,51548,POTTAWATTAMIE COUNTY,APEM,0.070000,0.060000,0.010000,0,0
IA,51549,POTTAWATTAMIE COUNTY,APEM,0.070000,0.060000,0.010000,0,0
IA,51550,HARRISON COUNTY,AOPJ,0.070000,0.060000,0.010000,0,0
IA,51551,MILLS COUNTY,AOZJ,0.070000,0.060000,0.010000,0,0
IA,51552,CASS COUNTY,AODL,0.070000,0.060000,0.010000,0,0
IA,51553,POTTAWATTAMIE COUNTY,APEM,0.070000,0.060000,0.010000,0,0
IA,51554,MILLS COUNTY,AOZJ,0.070000,0.060000,0.010000,0,0
IA,51555,HARRISON COUNTY,AOPJ,0.070000,0.060000,0.010000,0,0
IA,51556,HARRISON COUNTY,AOPJ,0.070000,0.060000,0.010000,0,0
IA,51557,HARRISON COUNTY,AOPJ,0.070000,0.060000,0.010000,0,0
IA,51558,MONONA COUNTY,APAD,0.070000,0.060000,0.010000,0,0
IA,51559,POTTAWATTAMIE COUNTY,APEM,0.070000,0.060000,0.010000,0,0
IA,51560,POTTAWATTAMIE COUNTY,APEM,0.070000,0.060000,0.010000,0,0
IA,51561,MILLS COUNTY,AOZJ,0.070000,0.060000,0.010000,0,0
IA,51562,SHELBY COUNTY,APHB,0.070000,0.060000,0.010000,0,0
IA,51563,HARRISON COUNTY,AOPJ,0.070000,0.060000,0.010000,0,0
IA,51564,HARRISON COUNTY,AOPJ,0.070000,0.060000,0.010000,0,0
IA,51565,SHELBY COUNTY,APHB,0.070000,0.060000,0.010000,0,0
IA,51566,MONTGOMERY COUNTY,APAU,0.070000,0.060000,0.010000,0,0
IA,51570,SHELBY COUNTY,APHB,0.070000,0.060000,0.010000,0,0
IA,51571,MILLS COUNTY,AOZJ,0.070000,0.060000,0.010000,0,0
IA,51572,MONONA COUNTY,APAD,0.070000,0.060000,0.010000,0,0
IA,51573,MONTGOMERY COUNTY,APAU,0.070000,0.060000,0.010000,0,0
IA,51575,POTTAWATTAMIE COUNTY,APEM,0.070000,0.060000,0.010000,0,0
IA,51576,POTTAWATTAMIE COUNTY,APEM,0.070000,0.060000,0.010000,0,0
IA,51577,POTTAWATTAMIE COUNTY,APEM,0.070000,0.060000,0.010000,0,0
IA,51578,SHELBY COUNTY,APHB,0.070000,0.060000,0.010000,0,0
IA,51579,HARRISON COUNTY,AOPJ,0.070000,0.060000,0.010000,0,0
IA,51593,SHELBY COUNTY,APHB,0.070000,0.060000,0.010000,0,0
IA,51601,PAGE COUNTY,APCE,0.070000,0.060000,0.010000,0,0
IA,51603,PAGE COUNTY,APCE,0.070000,0.060000,0.010000,0,0
IA,51630,PAGE COUNTY,APCE,0.070000,0.060000,0.010000,0,0
IA,51631,PAGE COUNTY,APCE,0.070000,0.060000,0.010000,0,0
IA,51632,PAGE COUNTY,APCE,0.070000,0.060000,0.010000,0,0
IA,51636,PAGE COUNTY,APCE,0.070000,0.060000,0.010000,0,0
IA,51637,PAGE COUNTY,APCE,0.070000,0.060000,0.010000,0,0
IA,51638,PAGE COUNTY,APCE,0.070000,0.060000,0.010000,0,0
IA,51639,FREMONT COUNTY,AOMO,0.070000,0.060000,0.010000,0,0
IA,51640,FREMONT COUNTY,AOMO,0.070000,0.060000,0.010000,0,0
IA,51645,FREMONT COUNTY,AOMO,0.070000,0.060000,0.010000,0,0
IA,51646,TAYLOR COUNTY,APJE,0.070000,0.060000,0.010000,0,0
IA,51647,PAGE COUNTY,APCE,0.070000,0.060000,0.010000,0,0
IA,51648,FREMONT COUNTY,AOMO,0.070000,0.060000,0.010000,0,0
IA,51649,FREMONT COUNTY,AOMO,0.070000,0.060000,0.010000,0,0
IA,51650,FREMONT COUNTY,AOMO,0.070000,0.060000,0.010000,0,0
IA,51651,PAGE COUNTY,APCE,0.070000,0.060000,0.010000,0,0
IA,51652,FREMONT COUNTY,AOMO,0.070000,0.060000,0.010000,0,0
IA,51653,FREMONT COUNTY,AOMO,0.070000,0.060000,0.010000,0,0
IA,51654,FREMONT COUNTY,AOMO,0.070000,0.060000,0.010000,0,0
IA,51656,PAGE COUNTY,APCE,0.070000,0.060000,0.010000,0,0
IA,52001,DUBUQUE COUNTY,AOKB,0.070000,0.060000,0.010000,0,0
IA,52002,DUBUQUE COUNTY,AOKB,0.070000,0.060000,0.010000,0,0
IA,52003,DUBUQUE COUNTY,AOKB,0.070000,0.060000,0.010000,0,0
IA,52004,DUBUQUE COUNTY,AOKB,0.070000,0.060000,0.010000,0,0
IA,52030,JACKSON COUNTY,AORU,0.070000,0.060000,0.010000,0,0
IA,52031,JACKSON COUNTY,AORU,0.070000,0.060000,0.010000,0,0
IA,52032,JACKSON COUNTY,AORU,0.070000,0.060000,0.010000,0,0
IA,52033,DUBUQUE COUNTY,AOKB,0.070000,0.060000,0.010000,0,0
IA,52035,CLAYTON COUNTY,AOFT,0.070000,0.060000,0.010000,0,0
IA,52036,DELAWARE COUNTY,AOIZ,0.070000,0.060000,0.010000,0,0
IA,52037,CLINTON COUNTY,AOGO,0.070000,0.060000,0.010000,0,0
IA,52038,DELAWARE COUNTY,AOIZ,0.070000,0.060000,0.010000,0,0
IA,52039,DUBUQUE COUNTY,AOKB,0.070000,0.060000,0.010000,0,0
IA,52040,DUBUQUE COUNTY,AOKB,0.070000,0.060000,0.010000,0,0
IA,52041,DELAWARE COUNTY,AOIZ,0.070000,0.060000,0.010000,0,0
IA,52042,CLAYTON COUNTY,AOFT,0.070000,0.060000,0.010000,0,0
IA,52043,CLAYTON COUNTY,AOFT,0.070000,0.060000,0.010000,0,0
IA,52044,CLAYTON COUNTY,AOFT,0.070000,0.060000,0.010000,0,0
IA,52045,DUBUQUE COUNTY,AOKB,0.070000,0.060000,0.010000,0,0
IA,52046,DUBUQUE COUNTY,AOKB,0.070000,0.060000,0.010000,0,0
IA,52047,CLAYTON COUNTY,AOFT,0.070000,0.060000,0.010000,0,0
IA,52048,CLAYTON COUNTY,AOFT,0.070000,0.060000,0.010000,0,0
IA,52049,CLAYTON COUNTY,AOFT,0.070000,0.060000,0.010000,0,0
IA,52050,DELAWARE COUNTY,AOIZ,0.070000,0.060000,0.010000,0,0
IA,52052,CLAYTON COUNTY,AOFT,0.070000,0.060000,0.010000,0,0
IA,52053,DUBUQUE COUNTY,AOKB,0.070000,0.060000,0.010000,0,0
IA,52054,JACKSON COUNTY,AORU,0.070000,0.060000,0.010000,0,0
IA,52056,DUBUQUE COUNTY,AOKB,0.070000,0.060000,0.010000,0,0
IA,52057,DELAWARE COUNTY,AOIZ,0.070000,0.060000,0.010000,0,0
IA,52060,JACKSON COUNTY,AORU,0.070000,0.060000,0.010000,0,0
IA,52064,JACKSON COUNTY,AORU,0.070000,0.060000,0.010000,0,0
IA,52065,DUBUQUE COUNTY,AOKB,0.070000,0.060000,0.010000,0,0
IA,52066,CLAYTON COUNTY,AOFT,0.070000,0.060000,0.010000,0,0
IA,52068,DUBUQUE COUNTY,AOKB,0.070000,0.060000,0.010000,0,0
IA,52069,JACKSON COUNTY,AORU,0.070000,0.060000,0.010000,0,0
IA,52070,JACKSON COUNTY,AORU,0.070000,0.060000,0.010000,0,0
IA,52071,JACKSON COUNTY,AORU,0.070000,0.060000,0.010000,0,0
IA,52072,CLAYTON COUNTY,AOFT,0.070000,0.060000,0.010000,0,0
IA,52073,DUBUQUE COUNTY,AOKB,0.070000,0.060000,0.010000,0,0
IA,52074,JACKSON COUNTY,AORU,0.070000,0.060000,0.010000,0,0
IA,52075,JACKSON COUNTY,AORU,0.070000,0.060000,0.010000,0,0
IA,52076,CLAYTON COUNTY,AOFT,0.070000,0.060000,0.010000,0,0
IA,52077,CLAYTON COUNTY,AOFT,0.070000,0.060000,0.010000,0,0
IA,52078,DUBUQUE COUNTY,AOKB,0.070000,0.060000,0.010000,0,0
IA,52079,JACKSON COUNTY,AORU,0.070000,0.060000,0.010000,0,0
IA,52099,PAGE COUNTY,APCE,0.070000,0.060000,0.010000,0,0
IA,52101,WINNESHIEK COUNTY,APMR,0.070000,0.060000,0.010000,0,0
IA,52132,WINNESHIEK COUNTY,APMR,0.070000,0.060000,0.010000,0,0
IA,52133,WINNESHIEK COUNTY,APMR,0.070000,0.060000,0.010000,0,0
IA,52134,HOWARD COUNTY,AOQH,0.070000,0.060000,0.010000,0,0
IA,52135,FAYETTE COUNTY,AOLE,0.070000,0.060000,0.010000,0,0
IA,52136,HOWARD COUNTY,AOQH,0.070000,0.060000,0.010000,0,0
IA,52140,ALLAMAKEE COUNTY,ANYG,0.070000,0.060000,0.010000,0,0
IA,52141,FAYETTE COUNTY,AOLE,0.070000,0.060000,0.010000,0,0
IA,52142,FAYETTE COUNTY,AOLE,0.070000,0.060000,0.010000,0,0
IA,52144,WINNESHIEK COUNTY,APMR,0.070000,0.060000,0.010000,0,0
IA,52146,ALLAMAKEE COUNTY,ANYG,0.070000,0.060000,0.010000,0,0
IA,52147,FAYETTE COUNTY,AOLE,0.070000,0.060000,0.010000,0,0
IA,52149,WINNESHIEK COUNTY,APMR,0.070000,0.060000,0.010000,0,0
IA,52151,ALLAMAKEE COUNTY,ANYG,0.070000,0.060000,0.010000,0,0
IA,52154,CHICKASAW COUNTY,AOEX,0.070000,0.060000,0.010000,0,0
IA,52155,HOWARD COUNTY,AOQH,0.070000,0.060000,0.010000,0,0
IA,52156,CLAYTON COUNTY,AOFT,0.070000,0.060000,0.010000,0,0
IA,52157,CLAYTON COUNTY,AOFT,0.070000,0.060000,0.010000,0,0
IA,52158,CLAYTON COUNTY,AOFT,0.070000,0.060000,0.010000,0,0
IA,52159,CLAYTON COUNTY,AOFT,0.070000,0.060000,0.010000,0,0
IA,52160,ALLAMAKEE COUNTY,ANYG,0.070000,0.060000,0.010000,0,0
IA,52161,WINNESHIEK COUNTY,APMR,0.070000,0.060000,0.010000,0,0
IA,52162,ALLAMAKEE COUNTY,ANYG,0.070000,0.060000,0.010000,0,0
IA,52163,HOWARD COUNTY,AOQH,0.070000,0.060000,0.010000,0,0
IA,52164,FAYETTE COUNTY,AOLE,0.070000,0.060000,0.010000,0,0
IA,52165,WINNESHIEK COUNTY,APMR,0.070000,0.060000,0.010000,0,0
IA,52166,FAYETTE COUNTY,AOLE,0.070000,0.060000,0.010000,0,0
IA,52168,WINNESHIEK COUNTY,APMR,0.070000,0.060000,0.010000,0,0
IA,52169,FAYETTE COUNTY,AOLE,0.070000,0.060000,0.010000,0,0
IA,52170,ALLAMAKEE COUNTY,ANYG,0.070000,0.060000,0.010000,0,0
IA,52171,FAYETTE COUNTY,AOLE,0.070000,0.060000,0.010000,0,0
IA,52172,ALLAMAKEE COUNTY,ANYG,0.070000,0.060000,0.010000,0,0
IA,52175,FAYETTE COUNTY,AOLE,0.070000,0.060000,0.010000,0,0
IA,52201,WASHINGTON COUNTY,APLC,0.070000,0.060000,0.010000,0,0
IA,52202,LINN COUNTY,AOVR,0.070000,0.060000,0.010000,0,0
IA,52203,IOWA COUNTY,AORG,0.070000,0.060000,0.010000,0,0
IA,52204,IOWA COUNTY,AORG,0.070000,0.060000,0.010000,0,0
IA,52205,JONES COUNTY,AOTM,0.070000,0.060000,0.010000,0,0
IA,52206,BENTON COUNTY,ANZG,0.070000,0.060000,0.010000,0,0
IA,52207,JACKSON COUNTY,AORU,0.070000,0.060000,0.010000,0,0
IA,52208,BENTON COUNTY,ANZG,0.070000,0.060000,0.010000,0,0
IA,52209,BENTON COUNTY,ANZG,0.070000,0.060000,0.010000,0,0
IA,52210,BUCHANAN COUNTY,AOBC,0.070000,0.060000,0.010000,0,0
IA,52211,POWESHIEK COUNTY,APFE,0.070000,0.060000,0.010000,0,0
IA,52212,JONES COUNTY,AOTM,0.070000,0.060000,0.010000,0,0
IA,52213,LINN COUNTY,AOVR,0.070000,0.060000,0.010000,0,0
IA,52214,LINN COUNTY,AOVR,0.070000,0.060000,0.010000,0,0
IA,52215,TAMA COUNTY,APIQ,0.070000,0.060000,0.010000,0,0
IA,52216,CEDAR COUNTY,AODU,0.070000,0.060000,0.010000,0,0
IA,52217,TAMA COUNTY,APIQ,0.070000,0.060000,0.010000,0,0
IA,52218,LINN COUNTY,AOVR,0.070000,0.060000,0.010000,0,0
IA,52219,LINN COUNTY,AOVR,0.070000,0.060000,0.010000,0,0
IA,52220,IOWA COUNTY,AORG,0.070000,0.060000,0.010000,0,0
IA,52221,POWESHIEK COUNTY,APFE,0.070000,0.060000,0.010000,0,0
IA,52222,POWESHIEK COUNTY,APFE,0.070000,0.060000,0.010000,0,0
IA,52223,DELAWARE COUNTY,AOIZ,0.070000,0.060000,0.010000,0,0
IA,52224,TAMA COUNTY,APIQ,0.070000,0.060000,0.010000,0,0
IA,52225,TAMA COUNTY,APIQ,0.070000,0.060000,0.010000,0,0
IA,52227,LINN COUNTY,AOVR,0.070000,0.060000,0.010000,0,0
IA,52228,LINN COUNTY,AOVR,0.070000,0.060000,0.010000,0,0
IA,52229,BENTON COUNTY,ANZG,0.070000,0.060000,0.010000,0,0
IA,52231,KEOKUK COUNTY,AOUA,0.060000,0.060000,0.000000,0,0
IA,52232,POWESHIEK COUNTY,APFE,0.070000,0.060000,0.010000,0,0
IA,52233,LINN COUNTY,AOVR,0.070000,0.060000,0.010000,0,0
IA,52235,HILLS,AOTD,0.060000,0.060000,0.000000,0.000000,0
IA,52236,IOWA COUNTY,AORG,0.070000,0.060000,0.010000,0,0
IA,52237,DELAWARE COUNTY,AOIZ,0.070000,0.060000,0.010000,0,0
IA,52240,IOWA,AOTE,0.060000,0.060000,0.000000,0.000000,0
IA,52241,JOHNSON COUNTY,AOTB,0.060000,0.060000,0.000000,0,0
IA,52242,IOWA,AOTE,0.060000,0.060000,0.000000,0.000000,0
IA,52243,IOWA,AOTE,0.060000,0.060000,0.000000,0.000000,0
IA,52244,IOWA,AOTE,0.060000,0.060000,0.000000,0.000000,0
IA,52245,IOWA,AOTE,0.060000,0.060000,0.000000,0.000000,0
IA,52246,IOWA,AOTE,0.060000,0.060000,0.000000,0.000000,0
IA,52247,WASHINGTON COUNTY,APLC,0.070000,0.060000,0.010000,0,0
IA,52248,KEOTA,AOUG,0.070000,0.060000,0.010000,0.000000,0
IA,52249,BENTON COUNTY,ANZG,0.070000,0.060000,0.010000,0,0
IA,52251,IOWA COUNTY,AORG,0.070000,0.060000,0.010000,0,0
IA,52252,JONES COUNTY,AOTM,0.070000,0.060000,0.010000,0,0
IA,52253,LINN COUNTY,AOVR,0.070000,0.060000,0.010000,0,0
IA,52254,CLINTON COUNTY,AOGO,0.070000,0.060000,0.010000,0,0
IA,52255,CEDAR COUNTY,AODU,0.070000,0.060000,0.010000,0,0
IA,52257,BENTON COUNTY,ANZG,0.070000,0.060000,0.010000,0,0
IA,52301,IOWA COUNTY,AORG,0.070000,0.060000,0.010000,0,0
IA,52302,LINN COUNTY,AOVR,0.070000,0.060000,0.010000,0,0
IA,52305,JONES COUNTY,AOTM,0.070000,0.060000,0.010000,0,0
IA,52306,CEDAR COUNTY,AODU,0.070000,0.060000,0.010000,0,0
IA,52307,IOWA COUNTY,AORG,0.070000,0.060000,0.010000,0,0
IA,52308,IOWA COUNTY,AORG,0.070000,0.060000,0.010000,0,0
IA,52309,JACKSON COUNTY,AORU,0.070000,0.060000,0.010000,0,0
IA,52310,JONES COUNTY,AOTM,0.070000,0.060000,0.010000,0,0
IA,52312,JONES COUNTY,AOTM,0.070000,0.060000,0.010000,0,0
IA,52313,BENTON COUNTY,ANZG,0.070000,0.060000,0.010000,0,0
IA,52314,LINN COUNTY,AOVR,0.070000,0.060000,0.010000,0,0
IA,52315,BENTON COUNTY,ANZG,0.070000,0.060000,0.010000,0,0
IA,52316,IOWA COUNTY,AORG,0.070000,0.060000,0.010000,0,0
IA,52317,JOHNSON COUNTY,AOTB,0.060000,0.060000,0.000000,0,0
IA,52318,BENTON COUNTY,ANZG,0.070000,0.060000,0.010000,0,0
IA,52320,JONES COUNTY,AOTM,0.070000,0.060000,0.010000,0,0
IA,52321,JONES COUNTY,AOTM,0.070000,0.060000,0.010000,0,0
IA,52322,JOHNSON COUNTY,AOTB,0.060000,0.060000,0.000000,0,0
IA,52323,JONES COUNTY,AOTM,0.070000,0.060000,0.010000,0,0
IA,52324,LINN COUNTY,AOVR,0.070000,0.060000,0.010000,0,0
IA,52325,IOWA COUNTY,AORG,0.070000,0.060000,0.010000,0,0
IA,52326,BUCHANAN COUNTY,AOBC,0.070000,0.060000,0.010000,0,0
IA,52327,WASHINGTON COUNTY,APLC,0.070000,0.060000,0.010000,0,0
IA,52328,LINN COUNTY,AOVR,0.070000,0.060000,0.010000,0,0
IA,52329,BUCHANAN COUNTY,AOBC,0.070000,0.060000,0.010000,0,0
IA,52330,DELAWARE COUNTY,AOIZ,0.070000,0.060000,0.010000,0,0
IA,52332,BENTON COUNTY,ANZG,0.070000,0.060000,0.010000,0,0
IA,52333,JOHNSON COUNTY,AOTB,0.060000,0.060000,0.000000,0,0
IA,52334,IOWA COUNTY,AORG,0.070000,0.060000,0.010000,0,0
IA,52335,KEOKUK COUNTY,AOUA,0.060000,0.060000,0.000000,0,0
IA,52336,LINN COUNTY,AOVR,0.070000,0.060000,0.010000,0,0
IA,52337,CEDAR COUNTY,AODU,0.070000,0.060000,0.010000,0,0
IA,52338,JOHNSON COUNTY,AOTB,0.060000,0.060000,0.000000,0,0
IA,52339,TAMA COUNTY,APIQ,0.070000,0.060000,0.010000,0,0
IA,52340,TIFFIN,AOTL,0.060000,0.060000,0.000000,0.000000,0
IA,52341,LINN COUNTY,AOVR,0.070000,0.060000,0.010000,0,0
IA,52342,TAMA COUNTY,APIQ,0.070000,0.060000,0.010000,0,0
IA,52344,LINN COUNTY,AOVR,0.070000,0.060000,0.010000,0,0
IA,52345,BENTON COUNTY,ANZG,0.070000,0.060000,0.010000,0,0
IA,52346,BENTON COUNTY,ANZG,0.070000,0.060000,0.010000,0,0
IA,52347,IOWA COUNTY,AORG,0.070000,0.060000,0.010000,0,0
IA,52348,TAMA COUNTY,APIQ,0.070000,0.060000,0.010000,0,0
IA,52349,BENTON COUNTY,ANZG,0.070000,0.060000,0.010000,0,0
IA,52351,WALFORD,ANZU,0.060000,0.060000,0.000000,0.000000,0
IA,52352,LINN COUNTY,AOVR,0.070000,0.060000,0.010000,0,0
IA,52353,WASHINGTON COUNTY,APLC,0.070000,0.060000,0.010000,0,0
IA,52354,BENTON COUNTY,ANZG,0.070000,0.060000,0.010000,0,0
IA,52355,KEOKUK COUNTY,AOUA,0.060000,0.060000,0.000000,0,0
IA,52356,WASHINGTON COUNTY,APLC,0.070000,0.060000,0.010000,0,0
IA,52358,WEST BRANCH,AOEC,0.070000,0.060000,0.000000,0.010000,0
IA,52359,WASHINGTON COUNTY,APLC,0.070000,0.060000,0.010000,0,0
IA,52361,IOWA COUNTY,AORG,0.070000,0.060000,0.010000,0,0
IA,52362,JONES COUNTY,AOTM,0.070000,0.060000,0.010000,0,0
IA,52401,LINN COUNTY,AOVR,0.070000,0.060000,0.010000,0,0
IA,52402,LINN COUNTY,AOVR,0.070000,0.060000,0.010000,0,0
IA,52403,LINN COUNTY,AOVR,0.070000,0.060000,0.010000,0,0
IA,52404,LINN COUNTY,AOVR,0.070000,0.060000,0.010000,0,0
IA,52405,LINN COUNTY,AOVR,0.070000,0.060000,0.010000,0,0
IA,52406,LINN COUNTY,AOVR,0.070000,0.060000,0.010000,0,0
IA,52407,LINN COUNTY,AOVR,0.070000,0.060000,0.010000,0,0
IA,52408,LINN COUNTY,AOVR,0.070000,0.060000,0.010000,0,0
IA,52409,LINN COUNTY,AOVR,0.070000,0.060000,0.010000,0,0
IA,52410,LINN COUNTY,AOVR,0.070000,0.060000,0.010000,0,0
IA,52411,LINN COUNTY,AOVR,0.070000,0.060000,0.010000,0,0
IA,52497,LINN COUNTY,AOVR,0.070000,0.060000,0.010000,0,0
IA,52498,LINN COUNTY,AOVR,0.070000,0.060000,0.010000,0,0
IA,52499,LINN COUNTY,AOVR,0.070000,0.060000,0.010000,0,0
IA,52501,WAPELLO COUNTY,APKG,0.070000,0.060000,0.010000,0,0
IA,52530,WAPELLO COUNTY,APKG,0.070000,0.060000,0.010000,0,0
IA,52531,MONROE COUNTY,APAQ,0.070000,0.060000,0.010000,0,0
IA,52533,JEFFERSON COUNTY,AOSV,0.070000,0.060000,0.010000,0,0
IA,52534,MAHASKA COUNTY,AOXS,0.070000,0.060000,0.010000,0,0
IA,52535,VAN BUREN COUNTY,APJV,0.060000,0.060000,0.000000,0,0
IA,52536,WAPELLO COUNTY,APKG,0.070000,0.060000,0.010000,0,0
IA,52537,DAVIS COUNTY,AOIK,0.070000,0.060000,0.010000,0,0
IA,52540,WASHINGTON COUNTY,APLC,0.070000,0.060000,0.010000,0,0
IA,52542,VAN BUREN COUNTY,APJV,0.060000,0.060000,0.000000,0,0
IA,52543,MAHASKA COUNTY,AOXS,0.070000,0.060000,0.010000,0,0
IA,52544,APPANOOSE COUNTY,ANYO,0.070000,0.060000,0.010000,0,0
IA,52548,CHILLICOTHE,APKJ,0.070000,0.060000,0.000000,0.010000,0
IA,52549,APPANOOSE COUNTY,ANYO,0.070000,0.060000,0.010000,0,0
IA,52550,KEOKUK COUNTY,AOUA,0.060000,0.060000,0.000000,0,0
IA,52551,VAN BUREN COUNTY,APJV,0.060000,0.060000,0.000000,0,0
IA,52552,DAVIS COUNTY,AOIK,0.070000,0.060000,0.010000,0,0
IA,52553,WAPELLO COUNTY,APKG,0.070000,0.060000,0.010000,0,0
IA,52554,WAPELLO COUNTY,APKG,0.070000,0.060000,0.010000,0,0
IA,52555,APPANOOSE COUNTY,ANYO,0.070000,0.060000,0.010000,0,0
IA,52556,JEFFERSON COUNTY,AOSV,0.070000,0.060000,0.010000,0,0
IA,52557,JEFFERSON COUNTY,AOSV,0.070000,0.060000,0.010000,0,0
IA,52560,DAVIS COUNTY,AOIK,0.070000,0.060000,0.010000,0,0
IA,52561,MAHASKA COUNTY,AOXS,0.070000,0.060000,0.010000,0,0
IA,52562,HAYESVILLE,AOUE,0.070000,0.060000,0.010000,0.000000,0
IA,52563,HEDRICK,AOUF,0.070000,0.060000,0.010000,0.000000,0
IA,52565,VAN BUREN COUNTY,APJV,0.060000,0.060000,0.000000,0,0
IA,52566,WAPELLO COUNTY,APKG,0.070000,0.060000,0.010000,0,0
IA,52567,JEFFERSON COUNTY,AOSV,0.070000,0.060000,0.010000,0,0
IA,52568,MARTINSBURG,AOUJ,0.070000,0.060000,0.010000,0.000000,0
IA,52569,MONROE COUNTY,APAQ,0.070000,0.060000,0.010000,0,0
IA,52570,VAN BUREN COUNTY,APJV,0.060000,0.060000,0.000000,0,0
IA,52571,APPANOOSE COUNTY,ANYO,0.070000,0.060000,0.010000,0,0
IA,52572,APPANOOSE COUNTY,ANYO,0.070000,0.060000,0.010000,0,0
IA,52573,VAN BUREN COUNTY,APJV,0.060000,0.060000,0.000000,0,0
IA,52574,APPANOOSE COUNTY,ANYO,0.070000,0.060000,0.010000,0,0
IA,52576,KEOKUK COUNTY,AOUA,0.060000,0.060000,0.000000,0,0
IA,52577,MAHASKA COUNTY,AOXS,0.070000,0.060000,0.010000,0,0
IA,52580,JEFFERSON COUNTY,AOSV,0.070000,0.060000,0.010000,0,0
IA,52581,APPANOOSE COUNTY,ANYO,0.070000,0.060000,0.010000,0,0
IA,52583,WAYNE COUNTY,APLL,0.070000,0.060000,0.010000,0,0
IA,52584,DAVIS COUNTY,AOIK,0.070000,0.060000,0.010000,0,0
IA,52585,KEOKUK COUNTY,AOUA,0.060000,0.060000,0.000000,0,0
IA,52586,MAHASKA COUNTY,AOXS,0.070000,0.060000,0.010000,0,0
IA,52588,VAN BUREN COUNTY,APJV,0.060000,0.060000,0.000000,0,0
IA,52590,WAYNE COUNTY,APLL,0.070000,0.060000,0.010000,0,0
IA,52591,SIGOURNEY,AOUM,0.070000,0.060000,0.010000,0.000000,0
IA,52593,APPANOOSE COUNTY,ANYO,0.070000,0.060000,0.010000,0,0
IA,52594,APPANOOSE COUNTY,ANYO,0.070000,0.060000,0.010000,0,0
IA,52595,MAHASKA COUNTY,AOXS,0.070000,0.060000,0.010000,0,0
IA,52601,DES MOINES COUNTY,AOJL,0.070000,0.060000,0.010000,0,0
IA,52619,LEE COUNTY,AOVE,0.070000,0.060000,0.010000,0,0
IA,52620,VAN BUREN COUNTY,APJV,0.060000,0.060000,0.000000,0,0
IA,52621,WASHINGTON COUNTY,APLC,0.070000,0.060000,0.010000,0,0
IA,52623,DES MOINES COUNTY,AOJL,0.070000,0.060000,0.010000,0,0
IA,52624,LEE COUNTY,AOVE,0.070000,0.060000,0.010000,0,0
IA,52625,LEE COUNTY,AOVE,0.070000,0.060000,0.010000,0,0
IA,52626,VAN BUREN COUNTY,APJV,0.060000,0.060000,0.000000,0,0
IA,52627,LEE COUNTY,AOVE,0.070000,0.060000,0.010000,0,0
IA,52630,HENRY COUNTY,AOPU,0.070000,0.060000,0.010000,0,0
IA,52631,LEE COUNTY,AOVE,0.070000,0.060000,0.010000,0,0
IA,52632,LEE COUNTY,AOVE,0.070000,0.060000,0.010000,0,0
IA,52635,JEFFERSON COUNTY,AOSV,0.070000,0.060000,0.010000,0,0
IA,52637,DES MOINES COUNTY,AOJL,0.070000,0.060000,0.010000,0,0
IA,52638,DES MOINES COUNTY,AOJL,0.070000,0.060000,0.010000,0,0
IA,52639,LEE COUNTY,AOVE,0.070000,0.060000,0.010000,0,0
IA,52640,LOUISA COUNTY,AOWM,0.070000,0.060000,0.010000,0,0
IA,52641,HENRY COUNTY,AOPU,0.070000,0.060000,0.010000,0,0
IA,52642,HENRY COUNTY,AOPU,0.070000,0.060000,0.010000,0,0
IA,52644,HENRY COUNTY,AOPU,0.070000,0.060000,0.010000,0,0
IA,52645,HENRY COUNTY,AOPU,0.070000,0.060000,0.010000,0,0
IA,52646,LOUISA COUNTY,AOWM,0.070000,0.060000,0.010000,0,0
IA,52647,HENRY COUNTY,AOPU,0.070000,0.060000,0.010000,0,0
IA,52648,LEE COUNTY,AOVE,0.070000,0.060000,0.010000,0,0
IA,52649,HENRY COUNTY,AOPU,0.070000,0.060000,0.010000,0,0
IA,52650,DES MOINES COUNTY,AOJL,0.070000,0.060000,0.010000,0,0
IA,52651,VAN BUREN COUNTY,APJV,0.060000,0.060000,0.000000,0,0
IA,52652,HENRY COUNTY,AOPU,0.070000,0.060000,0.010000,0,0
IA,52653,LOUISA COUNTY,AOWM,0.070000,0.060000,0.010000,0,0
IA,52654,HENRY COUNTY,AOPU,0.070000,0.060000,0.010000,0,0
IA,52655,DES MOINES COUNTY,AOJL,0.070000,0.060000,0.010000,0,0
IA,52656,LEE COUNTY,AOVE,0.070000,0.060000,0.010000,0,0
IA,52657,LEE COUNTY,AOVE,0.070000,0.060000,0.010000,0,0
IA,52658,LEE COUNTY,AOVE,0.070000,0.060000,0.010000,0,0
IA,52659,HENRY COUNTY,AOPU,0.070000,0.060000,0.010000,0,0
IA,52660,DES MOINES COUNTY,AOJL,0.070000,0.060000,0.010000,0,0
IA,52701,CLINTON COUNTY,AOGO,0.070000,0.060000,0.010000,0,0
IA,52720,MUSCATINE COUNTY,APBA,0.070000,0.060000,0.010000,0,0
IA,52721,CEDAR COUNTY,AODU,0.070000,0.060000,0.010000,0,0
IA,52722,SCOTT COUNTY,APGI,0.070000,0.060000,0.010000,0,0
IA,52726,SCOTT COUNTY,APGI,0.070000,0.060000,0.010000,0,0
IA,52727,CLINTON COUNTY,AOGO,0.070000,0.060000,0.010000,0,0
IA,52728,SCOTT COUNTY,APGI,0.070000,0.060000,0.010000,0,0
IA,52729,CLINTON COUNTY,AOGO,0.070000,0.060000,0.010000,0,0
IA,52730,CLINTON COUNTY,AOGO,0.070000,0.060000,0.010000,0,0
IA,52731,CLINTON COUNTY,AOGO,0.070000,0.060000,0.010000,0,0
IA,52732,CLINTON COUNTY,AOGO,0.070000,0.060000,0.010000,0,0
IA,52733,CLINTON COUNTY,AOGO,0.070000,0.060000,0.010000,0,0
IA,52734,CLINTON COUNTY,AOGO,0.070000,0.060000,0.010000,0,0
IA,52736,CLINTON COUNTY,AOGO,0.070000,0.060000,0.010000,0,0
IA,52737,LOUISA COUNTY,AOWM,0.070000,0.060000,0.010000,0,0
IA,52738,LOUISA COUNTY,AOWM,0.070000,0.060000,0.010000,0,0
IA,52739,LOUISA COUNTY,AOWM,0.070000,0.060000,0.010000,0,0
IA,52742,CLINTON COUNTY,AOGO,0.070000,0.060000,0.010000,0,0
IA,52745,SCOTT COUNTY,APGI,0.070000,0.060000,0.010000,0,0
IA,52746,SCOTT COUNTY,APGI,0.070000,0.060000,0.010000,0,0
IA,52747,CEDAR COUNTY,AODU,0.070000,0.060000,0.010000,0,0
IA,52748,SCOTT COUNTY,APGI,0.070000,0.060000,0.010000,0,0
IA,52749,MUSCATINE COUNTY,APBA,0.070000,0.060000,0.010000,0,0
IA,52750,CLINTON COUNTY,AOGO,0.070000,0.060000,0.010000,0,0
IA,52751,CLINTON COUNTY,AOGO,0.070000,0.060000,0.010000,0,0
IA,52752,LOUISA COUNTY,AOWM,0.070000,0.060000,0.010000,0,0
IA,52753,SCOTT COUNTY,APGI,0.070000,0.060000,0.010000,0,0
IA,52754,LOUISA COUNTY,AOWM,0.070000,0.060000,0.010000,0,0
IA,52755,LONE TREE,AOTF,0.060000,0.060000,0.000000,0.000000,0
IA,52756,SCOTT COUNTY,APGI,0.070000,0.060000,0.010000,0,0
IA,52757,CLINTON COUNTY,AOGO,0.070000,0.060000,0.010000,0,0
IA,52758,SCOTT COUNTY,APGI,0.070000,0.060000,0.010000,0,0
IA,52759,MUSCATINE COUNTY,APBA,0.070000,0.060000,0.010000,0,0
IA,52760,MUSCATINE COUNTY,APBA,0.070000,0.060000,0.010000,0,0
IA,52761,MUSCATINE COUNTY,APBA,0.070000,0.060000,0.010000,0,0
IA,52765,SCOTT COUNTY,APGI,0.070000,0.060000,0.010000,0,0
IA,52766,MUSCATINE COUNTY,APBA,0.070000,0.060000,0.010000,0,0
IA,52767,SCOTT COUNTY,APGI,0.070000,0.060000,0.010000,0,0
IA,52768,SCOTT COUNTY,APGI,0.070000,0.060000,0.010000,0,0
IA,52769,SCOTT COUNTY,APGI,0.070000,0.060000,0.010000,0,0
IA,52771,CLINTON COUNTY,AOGO,0.070000,0.060000,0.010000,0,0
IA,52772,CEDAR COUNTY,AODU,0.070000,0.060000,0.010000,0,0
IA,52773,SCOTT COUNTY,APGI,0.070000,0.060000,0.010000,0,0
IA,52774,CLINTON COUNTY,AOGO,0.070000,0.060000,0.010000,0,0
IA,52776,MUSCATINE COUNTY,APBA,0.070000,0.060000,0.010000,0,0
IA,52777,CLINTON COUNTY,AOGO,0.070000,0.060000,0.010000,0,0
IA,52778,MUSCATINE COUNTY,APBA,0.070000,0.060000,0.010000,0,0
IA,52801,SCOTT COUNTY,APGI,0.070000,0.060000,0.010000,0,0
IA,52802,SCOTT COUNTY,APGI,0.070000,0.060000,0.010000,0,0
IA,52803,SCOTT COUNTY,APGI,0.070000,0.060000,0.010000,0,0
IA,52804,SCOTT COUNTY,APGI,0.070000,0.060000,0.010000,0,0
IA,52805,SCOTT COUNTY,APGI,0.070000,0.060000,0.010000,0,0
IA,52806,SCOTT COUNTY,APGI,0.070000,0.060000,0.010000,0,0
IA,52807,SCOTT COUNTY,APGI,0.070000,0.060000,0.010000,0,0
IA,52808,SCOTT COUNTY,APGI,0.070000,0.060000,0.010000,0,0
IA,52809,SCOTT COUNTY,APGI,0.070000,0.060000,0.010000,0,0
