State,ZipCode,TaxRegionName,TaxRegionCode,CombinedRate,StateRate,CountyRate,CityRate,SpecialRate
IN,46001,INDIANA STATE,AUIN,0.070000,0.070000,0,0,0
IN,46011,INDIANA STATE,AUIN,0.070000,0.070000,0,0,0
IN,46012,INDIANA STATE,AUIN,0.070000,0.070000,0,0,0
IN,46013,INDIANA STATE,AUIN,0.070000,0.070000,0,0,0
IN,46014,INDIANA STATE,AUIN,0.070000,0.070000,0,0,0
IN,46015,INDIANA STATE,AUIN,0.070000,0.070000,0,0,0
IN,46016,INDIANA STATE,AUIN,0.070000,0.070000,0,0,0
IN,46017,INDIANA STATE,AUIN,0.070000,0.070000,0,0,0
IN,46018,INDIANA STATE,AUIN,0.070000,0.070000,0,0,0
IN,46030,INDIANA STATE,AUIN,0.070000,0.070000,0,0,0
IN,46031,INDIANA STATE,AUIN,0.070000,0.070000,0,0,0
IN,46032,INDIANA STATE,AUIN,0.070000,0.070000,0,0,0
IN,46033,INDIANA STATE,AUIN,0.070000,0.070000,0,0,0
IN,46034,INDIANA STATE,AUIN,0.070000,0.070000,0,0,0
IN,46035,INDIANA STATE,AUIN,0.070000,0.070000,0,0,0
IN,46036,INDIANA STATE,AUIN,0.070000,0.070000,0,0,0
IN,46037,INDIANA STATE,AUIN,0.070000,0.070000,0,0,0
IN,46038,INDIANA STATE,AUIN,0.070000,0.070000,0,0,0
IN,46039,INDIANA STATE,AUIN,0.070000,0.070000,0,0,0
IN,46040,INDIANA STATE,AUIN,0.070000,0.070000,0,0,0
IN,46041,INDIANA STATE,AUIN,0.070000,0.070000,0,0,0
IN,46044,INDIANA STATE,AUIN,0.070000,0.070000,0,0,0
IN,46045,INDIANA STATE,AUIN,0.070000,0.070000,0,0,0
IN,46047,INDIANA STATE,AUIN,0.070000,0.070000,0,0,0
IN,46048,INDIANA STATE,AUIN,0.070000,0.070000,0,0,0
IN,46049,INDIANA STATE,AUIN,0.070000,0.070000,0,0,0
IN,46050,INDIANA STATE,AUIN,0.070000,0.070000,0,0,0
IN,46051,INDIANA STATE,AUIN,0.070000,0.070000,0,0,0
IN,46052,INDIANA STATE,AUIN,0.070000,0.070000,0,0,0
IN,46055,INDIANA STATE,AUIN,0.070000,0.070000,0,0,0
IN,46056,INDIANA STATE,AUIN,0.070000,0.070000,0,0,0
IN,46057,INDIANA STATE,AUIN,0.070000,0.070000,0,0,0
IN,46058,INDIANA STATE,AUIN,0.070000,0.070000,0,0,0
IN,46060,INDIANA STATE,AUIN,0.070000,0.070000,0,0,0
IN,46061,INDIANA STATE,AUIN,0.070000,0.070000,0,0,0
IN,46062,INDIANA STATE,AUIN,0.070000,0.070000,0,0,0
IN,46063,INDIANA STATE,AUIN,0.070000,0.070000,0,0,0
IN,46064,INDIANA STATE,AUIN,0.070000,0.070000,0,0,0
IN,46065,INDIANA STATE,AUIN,0.070000,0.070000,0,0,0
IN,46067,INDIANA STATE,AUIN,0.070000,0.070000,0,0,0
IN,46068,INDIANA STATE,AUIN,0.070000,0.070000,0,0,0
IN,46069,INDIANA STATE,AUIN,0.070000,0.070000,0,0,0
IN,46070,INDIANA STATE,AUIN,0.070000,0.070000,0,0,0
IN,46071,INDIANA STATE,AUIN,0.070000,0.070000,0,0,0
IN,46072,INDIANA STATE,AUIN,0.070000,0.070000,0,0,0
IN,46074,INDIANA STATE,AUIN,0.070000,0.070000,0,0,0
IN,46075,INDIANA STATE,AUIN,0.070000,0.070000,0,0,0
IN,46076,INDIANA STATE,AUIN,0.070000,0.070000,0,0,0
IN,46077,INDIANA STATE,AUIN,0.070000,0.070000,0,0,0
IN,46082,INDIANA STATE,AUIN,0.070000,0.070000,0,0,0
IN,46085,INDIANA STATE,AUIN,0.070000,0.070000,0,0,0
IN,46102,INDIANA STATE,AUIN,0.070000,0.070000,0,0,0
IN,46103,INDIANA STATE,AUIN,0.070000,0.070000,0,0,0
IN,46104,INDIANA STATE,AUIN,0.070000,0.070000,0,0,0
IN,46105,INDIANA STATE,AUIN,0.070000,0.070000,0,0,0
IN,46106,INDIANA STATE,AUIN,0.070000,0.070000,0,0,0
IN,46107,INDIANA STATE,AUIN,0.070000,0.070000,0,0,0
IN,46110,INDIANA STATE,AUIN,0.070000,0.070000,0,0,0
IN,46111,INDIANA STATE,AUIN,0.070000,0.070000,0,0,0
IN,46112,INDIANA STATE,AUIN,0.070000,0.070000,0,0,0
IN,46113,INDIANA STATE,AUIN,0.070000,0.070000,0,0,0
IN,46115,INDIANA STATE,AUIN,0.070000,0.070000,0,0,0
IN,46117,INDIANA STATE,AUIN,0.070000,0.070000,0,0,0
IN,46118,INDIANA STATE,AUIN,0.070000,0.070000,0,0,0
IN,46120,INDIANA STATE,AUIN,0.070000,0.070000,0,0,0
IN,46121,INDIANA STATE,AUIN,0.070000,0.070000,0,0,0
IN,46122,INDIANA STATE,AUIN,0.070000,0.070000,0,0,0
IN,46123,INDIANA STATE,AUIN,0.070000,0.070000,0,0,0
IN,46124,INDIANA STATE,AUIN,0.070000,0.070000,0,0,0
IN,46125,INDIANA STATE,AUIN,0.070000,0.070000,0,0,0
IN,46126,INDIANA STATE,AUIN,0.070000,0.070000,0,0,0
IN,46127,INDIANA STATE,AUIN,0.070000,0.070000,0,0,0
IN,46128,INDIANA STATE,AUIN,0.070000,0.070000,0,0,0
IN,46129,INDIANA STATE,AUIN,0.070000,0.070000,0,0,0
IN,46130,INDIANA STATE,AUIN,0.070000,0.070000,0,0,0
IN,46131,INDIANA STATE,AUIN,0.070000,0.070000,0,0,0
IN,46133,INDIANA STATE,AUIN,0.070000,0.070000,0,0,0
IN,46135,INDIANA STATE,AUIN,0.070000,0.070000,0,0,0
IN,46140,INDIANA STATE,AUIN,0.070000,0.070000,0,0,0
IN,46142,INDIANA STATE,AUIN,0.070000,0.070000,0,0,0
IN,46143,INDIANA STATE,AUIN,0.070000,0.070000,0,0,0
IN,46144,INDIANA STATE,AUIN,0.070000,0.070000,0,0,0
IN,46146,INDIANA STATE,AUIN,0.070000,0.070000,0,0,0
IN,46147,INDIANA STATE,AUIN,0.070000,0.070000,0,0,0
IN,46148,INDIANA STATE,AUIN,0.070000,0.070000,0,0,0
IN,46149,INDIANA STATE,AUIN,0.070000,0.070000,0,0,0
IN,46150,INDIANA STATE,AUIN,0.070000,0.070000,0,0,0
IN,46151,INDIANA STATE,AUIN,0.070000,0.070000,0,0,0
IN,46154,INDIANA STATE,AUIN,0.070000,0.070000,0,0,0
IN,46155,INDIANA STATE,AUIN,0.070000,0.070000,0,0,0
IN,46156,INDIANA STATE,AUIN,0.070000,0.070000,0,0,0
IN,46157,INDIANA STATE,AUIN,0.070000,0.070000,0,0,0
IN,46158,INDIANA STATE,AUIN,0.070000,0.070000,0,0,0
IN,46160,INDIANA STATE,AUIN,0.070000,0.070000,0,0,0
IN,46161,INDIANA STATE,AUIN,0.070000,0.070000,0,0,0
IN,46162,INDIANA STATE,AUIN,0.070000,0.070000,0,0,0
IN,46163,INDIANA STATE,AUIN,0.070000,0.070000,0,0,0
IN,46164,INDIANA STATE,AUIN,0.070000,0.070000,0,0,0
IN,46165,INDIANA STATE,AUIN,0.070000,0.070000,0,0,0
IN,46166,INDIANA STATE,AUIN,0.070000,0.070000,0,0,0
IN,46167,INDIANA STATE,AUIN,0.070000,0.070000,0,0,0
IN,46168,INDIANA STATE,AUIN,0.070000,0.070000,0,0,0
IN,46170,INDIANA STATE,AUIN,0.070000,0.070000,0,0,0
IN,46171,INDIANA STATE,AUIN,0.070000,0.070000,0,0,0
IN,46172,INDIANA STATE,AUIN,0.070000,0.070000,0,0,0
IN,46173,INDIANA STATE,AUIN,0.070000,0.070000,0,0,0
IN,46175,INDIANA STATE,AUIN,0.070000,0.070000,0,0,0
IN,46176,INDIANA STATE,AUIN,0.070000,0.070000,0,0,0
IN,46180,INDIANA STATE,AUIN,0.070000,0.070000,0,0,0
IN,46181,INDIANA STATE,AUIN,0.070000,0.070000,0,0,0
IN,46182,INDIANA STATE,AUIN,0.070000,0.070000,0,0,0
IN,46183,INDIANA STATE,AUIN,0.070000,0.070000,0,0,0
IN,46184,INDIANA STATE,AUIN,0.070000,0.070000,0,0,0
IN,46186,INDIANA STATE,AUIN,0.070000,0.070000,0,0,0
IN,46197,INDIANA STATE,AUIN,0.070000,0.070000,0,0,0
IN,46201,INDIANA STATE,AUIN,0.070000,0.070000,0,0,0
IN,46202,INDIANA STATE,AUIN,0.070000,0.070000,0,0,0
IN,46203,INDIANA STATE,AUIN,0.070000,0.070000,0,0,0
IN,46204,INDIANA STATE,AUIN,0.070000,0.070000,0,0,0
IN,46205,INDIANA STATE,AUIN,0.070000,0.070000,0,0,0
IN,46206,INDIANA STATE,AUIN,0.070000,0.070000,0,0,0
IN,46207,INDIANA STATE,AUIN,0.070000,0.070000,0,0,0
IN,46208,INDIANA STATE,AUIN,0.070000,0.070000,0,0,0
IN,46209,INDIANA STATE,AUIN,0.070000,0.070000,0,0,0
IN,46210,INDIANA STATE,AUIN,0.070000,0.070000,0,0,0
IN,46211,INDIANA STATE,AUIN,0.070000,0.070000,0,0,0
IN,46213,INDIANA STATE,AUIN,0.070000,0.070000,0,0,0
IN,46214,INDIANA STATE,AUIN,0.070000,0.070000,0,0,0
IN,46216,INDIANA STATE,AUIN,0.070000,0.070000,0,0,0
IN,46217,INDIANA STATE,AUIN,0.070000,0.070000,0,0,0
IN,46218,INDIANA STATE,AUIN,0.070000,0.070000,0,0,0
IN,46219,INDIANA STATE,AUIN,0.070000,0.070000,0,0,0
IN,46220,INDIANA STATE,AUIN,0.070000,0.070000,0,0,0
IN,46221,INDIANA STATE,AUIN,0.070000,0.070000,0,0,0
IN,46222,INDIANA STATE,AUIN,0.070000,0.070000,0,0,0
IN,46224,INDIANA STATE,AUIN,0.070000,0.070000,0,0,0
IN,46225,INDIANA STATE,AUIN,0.070000,0.070000,0,0,0
IN,46226,INDIANA STATE,AUIN,0.070000,0.070000,0,0,0
IN,46227,INDIANA STATE,AUIN,0.070000,0.070000,0,0,0
IN,46228,INDIANA STATE,AUIN,0.070000,0.070000,0,0,0
IN,46229,INDIANA STATE,AUIN,0.070000,0.070000,0,0,0
IN,46230,INDIANA STATE,AUIN,0.070000,0.070000,0,0,0
IN,46231,INDIANA STATE,AUIN,0.070000,0.070000,0,0,0
IN,46234,INDIANA STATE,AUIN,0.070000,0.070000,0,0,0
IN,46235,INDIANA STATE,AUIN,0.070000,0.070000,0,0,0
IN,46236,INDIANA STATE,AUIN,0.070000,0.070000,0,0,0
IN,46237,INDIANA STATE,AUIN,0.070000,0.070000,0,0,0
IN,46239,INDIANA STATE,AUIN,0.070000,0.070000,0,0,0
IN,46240,INDIANA STATE,AUIN,0.070000,0.070000,0,0,0
IN,46241,INDIANA STATE,AUIN,0.070000,0.070000,0,0,0
IN,46242,INDIANA STATE,AUIN,0.070000,0.070000,0,0,0
IN,46244,INDIANA STATE,AUIN,0.070000,0.070000,0,0,0
IN,46247,INDIANA STATE,AUIN,0.070000,0.070000,0,0,0
IN,46249,INDIANA STATE,AUIN,0.070000,0.070000,0,0,0
IN,46250,INDIANA STATE,AUIN,0.070000,0.070000,0,0,0
IN,46251,INDIANA STATE,AUIN,0.070000,0.070000,0,0,0
IN,46253,INDIANA STATE,AUIN,0.070000,0.070000,0,0,0
IN,46254,INDIANA STATE,AUIN,0.070000,0.070000,0,0,0
IN,46255,INDIANA STATE,AUIN,0.070000,0.070000,0,0,0
IN,46256,INDIANA STATE,AUIN,0.070000,0.070000,0,0,0
IN,46259,INDIANA STATE,AUIN,0.070000,0.070000,0,0,0
IN,46260,INDIANA STATE,AUIN,0.070000,0.070000,0,0,0
IN,46262,INDIANA STATE,AUIN,0.070000,0.070000,0,0,0
IN,46266,INDIANA STATE,AUIN,0.070000,0.070000,0,0,0
IN,46268,INDIANA STATE,AUIN,0.070000,0.070000,0,0,0
IN,46274,INDIANA STATE,AUIN,0.070000,0.070000,0,0,0
IN,46275,INDIANA STATE,AUIN,0.070000,0.070000,0,0,0
IN,46277,INDIANA STATE,AUIN,0.070000,0.070000,0,0,0
IN,46278,INDIANA STATE,AUIN,0.070000,0.070000,0,0,0
IN,46280,INDIANA STATE,AUIN,0.070000,0.070000,0,0,0
IN,46282,INDIANA STATE,AUIN,0.070000,0.070000,0,0,0
IN,46283,INDIANA STATE,AUIN,0.070000,0.070000,0,0,0
IN,46285,INDIANA STATE,AUIN,0.070000,0.070000,0,0,0
IN,46290,INDIANA STATE,AUIN,0.070000,0.070000,0,0,0
IN,46291,INDIANA STATE,AUIN,0.070000,0.070000,0,0,0
IN,46295,INDIANA STATE,AUIN,0.070000,0.070000,0,0,0
IN,46298,INDIANA STATE,AUIN,0.070000,0.070000,0,0,0
IN,46301,INDIANA STATE,AUIN,0.070000,0.070000,0,0,0
IN,46302,INDIANA STATE,AUIN,0.070000,0.070000,0,0,0
IN,46303,INDIANA STATE,AUIN,0.070000,0.070000,0,0,0
IN,46304,INDIANA STATE,AUIN,0.070000,0.070000,0,0,0
IN,46307,INDIANA STATE,AUIN,0.070000,0.070000,0,0,0
IN,46308,INDIANA STATE,AUIN,0.070000,0.070000,0,0,0
IN,46310,INDIANA STATE,AUIN,0.070000,0.070000,0,0,0
IN,46311,INDIANA STATE,AUIN,0.070000,0.070000,0,0,0
IN,46312,INDIANA STATE,AUIN,0.070000,0.070000,0,0,0
IN,46319,INDIANA STATE,AUIN,0.070000,0.070000,0,0,0
IN,46320,INDIANA STATE,AUIN,0.070000,0.070000,0,0,0
IN,46321,INDIANA STATE,AUIN,0.070000,0.070000,0,0,0
IN,46322,INDIANA STATE,AUIN,0.070000,0.070000,0,0,0
IN,46323,INDIANA STATE,AUIN,0.070000,0.070000,0,0,0
IN,46324,INDIANA STATE,AUIN,0.070000,0.070000,0,0,0
IN,46325,INDIANA STATE,AUIN,0.070000,0.070000,0,0,0
IN,46327,INDIANA STATE,AUIN,0.070000,0.070000,0,0,0
IN,46340,INDIANA STATE,AUIN,0.070000,0.070000,0,0,0
IN,46341,INDIANA STATE,AUIN,0.070000,0.070000,0,0,0
IN,46342,INDIANA STATE,AUIN,0.070000,0.070000,0,0,0
IN,46345,INDIANA STATE,AUIN,0.070000,0.070000,0,0,0
IN,46346,INDIANA STATE,AUIN,0.070000,0.070000,0,0,0
IN,46347,INDIANA STATE,AUIN,0.070000,0.070000,0,0,0
IN,46348,INDIANA STATE,AUIN,0.070000,0.070000,0,0,0
IN,46349,INDIANA STATE,AUIN,0.070000,0.070000,0,0,0
IN,46350,INDIANA STATE,AUIN,0.070000,0.070000,0,0,0
IN,46352,INDIANA STATE,AUIN,0.070000,0.070000,0,0,0
IN,46355,INDIANA STATE,AUIN,0.070000,0.070000,0,0,0
IN,46356,INDIANA STATE,AUIN,0.070000,0.070000,0,0,0
IN,46360,INDIANA STATE,AUIN,0.070000,0.070000,0,0,0
IN,46361,INDIANA STATE,AUIN,0.070000,0.070000,0,0,0
IN,46365,INDIANA STATE,AUIN,0.070000,0.070000,0,0,0
IN,46366,INDIANA STATE,AUIN,0.070000,0.070000,0,0,0
IN,46368,INDIANA STATE,AUIN,0.070000,0.070000,0,0,0
IN,46371,INDIANA STATE,AUIN,0.070000,0.070000,0,0,0
IN,46372,INDIANA STATE,AUIN,0.070000,0.070000,0,0,0
IN,46373,INDIANA STATE,AUIN,0.070000,0.070000,0,0,0
IN,46374,INDIANA STATE,AUIN,0.070000,0.070000,0,0,0
IN,46375,INDIANA STATE,AUIN,0.070000,0.070000,0,0,0
IN,46376,INDIANA STATE,AUIN,0.070000,0.070000,0,0,0
IN,46377,INDIANA STATE,AUIN,0.070000,0.070000,0,0,0
IN,46379,INDIANA STATE,AUIN,0.070000,0.070000,0,0,0
IN,46380,INDIANA STATE,AUIN,0.070000,0.070000,0,0,0
IN,46381,INDIANA STATE,AUIN,0.070000,0.070000,0,0,0
IN,46382,INDIANA STATE,AUIN,0.070000,0.070000,0,0,0
IN,46383,INDIANA STATE,AUIN,0.070000,0.070000,0,0,0
IN,46384,INDIANA STATE,AUIN,0.070000,0.070000,0,0,0
IN,46385,INDIANA STATE,AUIN,0.070000,0.070000,0,0,0
IN,46390,INDIANA STATE,AUIN,0.070000,0.070000,0,0,0
IN,46391,INDIANA STATE,AUIN,0.070000,0.070000,0,0,0
IN,46392,INDIANA STATE,AUIN,0.070000,0.070000,0,0,0
IN,46393,INDIANA STATE,AUIN,0.070000,0.070000,0,0,0
IN,46394,INDIANA STATE,AUIN,0.070000,0.070000,0,0,0
IN,46401,INDIANA STATE,AUIN,0.070000,0.070000,0,0,0
IN,46402,INDIANA STATE,AUIN,0.070000,0.070000,0,0,0
IN,46403,INDIANA STATE,AUIN,0.070000,0.070000,0,0,0
IN,46404,INDIANA STATE,AUIN,0.070000,0.070000,0,0,0
IN,46405,INDIANA STATE,AUIN,0.070000,0.070000,0,0,0
IN,46406,INDIANA STATE,AUIN,0.070000,0.070000,0,0,0
IN,46407,INDIANA STATE,AUIN,0.070000,0.070000,0,0,0
IN,46408,INDIANA STATE,AUIN,0.070000,0.070000,0,0,0
IN,46409,INDIANA STATE,AUIN,0.070000,0.070000,0,0,0
IN,46410,INDIANA STATE,AUIN,0.070000,0.070000,0,0,0
IN,46411,INDIANA STATE,AUIN,0.070000,0.070000,0,0,0
IN,46501,INDIANA STATE,AUIN,0.070000,0.070000,0,0,0
IN,46502,INDIANA STATE,AUIN,0.070000,0.070000,0,0,0
IN,46504,INDIANA STATE,AUIN,0.070000,0.070000,0,0,0
IN,46506,INDIANA STATE,AUIN,0.070000,0.070000,0,0,0
IN,46507,INDIANA STATE,AUIN,0.070000,0.070000,0,0,0
IN,46508,INDIANA STATE,AUIN,0.070000,0.070000,0,0,0
IN,46510,INDIANA STATE,AUIN,0.070000,0.070000,0,0,0
IN,46511,INDIANA STATE,AUIN,0.070000,0.070000,0,0,0
IN,46513,INDIANA STATE,AUIN,0.070000,0.070000,0,0,0
IN,46514,INDIANA STATE,AUIN,0.070000,0.070000,0,0,0
IN,46515,INDIANA STATE,AUIN,0.070000,0.070000,0,0,0
IN,46516,INDIANA STATE,AUIN,0.070000,0.070000,0,0,0
IN,46517,INDIANA STATE,AUIN,0.070000,0.070000,0,0,0
IN,46524,INDIANA STATE,AUIN,0.070000,0.070000,0,0,0
IN,46526,INDIANA STATE,AUIN,0.070000,0.070000,0,0,0
IN,46527,INDIANA STATE,AUIN,0.070000,0.070000,0,0,0
IN,46528,INDIANA STATE,AUIN,0.070000,0.070000,0,0,0
IN,46530,INDIANA STATE,AUIN,0.070000,0.070000,0,0,0
IN,46531,INDIANA STATE,AUIN,0.070000,0.070000,0,0,0
IN,46532,INDIANA STATE,AUIN,0.070000,0.070000,0,0,0
IN,46534,INDIANA STATE,AUIN,0.070000,0.070000,0,0,0
IN,46536,INDIANA STATE,AUIN,0.070000,0.070000,0,0,0
IN,46537,INDIANA STATE,AUIN,0.070000,0.070000,0,0,0
IN,46538,INDIANA STATE,AUIN,0.070000,0.070000,0,0,0
IN,46539,INDIANA STATE,AUIN,0.070000,0.070000,0,0,0
IN,46540,INDIANA STATE,AUIN,0.070000,0.070000,0,0,0
IN,46542,INDIANA STATE,AUIN,0.070000,0.070000,0,0,0
IN,46543,INDIANA STATE,AUIN,0.070000,0.070000,0,0,0
IN,46544,INDIANA STATE,AUIN,0.070000,0.070000,0,0,0
IN,46545,INDIANA STATE,AUIN,0.070000,0.070000,0,0,0
IN,46546,INDIANA STATE,AUIN,0.070000,0.070000,0,0,0
IN,46550,INDIANA STATE,AUIN,0.070000,0.070000,0,0,0
IN,46552,INDIANA STATE,AUIN,0.070000,0.070000,0,0,0
IN,46553,INDIANA STATE,AUIN,0.070000,0.070000,0,0,0
IN,46554,INDIANA STATE,AUIN,0.070000,0.070000,0,0,0
IN,46555,INDIANA STATE,AUIN,0.070000,0.070000,0,0,0
IN,46556,INDIANA STATE,AUIN,0.070000,0.070000,0,0,0
IN,46561,INDIANA STATE,AUIN,0.070000,0.070000,0,0,0
IN,46562,INDIANA STATE,AUIN,0.070000,0.070000,0,0,0
IN,46563,INDIANA STATE,AUIN,0.070000,0.070000,0,0,0
IN,46565,INDIANA STATE,AUIN,0.070000,0.070000,0,0,0
IN,46567,INDIANA STATE,AUIN,0.070000,0.070000,0,0,0
IN,46570,INDIANA STATE,AUIN,0.070000,0.070000,0,0,0
IN,46571,INDIANA STATE,AUIN,0.070000,0.070000,0,0,0
IN,46572,INDIANA STATE,AUIN,0.070000,0.070000,0,0,0
IN,46573,INDIANA STATE,AUIN,0.070000,0.070000,0,0,0
IN,46574,INDIANA STATE,AUIN,0.070000,0.070000,0,0,0
IN,46580,INDIANA STATE,AUIN,0.070000,0.070000,0,0,0
IN,46581,INDIANA STATE,AUIN,0.070000,0.070000,0,0,0
IN,46582,INDIANA STATE,AUIN,0.070000,0.070000,0,0,0
IN,46590,INDIANA STATE,AUIN,0.070000,0.070000,0,0,0
IN,46595,INDIANA STATE,AUIN,0.070000,0.070000,0,0,0
IN,46601,INDIANA STATE,AUIN,0.070000,0.070000,0,0,0
IN,46613,INDIANA STATE,AUIN,0.070000,0.070000,0,0,0
IN,46614,INDIANA STATE,AUIN,0.070000,0.070000,0,0,0
IN,46615,INDIANA STATE,AUIN,0.070000,0.070000,0,0,0
IN,46616,INDIANA STATE,AUIN,0.070000,0.070000,0,0,0
IN,46617,INDIANA STATE,AUIN,0.070000,0.070000,0,0,0
IN,46619,INDIANA STATE,AUIN,0.070000,0.070000,0,0,0
IN,46624,INDIANA STATE,AUIN,0.070000,0.070000,0,0,0
IN,46626,INDIANA STATE,AUIN,0.070000,0.070000,0,0,0
IN,46628,INDIANA STATE,AUIN,0.070000,0.070000,0,0,0
IN,46634,INDIANA STATE,AUIN,0.070000,0.070000,0,0,0
IN,46635,INDIANA STATE,AUIN,0.070000,0.070000,0,0,0
IN,46637,INDIANA STATE,AUIN,0.070000,0.070000,0,0,0
IN,46660,INDIANA STATE,AUIN,0.070000,0.070000,0,0,0
IN,46680,INDIANA STATE,AUIN,0.070000,0.070000,0,0,0
IN,46699,INDIANA STATE,AUIN,0.070000,0.070000,0,0,0
IN,46701,INDIANA STATE,AUIN,0.070000,0.070000,0,0,0
IN,46702,INDIANA STATE,AUIN,0.070000,0.070000,0,0,0
IN,46703,INDIANA STATE,AUIN,0.070000,0.070000,0,0,0
IN,46704,INDIANA STATE,AUIN,0.070000,0.070000,0,0,0
IN,46705,INDIANA STATE,AUIN,0.070000,0.070000,0,0,0
IN,46706,INDIANA STATE,AUIN,0.070000,0.070000,0,0,0
IN,46710,INDIANA STATE,AUIN,0.070000,0.070000,0,0,0
IN,46711,INDIANA STATE,AUIN,0.070000,0.070000,0,0,0
IN,46713,INDIANA STATE,AUIN,0.070000,0.070000,0,0,0
IN,46714,INDIANA STATE,AUIN,0.070000,0.070000,0,0,0
IN,46721,INDIANA STATE,AUIN,0.070000,0.070000,0,0,0
IN,46723,INDIANA STATE,AUIN,0.070000,0.070000,0,0,0
IN,46725,INDIANA STATE,AUIN,0.070000,0.070000,0,0,0
IN,46730,INDIANA STATE,AUIN,0.070000,0.070000,0,0,0
IN,46731,INDIANA STATE,AUIN,0.070000,0.070000,0,0,0
IN,46732,INDIANA STATE,AUIN,0.070000,0.070000,0,0,0
IN,46733,INDIANA STATE,AUIN,0.070000,0.070000,0,0,0
IN,46737,INDIANA STATE,AUIN,0.070000,0.070000,0,0,0
IN,46738,INDIANA STATE,AUIN,0.070000,0.070000,0,0,0
IN,46740,INDIANA STATE,AUIN,0.070000,0.070000,0,0,0
IN,46741,INDIANA STATE,AUIN,0.070000,0.070000,0,0,0
IN,46742,INDIANA STATE,AUIN,0.070000,0.070000,0,0,0
IN,46743,INDIANA STATE,AUIN,0.070000,0.070000,0,0,0
IN,46745,INDIANA STATE,AUIN,0.070000,0.070000,0,0,0
IN,46746,INDIANA STATE,AUIN,0.070000,0.070000,0,0,0
IN,46747,INDIANA STATE,AUIN,0.070000,0.070000,0,0,0
IN,46748,INDIANA STATE,AUIN,0.070000,0.070000,0,0,0
IN,46750,INDIANA STATE,AUIN,0.070000,0.070000,0,0,0
IN,46755,INDIANA STATE,AUIN,0.070000,0.070000,0,0,0
IN,46759,INDIANA STATE,AUIN,0.070000,0.070000,0,0,0
IN,46760,INDIANA STATE,AUIN,0.070000,0.070000,0,0,0
IN,46761,INDIANA STATE,AUIN,0.070000,0.070000,0,0,0
IN,46763,INDIANA STATE,AUIN,0.070000,0.070000,0,0,0
IN,46764,INDIANA STATE,AUIN,0.070000,0.070000,0,0,0
IN,46765,INDIANA STATE,AUIN,0.070000,0.070000,0,0,0
IN,46766,INDIANA STATE,AUIN,0.070000,0.070000,0,0,0
IN,46767,INDIANA STATE,AUIN,0.070000,0.070000,0,0,0
IN,46769,INDIANA STATE,AUIN,0.070000,0.070000,0,0,0
IN,46770,INDIANA STATE,AUIN,0.070000,0.070000,0,0,0
IN,46771,INDIANA STATE,AUIN,0.070000,0.070000,0,0,0
IN,46772,INDIANA STATE,AUIN,0.070000,0.070000,0,0,0
IN,46773,INDIANA STATE,AUIN,0.070000,0.070000,0,0,0
IN,46774,INDIANA STATE,AUIN,0.070000,0.070000,0,0,0
IN,46776,INDIANA STATE,AUIN,0.070000,0.070000,0,0,0
IN,46777,INDIANA STATE,AUIN,0.070000,0.070000,0,0,0
IN,46778,INDIANA STATE,AUIN,0.070000,0.070000,0,0,0
IN,46779,INDIANA STATE,AUIN,0.070000,0.070000,0,0,0
IN,46780,INDIANA STATE,AUIN,0.070000,0.070000,0,0,0
IN,46781,INDIANA STATE,AUIN,0.070000,0.070000,0,0,0
IN,46782,INDIANA STATE,AUIN,0.070000,0.070000,0,0,0
IN,46783,INDIANA STATE,AUIN,0.070000,0.070000,0,0,0
IN,46784,INDIANA STATE,AUIN,0.070000,0.070000,0,0,0
IN,46785,INDIANA STATE,AUIN,0.070000,0.070000,0,0,0
IN,46786,INDIANA STATE,AUIN,0.070000,0.070000,0,0,0
IN,46787,INDIANA STATE,AUIN,0.070000,0.070000,0,0,0
IN,46788,INDIANA STATE,AUIN,0.070000,0.070000,0,0,0
IN,46789,INDIANA STATE,AUIN,0.070000,0.070000,0,0,0
IN,46791,INDIANA STATE,AUIN,0.070000,0.070000,0,0,0
IN,46792,INDIANA STATE,AUIN,0.070000,0.070000,0,0,0
IN,46793,INDIANA STATE,AUIN,0.070000,0.070000,0,0,0
IN,46794,INDIANA STATE,AUIN,0.070000,0.070000,0,0,0
IN,46795,INDIANA STATE,AUIN,0.070000,0.070000,0,0,0
IN,46796,INDIANA STATE,AUIN,0.070000,0.070000,0,0,0
IN,46797,INDIANA STATE,AUIN,0.070000,0.070000,0,0,0
IN,46798,INDIANA STATE,AUIN,0.070000,0.070000,0,0,0
IN,46799,INDIANA STATE,AUIN,0.070000,0.070000,0,0,0
IN,46801,INDIANA STATE,AUIN,0.070000,0.070000,0,0,0
IN,46802,INDIANA STATE,AUIN,0.070000,0.070000,0,0,0
IN,46803,INDIANA STATE,AUIN,0.070000,0.070000,0,0,0
IN,46804,INDIANA STATE,AUIN,0.070000,0.070000,0,0,0
IN,46805,INDIANA STATE,AUIN,0.070000,0.070000,0,0,0
IN,46806,INDIANA STATE,AUIN,0.070000,0.070000,0,0,0
IN,46807,INDIANA STATE,AUIN,0.070000,0.070000,0,0,0
IN,46808,INDIANA STATE,AUIN,0.070000,0.070000,0,0,0
IN,46809,INDIANA STATE,AUIN,0.070000,0.070000,0,0,0
IN,46814,INDIANA STATE,AUIN,0.070000,0.070000,0,0,0
IN,46815,INDIANA STATE,AUIN,0.070000,0.070000,0,0,0
IN,46816,INDIANA STATE,AUIN,0.070000,0.070000,0,0,0
IN,46818,INDIANA STATE,AUIN,0.070000,0.070000,0,0,0
IN,46819,INDIANA STATE,AUIN,0.070000,0.070000,0,0,0
IN,46825,INDIANA STATE,AUIN,0.070000,0.070000,0,0,0
IN,46835,INDIANA STATE,AUIN,0.070000,0.070000,0,0,0
IN,46845,INDIANA STATE,AUIN,0.070000,0.070000,0,0,0
IN,46850,INDIANA STATE,AUIN,0.070000,0.070000,0,0,0
IN,46851,INDIANA STATE,AUIN,0.070000,0.070000,0,0,0
IN,46852,INDIANA STATE,AUIN,0.070000,0.070000,0,0,0
IN,46853,INDIANA STATE,AUIN,0.070000,0.070000,0,0,0
IN,46854,INDIANA STATE,AUIN,0.070000,0.070000,0,0,0
IN,46855,INDIANA STATE,AUIN,0.070000,0.070000,0,0,0
IN,46856,INDIANA STATE,AUIN,0.070000,0.070000,0,0,0
IN,46857,INDIANA STATE,AUIN,0.070000,0.070000,0,0,0
IN,46858,INDIANA STATE,AUIN,0.070000,0.070000,0,0,0
IN,46859,INDIANA STATE,AUIN,0.070000,0.070000,0,0,0
IN,46860,INDIANA STATE,AUIN,0.070000,0.070000,0,0,0
IN,46861,INDIANA STATE,AUIN,0.070000,0.070000,0,0,0
IN,46862,INDIANA STATE,AUIN,0.070000,0.070000,0,0,0
IN,46863,INDIANA STATE,AUIN,0.070000,0.070000,0,0,0
IN,46864,INDIANA STATE,AUIN,0.070000,0.070000,0,0,0
IN,46865,INDIANA STATE,AUIN,0.070000,0.070000,0,0,0
IN,46866,INDIANA STATE,AUIN,0.070000,0.070000,0,0,0
IN,46867,INDIANA STATE,AUIN,0.070000,0.070000,0,0,0
IN,46868,INDIANA STATE,AUIN,0.070000,0.070000,0,0,0
IN,46869,INDIANA STATE,AUIN,0.070000,0.070000,0,0,0
IN,46885,INDIANA STATE,AUIN,0.070000,0.070000,0,0,0
IN,46895,INDIANA STATE,AUIN,0.070000,0.070000,0,0,0
IN,46896,INDIANA STATE,AUIN,0.070000,0.070000,0,0,0
IN,46897,INDIANA STATE,AUIN,0.070000,0.070000,0,0,0
IN,46898,INDIANA STATE,AUIN,0.070000,0.070000,0,0,0
IN,46899,INDIANA STATE,AUIN,0.070000,0.070000,0,0,0
IN,46901,INDIANA STATE,AUIN,0.070000,0.070000,0,0,0
IN,46902,INDIANA STATE,AUIN,0.070000,0.070000,0,0,0
IN,46903,INDIANA STATE,AUIN,0.070000,0.070000,0,0,0
IN,46904,INDIANA STATE,AUIN,0.070000,0.070000,0,0,0
IN,46910,INDIANA STATE,AUIN,0.070000,0.070000,0,0,0
IN,46911,INDIANA STATE,AUIN,0.070000,0.070000,0,0,0
IN,46912,INDIANA STATE,AUIN,0.070000,0.070000,0,0,0
IN,46913,INDIANA STATE,AUIN,0.070000,0.070000,0,0,0
IN,46914,INDIANA STATE,AUIN,0.070000,0.070000,0,0,0
IN,46915,INDIANA STATE,AUIN,0.070000,0.070000,0,0,0
IN,46916,INDIANA STATE,AUIN,0.070000,0.070000,0,0,0
IN,46917,INDIANA STATE,AUIN,0.070000,0.070000,0,0,0
IN,46919,INDIANA STATE,AUIN,0.070000,0.070000,0,0,0
IN,46920,INDIANA STATE,AUIN,0.070000,0.070000,0,0,0
IN,46921,INDIANA STATE,AUIN,0.070000,0.070000,0,0,0
IN,46922,INDIANA STATE,AUIN,0.070000,0.070000,0,0,0
IN,46923,INDIANA STATE,AUIN,0.070000,0.070000,0,0,0
IN,46926,INDIANA STATE,AUIN,0.070000,0.070000,0,0,0
IN,46928,INDIANA STATE,AUIN,0.070000,0.070000,0,0,0
IN,46929,INDIANA STATE,AUIN,0.070000,0.070000,0,0,0
IN,46930,INDIANA STATE,AUIN,0.070000,0.070000,0,0,0
IN,46931,INDIANA STATE,AUIN,0.070000,0.070000,0,0,0
IN,46932,INDIANA STATE,AUIN,0.070000,0.070000,0,0,0
IN,46933,INDIANA STATE,AUIN,0.070000,0.070000,0,0,0
IN,46935,INDIANA STATE,AUIN,0.070000,0.070000,0,0,0
IN,46936,INDIANA STATE,AUIN,0.070000,0.070000,0,0,0
IN,46937,INDIANA STATE,AUIN,0.070000,0.070000,0,0,0
IN,46938,INDIANA STATE,AUIN,0.070000,0.070000,0,0,0
IN,46939,INDIANA STATE,AUIN,0.070000,0.070000,0,0,0
IN,46940,INDIANA STATE,AUIN,0.070000,0.070000,0,0,0
IN,46941,INDIANA STATE,AUIN,0.070000,0.070000,0,0,0
IN,46942,INDIANA STATE,AUIN,0.070000,0.070000,0,0,0
IN,46943,INDIANA STATE,AUIN,0.070000,0.070000,0,0,0
IN,46945,INDIANA STATE,AUIN,0.070000,0.070000,0,0,0
IN,46946,INDIANA STATE,AUIN,0.070000,0.070000,0,0,0
IN,46947,INDIANA STATE,AUIN,0.070000,0.070000,0,0,0
IN,46950,INDIANA STATE,AUIN,0.070000,0.070000,0,0,0
IN,46951,INDIANA STATE,AUIN,0.070000,0.070000,0,0,0
IN,46952,INDIANA STATE,AUIN,0.070000,0.070000,0,0,0
IN,46953,INDIANA STATE,AUIN,0.070000,0.070000,0,0,0
IN,46957,INDIANA STATE,AUIN,0.070000,0.070000,0,0,0
IN,46958,INDIANA STATE,AUIN,0.070000,0.070000,0,0,0
IN,46959,INDIANA STATE,AUIN,0.070000,0.070000,0,0,0
IN,46960,INDIANA STATE,AUIN,0.070000,0.070000,0,0,0
IN,46961,INDIANA STATE,AUIN,0.070000,0.070000,0,0,0
IN,46962,INDIANA STATE,AUIN,0.070000,0.070000,0,0,0
IN,46965,INDIANA STATE,AUIN,0.070000,0.070000,0,0,0
IN,46967,INDIANA STATE,AUIN,0.070000,0.070000,0,0,0
IN,46968,INDIANA STATE,AUIN,0.070000,0.070000,0,0,0
IN,46970,INDIANA STATE,AUIN,0.070000,0.070000,0,0,0
IN,46971,INDIANA STATE,AUIN,0.070000,0.070000,0,0,0
IN,46974,INDIANA STATE,AUIN,0.070000,0.070000,0,0,0
IN,46975,INDIANA STATE,AUIN,0.070000,0.070000,0,0,0
IN,46977,INDIANA STATE,AUIN,0.070000,0.070000,0,0,0
IN,46978,INDIANA STATE,AUIN,0.070000,0.070000,0,0,0
IN,46979,INDIANA STATE,AUIN,0.070000,0.070000,0,0,0
IN,46980,INDIANA STATE,AUIN,0.070000,0.070000,0,0,0
IN,46982,INDIANA STATE,AUIN,0.070000,0.070000,0,0,0
IN,46984,INDIANA STATE,AUIN,0.070000,0.070000,0,0,0
IN,46985,INDIANA STATE,AUIN,0.070000,0.070000,0,0,0
IN,46986,INDIANA STATE,AUIN,0.070000,0.070000,0,0,0
IN,46987,INDIANA STATE,AUIN,0.070000,0.070000,0,0,0
IN,46988,INDIANA STATE,AUIN,0.070000,0.070000,0,0,0
IN,46989,INDIANA STATE,AUIN,0.070000,0.070000,0,0,0
IN,46990,INDIANA STATE,AUIN,0.070000,0.070000,0,0,0
IN,46991,INDIANA STATE,AUIN,0.070000,0.070000,0,0,0
IN,46992,INDIANA STATE,AUIN,0.070000,0.070000,0,0,0
IN,46994,INDIANA STATE,AUIN,0.070000,0.070000,0,0,0
IN,46995,INDIANA STATE,AUIN,0.070000,0.070000,0,0,0
IN,46996,INDIANA STATE,AUIN,0.070000,0.070000,0,0,0
IN,46998,INDIANA STATE,AUIN,0.070000,0.070000,0,0,0
IN,47001,INDIANA STATE,AUIN,0.070000,0.070000,0,0,0
IN,47003,INDIANA STATE,AUIN,0.070000,0.070000,0,0,0
IN,47006,INDIANA STATE,AUIN,0.070000,0.070000,0,0,0
IN,47010,INDIANA STATE,AUIN,0.070000,0.070000,0,0,0
IN,47011,INDIANA STATE,AUIN,0.070000,0.070000,0,0,0
IN,47012,INDIANA STATE,AUIN,0.070000,0.070000,0,0,0
IN,47016,INDIANA STATE,AUIN,0.070000,0.070000,0,0,0
IN,47017,INDIANA STATE,AUIN,0.070000,0.070000,0,0,0
IN,47018,INDIANA STATE,AUIN,0.070000,0.070000,0,0,0
IN,47019,INDIANA STATE,AUIN,0.070000,0.070000,0,0,0
IN,47020,INDIANA STATE,AUIN,0.070000,0.070000,0,0,0
IN,47021,INDIANA STATE,AUIN,0.070000,0.070000,0,0,0
IN,47022,INDIANA STATE,AUIN,0.070000,0.070000,0,0,0
IN,47023,INDIANA STATE,AUIN,0.070000,0.070000,0,0,0
IN,47024,INDIANA STATE,AUIN,0.070000,0.070000,0,0,0
IN,47025,INDIANA STATE,AUIN,0.070000,0.070000,0,0,0
IN,47030,INDIANA STATE,AUIN,0.070000,0.070000,0,0,0
IN,47031,INDIANA STATE,AUIN,0.070000,0.070000,0,0,0
IN,47032,INDIANA STATE,AUIN,0.070000,0.070000,0,0,0
IN,47033,INDIANA STATE,AUIN,0.070000,0.070000,0,0,0
IN,47034,INDIANA STATE,AUIN,0.070000,0.070000,0,0,0
IN,47035,INDIANA STATE,AUIN,0.070000,0.070000,0,0,0
IN,47036,INDIANA STATE,AUIN,0.070000,0.070000,0,0,0
IN,47037,INDIANA STATE,AUIN,0.070000,0.070000,0,0,0
IN,47038,INDIANA STATE,AUIN,0.070000,0.070000,0,0,0
IN,47039,INDIANA STATE,AUIN,0.070000,0.070000,0,0,0
IN,47040,INDIANA STATE,AUIN,0.070000,0.070000,0,0,0
IN,47041,INDIANA STATE,AUIN,0.070000,0.070000,0,0,0
IN,47042,INDIANA STATE,AUIN,0.070000,0.070000,0,0,0
IN,47043,INDIANA STATE,AUIN,0.070000,0.070000,0,0,0
IN,47060,INDIANA STATE,AUIN,0.070000,0.070000,0,0,0
IN,47102,INDIANA STATE,AUIN,0.070000,0.070000,0,0,0
IN,47104,INDIANA STATE,AUIN,0.070000,0.070000,0,0,0
IN,47106,INDIANA STATE,AUIN,0.070000,0.070000,0,0,0
IN,47107,INDIANA STATE,AUIN,0.070000,0.070000,0,0,0
IN,47108,INDIANA STATE,AUIN,0.070000,0.070000,0,0,0
IN,47110,INDIANA STATE,AUIN,0.070000,0.070000,0,0,0
IN,47111,INDIANA STATE,AUIN,0.070000,0.070000,0,0,0
IN,47112,INDIANA STATE,AUIN,0.070000,0.070000,0,0,0
IN,47114,INDIANA STATE,AUIN,0.070000,0.070000,0,0,0
IN,47115,INDIANA STATE,AUIN,0.070000,0.070000,0,0,0
IN,47116,INDIANA STATE,AUIN,0.070000,0.070000,0,0,0
IN,47117,INDIANA STATE,AUIN,0.070000,0.070000,0,0,0
IN,47118,INDIANA STATE,AUIN,0.070000,0.070000,0,0,0
IN,47119,INDIANA STATE,AUIN,0.070000,0.070000,0,0,0
IN,47120,INDIANA STATE,AUIN,0.070000,0.070000,0,0,0
IN,47122,INDIANA STATE,AUIN,0.070000,0.070000,0,0,0
IN,47123,INDIANA STATE,AUIN,0.070000,0.070000,0,0,0
IN,47124,INDIANA STATE,AUIN,0.070000,0.070000,0,0,0
IN,47125,INDIANA STATE,AUIN,0.070000,0.070000,0,0,0
IN,47126,INDIANA STATE,AUIN,0.070000,0.070000,0,0,0
IN,47129,INDIANA STATE,AUIN,0.070000,0.070000,0,0,0
IN,47130,INDIANA STATE,AUIN,0.070000,0.070000,0,0,0
IN,47131,INDIANA STATE,AUIN,0.070000,0.070000,0,0,0
IN,47132,INDIANA STATE,AUIN,0.070000,0.070000,0,0,0
IN,47133,INDIANA STATE,AUIN,0.070000,0.070000,0,0,0
IN,47134,INDIANA STATE,AUIN,0.070000,0.070000,0,0,0
IN,47135,INDIANA STATE,AUIN,0.070000,0.070000,0,0,0
IN,47136,INDIANA STATE,AUIN,0.070000,0.070000,0,0,0
IN,47137,INDIANA STATE,AUIN,0.070000,0.070000,0,0,0
IN,47138,INDIANA STATE,AUIN,0.070000,0.070000,0,0,0
IN,47140,INDIANA STATE,AUIN,0.070000,0.070000,0,0,0
IN,47141,INDIANA STATE,AUIN,0.070000,0.070000,0,0,0
IN,47142,INDIANA STATE,AUIN,0.070000,0.070000,0,0,0
IN,47143,INDIANA STATE,AUIN,0.070000,0.070000,0,0,0
IN,47144,INDIANA STATE,AUIN,0.070000,0.070000,0,0,0
IN,47145,INDIANA STATE,AUIN,0.070000,0.070000,0,0,0
IN,47146,INDIANA STATE,AUIN,0.070000,0.070000,0,0,0
IN,47147,INDIANA STATE,AUIN,0.070000,0.070000,0,0,0
IN,47150,INDIANA STATE,AUIN,0.070000,0.070000,0,0,0
IN,47151,INDIANA STATE,AUIN,0.070000,0.070000,0,0,0
IN,47160,INDIANA STATE,AUIN,0.070000,0.070000,0,0,0
IN,47161,INDIANA STATE,AUIN,0.070000,0.070000,0,0,0
IN,47162,INDIANA STATE,AUIN,0.070000,0.070000,0,0,0
IN,47163,INDIANA STATE,AUIN,0.070000,0.070000,0,0,0
IN,47164,INDIANA STATE,AUIN,0.070000,0.070000,0,0,0
IN,47165,INDIANA STATE,AUIN,0.070000,0.070000,0,0,0
IN,47166,INDIANA STATE,AUIN,0.070000,0.070000,0,0,0
IN,47167,INDIANA STATE,AUIN,0.070000,0.070000,0,0,0
IN,47170,INDIANA STATE,AUIN,0.070000,0.070000,0,0,0
IN,47172,INDIANA STATE,AUIN,0.070000,0.070000,0,0,0
IN,47174,INDIANA STATE,AUIN,0.070000,0.070000,0,0,0
IN,47175,INDIANA STATE,AUIN,0.070000,0.070000,0,0,0
IN,47177,INDIANA STATE,AUIN,0.070000,0.070000,0,0,0
IN,47190,INDIANA STATE,AUIN,0.070000,0.070000,0,0,0
IN,47199,INDIANA STATE,AUIN,0.070000,0.070000,0,0,0
IN,47201,INDIANA STATE,AUIN,0.070000,0.070000,0,0,0
IN,47202,INDIANA STATE,AUIN,0.070000,0.070000,0,0,0
IN,47203,INDIANA STATE,AUIN,0.070000,0.070000,0,0,0
IN,47220,INDIANA STATE,AUIN,0.070000,0.070000,0,0,0
IN,47223,INDIANA STATE,AUIN,0.070000,0.070000,0,0,0
IN,47224,INDIANA STATE,AUIN,0.070000,0.070000,0,0,0
IN,47225,INDIANA STATE,AUIN,0.070000,0.070000,0,0,0
IN,47226,INDIANA STATE,AUIN,0.070000,0.070000,0,0,0
IN,47227,INDIANA STATE,AUIN,0.070000,0.070000,0,0,0
IN,47228,INDIANA STATE,AUIN,0.070000,0.070000,0,0,0
IN,47229,INDIANA STATE,AUIN,0.070000,0.070000,0,0,0
IN,47230,INDIANA STATE,AUIN,0.070000,0.070000,0,0,0
IN,47231,INDIANA STATE,AUIN,0.070000,0.070000,0,0,0
IN,47232,INDIANA STATE,AUIN,0.070000,0.070000,0,0,0
IN,47234,INDIANA STATE,AUIN,0.070000,0.070000,0,0,0
IN,47235,INDIANA STATE,AUIN,0.070000,0.070000,0,0,0
IN,47236,INDIANA STATE,AUIN,0.070000,0.070000,0,0,0
IN,47240,INDIANA STATE,AUIN,0.070000,0.070000,0,0,0
IN,47243,INDIANA STATE,AUIN,0.070000,0.070000,0,0,0
IN,47244,INDIANA STATE,AUIN,0.070000,0.070000,0,0,0
IN,47245,INDIANA STATE,AUIN,0.070000,0.070000,0,0,0
IN,47246,INDIANA STATE,AUIN,0.070000,0.070000,0,0,0
IN,47247,INDIANA STATE,AUIN,0.070000,0.070000,0,0,0
IN,47249,INDIANA STATE,AUIN,0.070000,0.070000,0,0,0
IN,47250,INDIANA STATE,AUIN,0.070000,0.070000,0,0,0
IN,47260,INDIANA STATE,AUIN,0.070000,0.070000,0,0,0
IN,47261,INDIANA STATE,AUIN,0.070000,0.070000,0,0,0
IN,47263,INDIANA STATE,AUIN,0.070000,0.070000,0,0,0
IN,47264,INDIANA STATE,AUIN,0.070000,0.070000,0,0,0
IN,47265,INDIANA STATE,AUIN,0.070000,0.070000,0,0,0
IN,47270,INDIANA STATE,AUIN,0.070000,0.070000,0,0,0
IN,47272,INDIANA STATE,AUIN,0.070000,0.070000,0,0,0
IN,47273,INDIANA STATE,AUIN,0.070000,0.070000,0,0,0
IN,47274,INDIANA STATE,AUIN,0.070000,0.070000,0,0,0
IN,47280,INDIANA STATE,AUIN,0.070000,0.070000,0,0,0
IN,47281,INDIANA STATE,AUIN,0.070000,0.070000,0,0,0
IN,47282,INDIANA STATE,AUIN,0.070000,0.070000,0,0,0
IN,47283,INDIANA STATE,AUIN,0.070000,0.070000,0,0,0
IN,47302,INDIANA STATE,AUIN,0.070000,0.070000,0,0,0
IN,47303,INDIANA STATE,AUIN,0.070000,0.070000,0,0,0
IN,47304,INDIANA STATE,AUIN,0.070000,0.070000,0,0,0
IN,47305,INDIANA STATE,AUIN,0.070000,0.070000,0,0,0
IN,47306,INDIANA STATE,AUIN,0.070000,0.070000,0,0,0
IN,47307,INDIANA STATE,AUIN,0.070000,0.070000,0,0,0
IN,47308,INDIANA STATE,AUIN,0.070000,0.070000,0,0,0
IN,47320,INDIANA STATE,AUIN,0.070000,0.070000,0,0,0
IN,47322,INDIANA STATE,AUIN,0.070000,0.070000,0,0,0
IN,47324,INDIANA STATE,AUIN,0.070000,0.070000,0,0,0
IN,47325,INDIANA STATE,AUIN,0.070000,0.070000,0,0,0
IN,47326,INDIANA STATE,AUIN,0.070000,0.070000,0,0,0
IN,47327,INDIANA STATE,AUIN,0.070000,0.070000,0,0,0
IN,47330,INDIANA STATE,AUIN,0.070000,0.070000,0,0,0
IN,47331,INDIANA STATE,AUIN,0.070000,0.070000,0,0,0
IN,47334,INDIANA STATE,AUIN,0.070000,0.070000,0,0,0
IN,47335,INDIANA STATE,AUIN,0.070000,0.070000,0,0,0
IN,47336,INDIANA STATE,AUIN,0.070000,0.070000,0,0,0
IN,47337,INDIANA STATE,AUIN,0.070000,0.070000,0,0,0
IN,47338,INDIANA STATE,AUIN,0.070000,0.070000,0,0,0
IN,47339,INDIANA STATE,AUIN,0.070000,0.070000,0,0,0
IN,47340,INDIANA STATE,AUIN,0.070000,0.070000,0,0,0
IN,47341,INDIANA STATE,AUIN,0.070000,0.070000,0,0,0
IN,47342,INDIANA STATE,AUIN,0.070000,0.070000,0,0,0
IN,47344,INDIANA STATE,AUIN,0.070000,0.070000,0,0,0
IN,47345,INDIANA STATE,AUIN,0.070000,0.070000,0,0,0
IN,47346,INDIANA STATE,AUIN,0.070000,0.070000,0,0,0
IN,47348,INDIANA STATE,AUIN,0.070000,0.070000,0,0,0
IN,47351,INDIANA STATE,AUIN,0.070000,0.070000,0,0,0
IN,47352,INDIANA STATE,AUIN,0.070000,0.070000,0,0,0
IN,47353,INDIANA STATE,AUIN,0.070000,0.070000,0,0,0
IN,47354,INDIANA STATE,AUIN,0.070000,0.070000,0,0,0
IN,47355,INDIANA STATE,AUIN,0.070000,0.070000,0,0,0
IN,47356,INDIANA STATE,AUIN,0.070000,0.070000,0,0,0
IN,47357,INDIANA STATE,AUIN,0.070000,0.070000,0,0,0
IN,47358,INDIANA STATE,AUIN,0.070000,0.070000,0,0,0
IN,47359,INDIANA STATE,AUIN,0.070000,0.070000,0,0,0
IN,47360,INDIANA STATE,AUIN,0.070000,0.070000,0,0,0
IN,47361,INDIANA STATE,AUIN,0.070000,0.070000,0,0,0
IN,47362,INDIANA STATE,AUIN,0.070000,0.070000,0,0,0
IN,47366,INDIANA STATE,AUIN,0.070000,0.070000,0,0,0
IN,47367,INDIANA STATE,AUIN,0.070000,0.070000,0,0,0
IN,47368,INDIANA STATE,AUIN,0.070000,0.070000,0,0,0
IN,47369,INDIANA STATE,AUIN,0.070000,0.070000,0,0,0
IN,47370,INDIANA STATE,AUIN,0.070000,0.070000,0,0,0
IN,47371,INDIANA STATE,AUIN,0.070000,0.070000,0,0,0
IN,47373,INDIANA STATE,AUIN,0.070000,0.070000,0,0,0
IN,47374,INDIANA STATE,AUIN,0.070000,0.070000,0,0,0
IN,47375,INDIANA STATE,AUIN,0.070000,0.070000,0,0,0
IN,47380,INDIANA STATE,AUIN,0.070000,0.070000,0,0,0
IN,47381,INDIANA STATE,AUIN,0.070000,0.070000,0,0,0
IN,47382,INDIANA STATE,AUIN,0.070000,0.070000,0,0,0
IN,47383,INDIANA STATE,AUIN,0.070000,0.070000,0,0,0
IN,47384,INDIANA STATE,AUIN,0.070000,0.070000,0,0,0
IN,47385,INDIANA STATE,AUIN,0.070000,0.070000,0,0,0
IN,47386,INDIANA STATE,AUIN,0.070000,0.070000,0,0,0
IN,47387,INDIANA STATE,AUIN,0.070000,0.070000,0,0,0
IN,47388,INDIANA STATE,AUIN,0.070000,0.070000,0,0,0
IN,47390,INDIANA STATE,AUIN,0.070000,0.070000,0,0,0
IN,47392,INDIANA STATE,AUIN,0.070000,0.070000,0,0,0
IN,47393,INDIANA STATE,AUIN,0.070000,0.070000,0,0,0
IN,47394,INDIANA STATE,AUIN,0.070000,0.070000,0,0,0
IN,47396,INDIANA STATE,AUIN,0.070000,0.070000,0,0,0
IN,47401,INDIANA STATE,AUIN,0.070000,0.070000,0,0,0
IN,47402,INDIANA STATE,AUIN,0.070000,0.070000,0,0,0
IN,47403,INDIANA STATE,AUIN,0.070000,0.070000,0,0,0
IN,47404,INDIANA STATE,AUIN,0.070000,0.070000,0,0,0
IN,47405,INDIANA STATE,AUIN,0.070000,0.070000,0,0,0
IN,47406,INDIANA STATE,AUIN,0.070000,0.070000,0,0,0
IN,47407,INDIANA STATE,AUIN,0.070000,0.070000,0,0,0
IN,47408,INDIANA STATE,AUIN,0.070000,0.070000,0,0,0
IN,47420,INDIANA STATE,AUIN,0.070000,0.070000,0,0,0
IN,47421,INDIANA STATE,AUIN,0.070000,0.070000,0,0,0
IN,47424,INDIANA STATE,AUIN,0.070000,0.070000,0,0,0
IN,47426,INDIANA STATE,AUIN,0.070000,0.070000,0,0,0
IN,47427,INDIANA STATE,AUIN,0.070000,0.070000,0,0,0
IN,47429,INDIANA STATE,AUIN,0.070000,0.070000,0,0,0
IN,47431,INDIANA STATE,AUIN,0.070000,0.070000,0,0,0
IN,47432,INDIANA STATE,AUIN,0.070000,0.070000,0,0,0
IN,47433,INDIANA STATE,AUIN,0.070000,0.070000,0,0,0
IN,47434,INDIANA STATE,AUIN,0.070000,0.070000,0,0,0
IN,47435,INDIANA STATE,AUIN,0.070000,0.070000,0,0,0
IN,47436,INDIANA STATE,AUIN,0.070000,0.070000,0,0,0
IN,47437,INDIANA STATE,AUIN,0.070000,0.070000,0,0,0
IN,47438,INDIANA STATE,AUIN,0.070000,0.070000,0,0,0
IN,47439,INDIANA STATE,AUIN,0.070000,0.070000,0,0,0
IN,47441,INDIANA STATE,AUIN,0.070000,0.070000,0,0,0
IN,47443,INDIANA STATE,AUIN,0.070000,0.070000,0,0,0
IN,47445,INDIANA STATE,AUIN,0.070000,0.070000,0,0,0
IN,47446,INDIANA STATE,AUIN,0.070000,0.070000,0,0,0
IN,47448,INDIANA STATE,AUIN,0.070000,0.070000,0,0,0
IN,47449,INDIANA STATE,AUIN,0.070000,0.070000,0,0,0
IN,47451,INDIANA STATE,AUIN,0.070000,0.070000,0,0,0
IN,47452,INDIANA STATE,AUIN,0.070000,0.070000,0,0,0
IN,47453,INDIANA STATE,AUIN,0.070000,0.070000,0,0,0
IN,47454,INDIANA STATE,AUIN,0.070000,0.070000,0,0,0
IN,47455,INDIANA STATE,AUIN,0.070000,0.070000,0,0,0
IN,47456,INDIANA STATE,AUIN,0.070000,0.070000,0,0,0
IN,47457,INDIANA STATE,AUIN,0.070000,0.070000,0,0,0
IN,47458,INDIANA STATE,AUIN,0.070000,0.070000,0,0,0
IN,47459,INDIANA STATE,AUIN,0.070000,0.070000,0,0,0
IN,47460,INDIANA STATE,AUIN,0.070000,0.070000,0,0,0
IN,47462,INDIANA STATE,AUIN,0.070000,0.070000,0,0,0
IN,47463,INDIANA STATE,AUIN,0.070000,0.070000,0,0,0
IN,47464,INDIANA STATE,AUIN,0.070000,0.070000,0,0,0
IN,47465,INDIANA STATE,AUIN,0.070000,0.070000,0,0,0
IN,47467,INDIANA STATE,AUIN,0.070000,0.070000,0,0,0
IN,47468,INDIANA STATE,AUIN,0.070000,0.070000,0,0,0
IN,47469,INDIANA STATE,AUIN,0.070000,0.070000,0,0,0
IN,47470,INDIANA STATE,AUIN,0.070000,0.070000,0,0,0
IN,47471,INDIANA STATE,AUIN,0.070000,0.070000,0,0,0
IN,47501,INDIANA STATE,AUIN,0.070000,0.070000,0,0,0
IN,47512,INDIANA STATE,AUIN,0.070000,0.070000,0,0,0
IN,47513,INDIANA STATE,AUIN,0.070000,0.070000,0,0,0
IN,47514,INDIANA STATE,AUIN,0.070000,0.070000,0,0,0
IN,47515,INDIANA STATE,AUIN,0.070000,0.070000,0,0,0
IN,47516,INDIANA STATE,AUIN,0.070000,0.070000,0,0,0
IN,47519,INDIANA STATE,AUIN,0.070000,0.070000,0,0,0
IN,47520,INDIANA STATE,AUIN,0.070000,0.070000,0,0,0
IN,47521,INDIANA STATE,AUIN,0.070000,0.070000,0,0,0
IN,47522,INDIANA STATE,AUIN,0.070000,0.070000,0,0,0
IN,47523,INDIANA STATE,AUIN,0.070000,0.070000,0,0,0
IN,47524,INDIANA STATE,AUIN,0.070000,0.070000,0,0,0
IN,47525,INDIANA STATE,AUIN,0.070000,0.070000,0,0,0
IN,47527,INDIANA STATE,AUIN,0.070000,0.070000,0,0,0
IN,47528,INDIANA STATE,AUIN,0.070000,0.070000,0,0,0
IN,47529,INDIANA STATE,AUIN,0.070000,0.070000,0,0,0
IN,47531,INDIANA STATE,AUIN,0.070000,0.070000,0,0,0
IN,47532,INDIANA STATE,AUIN,0.070000,0.070000,0,0,0
IN,47535,INDIANA STATE,AUIN,0.070000,0.070000,0,0,0
IN,47536,INDIANA STATE,AUIN,0.070000,0.070000,0,0,0
IN,47537,INDIANA STATE,AUIN,0.070000,0.070000,0,0,0
IN,47541,INDIANA STATE,AUIN,0.070000,0.070000,0,0,0
IN,47542,INDIANA STATE,AUIN,0.070000,0.070000,0,0,0
IN,47545,INDIANA STATE,AUIN,0.070000,0.070000,0,0,0
IN,47546,INDIANA STATE,AUIN,0.070000,0.070000,0,0,0
IN,47547,INDIANA STATE,AUIN,0.070000,0.070000,0,0,0
IN,47549,INDIANA STATE,AUIN,0.070000,0.070000,0,0,0
IN,47550,INDIANA STATE,AUIN,0.070000,0.070000,0,0,0
IN,47551,INDIANA STATE,AUIN,0.070000,0.070000,0,0,0
IN,47552,INDIANA STATE,AUIN,0.070000,0.070000,0,0,0
IN,47553,INDIANA STATE,AUIN,0.070000,0.070000,0,0,0
IN,47556,INDIANA STATE,AUIN,0.070000,0.070000,0,0,0
IN,47557,INDIANA STATE,AUIN,0.070000,0.070000,0,0,0
IN,47558,INDIANA STATE,AUIN,0.070000,0.070000,0,0,0
IN,47561,INDIANA STATE,AUIN,0.070000,0.070000,0,0,0
IN,47562,INDIANA STATE,AUIN,0.070000,0.070000,0,0,0
IN,47564,INDIANA STATE,AUIN,0.070000,0.070000,0,0,0
IN,47567,INDIANA STATE,AUIN,0.070000,0.070000,0,0,0
IN,47568,INDIANA STATE,AUIN,0.070000,0.070000,0,0,0
IN,47573,INDIANA STATE,AUIN,0.070000,0.070000,0,0,0
IN,47574,INDIANA STATE,AUIN,0.070000,0.070000,0,0,0
IN,47575,INDIANA STATE,AUIN,0.070000,0.070000,0,0,0
IN,47576,INDIANA STATE,AUIN,0.070000,0.070000,0,0,0
IN,47577,INDIANA STATE,AUIN,0.070000,0.070000,0,0,0
IN,47578,INDIANA STATE,AUIN,0.070000,0.070000,0,0,0
IN,47579,INDIANA STATE,AUIN,0.070000,0.070000,0,0,0
IN,47580,INDIANA STATE,AUIN,0.070000,0.070000,0,0,0
IN,47581,INDIANA STATE,AUIN,0.070000,0.070000,0,0,0
IN,47584,INDIANA STATE,AUIN,0.070000,0.070000,0,0,0
IN,47585,INDIANA STATE,AUIN,0.070000,0.070000,0,0,0
IN,47586,INDIANA STATE,AUIN,0.070000,0.070000,0,0,0
IN,47588,INDIANA STATE,AUIN,0.070000,0.070000,0,0,0
IN,47590,INDIANA STATE,AUIN,0.070000,0.070000,0,0,0
IN,47591,INDIANA STATE,AUIN,0.070000,0.070000,0,0,0
IN,47596,INDIANA STATE,AUIN,0.070000,0.070000,0,0,0
IN,47597,INDIANA STATE,AUIN,0.070000,0.070000,0,0,0
IN,47598,INDIANA STATE,AUIN,0.070000,0.070000,0,0,0
IN,47601,INDIANA STATE,AUIN,0.070000,0.070000,0,0,0
IN,47610,INDIANA STATE,AUIN,0.070000,0.070000,0,0,0
IN,47611,INDIANA STATE,AUIN,0.070000,0.070000,0,0,0
IN,47612,INDIANA STATE,AUIN,0.070000,0.070000,0,0,0
IN,47613,INDIANA STATE,AUIN,0.070000,0.070000,0,0,0
IN,47615,INDIANA STATE,AUIN,0.070000,0.070000,0,0,0
IN,47616,INDIANA STATE,AUIN,0.070000,0.070000,0,0,0
IN,47617,INDIANA STATE,AUIN,0.070000,0.070000,0,0,0
IN,47618,INDIANA STATE,AUIN,0.070000,0.070000,0,0,0
IN,47619,INDIANA STATE,AUIN,0.070000,0.070000,0,0,0
IN,47620,INDIANA STATE,AUIN,0.070000,0.070000,0,0,0
IN,47629,INDIANA STATE,AUIN,0.070000,0.070000,0,0,0
IN,47630,INDIANA STATE,AUIN,0.070000,0.070000,0,0,0
IN,47631,INDIANA STATE,AUIN,0.070000,0.070000,0,0,0
IN,47633,INDIANA STATE,AUIN,0.070000,0.070000,0,0,0
IN,47634,INDIANA STATE,AUIN,0.070000,0.070000,0,0,0
IN,47635,INDIANA STATE,AUIN,0.070000,0.070000,0,0,0
IN,47637,INDIANA STATE,AUIN,0.070000,0.070000,0,0,0
IN,47638,INDIANA STATE,AUIN,0.070000,0.070000,0,0,0
IN,47639,INDIANA STATE,AUIN,0.070000,0.070000,0,0,0
IN,47640,INDIANA STATE,AUIN,0.070000,0.070000,0,0,0
IN,47647,INDIANA STATE,AUIN,0.070000,0.070000,0,0,0
IN,47648,INDIANA STATE,AUIN,0.070000,0.070000,0,0,0
IN,47649,INDIANA STATE,AUIN,0.070000,0.070000,0,0,0
IN,47654,INDIANA STATE,AUIN,0.070000,0.070000,0,0,0
IN,47660,INDIANA STATE,AUIN,0.070000,0.070000,0,0,0
IN,47665,INDIANA STATE,AUIN,0.070000,0.070000,0,0,0
IN,47666,INDIANA STATE,AUIN,0.070000,0.070000,0,0,0
IN,47670,INDIANA STATE,AUIN,0.070000,0.070000,0,0,0
IN,47683,INDIANA STATE,AUIN,0.070000,0.070000,0,0,0
IN,47701,INDIANA STATE,AUIN,0.070000,0.070000,0,0,0
IN,47702,INDIANA STATE,AUIN,0.070000,0.070000,0,0,0
IN,47703,INDIANA STATE,AUIN,0.070000,0.070000,0,0,0
IN,47704,INDIANA STATE,AUIN,0.070000,0.070000,0,0,0
IN,47705,INDIANA STATE,AUIN,0.070000,0.070000,0,0,0
IN,47706,INDIANA STATE,AUIN,0.070000,0.070000,0,0,0
IN,47708,INDIANA STATE,AUIN,0.070000,0.070000,0,0,0
IN,47710,INDIANA STATE,AUIN,0.070000,0.070000,0,0,0
IN,47711,INDIANA STATE,AUIN,0.070000,0.070000,0,0,0
IN,47712,INDIANA STATE,AUIN,0.070000,0.070000,0,0,0
IN,47713,INDIANA STATE,AUIN,0.070000,0.070000,0,0,0
IN,47714,INDIANA STATE,AUIN,0.070000,0.070000,0,0,0
IN,47715,INDIANA STATE,AUIN,0.070000,0.070000,0,0,0
IN,47716,INDIANA STATE,AUIN,0.070000,0.070000,0,0,0
IN,47719,INDIANA STATE,AUIN,0.070000,0.070000,0,0,0
IN,47720,INDIANA STATE,AUIN,0.070000,0.070000,0,0,0
IN,47721,INDIANA STATE,AUIN,0.070000,0.070000,0,0,0
IN,47722,INDIANA STATE,AUIN,0.070000,0.070000,0,0,0
IN,47724,INDIANA STATE,AUIN,0.070000,0.070000,0,0,0
IN,47725,INDIANA STATE,AUIN,0.070000,0.070000,0,0,0
IN,47728,INDIANA STATE,AUIN,0.070000,0.070000,0,0,0
IN,47730,INDIANA STATE,AUIN,0.070000,0.070000,0,0,0
IN,47731,INDIANA STATE,AUIN,0.070000,0.070000,0,0,0
IN,47732,INDIANA STATE,AUIN,0.070000,0.070000,0,0,0
IN,47733,INDIANA STATE,AUIN,0.070000,0.070000,0,0,0
IN,47734,INDIANA STATE,AUIN,0.070000,0.070000,0,0,0
IN,47735,INDIANA STATE,AUIN,0.070000,0.070000,0,0,0
IN,47736,INDIANA STATE,AUIN,0.070000,0.070000,0,0,0
IN,47737,INDIANA STATE,AUIN,0.070000,0.070000,0,0,0
IN,47740,INDIANA STATE,AUIN,0.070000,0.070000,0,0,0
IN,47747,INDIANA STATE,AUIN,0.070000,0.070000,0,0,0
IN,47750,INDIANA STATE,AUIN,0.070000,0.070000,0,0,0
IN,47801,INDIANA STATE,AUIN,0.070000,0.070000,0,0,0
IN,47802,INDIANA STATE,AUIN,0.070000,0.070000,0,0,0
IN,47803,INDIANA STATE,AUIN,0.070000,0.070000,0,0,0
IN,47804,INDIANA STATE,AUIN,0.070000,0.070000,0,0,0
IN,47805,INDIANA STATE,AUIN,0.070000,0.070000,0,0,0
IN,47807,INDIANA STATE,AUIN,0.070000,0.070000,0,0,0
IN,47808,INDIANA STATE,AUIN,0.070000,0.070000,0,0,0
IN,47809,INDIANA STATE,AUIN,0.070000,0.070000,0,0,0
IN,47830,INDIANA STATE,AUIN,0.070000,0.070000,0,0,0
IN,47831,INDIANA STATE,AUIN,0.070000,0.070000,0,0,0
IN,47832,INDIANA STATE,AUIN,0.070000,0.070000,0,0,0
IN,47833,INDIANA STATE,AUIN,0.070000,0.070000,0,0,0
IN,47834,INDIANA STATE,AUIN,0.070000,0.070000,0,0,0
IN,47836,INDIANA STATE,AUIN,0.070000,0.070000,0,0,0
IN,47837,INDIANA STATE,AUIN,0.070000,0.070000,0,0,0
IN,47838,INDIANA STATE,AUIN,0.070000,0.070000,0,0,0
IN,47840,INDIANA STATE,AUIN,0.070000,0.070000,0,0,0
IN,47841,INDIANA STATE,AUIN,0.070000,0.070000,0,0,0
IN,47842,INDIANA STATE,AUIN,0.070000,0.070000,0,0,0
IN,47845,INDIANA STATE,AUIN,0.070000,0.070000,0,0,0
IN,47846,INDIANA STATE,AUIN,0.070000,0.070000,0,0,0
IN,47847,INDIANA STATE,AUIN,0.070000,0.070000,0,0,0
IN,47848,INDIANA STATE,AUIN,0.070000,0.070000,0,0,0
IN,47849,INDIANA STATE,AUIN,0.070000,0.070000,0,0,0
IN,47850,INDIANA STATE,AUIN,0.070000,0.070000,0,0,0
IN,47851,INDIANA STATE,AUIN,0.070000,0.070000,0,0,0
IN,47852,INDIANA STATE,AUIN,0.070000,0.070000,0,0,0
IN,47853,INDIANA STATE,AUIN,0.070000,0.070000,0,0,0
IN,47854,INDIANA STATE,AUIN,0.070000,0.070000,0,0,0
IN,47855,INDIANA STATE,AUIN,0.070000,0.070000,0,0,0
IN,47857,INDIANA STATE,AUIN,0.070000,0.070000,0,0,0
IN,47858,INDIANA STATE,AUIN,0.070000,0.070000,0,0,0
IN,47859,INDIANA STATE,AUIN,0.070000,0.070000,0,0,0
IN,47860,INDIANA STATE,AUIN,0.070000,0.070000,0,0,0
IN,47861,INDIANA STATE,AUIN,0.070000,0.070000,0,0,0
IN,47862,INDIANA STATE,AUIN,0.070000,0.070000,0,0,0
IN,47863,INDIANA STATE,AUIN,0.070000,0.070000,0,0,0
IN,47865,INDIANA STATE,AUIN,0.070000,0.070000,0,0,0
IN,47866,INDIANA STATE,AUIN,0.070000,0.070000,0,0,0
IN,47868,INDIANA STATE,AUIN,0.070000,0.070000,0,0,0
IN,47869,INDIANA STATE,AUIN,0.070000,0.070000,0,0,0
IN,47870,INDIANA STATE,AUIN,0.070000,0.070000,0,0,0
IN,47871,INDIANA STATE,AUIN,0.070000,0.070000,0,0,0
IN,47872,INDIANA STATE,AUIN,0.070000,0.070000,0,0,0
IN,47874,INDIANA STATE,AUIN,0.070000,0.070000,0,0,0
IN,47875,INDIANA STATE,AUIN,0.070000,0.070000,0,0,0
IN,47876,INDIANA STATE,AUIN,0.070000,0.070000,0,0,0
IN,47878,INDIANA STATE,AUIN,0.070000,0.070000,0,0,0
IN,47879,INDIANA STATE,AUIN,0.070000,0.070000,0,0,0
IN,47880,INDIANA STATE,AUIN,0.070000,0.070000,0,0,0
IN,47881,INDIANA STATE,AUIN,0.070000,0.070000,0,0,0
IN,47882,INDIANA STATE,AUIN,0.070000,0.070000,0,0,0
IN,47884,INDIANA STATE,AUIN,0.070000,0.070000,0,0,0
IN,47885,INDIANA STATE,AUIN,0.070000,0.070000,0,0,0
IN,47901,INDIANA STATE,AUIN,0.070000,0.070000,0,0,0
IN,47902,INDIANA STATE,AUIN,0.070000,0.070000,0,0,0
IN,47903,INDIANA STATE,AUIN,0.070000,0.070000,0,0,0
IN,47904,INDIANA STATE,AUIN,0.070000,0.070000,0,0,0
IN,47905,INDIANA STATE,AUIN,0.070000,0.070000,0,0,0
IN,47906,INDIANA STATE,AUIN,0.070000,0.070000,0,0,0
IN,47907,INDIANA STATE,AUIN,0.070000,0.070000,0,0,0
IN,47909,INDIANA STATE,AUIN,0.070000,0.070000,0,0,0
IN,47916,INDIANA STATE,AUIN,0.070000,0.070000,0,0,0
IN,47917,INDIANA STATE,AUIN,0.070000,0.070000,0,0,0
IN,47918,INDIANA STATE,AUIN,0.070000,0.070000,0,0,0
IN,47920,INDIANA STATE,AUIN,0.070000,0.070000,0,0,0
IN,47921,INDIANA STATE,AUIN,0.070000,0.070000,0,0,0
IN,47922,INDIANA STATE,AUIN,0.070000,0.070000,0,0,0
IN,47923,INDIANA STATE,AUIN,0.070000,0.070000,0,0,0
IN,47924,INDIANA STATE,AUIN,0.070000,0.070000,0,0,0
IN,47925,INDIANA STATE,AUIN,0.070000,0.070000,0,0,0
IN,47926,INDIANA STATE,AUIN,0.070000,0.070000,0,0,0
IN,47928,INDIANA STATE,AUIN,0.070000,0.070000,0,0,0
IN,47929,INDIANA STATE,AUIN,0.070000,0.070000,0,0,0
IN,47930,INDIANA STATE,AUIN,0.070000,0.070000,0,0,0
IN,47932,INDIANA STATE,AUIN,0.070000,0.070000,0,0,0
IN,47933,INDIANA STATE,AUIN,0.070000,0.070000,0,0,0
IN,47940,INDIANA STATE,AUIN,0.070000,0.070000,0,0,0
IN,47941,INDIANA STATE,AUIN,0.070000,0.070000,0,0,0
IN,47942,INDIANA STATE,AUIN,0.070000,0.070000,0,0,0
IN,47943,INDIANA STATE,AUIN,0.070000,0.070000,0,0,0
IN,47944,INDIANA STATE,AUIN,0.070000,0.070000,0,0,0
IN,47946,INDIANA STATE,AUIN,0.070000,0.070000,0,0,0
IN,47948,INDIANA STATE,AUIN,0.070000,0.070000,0,0,0
IN,47949,INDIANA STATE,AUIN,0.070000,0.070000,0,0,0
IN,47950,INDIANA STATE,AUIN,0.070000,0.070000,0,0,0
IN,47951,INDIANA STATE,AUIN,0.070000,0.070000,0,0,0
IN,47952,INDIANA STATE,AUIN,0.070000,0.070000,0,0,0
IN,47954,INDIANA STATE,AUIN,0.070000,0.070000,0,0,0
IN,47955,INDIANA STATE,AUIN,0.070000,0.070000,0,0,0
IN,47957,INDIANA STATE,AUIN,0.070000,0.070000,0,0,0
IN,47958,INDIANA STATE,AUIN,0.070000,0.070000,0,0,0
IN,47959,INDIANA STATE,AUIN,0.070000,0.070000,0,0,0
IN,47960,INDIANA STATE,AUIN,0.070000,0.070000,0,0,0
IN,47962,INDIANA STATE,AUIN,0.070000,0.070000,0,0,0
IN,47963,INDIANA STATE,AUIN,0.070000,0.070000,0,0,0
IN,47964,INDIANA STATE,AUIN,0.070000,0.070000,0,0,0
IN,47965,INDIANA STATE,AUIN,0.070000,0.070000,0,0,0
IN,47966,INDIANA STATE,AUIN,0.070000,0.070000,0,0,0
IN,47967,INDIANA STATE,AUIN,0.070000,0.070000,0,0,0
IN,47968,INDIANA STATE,AUIN,0.070000,0.070000,0,0,0
IN,47969,INDIANA STATE,AUIN,0.070000,0.070000,0,0,0
IN,47970,INDIANA STATE,AUIN,0.070000,0.070000,0,0,0
IN,47971,INDIANA STATE,AUIN,0.070000,0.070000,0,0,0
IN,47974,INDIANA STATE,AUIN,0.070000,0.070000,0,0,0
IN,47975,INDIANA STATE,AUIN,0.070000,0.070000,0,0,0
IN,47977,INDIANA STATE,AUIN,0.070000,0.070000,0,0,0
IN,47978,INDIANA STATE,AUIN,0.070000,0.070000,0,0,0
IN,47980,INDIANA STATE,AUIN,0.070000,0.070000,0,0,0
IN,47981,INDIANA STATE,AUIN,0.070000,0.070000,0,0,0
IN,47982,INDIANA STATE,AUIN,0.070000,0.070000,0,0,0
IN,47983,INDIANA STATE,AUIN,0.070000,0.070000,0,0,0
IN,47984,INDIANA STATE,AUIN,0.070000,0.070000,0,0,0
IN,47986,INDIANA STATE,AUIN,0.070000,0.070000,0,0,0
IN,47987,INDIANA STATE,AUIN,0.070000,0.070000,0,0,0
IN,47988,INDIANA STATE,AUIN,0.070000,0.070000,0,0,0
IN,47989,INDIANA STATE,AUIN,0.070000,0.070000,0,0,0
IN,47990,INDIANA STATE,AUIN,0.070000,0.070000,0,0,0
IN,47991,INDIANA STATE,AUIN,0.070000,0.070000,0,0,0
IN,47992,INDIANA STATE,AUIN,0.070000,0.070000,0,0,0
IN,47993,INDIANA STATE,AUIN,0.070000,0.070000,0,0,0
IN,47994,INDIANA STATE,AUIN,0.070000,0.070000,0,0,0
IN,47995,INDIANA STATE,AUIN,0.070000,0.070000,0,0,0
IN,47996,INDIANA STATE,AUIN,0.070000,0.070000,0,0,0
IN,47997,INDIANA STATE,AUIN,0.070000,0.070000,0,0,0
