State,ZipCode,TaxRegionName,TaxRegionCode,CombinedRate,StateRate,CountyRate,CityRate,SpecialRate
GA,30002,DEKALB COUNTY,AMYH,0.070000,0.040000,0.030000,0,0
GA,30003,GWINNETT COUNTY,ANDX,0.060000,0.040000,0.020000,0,0
GA,30004,FULTON COUNTY,ANCJ,0.070000,0.040000,0.030000,0,0
GA,30005,FULTON COUNTY,ANCJ,0.070000,0.040000,0.030000,0,0
GA,30006,COBB COUNTY,DGJC,0.060000,0.040000,0.020000,0,0
GA,30007,COBB COUNTY,DGJC,0.060000,0.040000,0.020000,0,0
GA,30008,COBB COUNTY,DGJC,0.060000,0.040000,0.020000,0,0
GA,30009,FULTON COUNTY,ANCJ,0.070000,0.040000,0.030000,0,0
GA,30010,GWINNETT COUNTY,ANDX,0.060000,0.040000,0.020000,0,0
GA,30011,BARROW COUNTY,AMQM,0.070000,0.040000,0.030000,0,0
GA,30012,ROCKDALE COUNTY,ANPP,0.070000,0.040000,0.030000,0,0
GA,30013,ROCKDALE COUNTY,ANPP,0.070000,0.040000,0.030000,0,0
GA,30014,NEWTON COUNTY,ANMQ,0.070000,0.040000,0.030000,0,0
GA,30015,NEWTON COUNTY,ANMQ,0.070000,0.040000,0.030000,0,0
GA,30016,NEWTON COUNTY,ANMQ,0.070000,0.040000,0.030000,0,0
GA,30017,GWINNETT COUNTY,ANDX,0.060000,0.040000,0.020000,0,0
GA,30018,WALTON COUNTY,ANUG,0.070000,0.040000,0.030000,0,0
GA,30019,GWINNETT COUNTY,ANDX,0.060000,0.040000,0.020000,0,0
GA,30021,DEKALB COUNTY,AMYH,0.070000,0.040000,0.030000,0,0
GA,30022,FULTON COUNTY,ANCJ,0.070000,0.040000,0.030000,0,0
GA,30023,FULTON COUNTY,ANCJ,0.070000,0.040000,0.030000,0,0
GA,30024,GWINNETT COUNTY,ANDX,0.060000,0.040000,0.020000,0,0
GA,30025,WALTON COUNTY,ANUG,0.070000,0.040000,0.030000,0,0
GA,30026,GWINNETT COUNTY,ANDX,0.060000,0.040000,0.020000,0,0
GA,30028,FORSYTH COUNTY,ANBZ,0.070000,0.040000,0.030000,0,0
GA,30029,GWINNETT COUNTY,ANDX,0.060000,0.040000,0.020000,0,0
GA,30030,DEKALB COUNTY,AMYH,0.070000,0.040000,0.030000,0,0
GA,30031,DEKALB COUNTY,AMYH,0.070000,0.040000,0.030000,0,0
GA,30032,DEKALB COUNTY,AMYH,0.070000,0.040000,0.030000,0,0
GA,30033,DEKALB COUNTY,AMYH,0.070000,0.040000,0.030000,0,0
GA,30034,DEKALB COUNTY,AMYH,0.070000,0.040000,0.030000,0,0
GA,30035,DEKALB COUNTY,AMYH,0.070000,0.040000,0.030000,0,0
GA,30036,DEKALB COUNTY,AMYH,0.070000,0.040000,0.030000,0,0
GA,30037,DEKALB COUNTY,AMYH,0.070000,0.040000,0.030000,0,0
GA,30038,DEKALB COUNTY,AMYH,0.070000,0.040000,0.030000,0,0
GA,30039,GWINNETT COUNTY,ANDX,0.060000,0.040000,0.020000,0,0
GA,30040,FORSYTH COUNTY,ANBZ,0.070000,0.040000,0.030000,0,0
GA,30041,FORSYTH COUNTY,ANBZ,0.070000,0.040000,0.030000,0,0
GA,30042,GWINNETT COUNTY,ANDX,0.060000,0.040000,0.020000,0,0
GA,30043,GWINNETT COUNTY,ANDX,0.060000,0.040000,0.020000,0,0
GA,30044,GWINNETT COUNTY,ANDX,0.060000,0.040000,0.020000,0,0
GA,30045,GWINNETT COUNTY,ANDX,0.060000,0.040000,0.020000,0,0
GA,30046,GWINNETT COUNTY,ANDX,0.060000,0.040000,0.020000,0,0
GA,30047,GWINNETT COUNTY,ANDX,0.060000,0.040000,0.020000,0,0
GA,30048,GWINNETT COUNTY,ANDX,0.060000,0.040000,0.020000,0,0
GA,30049,GWINNETT COUNTY,ANDX,0.060000,0.040000,0.020000,0,0
GA,30052,GWINNETT COUNTY,ANDX,0.060000,0.040000,0.020000,0,0
GA,30054,NEWTON COUNTY,ANMQ,0.070000,0.040000,0.030000,0,0
GA,30055,JASPER COUNTY,ANHH,0.070000,0.040000,0.030000,0,0
GA,30056,JASPER COUNTY,ANHH,0.070000,0.040000,0.030000,0,0
GA,30058,DEKALB COUNTY,AMYH,0.070000,0.040000,0.030000,0,0
GA,30060,COBB COUNTY,DGJC,0.060000,0.040000,0.020000,0,0
GA,30061,COBB COUNTY,DGJC,0.060000,0.040000,0.020000,0,0
GA,30062,COBB COUNTY,DGJC,0.060000,0.040000,0.020000,0,0
GA,30063,COBB COUNTY,DGJC,0.060000,0.040000,0.020000,0,0
GA,30064,COBB COUNTY,DGJC,0.060000,0.040000,0.020000,0,0
GA,30065,COBB COUNTY,DGJC,0.060000,0.040000,0.020000,0,0
GA,30066,COBB COUNTY,DGJC,0.060000,0.040000,0.020000,0,0
GA,30067,COBB COUNTY,DGJC,0.060000,0.040000,0.020000,0,0
GA,30068,COBB COUNTY,DGJC,0.060000,0.040000,0.020000,0,0
GA,30069,COBB COUNTY,DGJC,0.060000,0.040000,0.020000,0,0
GA,30070,NEWTON COUNTY,ANMQ,0.070000,0.040000,0.030000,0,0
GA,30071,GWINNETT COUNTY,ANDX,0.060000,0.040000,0.020000,0,0
GA,30072,DEKALB COUNTY,AMYH,0.070000,0.040000,0.030000,0,0
GA,30074,DEKALB COUNTY,AMYH,0.070000,0.040000,0.030000,0,0
GA,30075,FULTON COUNTY,ANCJ,0.070000,0.040000,0.030000,0,0
GA,30076,FULTON COUNTY,ANCJ,0.070000,0.040000,0.030000,0,0
GA,30077,FULTON COUNTY,ANCJ,0.070000,0.040000,0.030000,0,0
GA,30078,GWINNETT COUNTY,ANDX,0.060000,0.040000,0.020000,0,0
GA,30079,DEKALB COUNTY,AMYH,0.070000,0.040000,0.030000,0,0
GA,30080,COBB COUNTY,DGJC,0.060000,0.040000,0.020000,0,0
GA,30081,COBB COUNTY,DGJC,0.060000,0.040000,0.020000,0,0
GA,30082,COBB COUNTY,DGJC,0.060000,0.040000,0.020000,0,0
GA,30083,DEKALB COUNTY,AMYH,0.070000,0.040000,0.030000,0,0
GA,30084,DEKALB COUNTY,AMYH,0.070000,0.040000,0.030000,0,0
GA,30085,DEKALB COUNTY,AMYH,0.070000,0.040000,0.030000,0,0
GA,30086,DEKALB COUNTY,AMYH,0.070000,0.040000,0.030000,0,0
GA,30087,DEKALB COUNTY,AMYH,0.070000,0.040000,0.030000,0,0
GA,30088,DEKALB COUNTY,AMYH,0.070000,0.040000,0.030000,0,0
GA,30090,COBB COUNTY,DGJC,0.060000,0.040000,0.020000,0,0
GA,30091,GWINNETT COUNTY,ANDX,0.060000,0.040000,0.020000,0,0
GA,30092,GWINNETT COUNTY,ANDX,0.060000,0.040000,0.020000,0,0
GA,30093,GWINNETT COUNTY,ANDX,0.060000,0.040000,0.020000,0,0
GA,30094,ROCKDALE COUNTY,ANPP,0.070000,0.040000,0.030000,0,0
GA,30095,GWINNETT COUNTY,ANDX,0.060000,0.040000,0.020000,0,0
GA,30096,GWINNETT COUNTY,ANDX,0.060000,0.040000,0.020000,0,0
GA,30097,GWINNETT COUNTY,ANDX,0.060000,0.040000,0.020000,0,0
GA,30098,FULTON COUNTY,ANCJ,0.070000,0.040000,0.030000,0,0
GA,30099,GWINNETT COUNTY,ANDX,0.060000,0.040000,0.020000,0,0
GA,30101,COBB COUNTY,DGJC,0.060000,0.040000,0.020000,0,0
GA,30102,CHEROKEE COUNTY,AMUQ,0.060000,0.040000,0.020000,0,0
GA,30103,BARTOW COUNTY,AMQR,0.070000,0.040000,0.030000,0,0
GA,30104,POLK COUNTY,ANOH,0.070000,0.040000,0.030000,0,0
GA,30105,FLOYD COUNTY,ANBO,0.070000,0.040000,0.030000,0,0
GA,30106,COBB COUNTY,DGJC,0.060000,0.040000,0.020000,0,0
GA,30107,CHEROKEE COUNTY,AMUQ,0.060000,0.040000,0.020000,0,0
GA,30108,CARROLL COUNTY,AMTL,0.070000,0.040000,0.030000,0,0
GA,30109,CARROLL COUNTY,AMTL,0.070000,0.040000,0.030000,0,0
GA,30110,HARALSON COUNTY,ANFG,0.070000,0.040000,0.030000,0,0
GA,30111,COBB COUNTY,DGJC,0.060000,0.040000,0.020000,0,0
GA,30112,CARROLL COUNTY,AMTL,0.070000,0.040000,0.030000,0,0
GA,30113,HARALSON COUNTY,ANFG,0.070000,0.040000,0.030000,0,0
GA,30114,CHEROKEE COUNTY,AMUQ,0.060000,0.040000,0.020000,0,0
GA,30115,CHEROKEE COUNTY,AMUQ,0.060000,0.040000,0.020000,0,0
GA,30116,CARROLL COUNTY,AMTL,0.070000,0.040000,0.030000,0,0
GA,30117,CARROLL COUNTY,AMTL,0.070000,0.040000,0.030000,0,0
GA,30118,CARROLL COUNTY,AMTL,0.070000,0.040000,0.030000,0,0
GA,30119,CARROLL COUNTY,AMTL,0.070000,0.040000,0.030000,0,0
GA,30120,BARTOW COUNTY,AMQR,0.070000,0.040000,0.030000,0,0
GA,30121,BARTOW COUNTY,AMQR,0.070000,0.040000,0.030000,0,0
GA,30122,DOUGLAS COUNTY,AMZM,0.070000,0.040000,0.030000,0,0
GA,30123,BARTOW COUNTY,AMQR,0.070000,0.040000,0.030000,0,0
GA,30124,FLOYD COUNTY,ANBO,0.070000,0.040000,0.030000,0,0
GA,30125,POLK COUNTY,ANOH,0.070000,0.040000,0.030000,0,0
GA,30126,COBB COUNTY,DGJC,0.060000,0.040000,0.020000,0,0
GA,30127,COBB COUNTY,DGJC,0.060000,0.040000,0.020000,0,0
GA,30129,FLOYD COUNTY,ANBO,0.070000,0.040000,0.030000,0,0
GA,30132,PAULDING COUNTY,ANNH,0.070000,0.040000,0.030000,0,0
GA,30133,DOUGLAS COUNTY,AMZM,0.070000,0.040000,0.030000,0,0
GA,30134,DOUGLAS COUNTY,AMZM,0.070000,0.040000,0.030000,0,0
GA,30135,DOUGLAS COUNTY,AMZM,0.070000,0.040000,0.030000,0,0
GA,30137,BARTOW COUNTY,AMQR,0.070000,0.040000,0.030000,0,0
GA,30138,POLK COUNTY,ANOH,0.070000,0.040000,0.030000,0,0
GA,30139,GORDON COUNTY,ANDF,0.070000,0.040000,0.030000,0,0
GA,30140,HARALSON COUNTY,ANFG,0.070000,0.040000,0.030000,0,0
GA,30141,PAULDING COUNTY,ANNH,0.070000,0.040000,0.030000,0,0
GA,30142,CHEROKEE COUNTY,AMUQ,0.060000,0.040000,0.020000,0,0
GA,30143,PICKENS COUNTY,ANNN,0.070000,0.040000,0.030000,0,0
GA,30144,COBB COUNTY,DGJC,0.060000,0.040000,0.020000,0,0
GA,30145,BARTOW COUNTY,AMQR,0.070000,0.040000,0.030000,0,0
GA,30146,CHEROKEE COUNTY,AMUQ,0.060000,0.040000,0.020000,0,0
GA,30147,FLOYD COUNTY,ANBO,0.070000,0.040000,0.030000,0,0
GA,30148,PICKENS COUNTY,ANNN,0.070000,0.040000,0.030000,0,0
GA,30149,FLOYD COUNTY,ANBO,0.070000,0.040000,0.030000,0,0
GA,30150,CARROLL COUNTY,AMTL,0.070000,0.040000,0.030000,0,0
GA,30151,CHEROKEE COUNTY,AMUQ,0.060000,0.040000,0.020000,0,0
GA,30152,COBB COUNTY,DGJC,0.060000,0.040000,0.020000,0,0
GA,30153,POLK COUNTY,ANOH,0.070000,0.040000,0.030000,0,0
GA,30154,DOUGLAS COUNTY,AMZM,0.070000,0.040000,0.030000,0,0
GA,30156,COBB COUNTY,DGJC,0.060000,0.040000,0.020000,0,0
GA,30157,PAULDING COUNTY,ANNH,0.070000,0.040000,0.030000,0,0
GA,30160,COBB COUNTY,DGJC,0.060000,0.040000,0.020000,0,0
GA,30161,FLOYD COUNTY,ANBO,0.070000,0.040000,0.030000,0,0
GA,30162,FLOYD COUNTY,ANBO,0.070000,0.040000,0.030000,0,0
GA,30163,FLOYD COUNTY,ANBO,0.070000,0.040000,0.030000,0,0
GA,30164,FLOYD COUNTY,ANBO,0.070000,0.040000,0.030000,0,0
GA,30165,FLOYD COUNTY,ANBO,0.070000,0.040000,0.030000,0,0
GA,30168,COBB COUNTY,DGJC,0.060000,0.040000,0.020000,0,0
GA,30169,CHEROKEE COUNTY,AMUQ,0.060000,0.040000,0.020000,0,0
GA,30170,HEARD COUNTY,ANGA,0.070000,0.040000,0.030000,0,0
GA,30171,BARTOW COUNTY,AMQR,0.070000,0.040000,0.030000,0,0
GA,30172,FLOYD COUNTY,ANBO,0.070000,0.040000,0.030000,0,0
GA,30173,FLOYD COUNTY,ANBO,0.070000,0.040000,0.030000,0,0
GA,30175,PICKENS COUNTY,ANNN,0.070000,0.040000,0.030000,0,0
GA,30176,HARALSON COUNTY,ANFG,0.070000,0.040000,0.030000,0,0
GA,30177,PICKENS COUNTY,ANNN,0.070000,0.040000,0.030000,0,0
GA,30178,BARTOW COUNTY,AMQR,0.070000,0.040000,0.030000,0,0
GA,30179,CARROLL COUNTY,AMTL,0.070000,0.040000,0.030000,0,0
GA,30180,CARROLL COUNTY,AMTL,0.070000,0.040000,0.030000,0,0
GA,30182,CARROLL COUNTY,AMTL,0.070000,0.040000,0.030000,0,0
GA,30183,CHEROKEE COUNTY,AMUQ,0.060000,0.040000,0.020000,0,0
GA,30184,BARTOW COUNTY,AMQR,0.070000,0.040000,0.030000,0,0
GA,30185,CARROLL COUNTY,AMTL,0.070000,0.040000,0.030000,0,0
GA,30187,DOUGLAS COUNTY,AMZM,0.070000,0.040000,0.030000,0,0
GA,30188,CHEROKEE COUNTY,AMUQ,0.060000,0.040000,0.020000,0,0
GA,30189,CHEROKEE COUNTY,AMUQ,0.060000,0.040000,0.020000,0,0
GA,30204,LAMAR COUNTY,ANII,0.070000,0.040000,0.030000,0,0
GA,30205,FAYETTE COUNTY,ANBI,0.060000,0.040000,0.020000,0,0
GA,30206,PIKE COUNTY,ANOA,0.070000,0.040000,0.030000,0,0
GA,30212,SPALDING COUNTY,ANQD,0.070000,0.040000,0.030000,0,0
GA,30213,FULTON COUNTY,ANCJ,0.070000,0.040000,0.030000,0,0
GA,30214,FAYETTE COUNTY,ANBI,0.060000,0.040000,0.020000,0,0
GA,30215,FAYETTE COUNTY,ANBI,0.060000,0.040000,0.020000,0,0
GA,30216,BUTTS COUNTY,AMSS,0.070000,0.040000,0.030000,0,0
GA,30217,HEARD COUNTY,ANGA,0.070000,0.040000,0.030000,0,0
GA,30218,MERIWETHER COUNTY,ANKU,0.070000,0.040000,0.030000,0,0
GA,30219,HEARD COUNTY,ANGA,0.070000,0.040000,0.030000,0,0
GA,30220,COWETA COUNTY,AMXE,0.070000,0.040000,0.030000,0,0
GA,30222,MERIWETHER COUNTY,ANKU,0.070000,0.040000,0.030000,0,0
GA,30223,SPALDING COUNTY,ANQD,0.070000,0.040000,0.030000,0,0
GA,30224,SPALDING COUNTY,ANQD,0.070000,0.040000,0.030000,0,0
GA,30228,HENRY COUNTY,ANGD,0.070000,0.040000,0.030000,0,0
GA,30229,COWETA COUNTY,AMXE,0.070000,0.040000,0.030000,0,0
GA,30230,TROUP COUNTY,ANTF,0.070000,0.040000,0.030000,0,0
GA,30233,BUTTS COUNTY,AMSS,0.070000,0.040000,0.030000,0,0
GA,30234,BUTTS COUNTY,AMSS,0.070000,0.040000,0.030000,0,0
GA,30236,CLAYTON COUNTY,AMVF,0.070000,0.040000,0.030000,0,0
GA,30237,CLAYTON COUNTY,AMVF,0.070000,0.040000,0.030000,0,0
GA,30238,CLAYTON COUNTY,AMVF,0.070000,0.040000,0.030000,0,0
GA,30240,TROUP COUNTY,ANTF,0.070000,0.040000,0.030000,0,0
GA,30241,TROUP COUNTY,ANTF,0.070000,0.040000,0.030000,0,0
GA,30248,HENRY COUNTY,ANGD,0.070000,0.040000,0.030000,0,0
GA,30250,CLAYTON COUNTY,AMVF,0.070000,0.040000,0.030000,0,0
GA,30251,MERIWETHER COUNTY,ANKU,0.070000,0.040000,0.030000,0,0
GA,30252,HENRY COUNTY,ANGD,0.070000,0.040000,0.030000,0,0
GA,30253,HENRY COUNTY,ANGD,0.070000,0.040000,0.030000,0,0
GA,30256,PIKE COUNTY,ANOA,0.070000,0.040000,0.030000,0,0
GA,30257,LAMAR COUNTY,ANII,0.070000,0.040000,0.030000,0,0
GA,30258,PIKE COUNTY,ANOA,0.070000,0.040000,0.030000,0,0
GA,30259,COWETA COUNTY,AMXE,0.070000,0.040000,0.030000,0,0
GA,30260,CLAYTON COUNTY,AMVF,0.070000,0.040000,0.030000,0,0
GA,30261,TROUP COUNTY,ANTF,0.070000,0.040000,0.030000,0,0
GA,30263,COWETA COUNTY,AMXE,0.070000,0.040000,0.030000,0,0
GA,30264,COWETA COUNTY,AMXE,0.070000,0.040000,0.030000,0,0
GA,30265,COWETA COUNTY,AMXE,0.070000,0.040000,0.030000,0,0
GA,30266,SPALDING COUNTY,ANQD,0.070000,0.040000,0.030000,0,0
GA,30268,FULTON COUNTY,ANCJ,0.070000,0.040000,0.030000,0,0
GA,30269,FAYETTE COUNTY,ANBI,0.060000,0.040000,0.020000,0,0
GA,30270,FAYETTE COUNTY,ANBI,0.060000,0.040000,0.020000,0,0
GA,30271,COWETA COUNTY,AMXE,0.070000,0.040000,0.030000,0,0
GA,30272,FULTON COUNTY,ANCJ,0.070000,0.040000,0.030000,0,0
GA,30273,CLAYTON COUNTY,AMVF,0.070000,0.040000,0.030000,0,0
GA,30274,CLAYTON COUNTY,AMVF,0.070000,0.040000,0.030000,0,0
GA,30275,COWETA COUNTY,AMXE,0.070000,0.040000,0.030000,0,0
GA,30276,COWETA COUNTY,AMXE,0.070000,0.040000,0.030000,0,0
GA,30277,COWETA COUNTY,AMXE,0.070000,0.040000,0.030000,0,0
GA,30281,HENRY COUNTY,ANGD,0.070000,0.040000,0.030000,0,0
GA,30284,SPALDING COUNTY,ANQD,0.070000,0.040000,0.030000,0,0
GA,30285,UPSON COUNTY,ANTV,0.070000,0.040000,0.030000,0,0
GA,30286,UPSON COUNTY,ANTV,0.070000,0.040000,0.030000,0,0
GA,30287,CLAYTON COUNTY,AMVF,0.070000,0.040000,0.030000,0,0
GA,30288,DEKALB COUNTY,AMYH,0.070000,0.040000,0.030000,0,0
GA,30289,COWETA COUNTY,AMXE,0.070000,0.040000,0.030000,0,0
GA,30290,FAYETTE COUNTY,ANBI,0.060000,0.040000,0.020000,0,0
GA,30291,FULTON COUNTY,ANCJ,0.070000,0.040000,0.030000,0,0
GA,30292,PIKE COUNTY,ANOA,0.070000,0.040000,0.030000,0,0
GA,30293,MERIWETHER COUNTY,ANKU,0.070000,0.040000,0.030000,0,0
GA,30294,DEKALB COUNTY,AMYH,0.070000,0.040000,0.030000,0,0
GA,30295,PIKE COUNTY,ANOA,0.070000,0.040000,0.030000,0,0
GA,30296,CLAYTON COUNTY,AMVF,0.070000,0.040000,0.030000,0,0
GA,30297,CLAYTON COUNTY,AMVF,0.070000,0.040000,0.030000,0,0
GA,30298,CLAYTON COUNTY,AMVF,0.070000,0.040000,0.030000,0,0
GA,30301,FULTON COUNTY,ANCJ,0.070000,0.040000,0.030000,0,0
GA,30302,FULTON COUNTY,ANCJ,0.070000,0.040000,0.030000,0,0
GA,30303,ATLANTA (FULTON CO),ANCM,0.080000,0.040000,0.030000,0.010000,0
GA,30304,FULTON COUNTY,ANCJ,0.070000,0.040000,0.030000,0,0
GA,30305,ATLANTA (FULTON CO),ANCM,0.080000,0.040000,0.030000,0.010000,0
GA,30306,ATLANTA (FULTON CO),ANCM,0.080000,0.040000,0.030000,0.010000,0
GA,30307,ATLANTA (DEKALB CO),AMYJ,0.080000,0.040000,0.030000,0.010000,0
GA,30308,ATLANTA (FULTON CO),ANCM,0.080000,0.040000,0.030000,0.010000,0
GA,30309,ATLANTA (FULTON CO),ANCM,0.080000,0.040000,0.030000,0.010000,0
GA,30310,ATLANTA (FULTON CO),ANCM,0.080000,0.040000,0.030000,0.010000,0
GA,30311,ATLANTA (FULTON CO),ANCM,0.080000,0.040000,0.030000,0.010000,0
GA,30312,ATLANTA (FULTON CO),ANCM,0.080000,0.040000,0.030000,0.010000,0
GA,30313,ATLANTA (FULTON CO),ANCM,0.080000,0.040000,0.030000,0.010000,0
GA,30314,ATLANTA (FULTON CO),ANCM,0.080000,0.040000,0.030000,0.010000,0
GA,30315,ATLANTA (FULTON CO),ANCM,0.080000,0.040000,0.030000,0.010000,0
GA,30316,DEKALB COUNTY,AMYH,0.070000,0.040000,0.030000,0,0
GA,30317,ATLANTA (DEKALB CO),AMYJ,0.080000,0.040000,0.030000,0.010000,0
GA,30318,ATLANTA (FULTON CO),ANCM,0.080000,0.040000,0.030000,0.010000,0
GA,30319,DEKALB COUNTY,AMYH,0.070000,0.040000,0.030000,0,0
GA,30320,CLAYTON COUNTY,AMVF,0.070000,0.040000,0.030000,0,0
GA,30322,DEKALB COUNTY,AMYH,0.070000,0.040000,0.030000,0,0
GA,30324,ATLANTA (FULTON CO),ANCM,0.080000,0.040000,0.030000,0.010000,0
GA,30325,FULTON COUNTY,ANCJ,0.070000,0.040000,0.030000,0,0
GA,30326,ATLANTA (FULTON CO),ANCM,0.080000,0.040000,0.030000,0.010000,0
GA,30327,ATLANTA (FULTON CO),ANCM,0.080000,0.040000,0.030000,0.010000,0
GA,30328,FULTON COUNTY,ANCJ,0.070000,0.040000,0.030000,0,0
GA,30329,DEKALB COUNTY,AMYH,0.070000,0.040000,0.030000,0,0
GA,30331,ATLANTA (FULTON CO),ANCM,0.080000,0.040000,0.030000,0.010000,0
GA,30332,FULTON COUNTY,ANCJ,0.070000,0.040000,0.030000,0,0
GA,30333,DEKALB COUNTY,AMYH,0.070000,0.040000,0.030000,0,0
GA,30334,ATLANTA (FULTON CO),ANCM,0.080000,0.040000,0.030000,0.010000,0
GA,30336,FULTON COUNTY,ANCJ,0.070000,0.040000,0.030000,0,0
GA,30337,FULTON COUNTY,ANCJ,0.070000,0.040000,0.030000,0,0
GA,30338,DEKALB COUNTY,AMYH,0.070000,0.040000,0.030000,0,0
GA,30339,COBB COUNTY,DGJC,0.060000,0.040000,0.020000,0,0
GA,30340,DEKALB COUNTY,AMYH,0.070000,0.040000,0.030000,0,0
GA,30341,DEKALB COUNTY,AMYH,0.070000,0.040000,0.030000,0,0
GA,30342,ATLANTA (FULTON CO),ANCM,0.080000,0.040000,0.030000,0.010000,0
GA,30343,FULTON COUNTY,ANCJ,0.070000,0.040000,0.030000,0,0
GA,30344,ATLANTA (FULTON CO),ANCM,0.080000,0.040000,0.030000,0.010000,0
GA,30345,DEKALB COUNTY,AMYH,0.070000,0.040000,0.030000,0,0
GA,30346,DEKALB COUNTY,AMYH,0.070000,0.040000,0.030000,0,0
GA,30348,FULTON COUNTY,ANCJ,0.070000,0.040000,0.030000,0,0
GA,30349,FULTON COUNTY,ANCJ,0.070000,0.040000,0.030000,0,0
GA,30350,FULTON COUNTY,ANCJ,0.070000,0.040000,0.030000,0,0
GA,30353,FULTON COUNTY,ANCJ,0.070000,0.040000,0.030000,0,0
GA,30354,ATLANTA (FULTON CO),ANCM,0.080000,0.040000,0.030000,0.010000,0
GA,30355,ATLANTA (FULTON CO),ANCM,0.080000,0.040000,0.030000,0.010000,0
GA,30356,DEKALB COUNTY,AMYH,0.070000,0.040000,0.030000,0,0
GA,30357,FULTON COUNTY,ANCJ,0.070000,0.040000,0.030000,0,0
GA,30358,FULTON COUNTY,ANCJ,0.070000,0.040000,0.030000,0,0
GA,30359,DEKALB COUNTY,AMYH,0.070000,0.040000,0.030000,0,0
GA,30360,DEKALB COUNTY,AMYH,0.070000,0.040000,0.030000,0,0
GA,30361,ATLANTA (FULTON CO),ANCM,0.080000,0.040000,0.030000,0.010000,0
GA,30362,DEKALB COUNTY,AMYH,0.070000,0.040000,0.030000,0,0
GA,30363,ATLANTA (FULTON CO),ANCM,0.080000,0.040000,0.030000,0.010000,0
GA,30364,ATLANTA (FULTON CO),ANCM,0.080000,0.040000,0.030000,0.010000,0
GA,30366,DEKALB COUNTY,AMYH,0.070000,0.040000,0.030000,0,0
GA,30368,FULTON COUNTY,ANCJ,0.070000,0.040000,0.030000,0,0
GA,30369,ATLANTA (FULTON CO),ANCM,0.080000,0.040000,0.030000,0.010000,0
GA,30370,FULTON COUNTY,ANCJ,0.070000,0.040000,0.030000,0,0
GA,30371,FULTON COUNTY,ANCJ,0.070000,0.040000,0.030000,0,0
GA,30374,FULTON COUNTY,ANCJ,0.070000,0.040000,0.030000,0,0
GA,30375,ATLANTA (FULTON CO),ANCM,0.080000,0.040000,0.030000,0.010000,0
GA,30377,FULTON COUNTY,ANCJ,0.070000,0.040000,0.030000,0,0
GA,30378,FULTON COUNTY,ANCJ,0.070000,0.040000,0.030000,0,0
GA,30380,FULTON COUNTY,ANCJ,0.070000,0.040000,0.030000,0,0
GA,30384,FULTON COUNTY,ANCJ,0.070000,0.040000,0.030000,0,0
GA,30385,FULTON COUNTY,ANCJ,0.070000,0.040000,0.030000,0,0
GA,30388,FULTON COUNTY,ANCJ,0.070000,0.040000,0.030000,0,0
GA,30392,FULTON COUNTY,ANCJ,0.070000,0.040000,0.030000,0,0
GA,30394,FULTON COUNTY,ANCJ,0.070000,0.040000,0.030000,0,0
GA,30396,FULTON COUNTY,ANCJ,0.070000,0.040000,0.030000,0,0
GA,30398,FULTON COUNTY,ANCJ,0.070000,0.040000,0.030000,0,0
GA,30401,EMANUEL COUNTY,ANAM,0.080000,0.040000,0.030000,0,0.010000
GA,30410,MONTGOMERY COUNTY,ANLR,0.080000,0.040000,0.030000,0,0.010000
GA,30411,WHEELER COUNTY,ANVM,0.080000,0.040000,0.030000,0,0.010000
GA,30412,MONTGOMERY COUNTY,ANLR,0.080000,0.040000,0.030000,0,0.010000
GA,30413,JEFFERSON COUNTY,ANHP,0.080000,0.040000,0.030000,0,0.010000
GA,30414,EVANS COUNTY,ANAW,0.080000,0.040000,0.030000,0,0.010000
GA,30415,BULLOCH COUNTY,AMSG,0.070000,0.040000,0.030000,0,0
GA,30417,EVANS COUNTY,ANAW,0.080000,0.040000,0.030000,0,0.010000
GA,30420,TATTNALL COUNTY,ANRK,0.080000,0.040000,0.030000,0,0.010000
GA,30421,TATTNALL COUNTY,ANRK,0.080000,0.040000,0.030000,0,0.010000
GA,30423,EVANS COUNTY,ANAW,0.080000,0.040000,0.030000,0,0.010000
GA,30424,SCREVEN COUNTY,ANPU,0.070000,0.040000,0.030000,0,0
GA,30425,EMANUEL COUNTY,ANAM,0.080000,0.040000,0.030000,0,0.010000
GA,30426,BURKE COUNTY,AMSL,0.070000,0.040000,0.020000,0,0.010000
GA,30427,TATTNALL COUNTY,ANRK,0.080000,0.040000,0.030000,0,0.010000
GA,30428,WHEELER COUNTY,ANVM,0.080000,0.040000,0.030000,0,0.010000
GA,30429,EVANS COUNTY,ANAW,0.080000,0.040000,0.030000,0,0.010000
GA,30434,JEFFERSON COUNTY,ANHP,0.080000,0.040000,0.030000,0,0.010000
GA,30436,TOOMBS COUNTY,ANSW,0.080000,0.040000,0.030000,0,0.010000
GA,30438,TATTNALL COUNTY,ANRK,0.080000,0.040000,0.030000,0,0.010000
GA,30439,CANDLER COUNTY,AMTI,0.080000,0.040000,0.030000,0,0.010000
GA,30441,BURKE COUNTY,AMSL,0.070000,0.040000,0.020000,0,0.010000
GA,30442,JENKINS COUNTY,ANHX,0.080000,0.040000,0.030000,0,0.010000
GA,30445,MONTGOMERY COUNTY,ANLR,0.080000,0.040000,0.030000,0,0.010000
GA,30446,SCREVEN COUNTY,ANPU,0.070000,0.040000,0.030000,0,0
GA,30447,EMANUEL COUNTY,ANAM,0.080000,0.040000,0.030000,0,0.010000
GA,30448,EMANUEL COUNTY,ANAM,0.080000,0.040000,0.030000,0,0.010000
GA,30449,SCREVEN COUNTY,ANPU,0.070000,0.040000,0.030000,0,0
GA,30450,BULLOCH COUNTY,AMSG,0.070000,0.040000,0.030000,0,0
GA,30451,CANDLER COUNTY,AMTI,0.080000,0.040000,0.030000,0,0.010000
GA,30452,BULLOCH COUNTY,AMSG,0.070000,0.040000,0.030000,0,0
GA,30453,TATTNALL COUNTY,ANRK,0.080000,0.040000,0.030000,0,0.010000
GA,30454,LAURENS COUNTY,ANIO,0.080000,0.040000,0.030000,0,0.010000
GA,30455,SCREVEN COUNTY,ANPU,0.070000,0.040000,0.030000,0,0
GA,30456,BURKE COUNTY,AMSL,0.070000,0.040000,0.020000,0,0.010000
GA,30457,TREUTLEN COUNTY,ANTD,0.080000,0.040000,0.030000,0,0.010000
GA,30458,BULLOCH COUNTY,AMSG,0.070000,0.040000,0.030000,0,0
GA,30459,BULLOCH COUNTY,AMSG,0.070000,0.040000,0.030000,0,0
GA,30460,BULLOCH COUNTY,AMSG,0.070000,0.040000,0.030000,0,0
GA,30461,BULLOCH COUNTY,AMSG,0.070000,0.040000,0.030000,0,0
GA,30464,EMANUEL COUNTY,ANAM,0.080000,0.040000,0.030000,0,0.010000
GA,30467,SCREVEN COUNTY,ANPU,0.070000,0.040000,0.030000,0,0
GA,30470,MONTGOMERY COUNTY,ANLR,0.080000,0.040000,0.030000,0,0.010000
GA,30471,EMANUEL COUNTY,ANAM,0.080000,0.040000,0.030000,0,0.010000
GA,30473,TOOMBS COUNTY,ANSW,0.080000,0.040000,0.030000,0,0.010000
GA,30474,TOOMBS COUNTY,ANSW,0.080000,0.040000,0.030000,0,0.010000
GA,30475,TOOMBS COUNTY,ANSW,0.080000,0.040000,0.030000,0,0.010000
GA,30477,JEFFERSON COUNTY,ANHP,0.080000,0.040000,0.030000,0,0.010000
GA,30499,TATTNALL COUNTY,ANRK,0.080000,0.040000,0.030000,0,0.010000
GA,30501,HALL COUNTY,ANEU,0.070000,0.040000,0.030000,0,0
GA,30502,HALL COUNTY,ANEU,0.070000,0.040000,0.030000,0,0
GA,30503,HALL COUNTY,ANEU,0.070000,0.040000,0.030000,0,0
GA,30504,HALL COUNTY,ANEU,0.070000,0.040000,0.030000,0,0
GA,30506,HALL COUNTY,ANEU,0.070000,0.040000,0.030000,0,0
GA,30507,HALL COUNTY,ANEU,0.070000,0.040000,0.030000,0,0
GA,30510,HABERSHAM COUNTY,ANEL,0.060000,0.040000,0.020000,0,0
GA,30511,BANKS COUNTY,AMQF,0.070000,0.040000,0.030000,0,0
GA,30512,UNION COUNTY,ANTS,0.070000,0.040000,0.030000,0,0
GA,30513,FANNIN COUNTY,ANBC,0.070000,0.040000,0.030000,0,0
GA,30514,UNION COUNTY,ANTS,0.070000,0.040000,0.030000,0,0
GA,30515,GWINNETT COUNTY,ANDX,0.060000,0.040000,0.020000,0,0
GA,30516,HART COUNTY,ANFV,0.070000,0.040000,0.030000,0,0
GA,30517,JACKSON COUNTY,ANGX,0.070000,0.040000,0.030000,0,0
GA,30518,GWINNETT COUNTY,ANDX,0.060000,0.040000,0.020000,0,0
GA,30519,GWINNETT COUNTY,ANDX,0.060000,0.040000,0.020000,0,0
GA,30520,FRANKLIN COUNTY,ANCB,0.070000,0.040000,0.030000,0,0
GA,30521,FRANKLIN COUNTY,ANCB,0.070000,0.040000,0.030000,0,0
GA,30522,GILMER COUNTY,ANCT,0.070000,0.040000,0.030000,0,0
GA,30523,HABERSHAM COUNTY,ANEL,0.060000,0.040000,0.020000,0,0
GA,30525,RABUN COUNTY,ANOU,0.070000,0.040000,0.030000,0,0
GA,30527,HALL COUNTY,ANEU,0.070000,0.040000,0.030000,0,0
GA,30528,WHITE COUNTY,ANVQ,0.070000,0.040000,0.030000,0,0
GA,30529,JACKSON COUNTY,ANGX,0.070000,0.040000,0.030000,0,0
GA,30530,JACKSON COUNTY,ANGX,0.070000,0.040000,0.030000,0,0
GA,30531,HABERSHAM COUNTY,ANEL,0.060000,0.040000,0.020000,0,0
GA,30533,LUMPKIN COUNTY,ANJS,0.070000,0.040000,0.030000,0,0
GA,30534,DAWSON COUNTY,AMXZ,0.070000,0.040000,0.030000,0,0
GA,30535,HABERSHAM COUNTY,ANEL,0.060000,0.040000,0.020000,0,0
GA,30536,GILMER COUNTY,ANCT,0.070000,0.040000,0.030000,0,0
GA,30537,RABUN COUNTY,ANOU,0.070000,0.040000,0.030000,0,0
GA,30538,STEPHENS COUNTY,ANQI,0.070000,0.040000,0.030000,0,0
GA,30539,GILMER COUNTY,ANCT,0.070000,0.040000,0.030000,0,0
GA,30540,GILMER COUNTY,ANCT,0.070000,0.040000,0.030000,0,0
GA,30541,FANNIN COUNTY,ANBC,0.070000,0.040000,0.030000,0,0
GA,30542,HALL COUNTY,ANEU,0.070000,0.040000,0.030000,0,0
GA,30543,HALL COUNTY,ANEU,0.070000,0.040000,0.030000,0,0
GA,30545,WHITE COUNTY,ANVQ,0.070000,0.040000,0.030000,0,0
GA,30546,TOWNS COUNTY,ANSZ,0.070000,0.040000,0.030000,0,0
GA,30547,BANKS COUNTY,AMQF,0.070000,0.040000,0.030000,0,0
GA,30548,JACKSON COUNTY,ANGX,0.070000,0.040000,0.030000,0,0
GA,30549,JACKSON COUNTY,ANGX,0.070000,0.040000,0.030000,0,0
GA,30552,RABUN COUNTY,ANOU,0.070000,0.040000,0.030000,0,0
GA,30553,FRANKLIN COUNTY,ANCB,0.070000,0.040000,0.030000,0,0
GA,30554,HALL COUNTY,ANEU,0.070000,0.040000,0.030000,0,0
GA,30555,FANNIN COUNTY,ANBC,0.070000,0.040000,0.030000,0,0
GA,30557,STEPHENS COUNTY,ANQI,0.070000,0.040000,0.030000,0,0
GA,30558,JACKSON COUNTY,ANGX,0.070000,0.040000,0.030000,0,0
GA,30559,FANNIN COUNTY,ANBC,0.070000,0.040000,0.030000,0,0
GA,30560,FANNIN COUNTY,ANBC,0.070000,0.040000,0.030000,0,0
GA,30562,RABUN COUNTY,ANOU,0.070000,0.040000,0.030000,0,0
GA,30563,HABERSHAM COUNTY,ANEL,0.060000,0.040000,0.020000,0,0
GA,30564,LUMPKIN COUNTY,ANJS,0.070000,0.040000,0.030000,0,0
GA,30565,JACKSON COUNTY,ANGX,0.070000,0.040000,0.030000,0,0
GA,30566,HALL COUNTY,ANEU,0.070000,0.040000,0.030000,0,0
GA,30567,JACKSON COUNTY,ANGX,0.070000,0.040000,0.030000,0,0
GA,30568,RABUN COUNTY,ANOU,0.070000,0.040000,0.030000,0,0
GA,30571,WHITE COUNTY,ANVQ,0.070000,0.040000,0.030000,0,0
GA,30572,UNION COUNTY,ANTS,0.070000,0.040000,0.030000,0,0
GA,30573,RABUN COUNTY,ANOU,0.070000,0.040000,0.030000,0,0
GA,30575,JACKSON COUNTY,ANGX,0.070000,0.040000,0.030000,0,0
GA,30576,RABUN COUNTY,ANOU,0.070000,0.040000,0.030000,0,0
GA,30577,STEPHENS COUNTY,ANQI,0.070000,0.040000,0.030000,0,0
GA,30580,HABERSHAM COUNTY,ANEL,0.060000,0.040000,0.020000,0,0
GA,30581,RABUN COUNTY,ANOU,0.070000,0.040000,0.030000,0,0
GA,30582,TOWNS COUNTY,ANSZ,0.070000,0.040000,0.030000,0,0
GA,30597,LUMPKIN COUNTY,ANJS,0.070000,0.040000,0.030000,0,0
GA,30598,STEPHENS COUNTY,ANQI,0.070000,0.040000,0.030000,0,0
GA,30599,JACKSON COUNTY,ANGX,0.070000,0.040000,0.030000,0,0
GA,30601,CLARKE COUNTY,AMUY,0.070000,0.040000,0.030000,0,0
GA,30602,CLARKE COUNTY,AMUY,0.070000,0.040000,0.030000,0,0
GA,30603,CLARKE COUNTY,AMUY,0.070000,0.040000,0.030000,0,0
GA,30604,CLARKE COUNTY,AMUY,0.070000,0.040000,0.030000,0,0
GA,30605,CLARKE COUNTY,AMUY,0.070000,0.040000,0.030000,0,0
GA,30606,CLARKE COUNTY,AMUY,0.070000,0.040000,0.030000,0,0
GA,30607,JACKSON COUNTY,ANGX,0.070000,0.040000,0.030000,0,0
GA,30608,CLARKE COUNTY,AMUY,0.070000,0.040000,0.030000,0,0
GA,30609,CLARKE COUNTY,AMUY,0.070000,0.040000,0.030000,0,0
GA,30612,CLARKE COUNTY,AMUY,0.070000,0.040000,0.030000,0,0
GA,30619,OGLETHORPE COUNTY,ANNB,0.070000,0.040000,0.030000,0,0
GA,30620,BARROW COUNTY,AMQM,0.070000,0.040000,0.030000,0,0
GA,30621,OCONEE COUNTY,ANMV,0.070000,0.040000,0.030000,0,0
GA,30622,OCONEE COUNTY,ANMV,0.070000,0.040000,0.030000,0,0
GA,30623,MORGAN COUNTY,ANLY,0.070000,0.040000,0.030000,0,0
GA,30624,ELBERT COUNTY,ANAH,0.070000,0.040000,0.030000,0,0
GA,30625,MORGAN COUNTY,ANLY,0.070000,0.040000,0.030000,0,0
GA,30627,OGLETHORPE COUNTY,ANNB,0.070000,0.040000,0.030000,0,0
GA,30628,MADISON COUNTY,ANJY,0.070000,0.040000,0.030000,0,0
GA,30629,MADISON COUNTY,ANJY,0.070000,0.040000,0.030000,0,0
GA,30630,OGLETHORPE COUNTY,ANNB,0.070000,0.040000,0.030000,0,0
GA,30631,TALIAFERRO COUNTY,ANRH,0.080000,0.040000,0.030000,0,0.010000
GA,30633,MADISON COUNTY,ANJY,0.070000,0.040000,0.030000,0,0
GA,30634,ELBERT COUNTY,ANAH,0.070000,0.040000,0.030000,0,0
GA,30635,ELBERT COUNTY,ANAH,0.070000,0.040000,0.030000,0,0
GA,30638,OCONEE COUNTY,ANMV,0.070000,0.040000,0.030000,0,0
GA,30639,FRANKLIN COUNTY,ANCB,0.070000,0.040000,0.030000,0,0
GA,30641,WALTON COUNTY,ANUG,0.070000,0.040000,0.030000,0,0
GA,30642,GREENE COUNTY,ANDS,0.070000,0.040000,0.030000,0,0
GA,30643,HART COUNTY,ANFV,0.070000,0.040000,0.030000,0,0
GA,30645,OCONEE COUNTY,ANMV,0.070000,0.040000,0.030000,0,0
GA,30646,MADISON COUNTY,ANJY,0.070000,0.040000,0.030000,0,0
GA,30647,MADISON COUNTY,ANJY,0.070000,0.040000,0.030000,0,0
GA,30648,OGLETHORPE COUNTY,ANNB,0.070000,0.040000,0.030000,0,0
GA,30650,MORGAN COUNTY,ANLY,0.070000,0.040000,0.030000,0,0
GA,30655,WALTON COUNTY,ANUG,0.070000,0.040000,0.030000,0,0
GA,30656,WALTON COUNTY,ANUG,0.070000,0.040000,0.030000,0,0
GA,30660,WILKES COUNTY,ANWH,0.080000,0.040000,0.030000,0,0.010000
GA,30662,FRANKLIN COUNTY,ANCB,0.070000,0.040000,0.030000,0,0
GA,30663,MORGAN COUNTY,ANLY,0.070000,0.040000,0.030000,0,0
GA,30664,TALIAFERRO COUNTY,ANRH,0.080000,0.040000,0.030000,0,0.010000
GA,30665,GREENE COUNTY,ANDS,0.070000,0.040000,0.030000,0,0
GA,30666,BARROW COUNTY,AMQM,0.070000,0.040000,0.030000,0,0
GA,30667,OGLETHORPE COUNTY,ANNB,0.070000,0.040000,0.030000,0,0
GA,30668,WILKES COUNTY,ANWH,0.080000,0.040000,0.030000,0,0.010000
GA,30669,GREENE COUNTY,ANDS,0.070000,0.040000,0.030000,0,0
GA,30671,OGLETHORPE COUNTY,ANNB,0.070000,0.040000,0.030000,0,0
GA,30673,WILKES COUNTY,ANWH,0.080000,0.040000,0.030000,0,0.010000
GA,30677,OCONEE COUNTY,ANMV,0.070000,0.040000,0.030000,0,0
GA,30678,GREENE COUNTY,ANDS,0.070000,0.040000,0.030000,0,0
GA,30680,BARROW COUNTY,AMQM,0.070000,0.040000,0.030000,0,0
GA,30683,CLARKE COUNTY,AMUY,0.070000,0.040000,0.030000,0,0
GA,30701,GORDON COUNTY,ANDF,0.070000,0.040000,0.030000,0,0
GA,30703,GORDON COUNTY,ANDF,0.070000,0.040000,0.030000,0,0
GA,30705,MURRAY COUNTY,ANME,0.070000,0.040000,0.030000,0,0
GA,30707,WALKER COUNTY,ANTZ,0.070000,0.040000,0.030000,0,0
GA,30708,MURRAY COUNTY,ANME,0.070000,0.040000,0.030000,0,0
GA,30710,WHITFIELD COUNTY,ANVU,0.060000,0.040000,0.020000,0,0
GA,30711,MURRAY COUNTY,ANME,0.070000,0.040000,0.030000,0,0
GA,30719,WHITFIELD COUNTY,ANVU,0.060000,0.040000,0.020000,0,0
GA,30720,WHITFIELD COUNTY,ANVU,0.060000,0.040000,0.020000,0,0
GA,30721,WHITFIELD COUNTY,ANVU,0.060000,0.040000,0.020000,0,0
GA,30722,WHITFIELD COUNTY,ANVU,0.060000,0.040000,0.020000,0,0
GA,30724,MURRAY COUNTY,ANME,0.070000,0.040000,0.030000,0,0
GA,30725,WALKER COUNTY,ANTZ,0.070000,0.040000,0.030000,0,0
GA,30726,CATOOSA COUNTY,AMTV,0.070000,0.040000,0.030000,0,0
GA,30728,WALKER COUNTY,ANTZ,0.070000,0.040000,0.030000,0,0
GA,30730,CHATTOOGA COUNTY,AMUL,0.070000,0.040000,0.030000,0,0
GA,30731,CHATTOOGA COUNTY,AMUL,0.070000,0.040000,0.030000,0,0
GA,30732,GORDON COUNTY,ANDF,0.070000,0.040000,0.030000,0,0
GA,30733,GORDON COUNTY,ANDF,0.070000,0.040000,0.030000,0,0
GA,30734,GORDON COUNTY,ANDF,0.070000,0.040000,0.030000,0,0
GA,30735,GORDON COUNTY,ANDF,0.070000,0.040000,0.030000,0,0
GA,30736,CATOOSA COUNTY,AMTV,0.070000,0.040000,0.030000,0,0
GA,30738,DADE COUNTY,AMXV,0.070000,0.040000,0.030000,0,0
GA,30739,WALKER COUNTY,ANTZ,0.070000,0.040000,0.030000,0,0
GA,30740,WHITFIELD COUNTY,ANVU,0.060000,0.040000,0.020000,0,0
GA,30741,WALKER COUNTY,ANTZ,0.070000,0.040000,0.030000,0,0
GA,30742,CATOOSA COUNTY,AMTV,0.070000,0.040000,0.030000,0,0
GA,30746,GORDON COUNTY,ANDF,0.070000,0.040000,0.030000,0,0
GA,30747,CHATTOOGA COUNTY,AMUL,0.070000,0.040000,0.030000,0,0
GA,30750,WALKER COUNTY,ANTZ,0.070000,0.040000,0.030000,0,0
GA,30751,MURRAY COUNTY,ANME,0.070000,0.040000,0.030000,0,0
GA,30752,DADE COUNTY,AMXV,0.070000,0.040000,0.030000,0,0
GA,30753,CHATTOOGA COUNTY,AMUL,0.070000,0.040000,0.030000,0,0
GA,30755,WHITFIELD COUNTY,ANVU,0.060000,0.040000,0.020000,0,0
GA,30756,WHITFIELD COUNTY,ANVU,0.060000,0.040000,0.020000,0,0
GA,30757,DADE COUNTY,AMXV,0.070000,0.040000,0.030000,0,0
GA,30802,COLUMBIA COUNTY,AMWT,0.080000,0.040000,0.030000,0,0.010000
GA,30803,JEFFERSON COUNTY,ANHP,0.080000,0.040000,0.030000,0,0.010000
GA,30805,BURKE COUNTY,AMSL,0.070000,0.040000,0.020000,0,0.010000
GA,30806,MCDUFFIE COUNTY,ANKJ,0.080000,0.040000,0.030000,0,0.010000
GA,30807,WARREN COUNTY,ANUS,0.080000,0.040000,0.030000,0,0.010000
GA,30808,MCDUFFIE COUNTY,ANKJ,0.080000,0.040000,0.030000,0,0.010000
GA,30809,COLUMBIA COUNTY,AMWT,0.080000,0.040000,0.030000,0,0.010000
GA,30810,GLASCOCK COUNTY,ANCX,0.080000,0.040000,0.030000,0,0.010000
GA,30811,BURKE COUNTY,AMSL,0.070000,0.040000,0.020000,0,0.010000
GA,30812,RICHMOND COUNTY,ANPH,0.080000,0.040000,0.030000,0,0.010000
GA,30813,COLUMBIA COUNTY,AMWT,0.080000,0.040000,0.030000,0,0.010000
GA,30814,COLUMBIA COUNTY,AMWT,0.080000,0.040000,0.030000,0,0.010000
GA,30815,RICHMOND COUNTY,ANPH,0.080000,0.040000,0.030000,0,0.010000
GA,30816,BURKE COUNTY,AMSL,0.070000,0.040000,0.020000,0,0.010000
GA,30817,LINCOLN COUNTY,ANJI,0.080000,0.040000,0.030000,0,0.010000
GA,30818,JEFFERSON COUNTY,ANHP,0.080000,0.040000,0.030000,0,0.010000
GA,30819,WARREN COUNTY,ANUS,0.080000,0.040000,0.030000,0,0.010000
GA,30820,GLASCOCK COUNTY,ANCX,0.080000,0.040000,0.030000,0,0.010000
GA,30821,WARREN COUNTY,ANUS,0.080000,0.040000,0.030000,0,0.010000
GA,30822,JENKINS COUNTY,ANHX,0.080000,0.040000,0.030000,0,0.010000
GA,30823,JEFFERSON COUNTY,ANHP,0.080000,0.040000,0.030000,0,0.010000
GA,30824,MCDUFFIE COUNTY,ANKJ,0.080000,0.040000,0.030000,0,0.010000
GA,30828,WARREN COUNTY,ANUS,0.080000,0.040000,0.030000,0,0.010000
GA,30830,BURKE COUNTY,AMSL,0.070000,0.040000,0.020000,0,0.010000
GA,30833,JEFFERSON COUNTY,ANHP,0.080000,0.040000,0.030000,0,0.010000
GA,30901,RICHMOND COUNTY,ANPH,0.080000,0.040000,0.030000,0,0.010000
GA,30903,RICHMOND COUNTY,ANPH,0.080000,0.040000,0.030000,0,0.010000
GA,30904,RICHMOND COUNTY,ANPH,0.080000,0.040000,0.030000,0,0.010000
GA,30905,RICHMOND COUNTY,ANPH,0.080000,0.040000,0.030000,0,0.010000
GA,30906,RICHMOND COUNTY,ANPH,0.080000,0.040000,0.030000,0,0.010000
GA,30907,COLUMBIA COUNTY,AMWT,0.080000,0.040000,0.030000,0,0.010000
GA,30909,RICHMOND COUNTY,ANPH,0.080000,0.040000,0.030000,0,0.010000
GA,30912,RICHMOND COUNTY,ANPH,0.080000,0.040000,0.030000,0,0.010000
GA,30914,RICHMOND COUNTY,ANPH,0.080000,0.040000,0.030000,0,0.010000
GA,30916,RICHMOND COUNTY,ANPH,0.080000,0.040000,0.030000,0,0.010000
GA,30917,COLUMBIA COUNTY,AMWT,0.080000,0.040000,0.030000,0,0.010000
GA,30919,RICHMOND COUNTY,ANPH,0.080000,0.040000,0.030000,0,0.010000
GA,30999,RICHMOND COUNTY,ANPH,0.080000,0.040000,0.030000,0,0.010000
GA,31001,WILCOX COUNTY,ANWB,0.080000,0.040000,0.030000,0,0.010000
GA,31002,EMANUEL COUNTY,ANAM,0.080000,0.040000,0.030000,0,0.010000
GA,31003,WILKINSON COUNTY,ANWL,0.070000,0.040000,0.030000,0,0
GA,31004,MONROE COUNTY,ANLL,0.070000,0.040000,0.030000,0,0
GA,31005,HOUSTON COUNTY,ANGJ,0.070000,0.040000,0.030000,0,0
GA,31006,TAYLOR COUNTY,ANRR,0.080000,0.040000,0.030000,0,0.010000
GA,31007,DOOLY COUNTY,AMZA,0.080000,0.040000,0.030000,0,0.010000
GA,31008,PEACH COUNTY,ANNK,0.070000,0.040000,0.030000,0,0
GA,31009,LAURENS COUNTY,ANIO,0.080000,0.040000,0.030000,0,0.010000
GA,31010,CRISP COUNTY,AMXS,0.080000,0.040000,0.030000,0,0.010000
GA,31011,DODGE COUNTY,AMYT,0.080000,0.040000,0.030000,0,0.010000
GA,31012,DODGE COUNTY,AMYT,0.080000,0.040000,0.030000,0,0.010000
GA,31013,HOUSTON COUNTY,ANGJ,0.070000,0.040000,0.030000,0,0
GA,31014,BLECKLEY COUNTY,AMRL,0.080000,0.040000,0.030000,0,0.010000
GA,31015,CRISP COUNTY,AMXS,0.080000,0.040000,0.030000,0,0.010000
GA,31016,MONROE COUNTY,ANLL,0.070000,0.040000,0.030000,0,0
GA,31017,TWIGGS COUNTY,ANTN,0.050000,0.040000,0.010000,0,0
GA,31018,WASHINGTON COUNTY,ANUY,0.080000,0.040000,0.030000,0,0.010000
GA,31019,LAURENS COUNTY,ANIO,0.080000,0.040000,0.030000,0,0.010000
GA,31020,TWIGGS COUNTY,ANTN,0.050000,0.040000,0.010000,0,0
GA,31021,LAURENS COUNTY,ANIO,0.080000,0.040000,0.030000,0,0.010000
GA,31022,LAURENS COUNTY,ANIO,0.080000,0.040000,0.030000,0,0.010000
GA,31023,DODGE COUNTY,AMYT,0.080000,0.040000,0.030000,0,0.010000
GA,31024,PUTNAM COUNTY,ANOP,0.070000,0.040000,0.030000,0,0
GA,31025,HOUSTON COUNTY,ANGJ,0.070000,0.040000,0.030000,0,0
GA,31026,PUTNAM COUNTY,ANOP,0.070000,0.040000,0.030000,0,0
GA,31027,LAURENS COUNTY,ANIO,0.080000,0.040000,0.030000,0,0.010000
GA,31028,HOUSTON COUNTY,ANGJ,0.070000,0.040000,0.030000,0,0
GA,31029,MONROE COUNTY,ANLL,0.070000,0.040000,0.030000,0,0
GA,31030,PEACH COUNTY,ANNK,0.070000,0.040000,0.030000,0,0
GA,31031,WILKINSON COUNTY,ANWL,0.070000,0.040000,0.030000,0,0
GA,31032,JONES COUNTY,ANID,0.070000,0.040000,0.030000,0,0
GA,31033,JONES COUNTY,ANID,0.070000,0.040000,0.030000,0,0
GA,31034,BALDWIN COUNTY,AMQC,0.070000,0.040000,0.030000,0,0
GA,31035,WASHINGTON COUNTY,ANUY,0.080000,0.040000,0.030000,0,0.010000
GA,31036,PULASKI COUNTY,ANON,0.070000,0.040000,0.030000,0,0
GA,31037,TELFAIR COUNTY,ANRX,0.080000,0.040000,0.030000,0,0.010000
GA,31038,JASPER COUNTY,ANHH,0.070000,0.040000,0.030000,0,0
GA,31039,TAYLOR COUNTY,ANRR,0.080000,0.040000,0.030000,0,0.010000
GA,31040,LAURENS COUNTY,ANIO,0.080000,0.040000,0.030000,0,0.010000
GA,31041,MACON COUNTY,ANJU,0.080000,0.040000,0.030000,0,0.010000
GA,31042,WILKINSON COUNTY,ANWL,0.070000,0.040000,0.030000,0,0
GA,31044,TWIGGS COUNTY,ANTN,0.050000,0.040000,0.010000,0,0
GA,31045,WARREN COUNTY,ANUS,0.080000,0.040000,0.030000,0,0.010000
GA,31046,MONROE COUNTY,ANLL,0.070000,0.040000,0.030000,0,0
GA,31047,HOUSTON COUNTY,ANGJ,0.070000,0.040000,0.030000,0,0
GA,31049,JOHNSON COUNTY,ANIA,0.080000,0.040000,0.030000,0,0.010000
GA,31050,CRAWFORD COUNTY,AMXO,0.070000,0.040000,0.030000,0,0
GA,31051,DOOLY COUNTY,AMZA,0.080000,0.040000,0.030000,0,0.010000
GA,31052,BIBB COUNTY,AMRH,0.070000,0.040000,0.030000,0,0
GA,31054,WILKINSON COUNTY,ANWL,0.070000,0.040000,0.030000,0,0
GA,31055,TELFAIR COUNTY,ANRX,0.080000,0.040000,0.030000,0,0.010000
GA,31057,MACON COUNTY,ANJU,0.080000,0.040000,0.030000,0,0.010000
GA,31058,MARION COUNTY,ANKG,0.080000,0.040000,0.030000,0,0.010000
GA,31059,BALDWIN COUNTY,AMQC,0.070000,0.040000,0.030000,0,0
GA,31060,DODGE COUNTY,AMYT,0.080000,0.040000,0.030000,0,0.010000
GA,31061,BALDWIN COUNTY,AMQC,0.070000,0.040000,0.030000,0,0
GA,31062,BALDWIN COUNTY,AMQC,0.070000,0.040000,0.030000,0,0
GA,31063,MACON COUNTY,ANJU,0.080000,0.040000,0.030000,0,0.010000
GA,31064,JASPER COUNTY,ANHH,0.070000,0.040000,0.030000,0,0
GA,31065,LAURENS COUNTY,ANIO,0.080000,0.040000,0.030000,0,0.010000
GA,31066,CRAWFORD COUNTY,AMXO,0.070000,0.040000,0.030000,0,0
GA,31067,WASHINGTON COUNTY,ANUY,0.080000,0.040000,0.030000,0,0.010000
GA,31068,MACON COUNTY,ANJU,0.080000,0.040000,0.030000,0,0.010000
GA,31069,HOUSTON COUNTY,ANGJ,0.070000,0.040000,0.030000,0,0
GA,31070,DOOLY COUNTY,AMZA,0.080000,0.040000,0.030000,0,0.010000
GA,31071,WILCOX COUNTY,ANWB,0.080000,0.040000,0.030000,0,0.010000
GA,31072,WILCOX COUNTY,ANWB,0.080000,0.040000,0.030000,0,0.010000
GA,31075,LAURENS COUNTY,ANIO,0.080000,0.040000,0.030000,0,0.010000
GA,31076,TAYLOR COUNTY,ANRR,0.080000,0.040000,0.030000,0,0.010000
GA,31077,DODGE COUNTY,AMYT,0.080000,0.040000,0.030000,0,0.010000
GA,31078,CRAWFORD COUNTY,AMXO,0.070000,0.040000,0.030000,0,0
GA,31079,WILCOX COUNTY,ANWB,0.080000,0.040000,0.030000,0,0.010000
GA,31081,TAYLOR COUNTY,ANRR,0.080000,0.040000,0.030000,0,0.010000
GA,31082,WASHINGTON COUNTY,ANUY,0.080000,0.040000,0.030000,0,0.010000
GA,31083,TELFAIR COUNTY,ANRX,0.080000,0.040000,0.030000,0,0.010000
GA,31084,WILCOX COUNTY,ANWB,0.080000,0.040000,0.030000,0,0.010000
GA,31085,JASPER COUNTY,ANHH,0.070000,0.040000,0.030000,0,0
GA,31086,MONROE COUNTY,ANLL,0.070000,0.040000,0.030000,0,0
GA,31087,HANCOCK COUNTY,ANFE,0.080000,0.040000,0.030000,0,0.010000
GA,31088,HOUSTON COUNTY,ANGJ,0.070000,0.040000,0.030000,0,0
GA,31089,WASHINGTON COUNTY,ANUY,0.080000,0.040000,0.030000,0,0.010000
GA,31090,WILKINSON COUNTY,ANWL,0.070000,0.040000,0.030000,0,0
GA,31091,DOOLY COUNTY,AMZA,0.080000,0.040000,0.030000,0,0.010000
GA,31092,DOOLY COUNTY,AMZA,0.080000,0.040000,0.030000,0,0.010000
GA,31093,HOUSTON COUNTY,ANGJ,0.070000,0.040000,0.030000,0,0
GA,31094,WASHINGTON COUNTY,ANUY,0.080000,0.040000,0.030000,0,0.010000
GA,31095,HOUSTON COUNTY,ANGJ,0.070000,0.040000,0.030000,0,0
GA,31096,JOHNSON COUNTY,ANIA,0.080000,0.040000,0.030000,0,0.010000
GA,31097,UPSON COUNTY,ANTV,0.070000,0.040000,0.030000,0,0
GA,31098,HOUSTON COUNTY,ANGJ,0.070000,0.040000,0.030000,0,0
GA,31099,HOUSTON COUNTY,ANGJ,0.070000,0.040000,0.030000,0,0
GA,31106,FULTON COUNTY,ANCJ,0.070000,0.040000,0.030000,0,0
GA,31107,FULTON COUNTY,ANCJ,0.070000,0.040000,0.030000,0,0
GA,31119,DEKALB COUNTY,AMYH,0.070000,0.040000,0.030000,0,0
GA,31126,FULTON COUNTY,ANCJ,0.070000,0.040000,0.030000,0,0
GA,31131,FULTON COUNTY,ANCJ,0.070000,0.040000,0.030000,0,0
GA,31136,FULTON COUNTY,ANCJ,0.070000,0.040000,0.030000,0,0
GA,31139,FULTON COUNTY,ANCJ,0.070000,0.040000,0.030000,0,0
GA,31141,DEKALB COUNTY,AMYH,0.070000,0.040000,0.030000,0,0
GA,31144,COBB COUNTY,DGJC,0.060000,0.040000,0.020000,0,0
GA,31145,DEKALB COUNTY,AMYH,0.070000,0.040000,0.030000,0,0
GA,31146,DEKALB COUNTY,AMYH,0.070000,0.040000,0.030000,0,0
GA,31150,FULTON COUNTY,ANCJ,0.070000,0.040000,0.030000,0,0
GA,31156,FULTON COUNTY,ANCJ,0.070000,0.040000,0.030000,0,0
GA,31169,FAYETTE COUNTY,ANBI,0.060000,0.040000,0.020000,0,0
GA,31192,FULTON COUNTY,ANCJ,0.070000,0.040000,0.030000,0,0
GA,31193,FULTON COUNTY,ANCJ,0.070000,0.040000,0.030000,0,0
GA,31195,FULTON COUNTY,ANCJ,0.070000,0.040000,0.030000,0,0
GA,31196,FULTON COUNTY,ANCJ,0.070000,0.040000,0.030000,0,0
GA,31201,BIBB COUNTY,AMRH,0.070000,0.040000,0.030000,0,0
GA,31202,BIBB COUNTY,AMRH,0.070000,0.040000,0.030000,0,0
GA,31203,BIBB COUNTY,AMRH,0.070000,0.040000,0.030000,0,0
GA,31204,BIBB COUNTY,AMRH,0.070000,0.040000,0.030000,0,0
GA,31205,BIBB COUNTY,AMRH,0.070000,0.040000,0.030000,0,0
GA,31206,BIBB COUNTY,AMRH,0.070000,0.040000,0.030000,0,0
GA,31207,BIBB COUNTY,AMRH,0.070000,0.040000,0.030000,0,0
GA,31208,BIBB COUNTY,AMRH,0.070000,0.040000,0.030000,0,0
GA,31209,BIBB COUNTY,AMRH,0.070000,0.040000,0.030000,0,0
GA,31210,BIBB COUNTY,AMRH,0.070000,0.040000,0.030000,0,0
GA,31211,BIBB COUNTY,AMRH,0.070000,0.040000,0.030000,0,0
GA,31213,BIBB COUNTY,AMRH,0.070000,0.040000,0.030000,0,0
GA,31216,BIBB COUNTY,AMRH,0.070000,0.040000,0.030000,0,0
GA,31217,BIBB COUNTY,AMRH,0.070000,0.040000,0.030000,0,0
GA,31220,BIBB COUNTY,AMRH,0.070000,0.040000,0.030000,0,0
GA,31221,BIBB COUNTY,AMRH,0.070000,0.040000,0.030000,0,0
GA,31294,BIBB COUNTY,AMRH,0.070000,0.040000,0.030000,0,0
GA,31295,BIBB COUNTY,AMRH,0.070000,0.040000,0.030000,0,0
GA,31296,BIBB COUNTY,AMRH,0.070000,0.040000,0.030000,0,0
GA,31301,LIBERTY COUNTY,ANJA,0.070000,0.040000,0.030000,0,0
GA,31302,CHATHAM COUNTY,AMUC,0.070000,0.040000,0.030000,0,0
GA,31303,EFFINGHAM COUNTY,ANAA,0.070000,0.040000,0.030000,0,0
GA,31304,MCINTOSH COUNTY,ANKN,0.070000,0.040000,0.030000,0,0
GA,31305,MCINTOSH COUNTY,ANKN,0.070000,0.040000,0.030000,0,0
GA,31307,EFFINGHAM COUNTY,ANAA,0.070000,0.040000,0.030000,0,0
GA,31308,BRYAN COUNTY,AMSB,0.070000,0.040000,0.030000,0,0
GA,31309,LIBERTY COUNTY,ANJA,0.070000,0.040000,0.030000,0,0
GA,31310,LIBERTY COUNTY,ANJA,0.070000,0.040000,0.030000,0,0
GA,31312,EFFINGHAM COUNTY,ANAA,0.070000,0.040000,0.030000,0,0
GA,31313,LIBERTY COUNTY,ANJA,0.070000,0.040000,0.030000,0,0
GA,31314,LIBERTY COUNTY,ANJA,0.070000,0.040000,0.030000,0,0
GA,31315,LIBERTY COUNTY,ANJA,0.070000,0.040000,0.030000,0,0
GA,31316,LONG COUNTY,ANJK,0.070000,0.040000,0.030000,0,0
GA,31318,EFFINGHAM COUNTY,ANAA,0.070000,0.040000,0.030000,0,0
GA,31319,MCINTOSH COUNTY,ANKN,0.070000,0.040000,0.030000,0,0
GA,31320,LIBERTY COUNTY,ANJA,0.070000,0.040000,0.030000,0,0
GA,31321,BRYAN COUNTY,AMSB,0.070000,0.040000,0.030000,0,0
GA,31322,CHATHAM COUNTY,AMUC,0.070000,0.040000,0.030000,0,0
GA,31323,LIBERTY COUNTY,ANJA,0.070000,0.040000,0.030000,0,0
GA,31324,BRYAN COUNTY,AMSB,0.070000,0.040000,0.030000,0,0
GA,31326,EFFINGHAM COUNTY,ANAA,0.070000,0.040000,0.030000,0,0
GA,31327,MCINTOSH COUNTY,ANKN,0.070000,0.040000,0.030000,0,0
GA,31328,CHATHAM COUNTY,AMUC,0.070000,0.040000,0.030000,0,0
GA,31329,EFFINGHAM COUNTY,ANAA,0.070000,0.040000,0.030000,0,0
GA,31331,MCINTOSH COUNTY,ANKN,0.070000,0.040000,0.030000,0,0
GA,31333,LIBERTY COUNTY,ANJA,0.070000,0.040000,0.030000,0,0
GA,31401,CHATHAM COUNTY,AMUC,0.070000,0.040000,0.030000,0,0
GA,31402,CHATHAM COUNTY,AMUC,0.070000,0.040000,0.030000,0,0
GA,31403,CHATHAM COUNTY,AMUC,0.070000,0.040000,0.030000,0,0
GA,31404,CHATHAM COUNTY,AMUC,0.070000,0.040000,0.030000,0,0
GA,31405,CHATHAM COUNTY,AMUC,0.070000,0.040000,0.030000,0,0
GA,31406,CHATHAM COUNTY,AMUC,0.070000,0.040000,0.030000,0,0
GA,31407,CHATHAM COUNTY,AMUC,0.070000,0.040000,0.030000,0,0
GA,31408,CHATHAM COUNTY,AMUC,0.070000,0.040000,0.030000,0,0
GA,31409,CHATHAM COUNTY,AMUC,0.070000,0.040000,0.030000,0,0
GA,31410,CHATHAM COUNTY,AMUC,0.070000,0.040000,0.030000,0,0
GA,31411,CHATHAM COUNTY,AMUC,0.070000,0.040000,0.030000,0,0
GA,31412,CHATHAM COUNTY,AMUC,0.070000,0.040000,0.030000,0,0
GA,31414,CHATHAM COUNTY,AMUC,0.070000,0.040000,0.030000,0,0
GA,31415,CHATHAM COUNTY,AMUC,0.070000,0.040000,0.030000,0,0
GA,31416,CHATHAM COUNTY,AMUC,0.070000,0.040000,0.030000,0,0
GA,31418,CHATHAM COUNTY,AMUC,0.070000,0.040000,0.030000,0,0
GA,31419,CHATHAM COUNTY,AMUC,0.070000,0.040000,0.030000,0,0
GA,31420,CHATHAM COUNTY,AMUC,0.070000,0.040000,0.030000,0,0
GA,31421,CHATHAM COUNTY,AMUC,0.070000,0.040000,0.030000,0,0
GA,31501,WARE COUNTY,ANUN,0.070000,0.040000,0.030000,0,0
GA,31502,WARE COUNTY,ANUN,0.070000,0.040000,0.030000,0,0
GA,31503,WARE COUNTY,ANUN,0.070000,0.040000,0.030000,0,0
GA,31510,BACON COUNTY,AMPY,0.070000,0.040000,0.030000,0,0
GA,31512,COFFEE COUNTY,AMWD,0.070000,0.040000,0.030000,0,0
GA,31513,APPLING COUNTY,AMPR,0.080000,0.040000,0.030000,0,0.010000
GA,31515,APPLING COUNTY,AMPR,0.080000,0.040000,0.030000,0,0.010000
GA,31516,PIERCE COUNTY,ANNT,0.070000,0.040000,0.030000,0,0
GA,31518,APPLING COUNTY,AMPR,0.080000,0.040000,0.030000,0,0.010000
GA,31519,COFFEE COUNTY,AMWD,0.070000,0.040000,0.030000,0,0
GA,31520,GLYNN COUNTY,ANDA,0.060000,0.040000,0.020000,0,0
GA,31521,GLYNN COUNTY,ANDA,0.060000,0.040000,0.020000,0,0
GA,31522,GLYNN COUNTY,ANDA,0.060000,0.040000,0.020000,0,0
GA,31523,GLYNN COUNTY,ANDA,0.060000,0.040000,0.020000,0,0
GA,31524,GLYNN COUNTY,ANDA,0.060000,0.040000,0.020000,0,0
GA,31525,GLYNN COUNTY,ANDA,0.060000,0.040000,0.020000,0,0
GA,31527,GLYNN COUNTY,ANDA,0.060000,0.040000,0.020000,0,0
GA,31532,JEFF DAVIS COUNTY,ANHM,0.080000,0.040000,0.030000,0,0.010000
GA,31533,COFFEE COUNTY,AMWD,0.070000,0.040000,0.030000,0,0
GA,31534,COFFEE COUNTY,AMWD,0.070000,0.040000,0.030000,0,0
GA,31535,COFFEE COUNTY,AMWD,0.070000,0.040000,0.030000,0,0
GA,31537,CHARLTON COUNTY,AMTZ,0.070000,0.040000,0.030000,0,0
GA,31539,JEFF DAVIS COUNTY,ANHM,0.080000,0.040000,0.030000,0,0.010000
GA,31542,BRANTLEY COUNTY,AMRP,0.070000,0.040000,0.030000,0,0
GA,31543,BRANTLEY COUNTY,AMRP,0.070000,0.040000,0.030000,0,0
GA,31544,TELFAIR COUNTY,ANRX,0.080000,0.040000,0.030000,0,0.010000
GA,31545,WAYNE COUNTY,ANVF,0.080000,0.040000,0.030000,0,0.010000
GA,31546,WAYNE COUNTY,ANVF,0.080000,0.040000,0.030000,0,0.010000
GA,31547,CAMDEN COUNTY,AMTB,0.070000,0.040000,0.030000,0,0
GA,31548,CAMDEN COUNTY,AMTB,0.070000,0.040000,0.030000,0,0
GA,31549,TELFAIR COUNTY,ANRX,0.080000,0.040000,0.030000,0,0.010000
GA,31550,WARE COUNTY,ANUN,0.070000,0.040000,0.030000,0,0
GA,31551,PIERCE COUNTY,ANNT,0.070000,0.040000,0.030000,0,0
GA,31552,WARE COUNTY,ANUN,0.070000,0.040000,0.030000,0,0
GA,31553,BRANTLEY COUNTY,AMRP,0.070000,0.040000,0.030000,0,0
GA,31554,COFFEE COUNTY,AMWD,0.070000,0.040000,0.030000,0,0
GA,31555,WAYNE COUNTY,ANVF,0.080000,0.040000,0.030000,0,0.010000
GA,31556,PIERCE COUNTY,ANNT,0.070000,0.040000,0.030000,0,0
GA,31557,PIERCE COUNTY,ANNT,0.070000,0.040000,0.030000,0,0
GA,31558,CAMDEN COUNTY,AMTB,0.070000,0.040000,0.030000,0,0
GA,31560,WAYNE COUNTY,ANVF,0.080000,0.040000,0.030000,0,0.010000
GA,31561,GLYNN COUNTY,ANDA,0.060000,0.040000,0.020000,0,0
GA,31562,CHARLTON COUNTY,AMTZ,0.070000,0.040000,0.030000,0,0
GA,31563,APPLING COUNTY,AMPR,0.080000,0.040000,0.030000,0,0.010000
GA,31564,WARE COUNTY,ANUN,0.070000,0.040000,0.030000,0,0
GA,31565,CAMDEN COUNTY,AMTB,0.070000,0.040000,0.030000,0,0
GA,31566,BRANTLEY COUNTY,AMRP,0.070000,0.040000,0.030000,0,0
GA,31567,COFFEE COUNTY,AMWD,0.070000,0.040000,0.030000,0,0
GA,31568,CAMDEN COUNTY,AMTB,0.070000,0.040000,0.030000,0,0
GA,31569,CAMDEN COUNTY,AMTB,0.070000,0.040000,0.030000,0,0
GA,31598,WAYNE COUNTY,ANVF,0.080000,0.040000,0.030000,0,0.010000
GA,31599,WAYNE COUNTY,ANVF,0.080000,0.040000,0.030000,0,0.010000
GA,31601,LOWNDES COUNTY,ANJN,0.070000,0.040000,0.030000,0,0
GA,31602,LOWNDES COUNTY,ANJN,0.070000,0.040000,0.030000,0,0
GA,31603,LOWNDES COUNTY,ANJN,0.070000,0.040000,0.030000,0,0
GA,31604,LOWNDES COUNTY,ANJN,0.070000,0.040000,0.030000,0,0
GA,31605,LOWNDES COUNTY,ANJN,0.070000,0.040000,0.030000,0,0
GA,31606,LOWNDES COUNTY,ANJN,0.070000,0.040000,0.030000,0,0
GA,31620,COOK COUNTY,AMWZ,0.070000,0.040000,0.030000,0,0
GA,31622,BERRIEN COUNTY,AMRC,0.070000,0.040000,0.030000,0,0
GA,31623,CLINCH COUNTY,AMVO,0.070000,0.040000,0.030000,0,0
GA,31624,ATKINSON COUNTY,AMPU,0.070000,0.040000,0.030000,0,0
GA,31625,BROOKS COUNTY,AMRU,0.070000,0.040000,0.030000,0,0
GA,31626,THOMAS COUNTY,ANSJ,0.070000,0.040000,0.030000,0,0
GA,31627,COOK COUNTY,AMWZ,0.070000,0.040000,0.030000,0,0
GA,31629,BROOKS COUNTY,AMRU,0.070000,0.040000,0.030000,0,0
GA,31630,CLINCH COUNTY,AMVO,0.070000,0.040000,0.030000,0,0
GA,31631,ECHOLS COUNTY,AMZY,0.070000,0.040000,0.030000,0,0
GA,31632,LOWNDES COUNTY,ANJN,0.070000,0.040000,0.030000,0,0
GA,31634,CLINCH COUNTY,AMVO,0.070000,0.040000,0.030000,0,0
GA,31635,LANIER COUNTY,ANIL,0.070000,0.040000,0.030000,0,0
GA,31636,LOWNDES COUNTY,ANJN,0.070000,0.040000,0.030000,0,0
GA,31637,COOK COUNTY,AMWZ,0.070000,0.040000,0.030000,0,0
GA,31638,BROOKS COUNTY,AMRU,0.070000,0.040000,0.030000,0,0
GA,31639,BERRIEN COUNTY,AMRC,0.070000,0.040000,0.030000,0,0
GA,31641,LOWNDES COUNTY,ANJN,0.070000,0.040000,0.030000,0,0
GA,31642,ATKINSON COUNTY,AMPU,0.070000,0.040000,0.030000,0,0
GA,31643,BROOKS COUNTY,AMRU,0.070000,0.040000,0.030000,0,0
GA,31645,BERRIEN COUNTY,AMRC,0.070000,0.040000,0.030000,0,0
GA,31647,COOK COUNTY,AMWZ,0.070000,0.040000,0.030000,0,0
GA,31648,ECHOLS COUNTY,AMZY,0.070000,0.040000,0.030000,0,0
GA,31649,LANIER COUNTY,ANIL,0.070000,0.040000,0.030000,0,0
GA,31650,ATKINSON COUNTY,AMPU,0.070000,0.040000,0.030000,0,0
GA,31698,LOWNDES COUNTY,ANJN,0.070000,0.040000,0.030000,0,0
GA,31699,LOWNDES COUNTY,ANJN,0.070000,0.040000,0.030000,0,0
GA,31701,DOUGHERTY COUNTY,AMZH,0.070000,0.040000,0.030000,0,0
GA,31702,DOUGHERTY COUNTY,AMZH,0.070000,0.040000,0.030000,0,0
GA,31703,DOUGHERTY COUNTY,AMZH,0.070000,0.040000,0.030000,0,0
GA,31704,DOUGHERTY COUNTY,AMZH,0.070000,0.040000,0.030000,0,0
GA,31705,DOUGHERTY COUNTY,AMZH,0.070000,0.040000,0.030000,0,0
GA,31706,DOUGHERTY COUNTY,AMZH,0.070000,0.040000,0.030000,0,0
GA,31707,DOUGHERTY COUNTY,AMZH,0.070000,0.040000,0.030000,0,0
GA,31708,DOUGHERTY COUNTY,AMZH,0.070000,0.040000,0.030000,0,0
GA,31709,SUMTER COUNTY,ANQR,0.080000,0.040000,0.030000,0,0.010000
GA,31711,MACON COUNTY,ANJU,0.080000,0.040000,0.030000,0,0.010000
GA,31712,CRISP COUNTY,AMXS,0.080000,0.040000,0.030000,0,0.010000
GA,31714,TURNER COUNTY,ANTJ,0.070000,0.040000,0.030000,0,0
GA,31716,MITCHELL COUNTY,ANLE,0.070000,0.040000,0.030000,0,0
GA,31719,SUMTER COUNTY,ANQR,0.080000,0.040000,0.030000,0,0.010000
GA,31720,BROOKS COUNTY,AMRU,0.070000,0.040000,0.030000,0,0
GA,31721,DOUGHERTY COUNTY,AMZH,0.070000,0.040000,0.030000,0,0
GA,31722,COLQUITT COUNTY,AMWJ,0.070000,0.040000,0.030000,0,0
GA,31727,TIFT COUNTY,ANSQ,0.070000,0.040000,0.030000,0,0
GA,31730,MITCHELL COUNTY,ANLE,0.070000,0.040000,0.030000,0,0
GA,31733,TIFT COUNTY,ANSQ,0.070000,0.040000,0.030000,0,0
GA,31735,SUMTER COUNTY,ANQR,0.080000,0.040000,0.030000,0,0.010000
GA,31738,THOMAS COUNTY,ANSJ,0.070000,0.040000,0.030000,0,0
GA,31739,MITCHELL COUNTY,ANLE,0.070000,0.040000,0.030000,0,0
GA,31743,SUMTER COUNTY,ANQR,0.080000,0.040000,0.030000,0,0.010000
GA,31744,COLQUITT COUNTY,AMWJ,0.070000,0.040000,0.030000,0,0
GA,31747,COLQUITT COUNTY,AMWJ,0.070000,0.040000,0.030000,0,0
GA,31749,BERRIEN COUNTY,AMRC,0.070000,0.040000,0.030000,0,0
GA,31750,BEN HILL COUNTY,AMRA,0.070000,0.040000,0.030000,0,0
GA,31753,COLQUITT COUNTY,AMWJ,0.070000,0.040000,0.030000,0,0
GA,31756,COLQUITT COUNTY,AMWJ,0.070000,0.040000,0.030000,0,0
GA,31757,THOMAS COUNTY,ANSJ,0.070000,0.040000,0.030000,0,0
GA,31758,THOMAS COUNTY,ANSJ,0.070000,0.040000,0.030000,0,0
GA,31763,LEE COUNTY,ANIX,0.070000,0.040000,0.030000,0,0
GA,31764,SUMTER COUNTY,ANQR,0.080000,0.040000,0.030000,0,0.010000
GA,31765,THOMAS COUNTY,ANSJ,0.070000,0.040000,0.030000,0,0
GA,31768,COLQUITT COUNTY,AMWJ,0.070000,0.040000,0.030000,0,0
GA,31769,IRWIN COUNTY,ANGR,0.070000,0.040000,0.030000,0,0
GA,31771,COLQUITT COUNTY,AMWJ,0.070000,0.040000,0.030000,0,0
GA,31772,WORTH COUNTY,ANWS,0.070000,0.040000,0.030000,0,0
GA,31773,THOMAS COUNTY,ANSJ,0.070000,0.040000,0.030000,0,0
GA,31774,IRWIN COUNTY,ANGR,0.070000,0.040000,0.030000,0,0
GA,31775,COLQUITT COUNTY,AMWJ,0.070000,0.040000,0.030000,0,0
GA,31776,COLQUITT COUNTY,AMWJ,0.070000,0.040000,0.030000,0,0
GA,31778,BROOKS COUNTY,AMRU,0.070000,0.040000,0.030000,0,0
GA,31779,MITCHELL COUNTY,ANLE,0.070000,0.040000,0.030000,0,0
GA,31780,SUMTER COUNTY,ANQR,0.080000,0.040000,0.030000,0,0.010000
GA,31781,WORTH COUNTY,ANWS,0.070000,0.040000,0.030000,0,0
GA,31782,DOUGHERTY COUNTY,AMZH,0.070000,0.040000,0.030000,0,0
GA,31783,TURNER COUNTY,ANTJ,0.070000,0.040000,0.030000,0,0
GA,31784,MITCHELL COUNTY,ANLE,0.070000,0.040000,0.030000,0,0
GA,31787,LEE COUNTY,ANIX,0.070000,0.040000,0.030000,0,0
GA,31788,COLQUITT COUNTY,AMWJ,0.070000,0.040000,0.030000,0,0
GA,31789,WORTH COUNTY,ANWS,0.070000,0.040000,0.030000,0,0
GA,31790,TURNER COUNTY,ANTJ,0.070000,0.040000,0.030000,0,0
GA,31791,WORTH COUNTY,ANWS,0.070000,0.040000,0.030000,0,0
GA,31792,THOMAS COUNTY,ANSJ,0.070000,0.040000,0.030000,0,0
GA,31793,TIFT COUNTY,ANSQ,0.070000,0.040000,0.030000,0,0
GA,31794,TIFT COUNTY,ANSQ,0.070000,0.040000,0.030000,0,0
GA,31795,WORTH COUNTY,ANWS,0.070000,0.040000,0.030000,0,0
GA,31796,WORTH COUNTY,ANWS,0.070000,0.040000,0.030000,0,0
GA,31798,COFFEE COUNTY,AMWD,0.070000,0.040000,0.030000,0,0
GA,31799,THOMAS COUNTY,ANSJ,0.070000,0.040000,0.030000,0,0
GA,31801,TALBOT COUNTY,ANQZ,0.080000,0.040000,0.030000,0,0.010000
GA,31803,MARION COUNTY,ANKG,0.080000,0.040000,0.030000,0,0.010000
GA,31804,HARRIS COUNTY,ANFM,0.080000,0.040000,0.030000,0,0.010000
GA,31805,CHATTAHOOCHEE COUNTY,AMUH,0.080000,0.040000,0.030000,0,0.010000
GA,31806,SCHLEY COUNTY,ANPS,0.080000,0.040000,0.030000,0,0.010000
GA,31807,HARRIS COUNTY,ANFM,0.080000,0.040000,0.030000,0,0.010000
GA,31808,HARRIS COUNTY,ANFM,0.080000,0.040000,0.030000,0,0.010000
GA,31810,TALBOT COUNTY,ANQZ,0.080000,0.040000,0.030000,0,0.010000
GA,31811,HARRIS COUNTY,ANFM,0.080000,0.040000,0.030000,0,0.010000
GA,31812,TALBOT COUNTY,ANQZ,0.080000,0.040000,0.030000,0,0.010000
GA,31814,STEWART COUNTY,ANQM,0.080000,0.040000,0.030000,0,0.010000
GA,31815,STEWART COUNTY,ANQM,0.080000,0.040000,0.030000,0,0.010000
GA,31816,MERIWETHER COUNTY,ANKU,0.070000,0.040000,0.030000,0,0
GA,31820,MUSCOGEE COUNTY,ANML,0.080000,0.040000,0.030000,0,0.010000
GA,31821,STEWART COUNTY,ANQM,0.080000,0.040000,0.030000,0,0.010000
GA,31822,HARRIS COUNTY,ANFM,0.080000,0.040000,0.030000,0,0.010000
GA,31823,HARRIS COUNTY,ANFM,0.080000,0.040000,0.030000,0,0.010000
GA,31824,WEBSTER COUNTY,ANVJ,0.080000,0.040000,0.030000,0,0.010000
GA,31825,STEWART COUNTY,ANQM,0.080000,0.040000,0.030000,0,0.010000
GA,31826,HARRIS COUNTY,ANFM,0.080000,0.040000,0.030000,0,0.010000
GA,31827,TALBOT COUNTY,ANQZ,0.080000,0.040000,0.030000,0,0.010000
GA,31829,MUSCOGEE COUNTY,ANML,0.080000,0.040000,0.030000,0,0.010000
GA,31830,MERIWETHER COUNTY,ANKU,0.070000,0.040000,0.030000,0,0
GA,31831,HARRIS COUNTY,ANFM,0.080000,0.040000,0.030000,0,0.010000
GA,31832,WEBSTER COUNTY,ANVJ,0.080000,0.040000,0.030000,0,0.010000
GA,31833,TROUP COUNTY,ANTF,0.070000,0.040000,0.030000,0,0
GA,31836,TALBOT COUNTY,ANQZ,0.080000,0.040000,0.030000,0,0.010000
GA,31901,MUSCOGEE COUNTY,ANML,0.080000,0.040000,0.030000,0,0.010000
GA,31902,MUSCOGEE COUNTY,ANML,0.080000,0.040000,0.030000,0,0.010000
GA,31903,MUSCOGEE COUNTY,ANML,0.080000,0.040000,0.030000,0,0.010000
GA,31904,MUSCOGEE COUNTY,ANML,0.080000,0.040000,0.030000,0,0.010000
GA,31905,CHATTAHOOCHEE COUNTY,AMUH,0.080000,0.040000,0.030000,0,0.010000
GA,31906,MUSCOGEE COUNTY,ANML,0.080000,0.040000,0.030000,0,0.010000
GA,31907,MUSCOGEE COUNTY,ANML,0.080000,0.040000,0.030000,0,0.010000
GA,31908,MUSCOGEE COUNTY,ANML,0.080000,0.040000,0.030000,0,0.010000
GA,31909,MUSCOGEE COUNTY,ANML,0.080000,0.040000,0.030000,0,0.010000
GA,31914,MUSCOGEE COUNTY,ANML,0.080000,0.040000,0.030000,0,0.010000
GA,31917,MUSCOGEE COUNTY,ANML,0.080000,0.040000,0.030000,0,0.010000
GA,31993,MUSCOGEE COUNTY,ANML,0.080000,0.040000,0.030000,0,0.010000
GA,31995,MUSCOGEE COUNTY,ANML,0.080000,0.040000,0.030000,0,0.010000
GA,31997,MUSCOGEE COUNTY,ANML,0.080000,0.040000,0.030000,0,0.010000
GA,31998,MUSCOGEE COUNTY,ANML,0.080000,0.040000,0.030000,0,0.010000
GA,31999,MUSCOGEE COUNTY,ANML,0.080000,0.040000,0.030000,0,0.010000
GA,39813,CALHOUN COUNTY,AMSW,0.070000,0.040000,0.030000,0,0
GA,39815,DECATUR COUNTY,AMYB,0.070000,0.040000,0.030000,0,0
GA,39817,DECATUR COUNTY,AMYB,0.070000,0.040000,0.030000,0,0
GA,39818,DECATUR COUNTY,AMYB,0.070000,0.040000,0.030000,0,0
GA,39819,DECATUR COUNTY,AMYB,0.070000,0.040000,0.030000,0,0
GA,39823,EARLY COUNTY,AMZS,0.070000,0.040000,0.030000,0,0
GA,39824,CLAY COUNTY,AMVC,0.080000,0.040000,0.030000,0,0.010000
GA,39825,DECATUR COUNTY,AMYB,0.070000,0.040000,0.030000,0,0
GA,39826,TERRELL COUNTY,ANSE,0.070000,0.040000,0.030000,0,0
GA,39827,GRADY COUNTY,ANDO,0.070000,0.040000,0.030000,0,0
GA,39828,GRADY COUNTY,ANDO,0.070000,0.040000,0.030000,0,0
GA,39829,GRADY COUNTY,ANDO,0.070000,0.040000,0.030000,0,0
GA,39832,EARLY COUNTY,AMZS,0.070000,0.040000,0.030000,0,0
GA,39834,DECATUR COUNTY,AMYB,0.070000,0.040000,0.030000,0,0
GA,39836,RANDOLPH COUNTY,ANPD,0.080000,0.040000,0.030000,0,0.010000
GA,39837,MILLER COUNTY,ANLC,0.070000,0.040000,0.030000,0,0
GA,39840,RANDOLPH COUNTY,ANPD,0.080000,0.040000,0.030000,0,0.010000
GA,39841,EARLY COUNTY,AMZS,0.070000,0.040000,0.030000,0,0
GA,39842,TERRELL COUNTY,ANSE,0.070000,0.040000,0.030000,0,0
GA,39845,SEMINOLE COUNTY,ANQA,0.070000,0.040000,0.030000,0,0
GA,39846,CALHOUN COUNTY,AMSW,0.070000,0.040000,0.030000,0,0
GA,39851,CLAY COUNTY,AMVC,0.080000,0.040000,0.030000,0,0.010000
GA,39852,DECATUR COUNTY,AMYB,0.070000,0.040000,0.030000,0,0
GA,39854,QUITMAN COUNTY,ANOR,0.080000,0.040000,0.030000,0,0.010000
GA,39859,SEMINOLE COUNTY,ANQA,0.070000,0.040000,0.030000,0,0
GA,39861,EARLY COUNTY,AMZS,0.070000,0.040000,0.030000,0,0
GA,39862,CALHOUN COUNTY,AMSW,0.070000,0.040000,0.030000,0,0
GA,39866,CALHOUN COUNTY,AMSW,0.070000,0.040000,0.030000,0,0
GA,39867,QUITMAN COUNTY,ANOR,0.080000,0.040000,0.030000,0,0.010000
GA,39870,BAKER COUNTY,AMQA,0.060000,0.040000,0.020000,0,0
GA,39877,TERRELL COUNTY,ANSE,0.070000,0.040000,0.030000,0,0
GA,39885,TERRELL COUNTY,ANSE,0.070000,0.040000,0.030000,0,0
GA,39886,RANDOLPH COUNTY,ANPD,0.080000,0.040000,0.030000,0,0.010000
GA,39897,GRADY COUNTY,ANDO,0.070000,0.040000,0.030000,0,0
GA,39901,DEKALB COUNTY,AMYH,0.070000,0.040000,0.030000,0,0
