State,ZipCode,TaxRegionName,TaxRegionCode,CombinedRate,StateRate,CountyRate,CityRate,SpecialRate
SC,29001,CLARENDON COUNTY,BNUF,0.080000,0.060000,0.010000,0,0.010000
SC,29002,RICHLAND COUNTY,BODH,0.080000,0.060000,0.010000,0,0.010000
SC,29003,BAMBERG COUNTY,BNQT,0.080000,0.060000,0.010000,0,0.010000
SC,29006,LEXINGTON COUNTY,BOAD,0.070000,0.060000,0,0,0.010000
SC,29009,KERSHAW COUNTY,BNZE,0.070000,0.060000,0.010000,0,0
SC,29010,LEE COUNTY,BNZZ,0.080000,0.060000,0.010000,0,0.010000
SC,29014,CHESTER COUNTY,BNTO,0.080000,0.060000,0.010000,0,0.010000
SC,29015,FAIRFIELD COUNTY,BNWF,0.070000,0.060000,0.010000,0,0
SC,29016,RICHLAND COUNTY,BODH,0.080000,0.060000,0.010000,0,0.010000
SC,29018,ORANGEBURG COUNTY,BOCH,0.070000,0.060000,0,0,0.010000
SC,29020,KERSHAW COUNTY,BNZE,0.070000,0.060000,0.010000,0,0
SC,29021,CAMDEN,BNZG,0.070000,0.060000,0.000000,0.010000,0
SC,29030,CALHOUN COUNTY,BNSK,0.070000,0.060000,0.010000,0,0
SC,29031,SOUTH CAROLINA,BNPB,0.060000,0.060000,0,0,0
SC,29032,KERSHAW COUNTY,BNZE,0.070000,0.060000,0.010000,0,0
SC,29033,LEXINGTON COUNTY,BOAD,0.070000,0.060000,0,0,0.010000
SC,29036,LEXINGTON COUNTY,BOAD,0.070000,0.060000,0,0,0.010000
SC,29037,NEWBERRY COUNTY,BOBL,0.070000,0.060000,0,0,0.010000
SC,29038,ORANGEBURG COUNTY,BOCH,0.070000,0.060000,0,0,0.010000
SC,29039,ORANGEBURG COUNTY,BOCH,0.070000,0.060000,0,0,0.010000
SC,29040,SUMTER COUNTY,BOFD,0.080000,0.060000,0.010000,0,0.010000
SC,29041,CLARENDON COUNTY,BNUF,0.080000,0.060000,0.010000,0,0.010000
SC,29042,BAMBERG COUNTY,BNQT,0.080000,0.060000,0.010000,0,0.010000
SC,29044,RICHLAND COUNTY,BODH,0.080000,0.060000,0.010000,0,0.010000
SC,29045,KERSHAW COUNTY,BNZE,0.070000,0.060000,0.010000,0,0
SC,29046,LEE COUNTY,BNZZ,0.080000,0.060000,0.010000,0,0.010000
SC,29047,ORANGEBURG COUNTY,BOCH,0.070000,0.060000,0,0,0.010000
SC,29048,ORANGEBURG COUNTY,BOCH,0.070000,0.060000,0,0,0.010000
SC,29051,CLARENDON COUNTY,BNUF,0.080000,0.060000,0.010000,0,0.010000
SC,29052,RICHLAND COUNTY,BODH,0.080000,0.060000,0.010000,0,0.010000
SC,29053,LEXINGTON COUNTY,BOAD,0.070000,0.060000,0,0,0.010000
SC,29054,LEXINGTON COUNTY,BOAD,0.070000,0.060000,0,0,0.010000
SC,29055,GREAT FALLS,BNTT,0.080000,0.060000,0.000000,0.010000,0.010000
SC,29056,WILLIAMSBURG COUNTY,BOFT,0.070000,0.060000,0.010000,0,0
SC,29058,LANCASTER COUNTY,BNZM,0.080000,0.060000,0.010000,0,0.010000
SC,29059,ORANGEBURG COUNTY,BOCH,0.070000,0.060000,0,0,0.010000
SC,29061,RICHLAND COUNTY,BODH,0.080000,0.060000,0.010000,0,0.010000
SC,29062,SUMTER COUNTY,BOFD,0.080000,0.060000,0.010000,0,0.010000
SC,29063,RICHLAND COUNTY,BODH,0.080000,0.060000,0.010000,0,0.010000
SC,29065,FAIRFIELD COUNTY,BNWF,0.070000,0.060000,0.010000,0,0
SC,29067,LANCASTER COUNTY,BNZM,0.080000,0.060000,0.010000,0,0.010000
SC,29069,DARLINGTON COUNTY,BNVC,0.080000,0.060000,0.010000,0,0.010000
SC,29070,LEXINGTON COUNTY,BOAD,0.070000,0.060000,0,0,0.010000
SC,29071,LEXINGTON COUNTY,BOAD,0.070000,0.060000,0,0,0.010000
SC,29072,LEXINGTON COUNTY,BOAD,0.070000,0.060000,0,0,0.010000
SC,29073,LEXINGTON COUNTY,BOAD,0.070000,0.060000,0,0,0.010000
SC,29074,KERSHAW COUNTY,BNZE,0.070000,0.060000,0.010000,0,0
SC,29075,NEWBERRY COUNTY,BOBL,0.070000,0.060000,0,0,0.010000
SC,29078,KERSHAW COUNTY,BNZE,0.070000,0.060000,0.010000,0,0
SC,29079,DARLINGTON COUNTY,BNVC,0.080000,0.060000,0.010000,0,0.010000
SC,29080,SUMTER COUNTY,BOFD,0.080000,0.060000,0.010000,0,0.010000
SC,29081,BAMBERG COUNTY,BNQT,0.080000,0.060000,0.010000,0,0.010000
SC,29082,COLLETON COUNTY,BNUO,0.070000,0.060000,0.010000,0,0
SC,29101,CHESTERFIELD COUNTY,BNTW,0.080000,0.060000,0.010000,0,0.010000
SC,29102,CLARENDON COUNTY,BNUF,0.080000,0.060000,0.010000,0,0.010000
SC,29104,LEE COUNTY,BNZZ,0.080000,0.060000,0.010000,0,0.010000
SC,29105,AIKEN COUNTY,BNPI,0.070000,0.060000,0,0,0.010000
SC,29107,ORANGEBURG COUNTY,BOCH,0.070000,0.060000,0,0,0.010000
SC,29108,NEWBERRY COUNTY,BOBL,0.070000,0.060000,0,0,0.010000
SC,29111,CLARENDON COUNTY,BNUF,0.080000,0.060000,0.010000,0,0.010000
SC,29112,ORANGEBURG COUNTY,BOCH,0.070000,0.060000,0,0,0.010000
SC,29113,ORANGEBURG COUNTY,BOCH,0.070000,0.060000,0,0,0.010000
SC,29114,FLORENCE CO REMAINDER,EHTJ,0.080000,0.060000,0.010000,0,0.010000
SC,29115,ORANGEBURG COUNTY,BOCH,0.070000,0.060000,0,0,0.010000
SC,29116,ORANGEBURG,BOCT,0.070000,0.060000,0,0.000000,0.010000
SC,29117,ORANGEBURG,BOCT,0.070000,0.060000,0,0.000000,0.010000
SC,29118,ORANGEBURG COUNTY,BOCH,0.070000,0.060000,0,0,0.010000
SC,29122,NEWBERRY COUNTY,BOBL,0.070000,0.060000,0,0,0.010000
SC,29123,LEXINGTON COUNTY,BOAD,0.070000,0.060000,0,0,0.010000
SC,29125,CLARENDON COUNTY,BNUF,0.080000,0.060000,0.010000,0,0.010000
SC,29126,NEWBERRY COUNTY,BOBL,0.070000,0.060000,0,0,0.010000
SC,29127,NEWBERRY COUNTY,BOBL,0.070000,0.060000,0,0,0.010000
SC,29128,SUMTER COUNTY,BOFD,0.080000,0.060000,0.010000,0,0.010000
SC,29129,AIKEN COUNTY,BNPI,0.070000,0.060000,0,0,0.010000
SC,29130,FAIRFIELD COUNTY,BNWF,0.070000,0.060000,0.010000,0,0
SC,29132,FAIRFIELD COUNTY,BNWF,0.070000,0.060000,0.010000,0,0
SC,29133,ORANGEBURG COUNTY,BOCH,0.070000,0.060000,0,0,0.010000
SC,29135,CALHOUN COUNTY,BNSK,0.070000,0.060000,0.010000,0,0
SC,29137,AIKEN COUNTY,BNPI,0.070000,0.060000,0,0,0.010000
SC,29138,SALUDA COUNTY,BODQ,0.070000,0.060000,0.010000,0,0
SC,29142,ORANGEBURG COUNTY,BOCH,0.070000,0.060000,0,0,0.010000
SC,29143,CLARENDON COUNTY,BNUF,0.080000,0.060000,0.010000,0,0.010000
SC,29145,NEWBERRY COUNTY,BOBL,0.070000,0.060000,0,0,0.010000
SC,29146,ORANGEBURG COUNTY,BOCH,0.070000,0.060000,0,0,0.010000
SC,29147,COLUMBIA,BODK,0.080000,0.060000,0.000000,0.010000,0.010000
SC,29148,CLARENDON COUNTY,BNUF,0.080000,0.060000,0.010000,0,0.010000
SC,29150,SUMTER,BOFL,0.080000,0.060000,0.000000,0.010000,0.010000
SC,29151,SUMTER,BOFL,0.080000,0.060000,0.000000,0.010000,0.010000
SC,29152,SUMTER,BOFL,0.080000,0.060000,0.000000,0.010000,0.010000
SC,29153,SUMTER COUNTY,BOFD,0.080000,0.060000,0.010000,0,0.010000
SC,29154,SUMTER COUNTY,BOFD,0.080000,0.060000,0.010000,0,0.010000
SC,29160,LEXINGTON COUNTY,BOAD,0.070000,0.060000,0,0,0.010000
SC,29161,FLORENCE CO REMAINDER,EHTJ,0.080000,0.060000,0.010000,0,0.010000
SC,29162,CLARENDON COUNTY,BNUF,0.080000,0.060000,0.010000,0,0.010000
SC,29163,ORANGEBURG COUNTY,BOCH,0.070000,0.060000,0,0,0.010000
SC,29164,AIKEN COUNTY,BNPI,0.070000,0.060000,0,0,0.010000
SC,29166,SALUDA COUNTY,BODQ,0.070000,0.060000,0.010000,0,0
SC,29168,SUMTER COUNTY,BOFD,0.080000,0.060000,0.010000,0,0.010000
SC,29169,LEXINGTON COUNTY,BOAD,0.070000,0.060000,0,0,0.010000
SC,29170,LEXINGTON COUNTY,BOAD,0.070000,0.060000,0,0,0.010000
SC,29171,LEXINGTON COUNTY,BOAD,0.070000,0.060000,0,0,0.010000
SC,29172,LEXINGTON COUNTY,BOAD,0.070000,0.060000,0,0,0.010000
SC,29175,KERSHAW COUNTY,BNZE,0.070000,0.060000,0.010000,0,0
SC,29177,RICHLAND COUNTY,BODH,0.080000,0.060000,0.010000,0,0.010000
SC,29178,NEWBERRY COUNTY,BOBL,0.070000,0.060000,0,0,0.010000
SC,29180,FAIRFIELD COUNTY,BNWF,0.070000,0.060000,0.010000,0,0
SC,29201,COLUMBIA,BODK,0.080000,0.060000,0.000000,0.010000,0.010000
SC,29202,COLUMBIA,BODK,0.080000,0.060000,0.000000,0.010000,0.010000
SC,29203,COLUMBIA,BODK,0.080000,0.060000,0.000000,0.010000,0.010000
SC,29204,COLUMBIA,BODK,0.080000,0.060000,0.000000,0.010000,0.010000
SC,29205,COLUMBIA,BODK,0.080000,0.060000,0.000000,0.010000,0.010000
SC,29206,FOREST ACRES,DQYB,0.080000,0.060000,0.000000,0.010000,0.010000
SC,29207,COLUMBIA,BODK,0.080000,0.060000,0.000000,0.010000,0.010000
SC,29208,COLUMBIA,BODK,0.080000,0.060000,0.000000,0.010000,0.010000
SC,29209,RICHLAND COUNTY,BODH,0.080000,0.060000,0.010000,0,0.010000
SC,29210,RICHLAND COUNTY,BODH,0.080000,0.060000,0.010000,0,0.010000
SC,29211,COLUMBIA,BODK,0.080000,0.060000,0.000000,0.010000,0.010000
SC,29212,LEXINGTON COUNTY,BOAD,0.070000,0.060000,0,0,0.010000
SC,29214,COLUMBIA,BODK,0.080000,0.060000,0.000000,0.010000,0.010000
SC,29215,COLUMBIA,BODK,0.080000,0.060000,0.000000,0.010000,0.010000
SC,29216,COLUMBIA,BODK,0.080000,0.060000,0.000000,0.010000,0.010000
SC,29217,COLUMBIA,BODK,0.080000,0.060000,0.000000,0.010000,0.010000
SC,29218,COLUMBIA,BODK,0.080000,0.060000,0.000000,0.010000,0.010000
SC,29219,RICHLAND COUNTY,BODH,0.080000,0.060000,0.010000,0,0.010000
SC,29220,COLUMBIA,BODK,0.080000,0.060000,0.000000,0.010000,0.010000
SC,29221,RICHLAND COUNTY,BODH,0.080000,0.060000,0.010000,0,0.010000
SC,29222,COLUMBIA,BODK,0.080000,0.060000,0.000000,0.010000,0.010000
SC,29223,RICHLAND COUNTY,BODH,0.080000,0.060000,0.010000,0,0.010000
SC,29224,RICHLAND COUNTY,BODH,0.080000,0.060000,0.010000,0,0.010000
SC,29225,COLUMBIA,BODK,0.080000,0.060000,0.000000,0.010000,0.010000
SC,29226,RICHLAND COUNTY,BODH,0.080000,0.060000,0.010000,0,0.010000
SC,29227,RICHLAND COUNTY,BODH,0.080000,0.060000,0.010000,0,0.010000
SC,29228,LEXINGTON COUNTY,BOAD,0.070000,0.060000,0,0,0.010000
SC,29229,RICHLAND COUNTY,BODH,0.080000,0.060000,0.010000,0,0.010000
SC,29230,COLUMBIA,BODK,0.080000,0.060000,0.000000,0.010000,0.010000
SC,29240,COLUMBIA,BODK,0.080000,0.060000,0.000000,0.010000,0.010000
SC,29250,COLUMBIA,BODK,0.080000,0.060000,0.000000,0.010000,0.010000
SC,29260,FOREST ACRES,DQYB,0.080000,0.060000,0.000000,0.010000,0.010000
SC,29290,COLUMBIA,BODK,0.080000,0.060000,0.000000,0.010000,0.010000
SC,29292,COLUMBIA,BODK,0.080000,0.060000,0.000000,0.010000,0.010000
SC,29301,SOUTH CAROLINA,BNPB,0.060000,0.060000,0,0,0
SC,29302,SOUTH CAROLINA,BNPB,0.060000,0.060000,0,0,0
SC,29303,SOUTH CAROLINA,BNPB,0.060000,0.060000,0,0,0
SC,29304,SOUTH CAROLINA,BNPB,0.060000,0.060000,0,0,0
SC,29305,SOUTH CAROLINA,BNPB,0.060000,0.060000,0,0,0
SC,29306,SOUTH CAROLINA,BNPB,0.060000,0.060000,0,0,0
SC,29307,SOUTH CAROLINA,BNPB,0.060000,0.060000,0,0,0
SC,29316,SOUTH CAROLINA,BNPB,0.060000,0.060000,0,0,0
SC,29319,SOUTH CAROLINA,BNPB,0.060000,0.060000,0,0,0
SC,29320,SOUTH CAROLINA,BNPB,0.060000,0.060000,0,0,0
SC,29321,SOUTH CAROLINA,BNPB,0.060000,0.060000,0,0,0
SC,29322,SOUTH CAROLINA,BNPB,0.060000,0.060000,0,0,0
SC,29323,SOUTH CAROLINA,BNPB,0.060000,0.060000,0,0,0
SC,29324,SOUTH CAROLINA,BNPB,0.060000,0.060000,0,0,0
SC,29325,LAURENS COUNTY,BNZR,0.070000,0.060000,0.010000,0,0
SC,29329,SOUTH CAROLINA,BNPB,0.060000,0.060000,0,0,0
SC,29330,SOUTH CAROLINA,BNPB,0.060000,0.060000,0,0,0
SC,29331,SOUTH CAROLINA,BNPB,0.060000,0.060000,0,0,0
SC,29332,LAURENS COUNTY,BNZR,0.070000,0.060000,0.010000,0,0
SC,29333,SOUTH CAROLINA,BNPB,0.060000,0.060000,0,0,0
SC,29334,SOUTH CAROLINA,BNPB,0.060000,0.060000,0,0,0
SC,29335,SOUTH CAROLINA,BNPB,0.060000,0.060000,0,0,0
SC,29336,SOUTH CAROLINA,BNPB,0.060000,0.060000,0,0,0
SC,29338,SOUTH CAROLINA,BNPB,0.060000,0.060000,0,0,0
SC,29340,CHEROKEE COUNTY,BNTK,0.080000,0.060000,0.010000,0,0.010000
SC,29341,CHEROKEE COUNTY,BNTK,0.080000,0.060000,0.010000,0,0.010000
SC,29342,CHEROKEE COUNTY,BNTK,0.080000,0.060000,0.010000,0,0.010000
SC,29346,SOUTH CAROLINA,BNPB,0.060000,0.060000,0,0,0
SC,29348,SOUTH CAROLINA,BNPB,0.060000,0.060000,0,0,0
SC,29349,SOUTH CAROLINA,BNPB,0.060000,0.060000,0,0,0
SC,29351,LAURENS COUNTY,BNZR,0.070000,0.060000,0.010000,0,0
SC,29353,SOUTH CAROLINA,BNPB,0.060000,0.060000,0,0,0
SC,29355,NEWBERRY COUNTY,BOBL,0.070000,0.060000,0,0,0.010000
SC,29356,SOUTH CAROLINA,BNPB,0.060000,0.060000,0,0,0
SC,29360,LAURENS COUNTY,BNZR,0.070000,0.060000,0.010000,0,0
SC,29364,SOUTH CAROLINA,BNPB,0.060000,0.060000,0,0,0
SC,29365,SOUTH CAROLINA,BNPB,0.060000,0.060000,0,0,0
SC,29368,SOUTH CAROLINA,BNPB,0.060000,0.060000,0,0,0
SC,29369,SOUTH CAROLINA,BNPB,0.060000,0.060000,0,0,0
SC,29370,LAURENS COUNTY,BNZR,0.070000,0.060000,0.010000,0,0
SC,29372,SOUTH CAROLINA,BNPB,0.060000,0.060000,0,0,0
SC,29373,SOUTH CAROLINA,BNPB,0.060000,0.060000,0,0,0
SC,29374,SOUTH CAROLINA,BNPB,0.060000,0.060000,0,0,0
SC,29375,SOUTH CAROLINA,BNPB,0.060000,0.060000,0,0,0
SC,29376,SOUTH CAROLINA,BNPB,0.060000,0.060000,0,0,0
SC,29377,SOUTH CAROLINA,BNPB,0.060000,0.060000,0,0,0
SC,29378,SOUTH CAROLINA,BNPB,0.060000,0.060000,0,0,0
SC,29379,SOUTH CAROLINA,BNPB,0.060000,0.060000,0,0,0
SC,29384,LAURENS COUNTY,BNZR,0.070000,0.060000,0.010000,0,0
SC,29385,SOUTH CAROLINA,BNPB,0.060000,0.060000,0,0,0
SC,29386,SOUTH CAROLINA,BNPB,0.060000,0.060000,0,0,0
SC,29388,SOUTH CAROLINA,BNPB,0.060000,0.060000,0,0,0
SC,29395,SOUTH CAROLINA,BNPB,0.060000,0.060000,0,0,0
SC,29401,CHARLESTON,BNSR,0.085000,0.060000,0.000000,0.010000,0.015000
SC,29402,CHARLESTON,BNSR,0.085000,0.060000,0.000000,0.010000,0.015000
SC,29403,CHARLESTON,BNSR,0.085000,0.060000,0.000000,0.010000,0.015000
SC,29404,NORTH CHARLESTON,BNTE,0.085000,0.060000,0.000000,0.010000,0.015000
SC,29405,NORTH CHARLESTON,BNTE,0.085000,0.060000,0.000000,0.010000,0.015000
SC,29406,NORTH CHARLESTON,BNTE,0.085000,0.060000,0.000000,0.010000,0.015000
SC,29407,CHARLESTON,BNSR,0.085000,0.060000,0.000000,0.010000,0.015000
SC,29409,CHARLESTON,BNSR,0.085000,0.060000,0.000000,0.010000,0.015000
SC,29410,HANAHAN,DCJW,0.080000,0.060000,0.000000,0.010000,0.010000
SC,29412,CHARLESTON,BNSR,0.085000,0.060000,0.000000,0.010000,0.015000
SC,29413,CHARLESTON,BNSR,0.085000,0.060000,0.000000,0.010000,0.015000
SC,29414,CHARLESTON,BNSR,0.085000,0.060000,0.000000,0.010000,0.015000
SC,29415,NORTH CHARLESTON,BNTE,0.085000,0.060000,0.000000,0.010000,0.015000
SC,29416,CHARLESTON,BNSR,0.085000,0.060000,0.000000,0.010000,0.015000
SC,29417,CHARLESTON,BNSR,0.085000,0.060000,0.000000,0.010000,0.015000
SC,29418,NORTH CHARLESTON,BNTE,0.085000,0.060000,0.000000,0.010000,0.015000
SC,29419,NORTH CHARLESTON,BNTE,0.085000,0.060000,0.000000,0.010000,0.015000
SC,29420,DORCHESTER COUNTY,BNVR,0.070000,0.060000,0,0,0.010000
SC,29422,CHARLESTON,BNSR,0.085000,0.060000,0.000000,0.010000,0.015000
SC,29423,NORTH CHARLESTON,BNTE,0.085000,0.060000,0.000000,0.010000,0.015000
SC,29424,CHARLESTON,BNSR,0.085000,0.060000,0.000000,0.010000,0.015000
SC,29425,CHARLESTON,BNSR,0.085000,0.060000,0.000000,0.010000,0.015000
SC,29426,CHARLESTON COUNTY,BNSO,0.085000,0.060000,0.010000,0,0.015000
SC,29429,CHARLESTON COUNTY,BNSO,0.085000,0.060000,0.010000,0,0.015000
SC,29430,MONCKS CORNER,BNSC,0.080000,0.060000,0.000000,0.010000,0.010000
SC,29431,BERKELEY COUNTY,BNRS,0.080000,0.060000,0.010000,0,0.010000
SC,29432,ORANGEBURG COUNTY,BOCH,0.070000,0.060000,0,0,0.010000
SC,29433,WALTERBORO,BNUZ,0.070000,0.060000,0.000000,0.010000,0
SC,29434,BERKELEY COUNTY,BNRS,0.080000,0.060000,0.010000,0,0.010000
SC,29435,COLLETON COUNTY,BNUO,0.070000,0.060000,0.010000,0,0
SC,29436,BERKELEY COUNTY,BNRS,0.080000,0.060000,0.010000,0,0.010000
SC,29437,DORCHESTER COUNTY,BNVR,0.070000,0.060000,0,0,0.010000
SC,29438,CHARLESTON COUNTY,BNSO,0.085000,0.060000,0.010000,0,0.015000
SC,29439,FOLLY BEACH,BNSV,0.085000,0.060000,0.000000,0.010000,0.015000
SC,29440,SOUTH CAROLINA,BNPB,0.060000,0.060000,0,0,0
SC,29442,SOUTH CAROLINA,BNPB,0.060000,0.060000,0,0,0
SC,29445,GOOSE CREEK,BNRY,0.080000,0.060000,0.000000,0.010000,0.010000
SC,29446,COLLETON COUNTY,BNUO,0.070000,0.060000,0.010000,0,0
SC,29447,DORCHESTER COUNTY,BNVR,0.070000,0.060000,0,0,0.010000
SC,29448,DORCHESTER COUNTY,BNVR,0.070000,0.060000,0,0,0.010000
SC,29449,HOLLYWOOD,BNSX,0.085000,0.060000,0.000000,0.010000,0.015000
SC,29450,BERKELEY COUNTY,BNRS,0.080000,0.060000,0.010000,0,0.010000
SC,29451,ISLE OF PALMS,BNSY,0.085000,0.060000,0.000000,0.010000,0.015000
SC,29452,COLLETON COUNTY,BNUO,0.070000,0.060000,0.010000,0,0
SC,29453,BERKELEY COUNTY,BNRS,0.080000,0.060000,0.010000,0,0.010000
SC,29455,CHARLESTON COUNTY,BNSO,0.085000,0.060000,0.010000,0,0.015000
SC,29456,DORCHESTER COUNTY,BNVR,0.070000,0.060000,0,0,0.010000
SC,29457,CHARLESTON,BNSR,0.085000,0.060000,0.000000,0.010000,0.015000
SC,29458,CHARLESTON COUNTY,BNSO,0.085000,0.060000,0.010000,0,0.015000
SC,29461,BERKELEY COUNTY,BNRS,0.080000,0.060000,0.010000,0,0.010000
SC,29464,MOUNT PLEASANT,BNTD,0.085000,0.060000,0.000000,0.010000,0.015000
SC,29465,MOUNT PLEASANT,BNTD,0.085000,0.060000,0.000000,0.010000,0.015000
SC,29466,MOUNT PLEASANT,BNTD,0.085000,0.060000,0.000000,0.010000,0.015000
SC,29468,BERKELEY COUNTY,BNRS,0.080000,0.060000,0.010000,0,0.010000
SC,29469,BERKELEY COUNTY,BNRS,0.080000,0.060000,0.010000,0,0.010000
SC,29470,RAVENEL,DCKB,0.085000,0.060000,0.000000,0.010000,0.015000
SC,29471,DORCHESTER COUNTY,BNVR,0.070000,0.060000,0,0,0.010000
SC,29472,DORCHESTER COUNTY,BNVR,0.070000,0.060000,0,0,0.010000
SC,29474,COLLETON COUNTY,BNUO,0.070000,0.060000,0.010000,0,0
SC,29475,COLLETON COUNTY,BNUO,0.070000,0.060000,0.010000,0,0
SC,29476,BERKELEY COUNTY,BNRS,0.080000,0.060000,0.010000,0,0.010000
SC,29477,DORCHESTER COUNTY,BNVR,0.070000,0.060000,0,0,0.010000
SC,29479,BERKELEY COUNTY,BNRS,0.080000,0.060000,0.010000,0,0.010000
SC,29481,COLLETON COUNTY,BNUO,0.070000,0.060000,0.010000,0,0
SC,29482,SULLIVANS ISLAND,BNTH,0.085000,0.060000,0.000000,0.010000,0.015000
SC,29483,DORCHESTER COUNTY,BNVR,0.070000,0.060000,0,0,0.010000
SC,29484,DORCHESTER COUNTY,BNVR,0.070000,0.060000,0,0,0.010000
SC,29485,DORCHESTER COUNTY,BNVR,0.070000,0.060000,0,0,0.010000
SC,29487,CHARLESTON COUNTY,BNSO,0.085000,0.060000,0.010000,0,0.015000
SC,29488,COLLETON COUNTY,BNUO,0.070000,0.060000,0.010000,0,0
SC,29492,CHARLESTON,BYDP,0.080000,0.060000,0.000000,0.010000,0.010000
SC,29493,WILLIAMS,BNVA,0.070000,0.060000,0.000000,0.010000,0
SC,29501,FLORENCE CO REMAINDER,EHTJ,0.080000,0.060000,0.010000,0,0.010000
SC,29502,FLORENCE,BNWQ,0.080000,0.060000,0.000000,0.010000,0.010000
SC,29503,FLORENCE,BNWQ,0.080000,0.060000,0.000000,0.010000,0.010000
SC,29504,FLORENCE,BNWQ,0.080000,0.060000,0.000000,0.010000,0.010000
SC,29505,FLORENCE CO REMAINDER,EHTJ,0.080000,0.060000,0.010000,0,0.010000
SC,29506,FLORENCE CO REMAINDER,EHTJ,0.080000,0.060000,0.010000,0,0.010000
SC,29510,SOUTH CAROLINA,BNPB,0.060000,0.060000,0,0,0
SC,29511,HORRY CO REMAINDER,EIFK,0.070000,0.060000,0,0,0.010000
SC,29512,MARLBORO COUNTY,BOAX,0.080000,0.060000,0.010000,0,0.010000
SC,29516,MARLBORO COUNTY,BOAX,0.080000,0.060000,0.010000,0,0.010000
SC,29518,WILLIAMSBURG COUNTY,BOFT,0.070000,0.060000,0.010000,0,0
SC,29519,MARION COUNTY,BOAQ,0.080000,0.060000,0.010000,0,0.010000
SC,29520,CHESTERFIELD COUNTY,BNTW,0.080000,0.060000,0.010000,0,0.010000
SC,29525,MARLBORO COUNTY,BOAX,0.080000,0.060000,0.010000,0,0.010000
SC,29526,HORRY CO REMAINDER,EIFK,0.070000,0.060000,0,0,0.010000
SC,29527,HORRY CO REMAINDER,EIFK,0.070000,0.060000,0,0,0.010000
SC,29528,HORRY CO REMAINDER,EIFK,0.070000,0.060000,0,0,0.010000
SC,29530,FLORENCE CO REMAINDER,EHTJ,0.080000,0.060000,0.010000,0,0.010000
SC,29532,DARLINGTON COUNTY,BNVC,0.080000,0.060000,0.010000,0,0.010000
SC,29536,DILLON,BNVJ,0.080000,0.060000,0.000000,0.010000,0.010000
SC,29540,DARLINGTON COUNTY,BNVC,0.080000,0.060000,0.010000,0,0.010000
SC,29541,FLORENCE CO REMAINDER,EHTJ,0.080000,0.060000,0.010000,0,0.010000
SC,29543,DILLON COUNTY,EHTI,0.080000,0.060000,0.010000,0,0.010000
SC,29544,HORRY CO REMAINDER,EIFK,0.070000,0.060000,0,0,0.010000
SC,29545,HORRY CO REMAINDER,EIFK,0.070000,0.060000,0,0,0.010000
SC,29546,MARION COUNTY,BOAQ,0.080000,0.060000,0.010000,0,0.010000
SC,29547,DILLON COUNTY,EHTI,0.080000,0.060000,0.010000,0,0.010000
SC,29550,DARLINGTON COUNTY,BNVC,0.080000,0.060000,0.010000,0,0.010000
SC,29551,HARTSVILLE,BNVE,0.080000,0.060000,0.000000,0.010000,0.010000
SC,29554,SOUTH CAROLINA,BNPB,0.060000,0.060000,0,0,0
SC,29555,FLORENCE CO REMAINDER,EHTJ,0.080000,0.060000,0.010000,0,0.010000
SC,29556,WILLIAMSBURG COUNTY,BOFT,0.070000,0.060000,0.010000,0,0
SC,29560,FLORENCE CO REMAINDER,EHTJ,0.080000,0.060000,0.010000,0,0.010000
SC,29563,DILLON COUNTY,EHTI,0.080000,0.060000,0.010000,0,0.010000
SC,29564,WILLIAMSBURG COUNTY,BOFT,0.070000,0.060000,0.010000,0,0
SC,29565,DILLON COUNTY,EHTI,0.080000,0.060000,0.010000,0,0.010000
SC,29566,HORRY CO REMAINDER,EIFK,0.070000,0.060000,0,0,0.010000
SC,29567,DILLON COUNTY,EHTI,0.080000,0.060000,0.010000,0,0.010000
SC,29568,HORRY CO REMAINDER,EIFK,0.070000,0.060000,0,0,0.010000
SC,29569,HORRY CO REMAINDER,EIFK,0.070000,0.060000,0,0,0.010000
SC,29570,MARLBORO COUNTY,BOAX,0.080000,0.060000,0.010000,0,0.010000
SC,29571,MARION COUNTY,BOAQ,0.080000,0.060000,0.010000,0,0.010000
SC,29572,MYRTLE BEACH,BNYV,0.080000,0.060000,0,0.010000,0.010000
SC,29574,MARION COUNTY,BOAQ,0.080000,0.060000,0.010000,0,0.010000
SC,29575,HORRY CO REMAINDER,EIFK,0.070000,0.060000,0,0,0.010000
SC,29576,HORRY CO REMAINDER,EIFK,0.070000,0.060000,0,0,0.010000
SC,29577,MYRTLE BEACH,BNYV,0.080000,0.060000,0,0.010000,0.010000
SC,29578,MYRTLE BEACH,BNYV,0.080000,0.060000,0,0.010000,0.010000
SC,29579,HORRY CO REMAINDER,EIFK,0.070000,0.060000,0,0,0.010000
SC,29580,WILLIAMSBURG COUNTY,BOFT,0.070000,0.060000,0.010000,0,0
SC,29581,HORRY CO REMAINDER,EIFK,0.070000,0.060000,0,0,0.010000
SC,29582,HORRY CO REMAINDER,EIFK,0.070000,0.060000,0,0,0.010000
SC,29583,FLORENCE CO REMAINDER,EHTJ,0.080000,0.060000,0.010000,0,0.010000
SC,29584,CHESTERFIELD COUNTY,BNTW,0.080000,0.060000,0.010000,0,0.010000
SC,29585,SOUTH CAROLINA,BNPB,0.060000,0.060000,0,0,0
SC,29587,HORRY CO REMAINDER,EIFK,0.070000,0.060000,0,0,0.010000
SC,29588,HORRY CO REMAINDER,EIFK,0.070000,0.060000,0,0,0.010000
SC,29589,MARION COUNTY,BOAQ,0.080000,0.060000,0.010000,0,0.010000
SC,29590,WILLIAMSBURG COUNTY,BOFT,0.070000,0.060000,0.010000,0,0
SC,29591,FLORENCE CO REMAINDER,EHTJ,0.080000,0.060000,0.010000,0,0.010000
SC,29592,DILLON COUNTY,EHTI,0.080000,0.060000,0.010000,0,0.010000
SC,29593,DARLINGTON COUNTY,BNVC,0.080000,0.060000,0.010000,0,0.010000
SC,29594,TATUM,BOBC,0.080000,0.060000,0.000000,0.010000,0.010000
SC,29596,MARLBORO COUNTY,BOAX,0.080000,0.060000,0.010000,0,0.010000
SC,29597,HORRY CO REMAINDER,EIFK,0.070000,0.060000,0,0,0.010000
SC,29598,HORRY CO REMAINDER,EIFK,0.070000,0.060000,0,0,0.010000
SC,29601,SOUTH CAROLINA,BNPB,0.060000,0.060000,0,0,0
SC,29602,SOUTH CAROLINA,BNPB,0.060000,0.060000,0,0,0
SC,29603,SOUTH CAROLINA,BNPB,0.060000,0.060000,0,0,0
SC,29604,SOUTH CAROLINA,BNPB,0.060000,0.060000,0,0,0
SC,29605,SOUTH CAROLINA,BNPB,0.060000,0.060000,0,0,0
SC,29606,SOUTH CAROLINA,BNPB,0.060000,0.060000,0,0,0
SC,29607,SOUTH CAROLINA,BNPB,0.060000,0.060000,0,0,0
SC,29608,SOUTH CAROLINA,BNPB,0.060000,0.060000,0,0,0
SC,29609,SOUTH CAROLINA,BNPB,0.060000,0.060000,0,0,0
SC,29610,SOUTH CAROLINA,BNPB,0.060000,0.060000,0,0,0
SC,29611,SOUTH CAROLINA,BNPB,0.060000,0.060000,0,0,0
SC,29612,SOUTH CAROLINA,BNPB,0.060000,0.060000,0,0,0
SC,29613,SOUTH CAROLINA,BNPB,0.060000,0.060000,0,0,0
SC,29614,SOUTH CAROLINA,BNPB,0.060000,0.060000,0,0,0
SC,29615,SOUTH CAROLINA,BNPB,0.060000,0.060000,0,0,0
SC,29616,SOUTH CAROLINA,BNPB,0.060000,0.060000,0,0,0
SC,29617,SOUTH CAROLINA,BNPB,0.060000,0.060000,0,0,0
SC,29620,ABBEVILLE COUNTY,BNPC,0.070000,0.060000,0.010000,0,0
SC,29621,SOUTH CAROLINA,BNPB,0.060000,0.060000,0,0,0
SC,29622,SOUTH CAROLINA,BNPB,0.060000,0.060000,0,0,0
SC,29623,SOUTH CAROLINA,BNPB,0.060000,0.060000,0,0,0
SC,29624,SOUTH CAROLINA,BNPB,0.060000,0.060000,0,0,0
SC,29625,SOUTH CAROLINA,BNPB,0.060000,0.060000,0,0,0
SC,29626,SOUTH CAROLINA,BNPB,0.060000,0.060000,0,0,0
SC,29627,SOUTH CAROLINA,BNPB,0.060000,0.060000,0,0,0
SC,29628,ABBEVILLE COUNTY,BNPC,0.070000,0.060000,0.010000,0,0
SC,29630,PICKENS COUNTY,BOCY,0.070000,0.060000,0.010000,0,0
SC,29631,CLEMSON,BODA,0.070000,0.060000,0.000000,0.010000,0
SC,29632,CLEMSON,BODA,0.070000,0.060000,0.000000,0.010000,0
SC,29633,CLEMSON,BODA,0.070000,0.060000,0.000000,0.010000,0
SC,29634,CLEMSON,BODA,0.070000,0.060000,0.000000,0.010000,0
SC,29635,SOUTH CAROLINA,BNPB,0.060000,0.060000,0,0,0
SC,29636,SOUTH CAROLINA,BNPB,0.060000,0.060000,0,0,0
SC,29638,ABBEVILLE COUNTY,BNPC,0.070000,0.060000,0.010000,0,0
SC,29639,ABBEVILLE COUNTY,BNPC,0.070000,0.060000,0.010000,0,0
SC,29640,PICKENS COUNTY,BOCY,0.070000,0.060000,0.010000,0,0
SC,29641,EASLEY,BODB,0.070000,0.060000,0.000000,0.010000,0
SC,29642,EASLEY,BODB,0.070000,0.060000,0.000000,0.010000,0
SC,29643,SOUTH CAROLINA,BNPB,0.060000,0.060000,0,0,0
SC,29644,LAURENS COUNTY,BNZR,0.070000,0.060000,0.010000,0,0
SC,29645,LAURENS COUNTY,BNZR,0.070000,0.060000,0.010000,0,0
SC,29646,GREENWOOD,BNXT,0.060000,0.060000,0,0.000000,0
SC,29647,GREENWOOD,BNXT,0.060000,0.060000,0,0.000000,0
SC,29648,GREENWOOD,BNXT,0.060000,0.060000,0,0.000000,0
SC,29649,SOUTH CAROLINA,BNPB,0.060000,0.060000,0,0,0
SC,29650,SOUTH CAROLINA,BNPB,0.060000,0.060000,0,0,0
SC,29651,SOUTH CAROLINA,BNPB,0.060000,0.060000,0,0,0
SC,29652,SOUTH CAROLINA,BNPB,0.060000,0.060000,0,0,0
SC,29653,SOUTH CAROLINA,BNPB,0.060000,0.060000,0,0,0
SC,29654,SOUTH CAROLINA,BNPB,0.060000,0.060000,0,0,0
SC,29655,SOUTH CAROLINA,BNPB,0.060000,0.060000,0,0,0
SC,29656,SOUTH CAROLINA,BNPB,0.060000,0.060000,0,0,0
SC,29657,PICKENS COUNTY,BOCY,0.070000,0.060000,0.010000,0,0
SC,29658,SOUTH CAROLINA,BNPB,0.060000,0.060000,0,0,0
SC,29659,LOWNDESVILLE,BNPH,0.070000,0.060000,0.000000,0.010000,0
SC,29661,SOUTH CAROLINA,BNPB,0.060000,0.060000,0,0,0
SC,29662,SOUTH CAROLINA,BNPB,0.060000,0.060000,0,0,0
SC,29664,SOUTH CAROLINA,BNPB,0.060000,0.060000,0,0,0
SC,29665,SOUTH CAROLINA,BNPB,0.060000,0.060000,0,0,0
SC,29666,SOUTH CAROLINA,BNPB,0.060000,0.060000,0,0,0
SC,29667,NORRIS,BODD,0.070000,0.060000,0.000000,0.010000,0
SC,29669,SOUTH CAROLINA,BNPB,0.060000,0.060000,0,0,0
SC,29670,SOUTH CAROLINA,BNPB,0.060000,0.060000,0,0,0
SC,29671,PICKENS COUNTY,BOCY,0.070000,0.060000,0.010000,0,0
SC,29672,SOUTH CAROLINA,BNPB,0.060000,0.060000,0,0,0
SC,29673,SOUTH CAROLINA,BNPB,0.060000,0.060000,0,0,0
SC,29675,SOUTH CAROLINA,BNPB,0.060000,0.060000,0,0,0
SC,29676,SOUTH CAROLINA,BNPB,0.060000,0.060000,0,0,0
SC,29677,SOUTH CAROLINA,BNPB,0.060000,0.060000,0,0,0
SC,29678,SOUTH CAROLINA,BNPB,0.060000,0.060000,0,0,0
SC,29679,SOUTH CAROLINA,BNPB,0.060000,0.060000,0,0,0
SC,29680,SOUTH CAROLINA,BNPB,0.060000,0.060000,0,0,0
SC,29681,SOUTH CAROLINA,BNPB,0.060000,0.060000,0,0,0
SC,29682,PICKENS COUNTY,BOCY,0.070000,0.060000,0.010000,0,0
SC,29683,SOUTH CAROLINA,BNPB,0.060000,0.060000,0,0,0
SC,29684,SOUTH CAROLINA,BNPB,0.060000,0.060000,0,0,0
SC,29685,PICKENS COUNTY,BOCY,0.070000,0.060000,0.010000,0,0
SC,29686,SOUTH CAROLINA,BNPB,0.060000,0.060000,0,0,0
SC,29687,SOUTH CAROLINA,BNPB,0.060000,0.060000,0,0,0
SC,29688,SOUTH CAROLINA,BNPB,0.060000,0.060000,0,0,0
SC,29689,SOUTH CAROLINA,BNPB,0.060000,0.060000,0,0,0
SC,29690,SOUTH CAROLINA,BNPB,0.060000,0.060000,0,0,0
SC,29691,SOUTH CAROLINA,BNPB,0.060000,0.060000,0,0,0
SC,29692,LAURENS COUNTY,BNZR,0.070000,0.060000,0.010000,0,0
SC,29693,SOUTH CAROLINA,BNPB,0.060000,0.060000,0,0,0
SC,29696,SOUTH CAROLINA,BNPB,0.060000,0.060000,0,0,0
SC,29697,SOUTH CAROLINA,BNPB,0.060000,0.060000,0,0,0
SC,29702,CHEROKEE COUNTY,BNTK,0.080000,0.060000,0.010000,0,0.010000
SC,29703,YORK COUNTY,BOGC,0.070000,0.060000,0.000000,0,0.010000
SC,29704,YORK COUNTY,BOGC,0.070000,0.060000,0.000000,0,0.010000
SC,29706,CHESTER COUNTY,BNTO,0.080000,0.060000,0.010000,0,0.010000
SC,29707,LANCASTER COUNTY,BNZM,0.080000,0.060000,0.010000,0,0.010000
SC,29708,YORK COUNTY,BOGC,0.070000,0.060000,0.000000,0,0.010000
SC,29709,CHESTERFIELD COUNTY,BNTW,0.080000,0.060000,0.010000,0,0.010000
SC,29710,YORK COUNTY,BOGC,0.070000,0.060000,0.000000,0,0.010000
SC,29712,CHESTER COUNTY,BNTO,0.080000,0.060000,0.010000,0,0.010000
SC,29714,CHESTER COUNTY,BNTO,0.080000,0.060000,0.010000,0,0.010000
SC,29715,YORK COUNTY,BOGC,0.070000,0.060000,0.000000,0,0.010000
SC,29716,YORK COUNTY,BOGC,0.070000,0.060000,0.000000,0,0.010000
SC,29717,YORK COUNTY,BOGC,0.070000,0.060000,0.000000,0,0.010000
SC,29718,CHESTERFIELD COUNTY,BNTW,0.080000,0.060000,0.010000,0,0.010000
SC,29720,LANCASTER COUNTY,BNZM,0.080000,0.060000,0.010000,0,0.010000
SC,29721,LANCASTER,BNZP,0.080000,0.060000,0.000000,0.010000,0.010000
SC,29722,LANCASTER,BNZP,0.080000,0.060000,0.000000,0.010000,0.010000
SC,29724,CHESTER COUNTY,BNTO,0.080000,0.060000,0.010000,0,0.010000
SC,29726,YORK COUNTY,BOGC,0.070000,0.060000,0.000000,0,0.010000
SC,29727,CHESTERFIELD COUNTY,BNTW,0.080000,0.060000,0.010000,0,0.010000
SC,29728,CHESTERFIELD COUNTY,BNTW,0.080000,0.060000,0.010000,0,0.010000
SC,29729,CHESTER COUNTY,BNTO,0.080000,0.060000,0.010000,0,0.010000
SC,29730,YORK COUNTY,BOGC,0.070000,0.060000,0.000000,0,0.010000
SC,29731,YORK COUNTY,BOGC,0.070000,0.060000,0.000000,0,0.010000
SC,29732,YORK COUNTY,BOGC,0.070000,0.060000,0.000000,0,0.010000
SC,29733,YORK COUNTY,BOGC,0.070000,0.060000,0.000000,0,0.010000
SC,29734,YORK COUNTY,BOGC,0.070000,0.060000,0.000000,0,0.010000
SC,29741,CHESTERFIELD COUNTY,BNTW,0.080000,0.060000,0.010000,0,0.010000
SC,29742,YORK COUNTY,BOGC,0.070000,0.060000,0.000000,0,0.010000
SC,29743,YORK COUNTY,BOGC,0.070000,0.060000,0.000000,0,0.010000
SC,29744,LANCASTER COUNTY,BNZM,0.080000,0.060000,0.010000,0,0.010000
SC,29745,YORK COUNTY,BOGC,0.070000,0.060000,0.000000,0,0.010000
SC,29801,AIKEN COUNTY,BNPI,0.070000,0.060000,0,0,0.010000
SC,29802,AIKEN COUNTY,BNPI,0.070000,0.060000,0,0,0.010000
SC,29803,AIKEN COUNTY,BNPI,0.070000,0.060000,0,0,0.010000
SC,29804,AIKEN COUNTY,BNPI,0.070000,0.060000,0,0,0.010000
SC,29805,AIKEN COUNTY,BNPI,0.070000,0.060000,0,0,0.010000
SC,29808,AIKEN COUNTY,BNPI,0.070000,0.060000,0,0,0.010000
SC,29809,AIKEN COUNTY,BNPI,0.070000,0.060000,0,0,0.010000
SC,29810,ALLENDALE,BNQB,0.080000,0.060000,0.000000,0.010000,0.010000
SC,29812,BARNWELL COUNTY,BNQY,0.070000,0.060000,0.010000,0,0
SC,29813,BARNWELL,BNQZ,0.070000,0.060000,0.000000,0.010000,0
SC,29816,AIKEN COUNTY,BNPI,0.070000,0.060000,0,0,0.010000
SC,29817,BARNWELL COUNTY,BNQY,0.070000,0.060000,0.010000,0,0
SC,29819,SOUTH CAROLINA,BNPB,0.060000,0.060000,0,0,0
SC,29821,MCCORMICK COUNTY,BOBE,0.070000,0.060000,0.010000,0,0
SC,29822,AIKEN COUNTY,BNPI,0.070000,0.060000,0,0,0.010000
SC,29824,EDGEFIELD COUNTY,BNWA,0.070000,0.060000,0.010000,0,0
SC,29826,ELKO,BNRB,0.070000,0.060000,0.000000,0.010000,0
SC,29827,FAIRFAX,BNQC,0.080000,0.060000,0.000000,0.010000,0.010000
SC,29828,AIKEN COUNTY,BNPI,0.070000,0.060000,0,0,0.010000
SC,29829,AIKEN COUNTY,BNPI,0.070000,0.060000,0,0,0.010000
SC,29831,AIKEN COUNTY,BNPI,0.070000,0.060000,0,0,0.010000
SC,29832,EDGEFIELD COUNTY,BNWA,0.070000,0.060000,0.010000,0,0
SC,29834,AIKEN COUNTY,BNPI,0.070000,0.060000,0,0,0.010000
SC,29835,MCCORMICK COUNTY,BOBE,0.070000,0.060000,0.010000,0,0
SC,29836,ALLENDALE COUNTY,BNQA,0.080000,0.060000,0.010000,0,0.010000
SC,29838,MCCORMICK COUNTY,BOBE,0.070000,0.060000,0.010000,0,0
SC,29839,AIKEN COUNTY,BNPI,0.070000,0.060000,0,0,0.010000
SC,29840,MCCORMICK COUNTY,BOBE,0.070000,0.060000,0.010000,0,0
SC,29841,AIKEN COUNTY,BNPI,0.070000,0.060000,0,0,0.010000
SC,29842,AIKEN COUNTY,BNPI,0.070000,0.060000,0,0,0.010000
SC,29843,BAMBERG COUNTY,BNQT,0.080000,0.060000,0.010000,0,0.010000
SC,29844,PARKSVILLE,BOBJ,0.070000,0.060000,0.000000,0.010000,0
SC,29845,MCCORMICK COUNTY,BOBE,0.070000,0.060000,0.010000,0,0
SC,29846,SYCAMORE,BNQE,0.080000,0.060000,0.000000,0.010000,0.010000
SC,29847,EDGEFIELD COUNTY,BNWA,0.070000,0.060000,0.010000,0,0
SC,29848,MCCORMICK COUNTY,BOBE,0.070000,0.060000,0.010000,0,0
SC,29849,ALLENDALE COUNTY,BNQA,0.080000,0.060000,0.010000,0,0.010000
SC,29850,AIKEN COUNTY,BNPI,0.070000,0.060000,0,0,0.010000
SC,29851,AIKEN COUNTY,BNPI,0.070000,0.060000,0,0,0.010000
SC,29853,BARNWELL COUNTY,BNQY,0.070000,0.060000,0.010000,0,0
SC,29856,AIKEN COUNTY,BNPI,0.070000,0.060000,0,0,0.010000
SC,29860,EDGEFIELD COUNTY,BNWA,0.070000,0.060000,0.010000,0,0
SC,29861,AIKEN COUNTY,BNPI,0.070000,0.060000,0,0,0.010000
SC,29899,MCCORMICK,BOBG,0.070000,0.060000,0.000000,0.010000,0
SC,29901,SOUTH CAROLINA,BNPB,0.060000,0.060000,0,0,0
SC,29902,SOUTH CAROLINA,BNPB,0.060000,0.060000,0,0,0
SC,29903,SOUTH CAROLINA,BNPB,0.060000,0.060000,0,0,0
SC,29904,SOUTH CAROLINA,BNPB,0.060000,0.060000,0,0,0
SC,29905,SOUTH CAROLINA,BNPB,0.060000,0.060000,0,0,0
SC,29906,SOUTH CAROLINA,BNPB,0.060000,0.060000,0,0,0
SC,29907,SOUTH CAROLINA,BNPB,0.060000,0.060000,0,0,0
SC,29909,SOUTH CAROLINA,BNPB,0.060000,0.060000,0,0,0
SC,29910,SOUTH CAROLINA,BNPB,0.060000,0.060000,0,0,0
SC,29911,HAMPTON COUNTY,BNXY,0.080000,0.060000,0.010000,0,0.010000
SC,29912,JASPER COUNTY,BNYY,0.080000,0.060000,0.010000,0,0.010000
SC,29913,HAMPTON,BNYH,0.080000,0.060000,0.000000,0.010000,0.010000
SC,29914,SOUTH CAROLINA,BNPB,0.060000,0.060000,0,0,0
SC,29915,SOUTH CAROLINA,BNPB,0.060000,0.060000,0,0,0
SC,29916,HAMPTON COUNTY,BNXY,0.080000,0.060000,0.010000,0,0.010000
SC,29918,HAMPTON COUNTY,BNXY,0.080000,0.060000,0.010000,0,0.010000
SC,29920,SOUTH CAROLINA,BNPB,0.060000,0.060000,0,0,0
SC,29921,FURMAN,BNYE,0.080000,0.060000,0.000000,0.010000,0.010000
SC,29922,HAMPTON COUNTY,BNXY,0.080000,0.060000,0.010000,0,0.010000
SC,29923,GIFFORD,BNYG,0.080000,0.060000,0.000000,0.010000,0.010000
SC,29924,HAMPTON COUNTY,BNXY,0.080000,0.060000,0.010000,0,0.010000
SC,29925,SOUTH CAROLINA,BNPB,0.060000,0.060000,0,0,0
SC,29926,SOUTH CAROLINA,BNPB,0.060000,0.060000,0,0,0
SC,29927,JASPER COUNTY,BNYY,0.080000,0.060000,0.010000,0,0.010000
SC,29928,SOUTH CAROLINA,BNPB,0.060000,0.060000,0,0,0
SC,29929,COLLETON COUNTY,BNUO,0.070000,0.060000,0.010000,0,0
SC,29931,SOUTH CAROLINA,BNPB,0.060000,0.060000,0,0,0
SC,29932,HAMPTON COUNTY,BNXY,0.080000,0.060000,0.010000,0,0.010000
SC,29933,HAMPTON COUNTY,BNXY,0.080000,0.060000,0.010000,0,0.010000
SC,29934,JASPER COUNTY,BNYY,0.080000,0.060000,0.010000,0,0.010000
SC,29935,SOUTH CAROLINA,BNPB,0.060000,0.060000,0,0,0
SC,29936,JASPER COUNTY,BNYY,0.080000,0.060000,0.010000,0,0.010000
SC,29938,SOUTH CAROLINA,BNPB,0.060000,0.060000,0,0,0
SC,29939,SCOTIA,BNYK,0.080000,0.060000,0.000000,0.010000,0.010000
SC,29940,SOUTH CAROLINA,BNPB,0.060000,0.060000,0,0,0
SC,29941,SOUTH CAROLINA,BNPB,0.060000,0.060000,0,0,0
SC,29943,JASPER COUNTY,BNYY,0.080000,0.060000,0.010000,0,0.010000
SC,29944,HAMPTON COUNTY,BNXY,0.080000,0.060000,0.010000,0,0.010000
SC,29945,COLLETON COUNTY,BNUO,0.070000,0.060000,0.010000,0,0
