State,ZipCode,TaxRegionName,TaxRegionCode,CombinedRate,StateRate,CountyRate,CityRate,SpecialRate
LA,70001,JEFFERSON PARISH,AVWS,0.087500,0.040000,0.047500,0,0
LA,70002,JEFFERSON PARISH,AVWS,0.087500,0.040000,0.047500,0,0
LA,70003,JEFFERSON PARISH,AVWS,0.087500,0.040000,0.047500,0,0
LA,70004,JEFFERSON PARISH,AVWS,0.087500,0.040000,0.047500,0,0
LA,70005,JEFFERSON PARISH,AVWS,0.087500,0.040000,0.047500,0,0
LA,70006,JEFFERSON PARISH,AVWS,0.087500,0.040000,0.047500,0,0
LA,70009,JEFFERSON PARISH,AVWS,0.087500,0.040000,0.047500,0,0
LA,70010,JEFFERSON PARISH,AVWS,0.087500,0.040000,0.047500,0,0
LA,70011,JEFFERSON PARISH,AVWS,0.087500,0.040000,0.047500,0,0
LA,70030,SAINT CHARLES PARISH,AWED,0.090000,0.040000,0.050000,0,0
LA,70031,SAINT CHARLES PARISH,AWED,0.090000,0.040000,0.050000,0,0
LA,70032,SAINT BERNARD PARISH,AWDW,0.090000,0.040000,0.050000,0,0
LA,70033,JEFFERSON PARISH,AVWS,0.087500,0.040000,0.047500,0,0
LA,70036,JEFFERSON PARISH,AVWS,0.087500,0.040000,0.047500,0,0
LA,70037,PLAQUEMINES PARISH,AWAR,0.080000,0.040000,0.040000,0,0
LA,70038,PLAQUEMINES PARISH,AWAR,0.080000,0.040000,0.040000,0,0
LA,70039,SAINT CHARLES PARISH,AWED,0.090000,0.040000,0.050000,0,0
LA,70040,PLAQUEMINES PARISH,AWAR,0.080000,0.040000,0.040000,0,0
LA,70041,PLAQUEMINES PARISH,AWAR,0.080000,0.040000,0.040000,0,0
LA,70043,SAINT BERNARD PARISH,AWDW,0.090000,0.040000,0.050000,0,0
LA,70044,SAINT BERNARD PARISH,AWDW,0.090000,0.040000,0.050000,0,0
LA,70047,SAINT CHARLES PARISH,AWED,0.090000,0.040000,0.050000,0,0
LA,70049,ST JOHN THE BAPTIST PARISH,AWFF,0.090000,0.040000,0.050000,0,0
LA,70050,PLAQUEMINES PARISH,AWAR,0.080000,0.040000,0.040000,0,0
LA,70051,ST JOHN THE BAPTIST PARISH,AWFF,0.090000,0.040000,0.050000,0,0
LA,70052,GRAMERCY,AWEY,0.075000,0.040000,0.000000,0.035000,0
LA,70053,JEFFERSON PARISH,AVWS,0.087500,0.040000,0.047500,0,0
LA,70054,JEFFERSON PARISH,AVWS,0.087500,0.040000,0.047500,0,0
LA,70055,JEFFERSON PARISH,AVWS,0.087500,0.040000,0.047500,0,0
LA,70056,JEFFERSON PARISH,AVWS,0.087500,0.040000,0.047500,0,0
LA,70057,SAINT CHARLES PARISH,AWED,0.090000,0.040000,0.050000,0,0
LA,70058,JEFFERSON PARISH,AVWS,0.087500,0.040000,0.047500,0,0
LA,70059,JEFFERSON PARISH,AVWS,0.087500,0.040000,0.047500,0,0
LA,70060,JEFFERSON PARISH,AVWS,0.087500,0.040000,0.047500,0,0
LA,70062,JEFFERSON PARISH,AVWS,0.087500,0.040000,0.047500,0,0
LA,70063,JEFFERSON PARISH,AVWS,0.087500,0.040000,0.047500,0,0
LA,70064,JEFFERSON PARISH,AVWS,0.087500,0.040000,0.047500,0,0
LA,70065,JEFFERSON PARISH,AVWS,0.087500,0.040000,0.047500,0,0
LA,70067,JEFFERSON PARISH,AVWS,0.087500,0.040000,0.047500,0,0
LA,70068,ST JOHN THE BAPTIST PARISH,AWFF,0.090000,0.040000,0.050000,0,0
LA,70069,ST JOHN THE BAPTIST PARISH,AWFF,0.090000,0.040000,0.050000,0,0
LA,70070,SAINT CHARLES PARISH,AWED,0.090000,0.040000,0.050000,0,0
LA,70071,LUTCHER,AWFA,0.075000,0.040000,0.000000,0.035000,0
LA,70072,JEFFERSON PARISH,AVWS,0.087500,0.040000,0.047500,0,0
LA,70073,JEFFERSON PARISH,AVWS,0.087500,0.040000,0.047500,0,0
LA,70075,SAINT BERNARD PARISH,AWDW,0.090000,0.040000,0.050000,0,0
LA,70076,ST JOHN THE BAPTIST PARISH,AWFF,0.090000,0.040000,0.050000,0,0
LA,70078,SAINT CHARLES PARISH,AWED,0.090000,0.040000,0.050000,0,0
LA,70079,SAINT CHARLES PARISH,AWED,0.090000,0.040000,0.050000,0,0
LA,70080,SAINT CHARLES PARISH,AWED,0.090000,0.040000,0.050000,0,0
LA,70081,PLAQUEMINES PARISH,AWAR,0.080000,0.040000,0.040000,0,0
LA,70082,PLAQUEMINES PARISH,AWAR,0.080000,0.040000,0.040000,0,0
LA,70083,PLAQUEMINES PARISH,AWAR,0.080000,0.040000,0.040000,0,0
LA,70084,ST JOHN THE BAPTIST PARISH,AWFF,0.090000,0.040000,0.050000,0,0
LA,70085,SAINT BERNARD PARISH,AWDW,0.090000,0.040000,0.050000,0,0
LA,70086,SAINT JAMES PARISH,AWEV,0.075000,0.040000,0.000000,0,0.035000
LA,70087,SAINT CHARLES PARISH,AWED,0.090000,0.040000,0.050000,0,0
LA,70090,SAINT JAMES PARISH,AWEV,0.075000,0.040000,0.000000,0,0.035000
LA,70091,PLAQUEMINES PARISH,AWAR,0.080000,0.040000,0.040000,0,0
LA,70092,SAINT BERNARD PARISH,AWDW,0.090000,0.040000,0.050000,0,0
LA,70093,PLAQUEMINES PARISH,AWAR,0.080000,0.040000,0.040000,0,0
LA,70094,JEFFERSON PARISH,AVWS,0.087500,0.040000,0.047500,0,0
LA,70096,JEFFERSON PARISH,AVWS,0.087500,0.040000,0.047500,0,0
LA,70097,JEFFERSON PARISH,AVWS,0.087500,0.040000,0.047500,0,0
LA,70112,ORLEANS PARISH,AWAF,0.090000,0.040000,0.050000,0,0
LA,70113,ORLEANS PARISH,AWAF,0.090000,0.040000,0.050000,0,0
LA,70114,ORLEANS PARISH,AWAF,0.090000,0.040000,0.050000,0,0
LA,70115,ORLEANS PARISH,AWAF,0.090000,0.040000,0.050000,0,0
LA,70116,ORLEANS PARISH,AWAF,0.090000,0.040000,0.050000,0,0
LA,70117,ORLEANS PARISH,AWAF,0.090000,0.040000,0.050000,0,0
LA,70118,ORLEANS PARISH,AWAF,0.090000,0.040000,0.050000,0,0
LA,70119,ORLEANS PARISH,AWAF,0.090000,0.040000,0.050000,0,0
LA,70121,JEFFERSON PARISH,AVWS,0.087500,0.040000,0.047500,0,0
LA,70122,ORLEANS PARISH,AWAF,0.090000,0.040000,0.050000,0,0
LA,70123,JEFFERSON PARISH,AVWS,0.087500,0.040000,0.047500,0,0
LA,70124,ORLEANS PARISH,AWAF,0.090000,0.040000,0.050000,0,0
LA,70125,ORLEANS PARISH,AWAF,0.090000,0.040000,0.050000,0,0
LA,70126,ORLEANS PARISH,AWAF,0.090000,0.040000,0.050000,0,0
LA,70127,ORLEANS PARISH,AWAF,0.090000,0.040000,0.050000,0,0
LA,70128,ORLEANS PARISH,AWAF,0.090000,0.040000,0.050000,0,0
LA,70129,ORLEANS PARISH,AWAF,0.090000,0.040000,0.050000,0,0
LA,70130,ORLEANS PARISH,AWAF,0.090000,0.040000,0.050000,0,0
LA,70131,ORLEANS PARISH,AWAF,0.090000,0.040000,0.050000,0,0
LA,70139,ORLEANS PARISH,AWAF,0.090000,0.040000,0.050000,0,0
LA,70141,JEFFERSON PARISH,AVWS,0.087500,0.040000,0.047500,0,0
LA,70142,ORLEANS PARISH,AWAF,0.090000,0.040000,0.050000,0,0
LA,70143,ORLEANS PARISH,AWAF,0.090000,0.040000,0.050000,0,0
LA,70145,ORLEANS PARISH,AWAF,0.090000,0.040000,0.050000,0,0
LA,70146,ORLEANS PARISH,AWAF,0.090000,0.040000,0.050000,0,0
LA,70148,ORLEANS PARISH,AWAF,0.090000,0.040000,0.050000,0,0
LA,70150,ORLEANS PARISH,AWAF,0.090000,0.040000,0.050000,0,0
LA,70151,ORLEANS PARISH,AWAF,0.090000,0.040000,0.050000,0,0
LA,70152,ORLEANS PARISH,AWAF,0.090000,0.040000,0.050000,0,0
LA,70153,ORLEANS PARISH,AWAF,0.090000,0.040000,0.050000,0,0
LA,70154,ORLEANS PARISH,AWAF,0.090000,0.040000,0.050000,0,0
LA,70156,ORLEANS PARISH,AWAF,0.090000,0.040000,0.050000,0,0
LA,70157,ORLEANS PARISH,AWAF,0.090000,0.040000,0.050000,0,0
LA,70158,ORLEANS PARISH,AWAF,0.090000,0.040000,0.050000,0,0
LA,70159,ORLEANS PARISH,AWAF,0.090000,0.040000,0.050000,0,0
LA,70160,ORLEANS PARISH,AWAF,0.090000,0.040000,0.050000,0,0
LA,70161,ORLEANS PARISH,AWAF,0.090000,0.040000,0.050000,0,0
LA,70162,ORLEANS PARISH,AWAF,0.090000,0.040000,0.050000,0,0
LA,70163,ORLEANS PARISH,AWAF,0.090000,0.040000,0.050000,0,0
LA,70164,ORLEANS PARISH,AWAF,0.090000,0.040000,0.050000,0,0
LA,70165,ORLEANS PARISH,AWAF,0.090000,0.040000,0.050000,0,0
LA,70166,ORLEANS PARISH,AWAF,0.090000,0.040000,0.050000,0,0
LA,70167,ORLEANS PARISH,AWAF,0.090000,0.040000,0.050000,0,0
LA,70170,ORLEANS PARISH,AWAF,0.090000,0.040000,0.050000,0,0
LA,70172,ORLEANS PARISH,AWAF,0.090000,0.040000,0.050000,0,0
LA,70174,ORLEANS PARISH,AWAF,0.090000,0.040000,0.050000,0,0
LA,70175,ORLEANS PARISH,AWAF,0.090000,0.040000,0.050000,0,0
LA,70176,ORLEANS PARISH,AWAF,0.090000,0.040000,0.050000,0,0
LA,70177,ORLEANS PARISH,AWAF,0.090000,0.040000,0.050000,0,0
LA,70178,ORLEANS PARISH,AWAF,0.090000,0.040000,0.050000,0,0
LA,70179,ORLEANS PARISH,AWAF,0.090000,0.040000,0.050000,0,0
LA,70181,ORLEANS PARISH,AWAF,0.090000,0.040000,0.050000,0,0
LA,70182,ORLEANS PARISH,AWAF,0.090000,0.040000,0.050000,0,0
LA,70183,JEFFERSON PARISH,AVWS,0.087500,0.040000,0.047500,0,0
LA,70184,ORLEANS PARISH,AWAF,0.090000,0.040000,0.050000,0,0
LA,70185,ORLEANS PARISH,AWAF,0.090000,0.040000,0.050000,0,0
LA,70186,ORLEANS PARISH,AWAF,0.090000,0.040000,0.050000,0,0
LA,70187,ORLEANS PARISH,AWAF,0.090000,0.040000,0.050000,0,0
LA,70189,ORLEANS PARISH,AWAF,0.090000,0.040000,0.050000,0,0
LA,70190,ORLEANS PARISH,AWAF,0.090000,0.040000,0.050000,0,0
LA,70195,ORLEANS PARISH,AWAF,0.090000,0.040000,0.050000,0,0
LA,70301,THIBODAUX,AVYH,0.082000,0.040000,0.000000,0.042000,0
LA,70302,THIBODAUX,AVYH,0.082000,0.040000,0.000000,0.042000,0
LA,70310,THIBODAUX,AVYH,0.082000,0.040000,0.000000,0.042000,0
LA,70339,ASSUMPTION PARISH,AVOM,0.090000,0.040000,0.000000,0,0.050000
LA,70340,ST. MARY PARISH / WARDS 6,9 UNINC.,EHUU,0.080000,0.040000,0.000000,0,0.040000
LA,70341,ASSUMPTION PARISH,AVOM,0.090000,0.040000,0.000000,0,0.050000
LA,70342,ST. MARY PARISH / WARDS 5 AND 8,EHUV,0.080000,0.040000,0.000000,0,0.040000
LA,70343,TERREBONNE PARISH,AWIG,0.090000,0.040000,0.050000,0,0
LA,70344,TERREBONNE PARISH,AWIG,0.090000,0.040000,0.050000,0,0
LA,70345,LAFOURCHE PA DIST2 SOUTH,EFLM,0.094000,0.040000,0.000000,0,0.054000
LA,70346,DONALDSONVILLE,AVOD,0.090000,0.040000,0.000000,0.050000,0
LA,70352,TERREBONNE PARISH,AWIG,0.090000,0.040000,0.050000,0,0
LA,70353,TERREBONNE PARISH,AWIG,0.090000,0.040000,0.050000,0,0
LA,70354,LAFOURCHE PA DIST2 SOUTH,EFLM,0.094000,0.040000,0.000000,0,0.054000
LA,70355,LAFOURCHE PA REMAINDER,EIMG,0.089000,0.040000,0.000000,0,0.049000
LA,70356,TERREBONNE PARISH,AWIG,0.090000,0.040000,0.050000,0,0
LA,70357,GOLDEN MEADOW,AVXZ,0.094000,0.040000,0.000000,0.054000,0
LA,70358,JEFFERSON PARISH,AVWS,0.087500,0.040000,0.047500,0,0
LA,70359,TERREBONNE PARISH,AWIG,0.090000,0.040000,0.050000,0,0
LA,70360,TERREBONNE PARISH,AWIG,0.090000,0.040000,0.050000,0,0
LA,70361,TERREBONNE PARISH,AWIG,0.090000,0.040000,0.050000,0,0
LA,70363,TERREBONNE PARISH,AWIG,0.090000,0.040000,0.050000,0,0
LA,70364,TERREBONNE PARISH,AWIG,0.090000,0.040000,0.050000,0,0
LA,70371,LAFOURCHE PA REMAINDER,EIMG,0.089000,0.040000,0.000000,0,0.049000
LA,70372,ASSUMPTION PARISH,AVOM,0.090000,0.040000,0.000000,0,0.050000
LA,70373,LAFOURCHE PA DIST2 SOUTH,EFLM,0.094000,0.040000,0.000000,0,0.054000
LA,70374,LOCKPORT,AVYD,0.089000,0.040000,0.000000,0.049000,0
LA,70375,LAFOURCHE PA REMAINDER,EIMG,0.089000,0.040000,0.000000,0,0.049000
LA,70377,TERREBONNE PARISH,AWIG,0.090000,0.040000,0.050000,0,0
LA,70380,MORGAN,AWGV,0.083000,0.040000,0.000000,0.043000,0
LA,70381,MORGAN,AWGV,0.083000,0.040000,0.000000,0.043000,0
LA,70390,ASSUMPTION PARISH,AVOM,0.090000,0.040000,0.000000,0,0.050000
LA,70391,ASSUMPTION PARISH,AVOM,0.090000,0.040000,0.000000,0,0.050000
LA,70392,ST. MARY PARISH / WARDS 5 AND 8,EHUV,0.080000,0.040000,0.000000,0,0.040000
LA,70393,ASSUMPTION PARISH,AVOM,0.090000,0.040000,0.000000,0,0.050000
LA,70394,LAFOURCHE PA REMAINDER,EIMG,0.089000,0.040000,0.000000,0,0.049000
LA,70395,TERREBONNE PARISH,AWIG,0.090000,0.040000,0.050000,0,0
LA,70397,TERREBONNE PARISH,AWIG,0.090000,0.040000,0.050000,0,0
LA,70401,HAMMOND,AWHQ,0.090000,0.040000,0.010000,0.020000,0.020000
LA,70402,HAMMOND,AWHQ,0.090000,0.040000,0.010000,0.020000,0.020000
LA,70403,TANGIPAHOA PARISH,AWHL,0.070000,0.040000,0.010000,0,0.020000
LA,70404,HAMMOND,AWHQ,0.090000,0.040000,0.010000,0.020000,0.020000
LA,70420,SAINT TAMMANY PA DIST 3,EIDW,0.087500,0.040000,0.000000,0,0.047500
LA,70421,TANGIPAHOA PARISH,AWHL,0.070000,0.040000,0.010000,0,0.020000
LA,70422,TANGIPAHOA PARISH,AWHL,0.070000,0.040000,0.010000,0,0.020000
LA,70426,WASHINGTON PARISH,AWKA,0.088300,0.040000,0.000000,0,0.048300
LA,70427,BOGALUSA,AWKD,0.094930,0.040000,0.000000,0.054930,0
LA,70429,BOGALUSA,AWKD,0.094930,0.040000,0.000000,0.054930,0
LA,70431,SAINT TAMMANY PA DIST 3,EIDW,0.087500,0.040000,0.000000,0,0.047500
LA,70433,COVINGTON,AWHB,0.087500,0.040000,0.000000,0.047500,0
LA,70434,COVINGTON,AWHB,0.087500,0.040000,0.000000,0.047500,0
LA,70435,SAINT TAMMANY PA DIST 3,EIDW,0.087500,0.040000,0.000000,0,0.047500
LA,70436,TANGIPAHOA FIRE DISTRICT #1,EHUS,0.075000,0.040000,0.010000,0,0.025000
LA,70437,SAINT TAMMANY PA DIST 3,EIDW,0.087500,0.040000,0.000000,0,0.047500
LA,70438,WASHINGTON PARISH,AWKA,0.088300,0.040000,0.000000,0,0.048300
LA,70441,SAINT HELENA PARISH,AWEQ,0.090000,0.040000,0.050000,0,0
LA,70442,TANGIPAHOA PARISH,AWHL,0.070000,0.040000,0.010000,0,0.020000
LA,70443,TANGIPAHOA PARISH,AWHL,0.070000,0.040000,0.010000,0,0.020000
LA,70444,TANGIPAHOA PARISH,AWHL,0.070000,0.040000,0.010000,0,0.020000
LA,70445,SAINT TAMMANY PA DIST 3,EIDW,0.087500,0.040000,0.000000,0,0.047500
LA,70446,TANGIPAHOA PARISH,AWHL,0.070000,0.040000,0.010000,0,0.020000
LA,70447,SAINT TAMMANY PA DIST 3,EIDW,0.087500,0.040000,0.000000,0,0.047500
LA,70448,SAINT TAMMANY PA DIST 3,EIDW,0.087500,0.040000,0.000000,0,0.047500
LA,70449,SCHOOL TAX DIST 33,EDVG,0.090000,0.040000,0.000000,0,0.050000
LA,70450,WASHINGTON PARISH,AWKA,0.088300,0.040000,0.000000,0,0.048300
LA,70451,TANGIPAHOA PARISH,AWHL,0.070000,0.040000,0.010000,0,0.020000
LA,70452,SAINT TAMMANY PA DIST 3,EIDW,0.087500,0.040000,0.000000,0,0.047500
LA,70453,SAINT HELENA PARISH,AWEQ,0.090000,0.040000,0.050000,0,0
LA,70454,TANGIPAHOA PARISH,AWHL,0.070000,0.040000,0.010000,0,0.020000
LA,70455,TANGIPAHOA PARISH,AWHL,0.070000,0.040000,0.010000,0,0.020000
LA,70456,TANGIPAHOA FIRE DISTRICT #1,EHUS,0.075000,0.040000,0.010000,0,0.025000
LA,70457,SAINT TAMMANY PA DIST 3,EIDW,0.087500,0.040000,0.000000,0,0.047500
LA,70458,SLIDELL,AWHH,0.087500,0.040000,0.000000,0.047500,0
LA,70459,SLIDELL,AWHH,0.087500,0.040000,0.000000,0.047500,0
LA,70460,SAINT TAMMANY PA DIST 3,EIDW,0.087500,0.040000,0.000000,0,0.047500
LA,70461,SAINT TAMMANY PA DIST 3,EIDW,0.087500,0.040000,0.000000,0,0.047500
LA,70462,LIVINGSTON PARISH,AVYQ,0.080000,0.040000,0.000000,0,0.040000
LA,70463,SUN,AWHI,0.092500,0.040000,0.000000,0.052500,0
LA,70464,SAINT TAMMANY PA DIST 3,EIDW,0.087500,0.040000,0.000000,0,0.047500
LA,70465,TANGIPAHOA,AWHZ,0.090000,0.040000,0.010000,0.020000,0.020000
LA,70466,TANGIPAHOA PARISH,AWHL,0.070000,0.040000,0.010000,0,0.020000
LA,70467,ANGIE,AWKC,0.088300,0.040000,0.000000,0.048300,0
LA,70469,SLIDELL,AWHH,0.087500,0.040000,0.000000,0.047500,0
LA,70470,MANDEVILLE,AWHF,0.092500,0.040000,0.000000,0.052500,0
LA,70471,SAINT TAMMANY PA DIST 3,EIDW,0.087500,0.040000,0.000000,0,0.047500
LA,70501,LAFAYETTE,AVXR,0.080000,0.040000,0.000000,0.040000,0
LA,70502,LAFAYETTE,AVXR,0.080000,0.040000,0.000000,0.040000,0
LA,70503,LAFAYETTE,AVXR,0.080000,0.040000,0.000000,0.040000,0
LA,70504,LAFAYETTE,AVXR,0.080000,0.040000,0.000000,0.040000,0
LA,70505,LAFAYETTE,AVXR,0.080000,0.040000,0.000000,0.040000,0
LA,70506,LAFAYETTE,AVXR,0.080000,0.040000,0.000000,0.040000,0
LA,70507,LAFAYETTE,AVXR,0.080000,0.040000,0.000000,0.040000,0
LA,70508,LAFAYETTE,AVXR,0.080000,0.040000,0.000000,0.040000,0
LA,70509,LAFAYETTE,AVXR,0.080000,0.040000,0.000000,0.040000,0
LA,70510,ABBEVILLE,AWJE,0.095000,0.040000,0.000000,0.055000,0
LA,70511,ABBEVILLE,AWJE,0.095000,0.040000,0.000000,0.055000,0
LA,70512,SAINT LANDRY PARISH,AWFM,0.095500,0.040000,0.000000,0,0.055500
LA,70513,IBERIA PARISH,AVVH,0.072500,0.040000,0.000000,0,0.032500
LA,70514,ST. MARY PARISH / WARDS 1,2,3,4,7,10,EHUT,0.080000,0.040000,0.000000,0,0.040000
LA,70515,ACADIA PARISH,AVNC,0.082500,0.040000,0.000000,0,0.042500
LA,70516,ACADIA PARISH,AVNC,0.082500,0.040000,0.000000,0,0.042500
LA,70517,SAINT MARTIN PA DIST 1,EIDU,0.075000,0.040000,0.000000,0,0.035000
LA,70518,ST. MARTIN PARISH / DISTRICT NO. 2,EDSY,0.075000,0.040000,0.000000,0,0.035000
LA,70519,ST. MARTIN PARISH / DISTRICT NO. 2,EDSY,0.075000,0.040000,0.000000,0,0.035000
LA,70520,LAFAYETTE PARISH,AVXM,0.080000,0.040000,0.000000,0,0.040000
LA,70521,SAINT MARTIN PA DIST 1,EIDU,0.075000,0.040000,0.000000,0,0.035000
LA,70522,ST. MARY PARISH / WARDS 1,2,3,4,7,10,EHUT,0.080000,0.040000,0.000000,0,0.040000
LA,70523,ST. MARY PARISH / WARDS 1,2,3,4,7,10,EHUT,0.080000,0.040000,0.000000,0,0.040000
LA,70524,CHATAIGNIER,AVUH,0.090000,0.040000,0.000000,0.050000,0
LA,70525,ACADIA PARISH,AVNC,0.082500,0.040000,0.000000,0,0.042500
LA,70526,CROWLEY,AVNG,0.095000,0.040000,0.000000,0.055000,0.000000
LA,70527,CROWLEY,AVNG,0.095000,0.040000,0.000000,0.055000,0.000000
LA,70528,DELCAMBRE (VERMILION CO),AWJF,0.092500,0.040000,0.000000,0.052500,0
LA,70529,LAFAYETTE PARISH,AVXM,0.080000,0.040000,0.000000,0,0.040000
LA,70531,ACADIA PARISH,AVNC,0.082500,0.040000,0.000000,0,0.042500
LA,70532,JEFFERSON DAVIS PA REMAIN,EIDC,0.090000,0.040000,0.000000,0,0.050000
LA,70533,VERMILLON PARISH / ABBEVILLE HOSPITAL #2,EGIJ,0.082500,0.040000,0.000000,0,0.042500
LA,70534,ESTHERWOOD,AVNH,0.082500,0.040000,0.000000,0.042500,0.000000
LA,70535,EUNICE (ST. LANDRY CO),AWFQ,0.097500,0.040000,0.000000,0.057500,0
LA,70537,ACADIA PARISH,AVNC,0.082500,0.040000,0.000000,0,0.042500
LA,70538,ST. MARY PARISH / WARDS 1,2,3,4,7,10,EHUT,0.080000,0.040000,0.000000,0,0.040000
LA,70540,ST. MARY PARISH / WARDS 1,2,3,4,7,10,EHUT,0.080000,0.040000,0.000000,0,0.040000
LA,70541,GRAND COTEAU,AWFR,0.095500,0.040000,0.000000,0.055500,0
LA,70542,VERMILION PARISH,AWJC,0.077500,0.040000,0.000000,0,0.037500
LA,70543,ACADIA PARISH,AVNC,0.082500,0.040000,0.000000,0,0.042500
LA,70544,JEANERETTE,AVVL,0.085000,0.040000,0.000000,0.045000,0
LA,70546,JENNINGS,AVWN,0.095000,0.040000,0.000000,0.055000,0
LA,70548,VERMILLON PARISH / KAPLAN HOSPITAL #1,EFVG,0.087500,0.040000,0.000000,0,0.047500
LA,70549,LAKE ARTHUR,AVWO,0.095000,0.040000,0.000000,0.055000,0
LA,70550,SAINT LANDRY PARISH,AWFM,0.095500,0.040000,0.000000,0,0.055500
LA,70551,LEONVILLE,AWFV,0.075500,0.040000,0.000000,0.035500,0
LA,70552,IBERIA PARISH,AVVH,0.072500,0.040000,0.000000,0,0.032500
LA,70554,MAMOU,AVUI,0.090000,0.040000,0.000000,0.050000,0
LA,70555,VERMILLON PARISH / ABBEVILLE HOSPITAL #2,EGIJ,0.082500,0.040000,0.000000,0,0.042500
LA,70556,MERMENTAU,AVNM,0.082500,0.040000,0.000000,0.042500,0.000000
LA,70558,LAFAYETTE PARISH,AVXM,0.080000,0.040000,0.000000,0,0.040000
LA,70559,ACADIA PARISH,AVNC,0.082500,0.040000,0.000000,0,0.042500
LA,70560,NEW IBERIA,AVVO,0.085000,0.040000,0.000000,0.045000,0
LA,70562,NEW IBERIA,AVVO,0.085000,0.040000,0.000000,0.045000,0
LA,70563,IBERIA PARISH,AVVH,0.072500,0.040000,0.000000,0,0.032500
LA,70569,IBERIA PARISH,AVVH,0.072500,0.040000,0.000000,0,0.032500
LA,70570,OPELOUSAS,AWFY,0.097500,0.040000,0.000000,0.057500,0
LA,70571,OPELOUSAS,AWFY,0.097500,0.040000,0.000000,0.057500,0
LA,70575,VERMILLON PARISH / ABBEVILLE HOSPITAL #2,EGIJ,0.082500,0.040000,0.000000,0,0.042500
LA,70576,PINE PRAIRIE,AVUJ,0.090000,0.040000,0.000000,0.050000,0
LA,70577,SAINT LANDRY PARISH,AWFM,0.095500,0.040000,0.000000,0,0.055500
LA,70578,RAYNE,AVNO,0.090000,0.040000,0.000000,0.050000,0.000000
LA,70580,EVANGELINE PARISH,AVUE,0.090000,0.040000,0.000000,0,0.050000
LA,70581,JEFFERSON DAVIS PA REMAIN,EIDC,0.090000,0.040000,0.000000,0,0.050000
LA,70582,ST. MARTINVILLE,AWGL,0.085000,0.040000,0.000000,0.045000,0
LA,70583,SCOTT,AVXU,0.080000,0.040000,0.000000,0.040000,0
LA,70584,SAINT LANDRY PARISH,AWFM,0.095500,0.040000,0.000000,0,0.055500
LA,70585,TURKEY CREEK,AVUM,0.090000,0.040000,0.000000,0.050000,0
LA,70586,EVANGELINE PARISH,AVUE,0.090000,0.040000,0.000000,0,0.050000
LA,70589,SAINT LANDRY PARISH,AWFM,0.095500,0.040000,0.000000,0,0.055500
LA,70591,WELSH,AVWR,0.090000,0.040000,0.000000,0.050000,0
LA,70592,LAFAYETTE PARISH,AVXM,0.080000,0.040000,0.000000,0,0.040000
LA,70593,LAFAYETTE,AVXR,0.080000,0.040000,0.000000,0.040000,0
LA,70596,LAFAYETTE,AVXR,0.080000,0.040000,0.000000,0.040000,0
LA,70598,LAFAYETTE,AVXR,0.080000,0.040000,0.000000,0.040000,0
LA,70601,LAKE CHARLES,AVRK,0.090000,0.040000,0.000000,0.050000,0
LA,70602,LAKE CHARLES,AVRK,0.090000,0.040000,0.000000,0.050000,0
LA,70605,LAKE CHARLES,AVRK,0.090000,0.040000,0.000000,0.050000,0
LA,70606,LAKE CHARLES,AVRK,0.090000,0.040000,0.000000,0.050000,0
LA,70607,LAKE CHARLES,AVRK,0.090000,0.040000,0.000000,0.050000,0
LA,70609,LAKE CHARLES,AVRK,0.090000,0.040000,0.000000,0.050000,0
LA,70611,CALCASIEU PA INSIDE WARD 1,AVRE,0.092500,0.040000,0.000000,0,0.052500
LA,70612,CALCASIEU PA INSIDE WARD 1,AVRE,0.092500,0.040000,0.000000,0,0.052500
LA,70615,CALCASIEU PARISH/WARD 1,EDRX,0.092500,0.040000,0.000000,0,0.052500
LA,70616,LAKE CHARLES,AVRK,0.090000,0.040000,0.000000,0.050000,0
LA,70629,LAKE CHARLES,AVRK,0.090000,0.040000,0.000000,0.050000,0
LA,70630,CALCASIEU PARISH/WARD 1,EDRX,0.092500,0.040000,0.000000,0,0.052500
LA,70631,CAMERON PARISH,AVRV,0.040000,0.040000,0.000000,0,0
LA,70632,CAMERON PARISH,AVRV,0.040000,0.040000,0.000000,0,0
LA,70633,DEQUINCY,AVRH,0.092500,0.040000,0.000000,0.052500,0
LA,70634,DERIDDER,AVPN,0.090000,0.040000,0.000000,0.050000,0
LA,70637,BEAUREGARD PARISH,AVPL,0.087500,0.040000,0.000000,0,0.047500
LA,70638,ELIZABETH,AVNR,0.100000,0.040000,0.000000,0.060000,0
LA,70639,VERNON PARISH,AWJL,0.080000,0.040000,0.000000,0,0.040000
LA,70640,FENTON,AVWM,0.090000,0.040000,0.000000,0.050000,0
LA,70643,CAMERON PARISH,AVRV,0.040000,0.040000,0.000000,0,0
LA,70644,ALLEN PARISH,AVNP,0.087000,0.040000,0.000000,0,0.047000
LA,70645,CAMERON PARISH,AVRV,0.040000,0.040000,0.000000,0,0
LA,70646,CALCASIEU PARISH/WARD 1,EDRX,0.092500,0.040000,0.000000,0,0.052500
LA,70647,CALCASIEU PARISH/WARD 1,EDRX,0.092500,0.040000,0.000000,0,0.052500
LA,70648,ALLEN PARISH,AVNP,0.087000,0.040000,0.000000,0,0.047000
LA,70650,JEFFERSON DAVIS PA REMAIN,EIDC,0.090000,0.040000,0.000000,0,0.050000
LA,70651,ALLEN PARISH,AVNP,0.087000,0.040000,0.000000,0,0.047000
LA,70652,BEAUREGARD PARISH,AVPL,0.087500,0.040000,0.000000,0,0.047500
LA,70653,BEAUREGARD PARISH,AVPL,0.087500,0.040000,0.000000,0,0.047500
LA,70654,ALLEN PARISH,AVNP,0.087000,0.040000,0.000000,0,0.047000
LA,70655,ALLEN PARISH,AVNP,0.087000,0.040000,0.000000,0,0.047000
LA,70656,VERNON PARISH,AWJL,0.080000,0.040000,0.000000,0,0.040000
LA,70657,BEAUREGARD PARISH,AVPL,0.087500,0.040000,0.000000,0,0.047500
LA,70658,ALLEN PARISH,AVNP,0.087000,0.040000,0.000000,0,0.047000
LA,70659,ROSEPINE,AWJX,0.095000,0.040000,0.000000,0.055000,0
LA,70660,BEAUREGARD PARISH,AVPL,0.087500,0.040000,0.000000,0,0.047500
LA,70661,CALCASIEU PARISH/WARD 1,EDRX,0.092500,0.040000,0.000000,0,0.052500
LA,70662,BEAUREGARD PARISH,AVPL,0.087500,0.040000,0.000000,0,0.047500
LA,70663,SULPHUR,AVRL,0.092500,0.040000,0.000000,0.052500,0
LA,70664,SULPHUR,AVRL,0.092500,0.040000,0.000000,0.052500,0
LA,70665,CALCASIEU PARISH/WARD 1,EDRX,0.092500,0.040000,0.000000,0,0.052500
LA,70668,CALCASIEU PARISH/WARD 1,EDRX,0.092500,0.040000,0.000000,0,0.052500
LA,70669,CALCASIEU PARISH/WARD 1,EDRX,0.092500,0.040000,0.000000,0,0.052500
LA,70704,BAKER / BAKER SCHOOL DISTRICT,AVTM,0.095000,0.040000,0.000000,0.055000,0
LA,70706,SCHOOL DISTRICT TAX #22,EFJG,0.095000,0.040000,0.000000,0,0.055000
LA,70707,GONZALES,AVOG,0.085000,0.040000,0.000000,0.045000,0
LA,70710,WEST BATON ROUGE PARISH,AWKU,0.090000,0.040000,0.000000,0,0.050000
LA,70711,LIVINGSTON PARISH,AVYQ,0.080000,0.040000,0.000000,0,0.040000
LA,70712,WEST FELICIANA PARISH,AWLI,0.090000,0.040000,0.000000,0,0.050000
LA,70714,BAKER / BAKER SCHOOL DISTRICT,AVTM,0.095000,0.040000,0.000000,0.055000,0
LA,70715,POINTE COUPEE PARISH,AWBF,0.080000,0.040000,0.020000,0,0.020000
LA,70718,GONZALES,AVOG,0.085000,0.040000,0.000000,0.045000,0
LA,70719,WEST BATON ROUGE PARISH,AWKU,0.090000,0.040000,0.000000,0,0.050000
LA,70721,ST. GABRIEL,AVVX,0.096660,0.040000,0.000000,0.056660,0
LA,70722,EAST FELICIANA PARISH,AVTW,0.090000,0.040000,0.050000,0,0
LA,70723,SAINT JAMES PARISH,AWEV,0.075000,0.040000,0.000000,0,0.035000
LA,70725,ASCENSION PARISH,AVNZ,0.085000,0.040000,0.000000,0,0.045000
LA,70726,LIVINGSTON PARISH / WARD 2  DRAINAGE #1,DGIL,0.085000,0.040000,0.000000,0,0.045000
LA,70727,DENHAM SPRINGS,BNRQ,0.095000,0.040000,0.000000,0.055000,0
LA,70728,ASCENSION PARISH,AVNZ,0.085000,0.040000,0.000000,0,0.045000
LA,70729,WEST BATON ROUGE PARISH,AWKU,0.090000,0.040000,0.000000,0,0.050000
LA,70730,EAST FELICIANA PARISH,AVTW,0.090000,0.040000,0.050000,0,0
LA,70732,FORDOCHE,AWBJ,0.090000,0.040000,0.020000,0.010000,0.020000
LA,70733,LIVINGSTON PARISH,AVYQ,0.080000,0.040000,0.000000,0,0.040000
LA,70734,ASCENSION PARISH,AVNZ,0.085000,0.040000,0.000000,0,0.045000
LA,70736,POINTE COUPEE PARISH,AWBF,0.080000,0.040000,0.020000,0,0.020000
LA,70737,ASCENSION PARISH,AVNZ,0.085000,0.040000,0.000000,0,0.045000
LA,70738,ASCENSION PARISH,AVNZ,0.085000,0.040000,0.000000,0,0.045000
LA,70739,CENTRAL,EEOS,0.095000,0.040000,0.000000,0.055000,0
LA,70740,IBERVILLE PARISH,AVVP,0.090000,0.040000,0.000000,0,0.050000
LA,70743,SAINT JAMES PARISH,AWEV,0.075000,0.040000,0.000000,0,0.035000
LA,70744,LIVINGSTON PARISH,AVYQ,0.080000,0.040000,0.000000,0,0.040000
LA,70747,POINTE COUPEE PARISH,AWBF,0.080000,0.040000,0.020000,0,0.020000
LA,70748,EAST FELICIANA PARISH,AVTW,0.090000,0.040000,0.050000,0,0
LA,70749,POINTE COUPEE PARISH,AWBF,0.080000,0.040000,0.020000,0,0.020000
LA,70750,SAINT LANDRY PARISH,AWFM,0.095500,0.040000,0.000000,0,0.055500
LA,70752,POINTE COUPEE PARISH,AWBF,0.080000,0.040000,0.020000,0,0.020000
LA,70753,POINTE COUPEE PARISH,AWBF,0.080000,0.040000,0.020000,0,0.020000
LA,70754,LIVINGSTON PARISH,AVYQ,0.080000,0.040000,0.000000,0,0.040000
LA,70755,LIVONIA,AWBN,0.090000,0.040000,0.020000,0.010000,0.020000
LA,70756,POINTE COUPEE PARISH,AWBF,0.080000,0.040000,0.020000,0,0.020000
LA,70757,IBERVILLE PARISH,AVVP,0.090000,0.040000,0.000000,0,0.050000
LA,70759,POINTE COUPEE PARISH,AWBF,0.080000,0.040000,0.020000,0,0.020000
LA,70760,NEW ROADS,AWBT,0.090000,0.040000,0.020000,0.010000,0.020000
LA,70761,EAST FELICIANA PARISH,AVTW,0.090000,0.040000,0.050000,0,0
LA,70762,POINTE COUPEE PARISH,AWBF,0.080000,0.040000,0.020000,0,0.020000
LA,70763,SAINT JAMES PARISH,AWEV,0.075000,0.040000,0.000000,0,0.035000
LA,70764,IBERVILLE PARISH,AVVP,0.090000,0.040000,0.000000,0,0.050000
LA,70765,IBERVILLE PARISH,AVVP,0.090000,0.040000,0.000000,0,0.050000
LA,70767,WEST BATON ROUGE PARISH,AWKU,0.090000,0.040000,0.000000,0,0.050000
LA,70769,ASCENSION PARISH,AVNZ,0.085000,0.040000,0.000000,0,0.045000
LA,70770,EAST BATON ROUGE PAR / ZACHARY SD,EEOP,0.090000,0.040000,0.000000,0,0.050000
LA,70772,IBERVILLE PARISH,AVVP,0.090000,0.040000,0.000000,0,0.050000
LA,70773,POINTE COUPEE PARISH,AWBF,0.080000,0.040000,0.020000,0,0.020000
LA,70774,ASCENSION PARISH,AVNZ,0.085000,0.040000,0.000000,0,0.045000
LA,70775,WEST FELICIANA PARISH,AWLI,0.090000,0.040000,0.000000,0,0.050000
LA,70776,ST. GABRIEL,AVVX,0.096660,0.040000,0.000000,0.056660,0
LA,70777,EAST FELICIANA PARISH,AVTW,0.090000,0.040000,0.050000,0,0
LA,70778,SORRENTO,AVOK,0.085000,0.040000,0.000000,0.045000,0
LA,70780,ST. GABRIEL,AVVX,0.096660,0.040000,0.000000,0.056660,0
LA,70782,WEST FELICIANA PARISH,AWLI,0.090000,0.040000,0.000000,0,0.050000
LA,70783,POINTE COUPEE PARISH,AWBF,0.080000,0.040000,0.020000,0,0.020000
LA,70784,WEST FELICIANA PARISH,AWLI,0.090000,0.040000,0.000000,0,0.050000
LA,70785,WALKER,AVYZ,0.095000,0.040000,0.000000,0.055000,0
LA,70786,SCHOOL DISTRICT TAX #22,EFJG,0.095000,0.040000,0.000000,0,0.055000
LA,70787,WEST FELICIANA PARISH,AWLI,0.090000,0.040000,0.000000,0,0.050000
LA,70788,IBERVILLE PARISH,AVVP,0.090000,0.040000,0.000000,0,0.050000
LA,70789,EAST FELICIANA PARISH,AVTW,0.090000,0.040000,0.050000,0,0
LA,70791,ZACHARY,AVTQ,0.090000,0.040000,0.000000,0.050000,0
LA,70792,SAINT JAMES PARISH,AWEV,0.075000,0.040000,0.000000,0,0.035000
LA,70801,BATON ROUGE,AVTN,0.090000,0.040000,0.000000,0.050000,0
LA,70802,BATON ROUGE,AVTN,0.090000,0.040000,0.000000,0.050000,0
LA,70803,BATON ROUGE,AVTN,0.090000,0.040000,0.000000,0.050000,0
LA,70804,BATON ROUGE,AVTN,0.090000,0.040000,0.000000,0.050000,0
LA,70805,BATON ROUGE,AVTN,0.090000,0.040000,0.000000,0.050000,0
LA,70806,BATON ROUGE,AVTN,0.090000,0.040000,0.000000,0.050000,0
LA,70807,BATON ROUGE,AVTN,0.090000,0.040000,0.000000,0.050000,0
LA,70808,BATON ROUGE,AVTN,0.090000,0.040000,0.000000,0.050000,0
LA,70809,EAST BATON ROUGE PAR / ZACHARY SD,EEOP,0.090000,0.040000,0.000000,0,0.050000
LA,70810,EAST BATON ROUGE PAR / ZACHARY SD,EEOP,0.090000,0.040000,0.000000,0,0.050000
LA,70811,EAST BATON ROUGE PAR / ZACHARY SD,EEOP,0.090000,0.040000,0.000000,0,0.050000
LA,70812,EAST BATON ROUGE PAR / ZACHARY SD,EEOP,0.090000,0.040000,0.000000,0,0.050000
LA,70814,BATON ROUGE,AVTN,0.090000,0.040000,0.000000,0.050000,0
LA,70815,BATON ROUGE,AVTN,0.090000,0.040000,0.000000,0.050000,0
LA,70816,BATON ROUGE,AVTN,0.090000,0.040000,0.000000,0.050000,0
LA,70817,EAST BATON ROUGE PAR / ZACHARY SD,EEOP,0.090000,0.040000,0.000000,0,0.050000
LA,70818,CENTRAL,EEOS,0.095000,0.040000,0.000000,0.055000,0
LA,70819,EAST BATON ROUGE PAR / ZACHARY SD,EEOP,0.090000,0.040000,0.000000,0,0.050000
LA,70820,BATON ROUGE,AVTN,0.090000,0.040000,0.000000,0.050000,0
LA,70821,BATON ROUGE,AVTN,0.090000,0.040000,0.000000,0.050000,0
LA,70822,BATON ROUGE,AVTN,0.090000,0.040000,0.000000,0.050000,0
LA,70825,BATON ROUGE,AVTN,0.090000,0.040000,0.000000,0.050000,0
LA,70826,EAST BATON ROUGE PAR / ZACHARY SD,EEOP,0.090000,0.040000,0.000000,0,0.050000
LA,70827,EAST BATON ROUGE PAR / ZACHARY SD,EEOP,0.090000,0.040000,0.000000,0,0.050000
LA,70831,BATON ROUGE,AVTN,0.090000,0.040000,0.000000,0.050000,0
LA,70833,EAST BATON ROUGE PAR / ZACHARY SD,EEOP,0.090000,0.040000,0.000000,0,0.050000
LA,70835,BATON ROUGE,AVTN,0.090000,0.040000,0.000000,0.050000,0
LA,70836,EAST BATON ROUGE PAR / ZACHARY SD,EEOP,0.090000,0.040000,0.000000,0,0.050000
LA,70837,CENTRAL,EEOS,0.095000,0.040000,0.000000,0.055000,0
LA,70873,BATON ROUGE,AVTN,0.090000,0.040000,0.000000,0.050000,0
LA,70874,BATON ROUGE,AVTN,0.090000,0.040000,0.000000,0.050000,0
LA,70879,EAST BATON ROUGE PAR / ZACHARY SD,EEOP,0.090000,0.040000,0.000000,0,0.050000
LA,70884,EAST BATON ROUGE PAR / ZACHARY SD,EEOP,0.090000,0.040000,0.000000,0,0.050000
LA,70891,EAST BATON ROUGE PAR / ZACHARY SD,EEOP,0.090000,0.040000,0.000000,0,0.050000
LA,70892,BATON ROUGE,AVTN,0.090000,0.040000,0.000000,0.050000,0
LA,70893,BATON ROUGE,AVTN,0.090000,0.040000,0.000000,0.050000,0
LA,70894,BATON ROUGE,AVTN,0.090000,0.040000,0.000000,0.050000,0
LA,70895,BATON ROUGE,AVTN,0.090000,0.040000,0.000000,0.050000,0
LA,70896,BATON ROUGE,AVTN,0.090000,0.040000,0.000000,0.050000,0
LA,70898,BATON ROUGE,AVTN,0.090000,0.040000,0.000000,0.050000,0
LA,71001,ARCADIA,AVPW,0.095000,0.040000,0.000000,0.055000,0
LA,71002,NATCHITOCHES PARISH,AVZO,0.075000,0.040000,0.000000,0,0.035000
LA,71003,CLAIBORNE PARISH,AVSI,0.071250,0.040000,0.000000,0,0.031250
LA,71004,N CADDO HOSP DIST,EJLD,0.083500,0.040000,0.000000,0,0.043500
LA,71006,BOSSIER PARISH,AVQF,0.082500,0.040000,0.000000,0,0.042500
LA,71007,CADDO PARISH,AVQP,0.073500,0.040000,0.000000,0,0.033500
LA,71008,BIENVILLE PARISH,AVPU,0.070000,0.040000,0.000000,0,0.030000
LA,71009,BLANCHARD,AVQT,0.083500,0.040000,0.000000,0.043500,0
LA,71016,BIENVILLE PARISH,AVPU,0.070000,0.040000,0.000000,0,0.030000
LA,71018,WEBSTER PARISH,AWKH,0.070000,0.040000,0.000000,0,0.030000
LA,71019,RED RIVER PARISH,AWCX,0.085000,0.040000,0.000000,0,0.045000
LA,71021,CULLEN,AWKK,0.095000,0.040000,0.000000,0.055000,0
LA,71023,WEBSTER PARISH,AWKH,0.070000,0.040000,0.000000,0,0.030000
LA,71024,WEBSTER PARISH,AWKH,0.070000,0.040000,0.000000,0,0.030000
LA,71027,DE SOTO PARISH,AVSY,0.080000,0.040000,0.000000,0,0.040000
LA,71028,BIENVILLE PARISH,AVPU,0.070000,0.040000,0.000000,0,0.030000
LA,71029,N CADDO HOSP DIST,EJLD,0.083500,0.040000,0.000000,0,0.043500
LA,71030,DE SOTO PARISH,AVSY,0.080000,0.040000,0.000000,0,0.040000
LA,71031,NATCHITOCHES PARISH,AVZO,0.075000,0.040000,0.000000,0,0.035000
LA,71032,DE SOTO PARISH,AVSY,0.080000,0.040000,0.000000,0,0.040000
LA,71033,GREENWOOD,AVQU,0.083500,0.040000,0.000000,0.043500,0
LA,71034,HALL SUMMIT,AWDB,0.095000,0.040000,0.000000,0.055000,0
LA,71037,BOSSIER PARISH,AVQF,0.082500,0.040000,0.000000,0,0.042500
LA,71038,CLAIBORNE PARISH,AVSI,0.071250,0.040000,0.000000,0,0.031250
LA,71039,WEBSTER PARISH,AWKH,0.070000,0.040000,0.000000,0,0.030000
LA,71040,CLAIBORNE PARISH,AVSI,0.071250,0.040000,0.000000,0,0.031250
LA,71043,N CADDO HOSP DIST,EJLD,0.083500,0.040000,0.000000,0,0.043500
LA,71044,N CADDO HOSP DIST,EJLD,0.083500,0.040000,0.000000,0,0.043500
LA,71045,BIENVILLE PARISH,AVPU,0.070000,0.040000,0.000000,0,0.030000
LA,71046,DE SOTO PARISH,AVSY,0.080000,0.040000,0.000000,0,0.040000
LA,71047,CADDO PARISH,AVQP,0.073500,0.040000,0.000000,0,0.033500
LA,71048,CLAIBORNE PARISH,AVSI,0.071250,0.040000,0.000000,0,0.031250
LA,71049,DE SOTO PARISH,AVSY,0.080000,0.040000,0.000000,0,0.040000
LA,71050,DE SOTO PARISH,AVSY,0.080000,0.040000,0.000000,0,0.040000
LA,71051,BOSSIER PARISH,AVQF,0.082500,0.040000,0.000000,0,0.042500
LA,71052,DE SOTO PARISH,AVSY,0.080000,0.040000,0.000000,0,0.040000
LA,71055,MINDEN,AWKP,0.095000,0.040000,0.000000,0.055000,0
LA,71058,MINDEN,AWKP,0.095000,0.040000,0.000000,0.055000,0
LA,71060,N CADDO HOSP DIST,EJLD,0.083500,0.040000,0.000000,0,0.043500
LA,71061,N CADDO HOSP DIST,EJLD,0.083500,0.040000,0.000000,0,0.043500
LA,71063,DE SOTO PARISH,AVSY,0.080000,0.040000,0.000000,0,0.040000
LA,71064,BOSSIER PARISH,AVQF,0.082500,0.040000,0.000000,0,0.042500
LA,71065,SABINE PARISH,AWDL,0.086250,0.040000,0.000000,0,0.046250
LA,71066,NATCHITOCHES PARISH,AVZO,0.075000,0.040000,0.000000,0,0.035000
LA,71067,BOSSIER PARISH,AVQF,0.082500,0.040000,0.000000,0,0.042500
LA,71068,BIENVILLE PARISH,AVPU,0.070000,0.040000,0.000000,0,0.030000
LA,71069,N CADDO HOSP DIST,EJLD,0.083500,0.040000,0.000000,0,0.043500
LA,71070,NATCHITOCHES PARISH,AVZO,0.075000,0.040000,0.000000,0,0.035000
LA,71071,WEBSTER PARISH,AWKH,0.070000,0.040000,0.000000,0,0.030000
LA,71072,WEBSTER PARISH,AWKH,0.070000,0.040000,0.000000,0,0.030000
LA,71073,WEBSTER PARISH,AWKH,0.070000,0.040000,0.000000,0,0.030000
LA,71075,SPRINGHILL,AWKS,0.095000,0.040000,0.000000,0.055000,0
LA,71078,DE SOTO PARISH,AVSY,0.080000,0.040000,0.000000,0,0.040000
LA,71079,CLAIBORNE PARISH,AVSI,0.071250,0.040000,0.000000,0,0.031250
LA,71080,BIENVILLE PARISH,AVPU,0.070000,0.040000,0.000000,0,0.030000
LA,71082,VIVIAN,AVRD,0.093500,0.040000,0.000000,0.053500,0
LA,71101,SHREVEPORT (CADDO CO),AVRC,0.086000,0.040000,0.000000,0.046000,0
LA,71102,SHREVEPORT (CADDO CO),AVRC,0.086000,0.040000,0.000000,0.046000,0
LA,71103,SHREVEPORT (CADDO CO),AVRC,0.086000,0.040000,0.000000,0.046000,0
LA,71104,SHREVEPORT (CADDO CO),AVRC,0.086000,0.040000,0.000000,0.046000,0
LA,71105,SHREVEPORT (CADDO CO),AVRC,0.086000,0.040000,0.000000,0.046000,0
LA,71106,SHREVEPORT (CADDO CO),AVRC,0.086000,0.040000,0.000000,0.046000,0
LA,71107,CADDO PARISH,AVQP,0.073500,0.040000,0.000000,0,0.033500
LA,71108,SHREVEPORT (CADDO CO),AVRC,0.086000,0.040000,0.000000,0.046000,0
LA,71109,SHREVEPORT (CADDO CO),AVRC,0.086000,0.040000,0.000000,0.046000,0
LA,71110,BOSSIER PARISH,AVQF,0.082500,0.040000,0.000000,0,0.042500
LA,71111,BOSSIER,AVQI,0.090000,0.040000,0.000000,0.050000,0
LA,71112,BOSSIER,AVQI,0.090000,0.040000,0.000000,0.050000,0
LA,71113,BOSSIER,AVQI,0.090000,0.040000,0.000000,0.050000,0
LA,71115,SHREVEPORT (CADDO CO),AVRC,0.086000,0.040000,0.000000,0.046000,0
LA,71118,SHREVEPORT (CADDO CO),AVRC,0.086000,0.040000,0.000000,0.046000,0
LA,71119,SHREVEPORT (CADDO CO),AVRC,0.086000,0.040000,0.000000,0.046000,0
LA,71120,SHREVEPORT (CADDO CO),AVRC,0.086000,0.040000,0.000000,0.046000,0
LA,71129,SHREVEPORT (CADDO CO),AVRC,0.086000,0.040000,0.000000,0.046000,0
LA,71130,SHREVEPORT (CADDO CO),AVRC,0.086000,0.040000,0.000000,0.046000,0
LA,71133,SHREVEPORT (CADDO CO),AVRC,0.086000,0.040000,0.000000,0.046000,0
LA,71134,SHREVEPORT (CADDO CO),AVRC,0.086000,0.040000,0.000000,0.046000,0
LA,71135,SHREVEPORT (CADDO CO),AVRC,0.086000,0.040000,0.000000,0.046000,0
LA,71136,SHREVEPORT (CADDO CO),AVRC,0.086000,0.040000,0.000000,0.046000,0
LA,71137,SHREVEPORT (BOSSIER CO),AVQO,0.092500,0.040000,0.000000,0.027500,0.025000
LA,71138,SHREVEPORT (CADDO CO),AVRC,0.086000,0.040000,0.000000,0.046000,0
LA,71148,SHREVEPORT (CADDO CO),AVRC,0.086000,0.040000,0.000000,0.046000,0
LA,71149,SHREVEPORT (CADDO CO),AVRC,0.086000,0.040000,0.000000,0.046000,0
LA,71150,SHREVEPORT (CADDO CO),AVRC,0.086000,0.040000,0.000000,0.046000,0
LA,71151,SHREVEPORT (CADDO CO),AVRC,0.086000,0.040000,0.000000,0.046000,0
LA,71153,SHREVEPORT (CADDO CO),AVRC,0.086000,0.040000,0.000000,0.046000,0
LA,71154,SHREVEPORT (CADDO CO),AVRC,0.086000,0.040000,0.000000,0.046000,0
LA,71156,SHREVEPORT (CADDO CO),AVRC,0.086000,0.040000,0.000000,0.046000,0
LA,71161,SHREVEPORT (CADDO CO),AVRC,0.086000,0.040000,0.000000,0.046000,0
LA,71162,SHREVEPORT (CADDO CO),AVRC,0.086000,0.040000,0.000000,0.046000,0
LA,71163,SHREVEPORT (CADDO CO),AVRC,0.086000,0.040000,0.000000,0.046000,0
LA,71164,SHREVEPORT (CADDO CO),AVRC,0.086000,0.040000,0.000000,0.046000,0
LA,71165,SHREVEPORT (CADDO CO),AVRC,0.086000,0.040000,0.000000,0.046000,0
LA,71166,SHREVEPORT (CADDO CO),AVRC,0.086000,0.040000,0.000000,0.046000,0
LA,71171,BOSSIER,AVQI,0.090000,0.040000,0.000000,0.050000,0
LA,71172,BOSSIER,AVQI,0.090000,0.040000,0.000000,0.050000,0
LA,71201,MONROE,AWAM,0.099900,0.040000,0.000000,0.059900,0.000000
LA,71202,MONROE,AWAM,0.099900,0.040000,0.000000,0.059900,0.000000
LA,71203,OUACHITA PARISH / EAST,EDRM,0.086000,0.040000,0.000000,0,0.046000
LA,71207,MONROE,AWAM,0.099900,0.040000,0.000000,0.059900,0.000000
LA,71209,MONROE,AWAM,0.099900,0.040000,0.000000,0.059900,0.000000
LA,71210,MONROE,AWAM,0.099900,0.040000,0.000000,0.059900,0.000000
LA,71211,MONROE,AWAM,0.099900,0.040000,0.000000,0.059900,0.000000
LA,71212,MONROE,AWAM,0.099900,0.040000,0.000000,0.059900,0.000000
LA,71213,MONROE,AWAM,0.099900,0.040000,0.000000,0.059900,0.000000
LA,71217,MONROE,AWAM,0.099900,0.040000,0.000000,0.059900,0.000000
LA,71218,RICHLAND PARISH,AWDD,0.080000,0.040000,0.000000,0,0.040000
LA,71219,FRANKLIN PARISH,AVUO,0.080000,0.040000,0.000000,0,0.040000
LA,71220,BASTROP / TAX DISTRICT 1,AVZI,0.100000,0.040000,0.000000,0,0.060000
LA,71221,BASTROP / TAX DISTRICT 1,AVZI,0.100000,0.040000,0.000000,0,0.060000
LA,71222,UNION PARISH,AWIT,0.090000,0.040000,0.000000,0,0.050000
LA,71223,MOREHOUSE PARISH,AVZG,0.080000,0.040000,0.000000,0,0.040000
LA,71225,OUACHITA PA,AWAI,0.096000,0.040000,0.000000,0,0.056000
LA,71226,JACKSON PARISH,AVWA,0.080000,0.040000,0.000000,0,0.040000
LA,71227,LINCOLN PARISH,AVYI,0.072500,0.040000,0.000000,0,0.032500
LA,71229,MOREHOUSE PARISH,AVZG,0.080000,0.040000,0.000000,0,0.040000
LA,71230,FRANKLIN PARISH,AVUO,0.080000,0.040000,0.000000,0,0.040000
LA,71232,DELHI,AWDG,0.095000,0.040000,0.000000,0.055000,0
LA,71233,DELTA,AVZD,0.085000,0.040000,0.000000,0.045000,0
LA,71234,UNION PARISH,AWIT,0.090000,0.040000,0.000000,0,0.050000
LA,71235,LINCOLN PARISH,AVYI,0.072500,0.040000,0.000000,0,0.032500
LA,71237,WEST CARROLL PARISH,AWLB,0.090000,0.040000,0.030000,0,0.020000
LA,71238,OUACHITA PA,AWAI,0.096000,0.040000,0.000000,0,0.056000
LA,71240,OUACHITA PARISH / EAST,EDRM,0.086000,0.040000,0.000000,0,0.046000
LA,71241,UNION PARISH,AWIT,0.090000,0.040000,0.000000,0,0.050000
LA,71242,WEST CARROLL PARISH,AWLB,0.090000,0.040000,0.030000,0,0.020000
LA,71243,FRANKLIN PARISH,AVUO,0.080000,0.040000,0.000000,0,0.040000
LA,71245,GRAMBLING,AVYN,0.090000,0.040000,0.000000,0.050000,0
LA,71247,HODGE,AVWF,0.090000,0.040000,0.000000,0.050000,0
LA,71249,FRANKLIN PARISH,AVUO,0.080000,0.040000,0.000000,0,0.040000
LA,71250,MOREHOUSE PARISH,AVZG,0.080000,0.040000,0.000000,0,0.040000
LA,71251,JACKSON PARISH,AVWA,0.080000,0.040000,0.000000,0,0.040000
LA,71253,OAK GROVE,AWLG,0.100000,0.040000,0.030000,0.010000,0.020000
LA,71254,LAKE PROVIDENCE,AVTT,0.110000,0.040000,0.000000,0.070000,0
LA,71256,UNION PARISH,AWIT,0.090000,0.040000,0.000000,0,0.050000
LA,71259,RICHLAND PARISH,AWDD,0.080000,0.040000,0.000000,0,0.040000
LA,71260,UNION PARISH,AWIT,0.090000,0.040000,0.000000,0,0.050000
LA,71261,MOREHOUSE PARISH,AVZG,0.080000,0.040000,0.000000,0,0.040000
LA,71263,WEST CARROLL PARISH,AWLB,0.090000,0.040000,0.030000,0,0.020000
LA,71264,MOREHOUSE PARISH,AVZG,0.080000,0.040000,0.000000,0,0.040000
LA,71266,WEST CARROLL PARISH,AWLB,0.090000,0.040000,0.030000,0,0.020000
LA,71268,JACKSON PARISH,AVWA,0.080000,0.040000,0.000000,0,0.040000
LA,71269,RICHLAND PARISH,AWDD,0.080000,0.040000,0.000000,0,0.040000
LA,71270,RUSTON,AVYO,0.087500,0.040000,0.000000,0.047500,0
LA,71272,RUSTON,AVYO,0.087500,0.040000,0.000000,0.047500,0
LA,71273,RUSTON,AVYO,0.087500,0.040000,0.000000,0.047500,0
LA,71275,LINCOLN PARISH,AVYI,0.072500,0.040000,0.000000,0,0.032500
LA,71276,EAST CARROLL PARISH,AVTR,0.090000,0.040000,0.000000,0,0.050000
LA,71277,UNION PARISH,AWIT,0.090000,0.040000,0.000000,0,0.050000
LA,71279,RICHLAND PARISH,AWDD,0.080000,0.040000,0.000000,0,0.040000
LA,71280,STERLINGTON,AWAO,0.100000,0.040000,0.000000,0.060000,0.000000
LA,71281,OUACHITA PARISH / EAST,EDRM,0.086000,0.040000,0.000000,0,0.046000
LA,71282,TALLULAH,AVZF,0.095000,0.040000,0.000000,0.055000,0
LA,71284,TALLULAH,AVZF,0.095000,0.040000,0.000000,0.055000,0
LA,71286,EAST CARROLL PARISH,AVTR,0.090000,0.040000,0.000000,0,0.050000
LA,71291,WEST MONROE,AWAQ,0.095000,0.040000,0.000000,0.055000,0.000000
LA,71292,OUACHITA PA,AWAI,0.096000,0.040000,0.000000,0,0.056000
LA,71294,WEST MONROE,AWAQ,0.095000,0.040000,0.000000,0.055000,0.000000
LA,71295,FRANKLIN PARISH,AVUO,0.080000,0.040000,0.000000,0,0.040000
LA,71301,ALEXANDRIA,AWCA,0.090000,0.040000,0.000000,0.050000,0
LA,71302,ALEXANDRIA,AWCA,0.090000,0.040000,0.000000,0.050000,0
LA,71303,ALEXANDRIA,AWCA,0.090000,0.040000,0.000000,0.050000,0
LA,71306,ALEXANDRIA,AWCA,0.090000,0.040000,0.000000,0.050000,0
LA,71307,ALEXANDRIA,AWCA,0.090000,0.040000,0.000000,0.050000,0
LA,71309,ALEXANDRIA,AWCA,0.090000,0.040000,0.000000,0.050000,0
LA,71315,ALEXANDRIA,AWCA,0.090000,0.040000,0.000000,0.050000,0
LA,71316,CONCORDIA PARISH,AVSQ,0.087500,0.040000,0.000000,0,0.047500
LA,71320,AVOYELLES PARISH,AVOU,0.072500,0.040000,0.000000,0,0.032500
LA,71322,BUNKIE,AVOW,0.092500,0.040000,0.000000,0.052500,0
LA,71323,AVOYELLES PARISH,AVOU,0.072500,0.040000,0.000000,0,0.032500
LA,71324,FRANKLIN PARISH,AVUO,0.080000,0.040000,0.000000,0,0.040000
LA,71325,RAPIDES PARISH / DISTRICT NO. 3,AWBY,0.070000,0.040000,0.000000,0,0.030000
LA,71326,CONCORDIA PARISH,AVSQ,0.087500,0.040000,0.000000,0,0.047500
LA,71327,AVOYELLES PARISH,AVOU,0.072500,0.040000,0.000000,0,0.032500
LA,71328,RAPIDES PARISH / DISTRICT NO. 3,AWBY,0.070000,0.040000,0.000000,0,0.030000
LA,71329,AVOYELLES PARISH,AVOU,0.072500,0.040000,0.000000,0,0.032500
LA,71330,RAPIDES PARISH / DISTRICT NO. 3,AWBY,0.070000,0.040000,0.000000,0,0.030000
LA,71331,AVOYELLES PARISH,AVOU,0.072500,0.040000,0.000000,0,0.032500
LA,71333,AVOYELLES PARISH,AVOU,0.072500,0.040000,0.000000,0,0.032500
LA,71334,CONCORDIA PARISH,AVSQ,0.087500,0.040000,0.000000,0,0.047500
LA,71336,FRANKLIN PARISH,AVUO,0.080000,0.040000,0.000000,0,0.040000
LA,71339,AVOYELLES PARISH,AVOU,0.072500,0.040000,0.000000,0,0.032500
LA,71340,CATAHOULA PARISH,AVSA,0.100000,0.040000,0.060000,0,0
LA,71341,AVOYELLES PARISH,AVOU,0.072500,0.040000,0.000000,0,0.032500
LA,71342,LA SALLE PARISH,AVXF,0.075000,0.040000,0.000000,0,0.035000
LA,71343,CATAHOULA PARISH,AVSA,0.100000,0.040000,0.060000,0,0
LA,71345,SAINT LANDRY PARISH,AWFM,0.095500,0.040000,0.000000,0,0.055500
LA,71346,RAPIDES PARISH / DISTRICT NO. 3,AWBY,0.070000,0.040000,0.000000,0,0.030000
LA,71348,RAPIDES PARISH / DISTRICT NO. 3,AWBY,0.070000,0.040000,0.000000,0,0.030000
LA,71350,AVOYELLES PARISH,AVOU,0.072500,0.040000,0.000000,0,0.032500
LA,71351,AVOYELLES PARISH,AVOU,0.072500,0.040000,0.000000,0,0.032500
LA,71353,SAINT LANDRY PARISH,AWFM,0.095500,0.040000,0.000000,0,0.055500
LA,71354,CONCORDIA PARISH,AVSQ,0.087500,0.040000,0.000000,0,0.047500
LA,71355,AVOYELLES PARISH,AVOU,0.072500,0.040000,0.000000,0,0.032500
LA,71356,SAINT LANDRY PARISH,AWFM,0.095500,0.040000,0.000000,0,0.055500
LA,71357,TENSAS PARISH,AWIB,0.092500,0.040000,0.000000,0,0.052500
LA,71358,SAINT LANDRY PARISH,AWFM,0.095500,0.040000,0.000000,0,0.055500
LA,71359,PINEVILLE,AWCS,0.090000,0.040000,0.000000,0.050000,0
LA,71360,RAPIDES PARISH / DISTRICT NO. 3,AWBY,0.070000,0.040000,0.000000,0,0.030000
LA,71361,PINEVILLE,AWCS,0.090000,0.040000,0.000000,0.050000,0
LA,71362,AVOYELLES PARISH,AVOU,0.072500,0.040000,0.000000,0,0.032500
LA,71363,CATAHOULA PARISH,AVSA,0.100000,0.040000,0.060000,0,0
LA,71365,AVOYELLES PARISH,AVOU,0.072500,0.040000,0.000000,0,0.032500
LA,71366,TENSAS PARISH,AWIB,0.092500,0.040000,0.000000,0,0.052500
LA,71367,EVANGELINE PARISH,AVUE,0.090000,0.040000,0.000000,0,0.050000
LA,71368,CATAHOULA PARISH,AVSA,0.100000,0.040000,0.060000,0,0
LA,71369,AVOYELLES PARISH,AVOU,0.072500,0.040000,0.000000,0,0.032500
LA,71371,LA SALLE PARISH,AVXF,0.075000,0.040000,0.000000,0,0.035000
LA,71373,CONCORDIA PARISH,AVSQ,0.087500,0.040000,0.000000,0,0.047500
LA,71375,TENSAS PARISH,AWIB,0.092500,0.040000,0.000000,0,0.052500
LA,71377,CATAHOULA PARISH,AVSA,0.100000,0.040000,0.060000,0,0
LA,71378,FRANKLIN PARISH,AVUO,0.080000,0.040000,0.000000,0,0.040000
LA,71401,CATAHOULA PARISH,AVSA,0.100000,0.040000,0.060000,0,0
LA,71403,VERNON PARISH,AWJL,0.080000,0.040000,0.000000,0,0.040000
LA,71404,WINN PARISH,AWLP,0.075000,0.040000,0.035000,0,0
LA,71405,BALL,AWCB,0.090000,0.040000,0.000000,0.050000,0
LA,71406,SABINE PARISH,AWDL,0.086250,0.040000,0.000000,0,0.046250
LA,71407,GRANT PARISH,AVUY,0.080000,0.040000,0.000000,0,0.040000
LA,71409,RAPIDES PARISH / DISTRICT NO. 3,AWBY,0.070000,0.040000,0.000000,0,0.030000
LA,71410,WINN PARISH,AWLP,0.075000,0.040000,0.035000,0,0
LA,71411,NATCHITOCHES PARISH,AVZO,0.075000,0.040000,0.000000,0,0.035000
LA,71414,CLARENCE,AVZS,0.085000,0.040000,0.000000,0.045000,0
LA,71415,CALDWELL PARISH,AVRP,0.090000,0.040000,0.000000,0,0.050000
LA,71416,NATCHITOCHES PARISH,AVZO,0.075000,0.040000,0.000000,0,0.035000
LA,71417,GRANT PARISH,AVUY,0.080000,0.040000,0.000000,0,0.040000
LA,71418,CALDWELL PARISH,AVRP,0.090000,0.040000,0.000000,0,0.050000
LA,71419,SABINE PARISH,AWDL,0.086250,0.040000,0.000000,0,0.046250
LA,71422,WINN PARISH,AWLP,0.075000,0.040000,0.035000,0,0
LA,71423,GRANT PARISH,AVUY,0.080000,0.040000,0.000000,0,0.040000
LA,71424,RAPIDES PARISH / DISTRICT NO. 3,AWBY,0.070000,0.040000,0.000000,0,0.030000
LA,71425,CATAHOULA PARISH,AVSA,0.100000,0.040000,0.060000,0,0
LA,71426,SABINE PARISH,AWDL,0.086250,0.040000,0.000000,0,0.046250
LA,71427,RAPIDES PARISH / DISTRICT NO. 3,AWBY,0.070000,0.040000,0.000000,0,0.030000
LA,71428,NATCHITOCHES PARISH,AVZO,0.075000,0.040000,0.000000,0,0.035000
LA,71429,SABINE PARISH,AWDL,0.086250,0.040000,0.000000,0,0.046250
LA,71430,RAPIDES PARISH / DISTRICT NO. 3,AWBY,0.070000,0.040000,0.000000,0,0.030000
LA,71431,BOYCE,AWCC,0.080000,0.040000,0.000000,0.040000,0
LA,71432,GRANT PARISH,AVUY,0.080000,0.040000,0.000000,0,0.040000
LA,71433,RAPIDES PARISH / DISTRICT NO. 3,AWBY,0.070000,0.040000,0.000000,0,0.030000
LA,71434,NATCHITOCHES PARISH,AVZO,0.075000,0.040000,0.000000,0,0.035000
LA,71435,CALDWELL PARISH,AVRP,0.090000,0.040000,0.000000,0,0.050000
LA,71438,VERNON PARISH,AWJL,0.080000,0.040000,0.000000,0,0.040000
LA,71439,VERNON PARISH,AWJL,0.080000,0.040000,0.000000,0,0.040000
LA,71440,WINN PARISH,AWLP,0.075000,0.040000,0.035000,0,0
LA,71441,CALDWELL PARISH,AVRP,0.090000,0.040000,0.000000,0,0.050000
LA,71443,LEESVILLE,AWJT,0.095000,0.040000,0.000000,0.055000,0
LA,71446,VERNON PARISH,AWJL,0.080000,0.040000,0.000000,0,0.040000
LA,71447,NATCHITOCHES PARISH,AVZO,0.075000,0.040000,0.000000,0,0.035000
LA,71448,RAPIDES PARISH / DISTRICT NO. 3,AWBY,0.070000,0.040000,0.000000,0,0.030000
LA,71449,SABINE PARISH,AWDL,0.086250,0.040000,0.000000,0,0.046250
LA,71450,NATCHITOCHES PARISH,AVZO,0.075000,0.040000,0.000000,0,0.035000
LA,71452,NATCHITOCHES PARISH,AVZO,0.075000,0.040000,0.000000,0,0.035000
LA,71454,GRANT PARISH,AVUY,0.080000,0.040000,0.000000,0,0.040000
LA,71455,RAPIDES PARISH / DISTRICT NO. 3,AWBY,0.070000,0.040000,0.000000,0,0.030000
LA,71456,NATCHITOCHES PARISH,AVZO,0.075000,0.040000,0.000000,0,0.035000
LA,71457,NATCHITOCHES,AWAB,0.090000,0.040000,0.000000,0.050000,0
LA,71458,NATCHITOCHES,AWAB,0.090000,0.040000,0.000000,0.050000,0
LA,71459,VERNON PARISH,AWJL,0.080000,0.040000,0.000000,0,0.040000
LA,71460,SABINE PARISH,AWDL,0.086250,0.040000,0.000000,0,0.046250
LA,71461,NEW LLANO,AWJV,0.095000,0.040000,0.000000,0.055000,0
LA,71462,SABINE PARISH,AWDL,0.086250,0.040000,0.000000,0,0.046250
LA,71463,OAKDALE,AVNW,0.100000,0.040000,0.000000,0.060000,0
LA,71465,LA SALLE PARISH,AVXF,0.075000,0.040000,0.000000,0,0.035000
LA,71466,RAPIDES PARISH / DISTRICT NO. 3,AWBY,0.070000,0.040000,0.000000,0,0.030000
LA,71467,GRANT PARISH,AVUY,0.080000,0.040000,0.000000,0,0.040000
LA,71468,NATCHITOCHES PARISH,AVZO,0.075000,0.040000,0.000000,0,0.035000
LA,71469,NATCHITOCHES PARISH,AVZO,0.075000,0.040000,0.000000,0,0.035000
LA,71471,WINN PARISH,AWLP,0.075000,0.040000,0.035000,0,0
LA,71472,RAPIDES PARISH / DISTRICT NO. 3,AWBY,0.070000,0.040000,0.000000,0,0.030000
LA,71473,WINN PARISH,AWLP,0.075000,0.040000,0.035000,0,0
LA,71474,VERNON PARISH,AWJL,0.080000,0.040000,0.000000,0,0.040000
LA,71475,VERNON PARISH,AWJL,0.080000,0.040000,0.000000,0,0.040000
LA,71477,RAPIDES PARISH / DISTRICT NO. 3,AWBY,0.070000,0.040000,0.000000,0,0.030000
LA,71479,LA SALLE PARISH,AVXF,0.075000,0.040000,0.000000,0,0.035000
LA,71480,LA SALLE PARISH,AVXF,0.075000,0.040000,0.000000,0,0.035000
LA,71483,WINNFIELD,AWLX,0.090000,0.040000,0.035000,0.015000,0
LA,71485,WOODWORTH,AWCW,0.090000,0.040000,0.000000,0.050000,0
LA,71486,SABINE PARISH,AWDL,0.086250,0.040000,0.000000,0,0.046250
LA,71496,LEESVILLE,AWJT,0.095000,0.040000,0.000000,0.055000,0
LA,71497,NATCHITOCHES,AWAB,0.090000,0.040000,0.000000,0.050000,0
