State,ZipCode,TaxRegionName,TaxRegionCode,CombinedRate,StateRate,CountyRate,CityRate,SpecialRate
MO,63005,CHESTERFIELD,AZSJ,0.081130,0.042250,0.016380,0.010000,0.012500
MO,63006,TOWN AND COUNTRY,AZTX,0.083630,0.042250,0.016380,0.012500,0.012500
MO,63010,ARNOLD,AYUB,0.083500,0.042250,0.016250,0.012500,0.012500
MO,63011,BALLWIN,AZRS,0.081130,0.042250,0.016380,0.010000,0.012500
MO,63012,JEFFERSON CO ANTONIA FIRE/ROCK TWNSHP AMB,EHYO,0.071000,0.042250,0.016250,0,0.012500
MO,63013,FRANKLIN CO GERALD AMB DI,EIGF,0.064750,0.042250,0.017500,0,0.005000
MO,63014,FRANKLIN CO/HERMANN AREA AMBULANCE DISTRICT,EGRZ,0.064750,0.042250,0.017500,0,0.005000
MO,63015,FRANKLIN CO MERAMEC AMB,EIIT,0.064750,0.042250,0.017500,0,0.005000
MO,63016,JEFFERSON CO BIG RIVER AMB,EHWU,0.068500,0.042250,0.016250,0,0.010000
MO,63017,CHESTERFIELD,AZSJ,0.081130,0.042250,0.016380,0.010000,0.012500
MO,63019,CRYSTAL,AYUF,0.086000,0.042250,0.016250,0.017500,0.010000
MO,63020,JEFFERSON COUNTY,AYUA,0.063500,0.042250,0.016250,0,0.005000
MO,63021,ST. LOUIS COUNTY,AZRP,0.071130,0.042250,0.016380,0,0.012500
MO,63022,BALLWIN,AZRS,0.081130,0.042250,0.016380,0.010000,0.012500
MO,63023,JEFFERSON CO BIG RIVER AMB,EHWU,0.068500,0.042250,0.016250,0,0.010000
MO,63024,BALLWIN,AZRS,0.081130,0.042250,0.016380,0.010000,0.012500
MO,63025,EUREKA,AZSO,0.081130,0.042250,0.016380,0.010000,0.012500
MO,63026,ST. LOUIS COUNTY,AZRP,0.071130,0.042250,0.016380,0,0.012500
MO,63028,JEFFERSON CO JOACHIM-PLATTIN AMB,EGNN,0.068500,0.042250,0.016250,0,0.010000
MO,63030,WASHINGTON COUNTY / WASHINGTON CO AMBULANCE DIST,AZYI,0.072250,0.042250,0.025000,0,0.005000
MO,63031,FLORISSANT,AZST,0.081130,0.042250,0.016380,0.010000,0.012500
MO,63032,FLORISSANT,AZST,0.081130,0.042250,0.016380,0.010000,0.012500
MO,63033,FLORISSANT,AZST,0.081130,0.042250,0.016380,0.010000,0.012500
MO,63034,ST. LOUIS COUNTY,AZRP,0.071130,0.042250,0.016380,0,0.012500
MO,63036,ST. FRANCOIS COUNTY,AZQP,0.059750,0.042250,0.012500,0,0.005000
MO,63037,FRANKLIN CO GERALD AMB DI,EIGF,0.064750,0.042250,0.017500,0,0.005000
MO,63038,WILDWOOD,DQLR,0.076130,0.042250,0.016380,0.005000,0.012500
MO,63039,GRAY SUMMIT,AYNH,0.064750,0.042250,0.017500,0.000000,0.005000
MO,63040,WILDWOOD,DQLR,0.076130,0.042250,0.016380,0.005000,0.012500
MO,63041,FRANKLIN CO/ST. CLAIR AMBULANCE DISTRICT/ST. CLAIR FIRE PROTECTION DISTRICT,EGJI,0.069750,0.042250,0.017500,0,0.010000
MO,63042,HAZELWOOD,AZSX,0.086130,0.042250,0.016380,0.015000,0.012500
MO,63043,MARYLAND HEIGHTS,AZTE,0.076130,0.042250,0.016380,0.005000,0.012500
MO,63044,BRIDGETON,AZRX,0.083630,0.042250,0.016380,0.012500,0.012500
MO,63045,ST. LOUIS COUNTY,AZRP,0.071130,0.042250,0.016380,0,0.012500
MO,63047,JEFFERSON CO JOACHIM-PLATTIN AMB,EGNN,0.068500,0.042250,0.016250,0,0.010000
MO,63048,HERCULANEUM,AYUN,0.088500,0.042250,0.016250,0.025000,0.005000
MO,63049,NORTH JEFFERSON CO AMB DS,ELTW,0.073500,0.042250,0.016250,0,0.015000
MO,63050,JEFFERSON COUNTY,AYUA,0.063500,0.042250,0.016250,0,0.005000
MO,63051,JEFFERSON CO BIG RIVER AMB/HIGH RIDGE FIRE,EHYL,0.073500,0.042250,0.016250,0,0.015000
MO,63052,JEFFERSON CO ROCK TWNSHP AMB/ROCK COM FIRE,EFAH,0.071000,0.042250,0.016250,0,0.012500
MO,63053,KIMMSWICK,AYUT,0.086000,0.042250,0.016250,0.015000,0.012500
MO,63055,FRANKLIN CO MERAMEC AMB,EIIT,0.064750,0.042250,0.017500,0,0.005000
MO,63056,FRANKLIN CO GERALD AMB DI,EIGF,0.064750,0.042250,0.017500,0,0.005000
MO,63057,JEFFERSON CO ANTONIA FIRE/ROCK TWNSHP AMB,EHYO,0.071000,0.042250,0.016250,0,0.012500
MO,63060,FRANKLIN CO/ST. CLAIR AMBULANCE DISTRICT/ST. CLAIR FIRE PROTECTION DISTRICT,EGJI,0.069750,0.042250,0.017500,0,0.010000
MO,63061,FRANKLIN CO/ST. CLAIR AMBULANCE DISTRICT/ST. CLAIR FIRE PROTECTION DISTRICT,EGJI,0.069750,0.042250,0.017500,0,0.010000
MO,63065,JEFFERSON CO JOACHIM-PLATTIN AMB,EGNN,0.068500,0.042250,0.016250,0,0.010000
MO,63066,JEFFERSON CO BIG RIVER AMB,EHWU,0.068500,0.042250,0.016250,0,0.010000
MO,63068,FRANKLIN CO NEW HAVEN AMB,EIIS,0.064750,0.042250,0.017500,0,0.005000
MO,63069,PACIFIC (FRANKLIN CO),AYNP,0.079750,0.042250,0.017500,0.015000,0.005000
MO,63070,PEVELY,AYUY,0.083500,0.042250,0.016250,0.020000,0.005000
MO,63071,WASHINGTON COUNTY / WASHINGTON CO AMBULANCE DIST,AZYI,0.072250,0.042250,0.025000,0,0.005000
MO,63072,FRANKLIN CO MERAMEC AMB,EIIT,0.064750,0.042250,0.017500,0,0.005000
MO,63073,FRANKLIN CO MERAMEC AMB,EIIT,0.064750,0.042250,0.017500,0,0.005000
MO,63074,ST. ANN,AZTS,0.088630,0.042250,0.016380,0.017500,0.012500
MO,63077,FRANKLIN CO/ST. CLAIR AMBULANCE DISTRICT/ST. CLAIR FIRE PROTECTION DISTRICT,EGJI,0.069750,0.042250,0.017500,0,0.010000
MO,63079,FRANKLIN CO/SULLIVAN FIRE PROTECTION DISTRICT,EFEF,0.064750,0.042250,0.017500,0,0.005000
MO,63080,SULLIVAN (FRANKLIN CO),AYNU,0.084750,0.042250,0.017500,0.020000,0.005000
MO,63084,UNION,AYNX,0.084750,0.042250,0.017500,0.020000,0.005000
MO,63087,ST. FRANCOIS COUNTY,AZQP,0.059750,0.042250,0.012500,0,0.005000
MO,63088,VALLEY PARK,AZUA,0.081130,0.042250,0.016380,0.010000,0.012500
MO,63089,FRANKLIN CO MERAMEC AMB,EIIT,0.064750,0.042250,0.017500,0,0.005000
MO,63090,WASHINGTON,AYOA,0.083500,0.042250,0.017500,0.020000,0.003750
MO,63091,GASCONADE CO GERALD AMB,EIGH,0.061000,0.042250,0.013750,0,0.005000
MO,63099,ST. LOUIS COUNTY,AZRP,0.071130,0.042250,0.016380,0,0.012500
MO,63101,ST. LOUIS (CITY),AZNH,0.086790,0.042250,0,0.044540,0
MO,63102,ST. LOUIS (CITY),AZNH,0.086790,0.042250,0,0.044540,0
MO,63103,ST. LOUIS (CITY),AZNH,0.086790,0.042250,0,0.044540,0
MO,63104,ST. LOUIS (CITY),AZNH,0.086790,0.042250,0,0.044540,0
MO,63105,CLAYTON,AZSF,0.086130,0.042250,0.016380,0.015000,0.012500
MO,63106,ST. LOUIS (CITY),AZNH,0.086790,0.042250,0,0.044540,0
MO,63107,ST. LOUIS (CITY),AZNH,0.086790,0.042250,0,0.044540,0
MO,63108,ST. LOUIS (CITY),AZNH,0.086790,0.042250,0,0.044540,0
MO,63109,ST. LOUIS (CITY),AZNH,0.086790,0.042250,0,0.044540,0
MO,63110,ST. LOUIS (CITY),AZNH,0.086790,0.042250,0,0.044540,0
MO,63111,ST. LOUIS (CITY),AZNH,0.086790,0.042250,0,0.044540,0
MO,63112,ST. LOUIS (CITY),AZNH,0.086790,0.042250,0,0.044540,0
MO,63113,ST. LOUIS (CITY),AZNH,0.086790,0.042250,0,0.044540,0
MO,63114,OVERLAND,AZTI,0.078630,0.042250,0.016380,0.007500,0.012500
MO,63115,ST. LOUIS (CITY),AZNH,0.086790,0.042250,0,0.044540,0
MO,63116,ST. LOUIS (CITY),AZNH,0.086790,0.042250,0,0.044540,0
MO,63117,RICHMOND HEIGHTS,AZTP,0.086130,0.042250,0.016380,0.015000,0.012500
MO,63118,ST. LOUIS (CITY),AZNH,0.086790,0.042250,0,0.044540,0
MO,63119,WEBSTER GROVES,CXGE,0.086130,0.042250,0.016380,0.015000,0.012500
MO,63120,ST. LOUIS (CITY),AZNH,0.086790,0.042250,0,0.044540,0
MO,63121,NORMANDY,CXFY,0.086130,0.042250,0.016380,0.015000,0.012500
MO,63122,KIRKWOOD,AZSZ,0.083630,0.042250,0.016380,0.012500,0.012500
MO,63123,ST. LOUIS COUNTY,AZRP,0.071130,0.042250,0.016380,0,0.012500
MO,63124,LADUE,AZTA,0.083630,0.042250,0.016380,0.012500,0.012500
MO,63125,ST. LOUIS COUNTY,AZRP,0.071130,0.042250,0.016380,0,0.012500
MO,63126,CRESTWOOD,AZSI,0.086130,0.042250,0.016380,0.015000,0.012500
MO,63127,SUNSET HILLS,AZTV,0.083630,0.042250,0.016380,0.012500,0.012500
MO,63128,ST. LOUIS COUNTY,AZRP,0.071130,0.042250,0.016380,0,0.012500
MO,63129,ST. LOUIS COUNTY,AZRP,0.071130,0.042250,0.016380,0,0.012500
MO,63130,UNIVERSITY,CXGD,0.086130,0.042250,0.016380,0.015000,0.012500
MO,63131,DES PERES,AZSL,0.086130,0.042250,0.016380,0.015000,0.012500
MO,63132,OLIVETTE,AZTH,0.086130,0.042250,0.016380,0.015000,0.012500
MO,63133,WELLSTON,AZUF,0.078630,0.042250,0.016380,0.007500,0.012500
MO,63134,BERKELEY,AZRT,0.091130,0.042250,0.016380,0.020000,0.012500
MO,63135,FERGUSON,AZSS,0.086130,0.042250,0.016380,0.015000,0.012500
MO,63136,ST. LOUIS COUNTY,AZRP,0.071130,0.042250,0.016380,0,0.012500
MO,63137,BELLEFONTAINE NEIGHBORS,AZSB,0.076130,0.042250,0.016380,0.005000,0.012500
MO,63138,ST. LOUIS COUNTY,AZRP,0.071130,0.042250,0.016380,0,0.012500
MO,63139,ST. LOUIS (CITY),AZNH,0.086790,0.042250,0,0.044540,0
MO,63140,KINLOCH,CXFV,0.083630,0.042250,0.016380,0.012500,0.012500
MO,63141,CREVE COEUR,AZSG,0.078630,0.042250,0.016380,0.007500,0.012500
MO,63143,MAPLEWOOD,AZTC,0.086130,0.042250,0.016380,0.015000,0.012500
MO,63144,BRENTWOOD,AZRW,0.086130,0.042250,0.016380,0.015000,0.012500
MO,63145,BERKELEY,AZRT,0.091130,0.042250,0.016380,0.020000,0.012500
MO,63146,ST. LOUIS COUNTY,AZRP,0.071130,0.042250,0.016380,0,0.012500
MO,63147,ST. LOUIS (CITY),AZNH,0.086790,0.042250,0,0.044540,0
MO,63150,ST. LOUIS (CITY),AZNH,0.086790,0.042250,0,0.044540,0
MO,63151,ST. LOUIS COUNTY,AZRP,0.071130,0.042250,0.016380,0,0.012500
MO,63155,ST. LOUIS (CITY),AZNH,0.086790,0.042250,0,0.044540,0
MO,63156,ST. LOUIS (CITY),AZNH,0.086790,0.042250,0,0.044540,0
MO,63157,ST. LOUIS (CITY),AZNH,0.086790,0.042250,0,0.044540,0
MO,63158,ST. LOUIS (CITY),AZNH,0.086790,0.042250,0,0.044540,0
MO,63160,ST. LOUIS (CITY),AZNH,0.086790,0.042250,0,0.044540,0
MO,63163,ST. LOUIS (CITY),AZNH,0.086790,0.042250,0,0.044540,0
MO,63166,ST. LOUIS (CITY),AZNH,0.086790,0.042250,0,0.044540,0
MO,63167,CREVE COEUR,AZSG,0.078630,0.042250,0.016380,0.007500,0.012500
MO,63169,ST. LOUIS (CITY),AZNH,0.086790,0.042250,0,0.044540,0
MO,63171,ST. LOUIS (CITY),AZNH,0.086790,0.042250,0,0.044540,0
MO,63177,ST. LOUIS (CITY),AZNH,0.086790,0.042250,0,0.044540,0
MO,63178,ST. LOUIS (CITY),AZNH,0.086790,0.042250,0,0.044540,0
MO,63179,ST. LOUIS (CITY),AZNH,0.086790,0.042250,0,0.044540,0
MO,63180,ST. LOUIS (CITY),AZNH,0.086790,0.042250,0,0.044540,0
MO,63182,ST. LOUIS (CITY),AZNH,0.086790,0.042250,0,0.044540,0
MO,63188,ST. LOUIS (CITY),AZNH,0.086790,0.042250,0,0.044540,0
MO,63195,ST. LOUIS (CITY),AZNH,0.086790,0.042250,0,0.044540,0
MO,63197,ST. LOUIS (CITY),AZNH,0.086790,0.042250,0,0.044540,0
MO,63199,ST. LOUIS (CITY),AZNH,0.086790,0.042250,0,0.044540,0
MO,63301,ST. CHARLES,AZQC,0.074500,0.042250,0.017250,0.015000,0
MO,63302,ST. CHARLES,AZQC,0.074500,0.042250,0.017250,0.015000,0
MO,63303,ST. CHARLES,AZQC,0.074500,0.042250,0.017250,0.015000,0
MO,63304,ST. CHARLES COUNTY,AZPP,0.059500,0.042250,0.017250,0,0
MO,63330,PIKE COUNTY,AZIX,0.062250,0.042250,0.020000,0,0
MO,63332,ST. CHARLES COUNTY,AZPP,0.059500,0.042250,0.017250,0,0
MO,63333,MONTGOMERY COUNTY,AZCU,0.064750,0.042250,0.022500,0,0
MO,63334,PIKE COUNTY,AZIX,0.062250,0.042250,0.020000,0,0
MO,63336,PIKE COUNTY,AZIX,0.062250,0.042250,0.020000,0,0
MO,63338,COTTLEVILLE OLD TOWN CID,EGYJ,0.089500,0.042250,0.017250,0.020000,0.010000
MO,63339,PIKE COUNTY,AZIX,0.062250,0.042250,0.020000,0,0
MO,63341,ST. CHARLES COUNTY,AZPP,0.059500,0.042250,0.017250,0,0
MO,63342,WARREN COUNTY,AZXY,0.062250,0.042250,0.020000,0,0
MO,63343,LINCOLN COUNTY,AYXW,0.064750,0.042250,0.022500,0,0
MO,63344,PIKE COUNTY,AZIX,0.062250,0.042250,0.020000,0,0
MO,63345,FARBER,AXZN,0.076000,0.042250,0.018750,0.010000,0.005000
MO,63346,FLINT HILL,AZPT,0.069500,0.042250,0.017250,0.010000,0
MO,63347,LINCOLN COUNTY,AYXW,0.064750,0.042250,0.022500,0,0
MO,63348,ST. CHARLES COUNTY,AZPP,0.059500,0.042250,0.017250,0,0
MO,63349,LINCOLN COUNTY,AYXW,0.064750,0.042250,0.022500,0,0
MO,63350,MONTGOMERY COUNTY,AZCU,0.064750,0.042250,0.022500,0,0
MO,63351,WARREN COUNTY,AZXY,0.062250,0.042250,0.020000,0,0
MO,63352,AUDRAIN CO AMB DIST,EIKV,0.066000,0.042250,0.018750,0,0.005000
MO,63353,LOUISIANA,AZJG,0.077250,0.042250,0.020000,0.015000,0
MO,63357,WARREN COUNTY,AZXY,0.062250,0.042250,0.020000,0,0
MO,63359,PIKE COUNTY,AZIX,0.062250,0.042250,0.020000,0,0
MO,63361,MONTGOMERY,AZDA,0.079750,0.042250,0.022500,0.015000,0
MO,63362,LINCOLN COUNTY,AYXW,0.064750,0.042250,0.022500,0,0
MO,63363,MONTGOMERY COUNTY,AZCU,0.064750,0.042250,0.022500,0,0
MO,63365,NEW MELLE,AZPY,0.079500,0.042250,0.017250,0.020000,0
MO,63366,O FALLON,AZPZ,0.079500,0.042250,0.017250,0.020000,0
MO,63367,LAKE ST. LOUIS,AZPW,0.079500,0.042250,0.017250,0.020000,0
MO,63368,O FALLON,AZPZ,0.079500,0.042250,0.017250,0.020000,0
MO,63369,LINCOLN COUNTY,AYXW,0.064750,0.042250,0.022500,0,0
MO,63370,SILEX,AYYG,0.074750,0.042250,0.022500,0.010000,0
MO,63373,ST. CHARLES COUNTY,AZPP,0.059500,0.042250,0.017250,0,0
MO,63376,ST. PETERS,AZQD,0.079500,0.042250,0.017250,0.020000,0
MO,63377,LINCOLN COUNTY,AYXW,0.064750,0.042250,0.022500,0,0
MO,63378,MARTHASVILLE,AZYB,0.077250,0.042250,0.020000,0.015000,0
MO,63379,LINCOLN COUNTY,AYXW,0.064750,0.042250,0.022500,0,0
MO,63381,WARREN COUNTY,AZXY,0.062250,0.042250,0.020000,0,0
MO,63382,VANDALIA,AXZU,0.081000,0.042250,0.018750,0.015000,0.005000
MO,63383,WARREN COUNTY,AZXY,0.062250,0.042250,0.020000,0,0
MO,63384,WELLSVILLE,AZDG,0.082250,0.042250,0.022500,0.017500,0
MO,63385,WENTZVILLE,EHNX,0.084500,0.042250,0.017250,0.025000,0
MO,63386,WEST ALTON,AZQG,0.069500,0.042250,0.017250,0.010000,0
MO,63387,WHITESIDE,AYYM,0.064750,0.042250,0.022500,0.000000,0
MO,63388,CALLAWAY COUNTY / CALLAWAY AMBULANCE DIST,AYDK,0.057250,0.042250,0.010000,0,0.005000
MO,63389,LINCOLN COUNTY,AYXW,0.064750,0.042250,0.022500,0,0
MO,63390,WARREN COUNTY,AZXY,0.062250,0.042250,0.020000,0,0
MO,63401,HANNIBAL (MARION CO),AZAH,0.088500,0.042250,0.013750,0.022500,0.010000
MO,63430,ALEXANDRIA,AYIB,0.072250,0.042250,0.020000,0.010000,0
MO,63431,MACON COUNTY,AYZJ,0.071000,0.042250,0.023750,0,0.005000
MO,63432,ARBELA,AZOD,0.054750,0.042250,0.012500,0.000000,0
MO,63433,ASHBURN,AZIZ,0.062250,0.042250,0.020000,0.000000,0
MO,63434,SHELBY CO/US36/I72 CORRIDOR TDD/SALT RIVER AMBULANCE DISTRICT,EHXQ,0.067250,0.042250,0.015000,0,0.010000
MO,63435,CANTON,AYXM,0.089750,0.042250,0.031250,0.016250,0
MO,63436,RALLS COUNTY,AZLH,0.067250,0.042250,0.025000,0,0
MO,63437,SHELBY CO/US36/I72 CORRIDOR TDD/SALT RIVER AMBULANCE DISTRICT,EHXQ,0.067250,0.042250,0.015000,0,0.010000
MO,63438,LEWIS COUNTY,AYXL,0.073500,0.042250,0.031250,0,0
MO,63439,SHELBY CO/US36/I72 CORRIDOR TDD/SALT RIVER AMBULANCE DISTRICT,EHXQ,0.067250,0.042250,0.015000,0,0.010000
MO,63440,LEWIS COUNTY,AYXL,0.073500,0.042250,0.031250,0,0
MO,63441,PIKE COUNTY,AZIX,0.062250,0.042250,0.020000,0,0
MO,63443,HUNNEWELL,AZPK,0.077250,0.042250,0.015000,0.010000,0.010000
MO,63445,KAHOKA,AYID,0.072250,0.042250,0.020000,0.010000,0
MO,63446,KNOX,AYVR,0.062250,0.042250,0.020000,0.000000,0
MO,63447,LEWIS COUNTY,AYXL,0.073500,0.042250,0.031250,0,0
MO,63448,LA GRANGE,AYXP,0.083500,0.042250,0.031250,0.010000,0
MO,63450,SHELBY CO/US36/I72 CORRIDOR TDD/SALT RIVER AMBULANCE DISTRICT,EHXQ,0.067250,0.042250,0.015000,0,0.010000
MO,63451,SHELBY CO/US36/I72 CORRIDOR TDD/SALT RIVER AMBULANCE DISTRICT,EHXQ,0.067250,0.042250,0.015000,0,0.010000
MO,63452,LEWIS COUNTY,AYXL,0.073500,0.042250,0.031250,0,0
MO,63453,LURAY,AYIE,0.062250,0.042250,0.020000,0.000000,0
MO,63454,MARION CO AMB DIST,EIJB,0.066000,0.042250,0.013750,0,0.010000
MO,63456,MONROE CITY (MONROE CO),AZCP,0.082250,0.042250,0.010000,0.020000,0.010000
MO,63457,LEWIS COUNTY,AYXL,0.073500,0.042250,0.031250,0,0
MO,63458,NEWARK,AYVS,0.062250,0.042250,0.020000,0.000000,0
MO,63459,RALLS COUNTY,AZLH,0.067250,0.042250,0.025000,0,0
MO,63460,NOVELTY,AYVT,0.062250,0.042250,0.020000,0.000000,0
MO,63461,PALMYRA,AZAK,0.083500,0.042250,0.013750,0.017500,0.010000
MO,63462,RALLS COUNTY,AZLH,0.067250,0.042250,0.025000,0,0
MO,63463,MARION CO AMB DIST,EIJB,0.066000,0.042250,0.013750,0,0.010000
MO,63464,KNOX COUNTY,AYVN,0.062250,0.042250,0.020000,0,0
MO,63465,REVERE,AYIF,0.062250,0.042250,0.020000,0.000000,0
MO,63466,CLARK COUNTY,AYIA,0.062250,0.042250,0.020000,0,0
MO,63467,RALLS COUNTY,AZLH,0.067250,0.042250,0.025000,0,0
MO,63468,SHELBINA,AZPN,0.084750,0.042250,0.015000,0.017500,0.010000
MO,63469,SHELBY CO/US36/I72 CORRIDOR TDD/SALT RIVER AMBULANCE DISTRICT,EHXQ,0.067250,0.042250,0.015000,0,0.010000
MO,63471,MARION CO AMB DIST,EIJB,0.066000,0.042250,0.013750,0,0.010000
MO,63472,WAYLAND,AYIH,0.072250,0.042250,0.020000,0.010000,0
MO,63473,LEWIS COUNTY,AYXL,0.073500,0.042250,0.031250,0,0
MO,63474,WYACONDA,AYII,0.072250,0.042250,0.020000,0.010000,0
MO,63501,KIRKSVILLE,AXYR,0.078500,0.042250,0.010000,0.022500,0.003750
MO,63530,MACON COUNTY,AYZJ,0.071000,0.042250,0.023750,0,0.005000
MO,63531,KNOX COUNTY,AYVN,0.062250,0.042250,0.020000,0,0
MO,63532,MACON COUNTY,AYZJ,0.071000,0.042250,0.023750,0,0.005000
MO,63533,ADAIR COUNTY,AXYN,0.056000,0.042250,0.010000,0,0.003750
MO,63534,MACON COUNTY,AYZJ,0.071000,0.042250,0.023750,0,0.005000
MO,63535,SCHUYLER COUNTY,AZNW,0.062250,0.042250,0.020000,0,0
MO,63536,DOWNING,AZNY,0.062250,0.042250,0.020000,0.000000,0
MO,63537,EDINA,AYVP,0.072250,0.042250,0.020000,0.010000,0
MO,63538,MACON COUNTY,AYZJ,0.071000,0.042250,0.023750,0,0.005000
MO,63539,MACON COUNTY,AYZJ,0.071000,0.042250,0.023750,0,0.005000
MO,63540,ADAIR COUNTY,AXYN,0.056000,0.042250,0.010000,0,0.003750
MO,63541,SCHUYLER COUNTY,AZNW,0.062250,0.042250,0.020000,0,0
MO,63543,SCOTLAND COUNTY,AZOC,0.054750,0.042250,0.012500,0,0
MO,63544,ADAIR COUNTY,AXYN,0.056000,0.042250,0.010000,0,0.003750
MO,63545,GREEN,AZVQ,0.084750,0.042250,0.027500,0.015000,0
MO,63546,ADAIR COUNTY,AXYN,0.056000,0.042250,0.010000,0,0.003750
MO,63547,HURDLAND,AYVQ,0.062250,0.042250,0.020000,0.000000,0
MO,63548,LANCASTER,AZOA,0.072250,0.042250,0.020000,0.010000,0
MO,63549,LA PLATA,AYZR,0.086000,0.042250,0.023750,0.015000,0.005000
MO,63551,PUTNAM COUNTY,AZLB,0.062250,0.042250,0.020000,0,0
MO,63552,MACON,AYZS,0.086000,0.042250,0.023750,0.015000,0.005000
MO,63555,MEMPHIS,AZOG,0.064750,0.042250,0.012500,0.010000,0
MO,63556,SULLIVAN COUNTY,AZVO,0.069750,0.042250,0.027500,0,0
MO,63557,LINN COUNTY,AYYN,0.062250,0.042250,0.015000,0,0.005000
MO,63558,MACON COUNTY,AYZJ,0.071000,0.042250,0.023750,0,0.005000
MO,63559,ADAIR COUNTY,AXYN,0.056000,0.042250,0.010000,0,0.003750
MO,63560,SULLIVAN COUNTY,AZVO,0.069750,0.042250,0.027500,0,0
MO,63561,QUEEN,AZOB,0.087250,0.042250,0.020000,0.025000,0
MO,63563,RUTLEDGE,AZOH,0.064750,0.042250,0.012500,0.010000,0
MO,63565,PUTNAM COUNTY,AZLB,0.062250,0.042250,0.020000,0,0
MO,63566,SULLIVAN COUNTY,AZVO,0.069750,0.042250,0.027500,0,0
MO,63567,PUTNAM COUNTY,AZLB,0.062250,0.042250,0.020000,0,0
MO,63601,PARK HILLS,AZRK,0.084750,0.042250,0.012500,0.025000,0.005000
MO,63620,IRON CO HOSPITAL DIST HPD,EJAE,0.062250,0.042250,0.015000,0,0.005000
MO,63621,ARCADIA,AYRQ,0.074750,0.042250,0.015000,0.012500,0.005000
MO,63622,WASHINGTON COUNTY / WASHINGTON CO AMBULANCE DIST,AZYI,0.072250,0.042250,0.025000,0,0.005000
MO,63623,IRON CO HOSPITAL DIST HPD,EJAE,0.062250,0.042250,0.015000,0,0.005000
MO,63624,BISMARCK,AZQQ,0.074750,0.042250,0.012500,0.015000,0.005000
MO,63625,REYNOLDS COUNTY,AZMP,0.052250,0.042250,0.010000,0,0
MO,63626,WASHINGTON COUNTY / WASHINGTON CO AMBULANCE DIST,AZYI,0.072250,0.042250,0.025000,0,0.005000
MO,63627,STE. GENEVIEVE COUNTY,AZUI,0.067250,0.042250,0.020000,0,0.005000
MO,63628,ST. FRANCOIS COUNTY,AZQP,0.059750,0.042250,0.012500,0,0.005000
MO,63629,REYNOLDS COUNTY,AZMP,0.052250,0.042250,0.010000,0,0
MO,63630,WASHINGTON COUNTY / WASHINGTON CO AMBULANCE DIST,AZYI,0.072250,0.042250,0.025000,0,0.005000
MO,63631,WASHINGTON COUNTY / WASHINGTON CO AMBULANCE DIST,AZYI,0.072250,0.042250,0.025000,0,0.005000
MO,63632,WAYNE COUNTY,AZYR,0.057250,0.042250,0.015000,0,0
MO,63633,REYNOLDS COUNTY,AZMP,0.052250,0.042250,0.010000,0,0
MO,63636,DES ARC,AYRT,0.062250,0.042250,0.015000,0.000000,0.005000
MO,63637,ST. FRANCOIS COUNTY,AZQP,0.059750,0.042250,0.012500,0,0.005000
MO,63638,ELLINGTON,AZMT,0.082250,0.042250,0.010000,0.030000,0
MO,63640,FARMINGTON,AZRC,0.079750,0.042250,0.012500,0.020000,0.005000
MO,63645,MADISON COUNTY,AYZU,0.062250,0.042250,0.020000,0,0
MO,63648,WASHINGTON COUNTY / WASHINGTON CO AMBULANCE DIST,AZYI,0.072250,0.042250,0.025000,0,0.005000
MO,63650,IRON CO HOSPITAL DIST HPD,EJAE,0.062250,0.042250,0.015000,0,0.005000
MO,63651,ST. FRANCOIS COUNTY,AZQP,0.059750,0.042250,0.012500,0,0.005000
MO,63653,LEADWOOD,AZRJ,0.069750,0.042250,0.012500,0.010000,0.005000
MO,63654,REYNOLDS COUNTY,AZMP,0.052250,0.042250,0.010000,0,0
MO,63655,MADISON COUNTY,AYZU,0.062250,0.042250,0.020000,0,0
MO,63656,IRON CO HOSPITAL DIST HPD,EJAE,0.062250,0.042250,0.015000,0,0.005000
MO,63660,WASHINGTON COUNTY / WASHINGTON CO AMBULANCE DIST,AZYI,0.072250,0.042250,0.025000,0,0.005000
MO,63662,BOLLINGER COUNTY,AYBK,0.058500,0.042250,0.016250,0,0
MO,63663,PILOT KNOB,AYRY,0.082250,0.042250,0.015000,0.020000,0.005000
MO,63664,WASHINGTON COUNTY / WASHINGTON CO AMBULANCE DIST,AZYI,0.072250,0.042250,0.025000,0,0.005000
MO,63665,REYNOLDS COUNTY,AZMP,0.052250,0.042250,0.010000,0,0
MO,63666,REYNOLDS COUNTY,AZMP,0.052250,0.042250,0.010000,0,0
MO,63670,STE. GENEVIEVE COUNTY,AZUI,0.067250,0.042250,0.020000,0,0.005000
MO,63673,STE. GENEVIEVE COUNTY,AZUI,0.067250,0.042250,0.020000,0,0.005000
MO,63674,WASHINGTON COUNTY / WASHINGTON CO AMBULANCE DIST,AZYI,0.072250,0.042250,0.025000,0,0.005000
MO,63675,IRON CO HOSPITAL DIST HPD,EJAE,0.062250,0.042250,0.015000,0,0.005000
MO,63701,CAPE GIRARDEAU (CAPE GIRARDEAU CO),AYET,0.079750,0.042250,0.010000,0.027500,0
MO,63702,CAPE GIRARDEAU (CAPE GIRARDEAU CO),AYET,0.079750,0.042250,0.010000,0.027500,0
MO,63703,CAPE GIRARDEAU (CAPE GIRARDEAU CO),AYET,0.079750,0.042250,0.010000,0.027500,0
MO,63730,STODDARD COUNTY,AZUQ,0.052250,0.042250,0.010000,0,0
MO,63732,CAPE GIRARDEAU COUNTY,AYER,0.052250,0.042250,0.010000,0,0
MO,63735,STODDARD COUNTY,AZUQ,0.052250,0.042250,0.010000,0,0
MO,63736,SCOTT COUNTY,AZOI,0.052250,0.042250,0.010000,0,0
MO,63737,PERRY COUNTY,AZHQ,0.061000,0.042250,0.018750,0,0
MO,63738,STODDARD COUNTY,AZUQ,0.052250,0.042250,0.010000,0,0
MO,63739,CAPE GIRARDEAU COUNTY,AYER,0.052250,0.042250,0.010000,0,0
MO,63740,CHAFFEE,AZOL,0.069750,0.042250,0.010000,0.017500,0
MO,63742,COMMERCE,AZON,0.052250,0.042250,0.010000,0.000000,0
MO,63743,CAPE GIRARDEAU COUNTY,AYER,0.052250,0.042250,0.010000,0,0
MO,63744,DELTA,AYEV,0.067250,0.042250,0.010000,0.015000,0
MO,63745,DUTCHTOWN,AYEX,0.062250,0.042250,0.010000,0.010000,0
MO,63746,PERRY COUNTY,AZHQ,0.061000,0.042250,0.018750,0,0
MO,63747,CAPE GIRARDEAU COUNTY,AYER,0.052250,0.042250,0.010000,0,0
MO,63748,PERRY COUNTY,AZHQ,0.061000,0.042250,0.018750,0,0
MO,63750,BOLLINGER COUNTY,AYBK,0.058500,0.042250,0.016250,0,0
MO,63751,GLEN ALLEN,AYBN,0.058500,0.042250,0.016250,0.000000,0
MO,63752,GORDONVILLE,AYEZ,0.057250,0.042250,0.010000,0.005000,0
MO,63755,JACKSON,AYFA,0.072250,0.042250,0.010000,0.020000,0
MO,63758,KELSO,AZOO,0.062250,0.042250,0.010000,0.010000,0
MO,63760,BOLLINGER COUNTY,AYBK,0.058500,0.042250,0.016250,0,0
MO,63763,WAYNE COUNTY,AZYR,0.057250,0.042250,0.015000,0,0
MO,63764,MARBLE HILL,AYBR,0.078500,0.042250,0.016250,0.020000,0
MO,63766,CAPE GIRARDEAU COUNTY,AYER,0.052250,0.042250,0.010000,0,0
MO,63767,MORLEY,AZOQ,0.062250,0.042250,0.010000,0.010000,0
MO,63769,CAPE GIRARDEAU COUNTY,AYER,0.052250,0.042250,0.010000,0,0
MO,63770,PERRY COUNTY,AZHQ,0.061000,0.042250,0.018750,0,0
MO,63771,SCOTT COUNTY,AZOI,0.052250,0.042250,0.010000,0,0
MO,63774,SCOTT COUNTY,AZOI,0.052250,0.042250,0.010000,0,0
MO,63775,PERRY COUNTY,AZHQ,0.061000,0.042250,0.018750,0,0
MO,63776,PERRYVILLE,AZHY,0.079750,0.042250,0.018750,0.018750,0
MO,63779,POCAHONTAS,AYFF,0.052250,0.042250,0.010000,0.000000,0
MO,63780,SCOTT CITY (SCOTT CO),AZOT,0.069750,0.042250,0.010000,0.017500,0
MO,63781,SEDGEWICKVILLE,AYBT,0.058500,0.042250,0.016250,0.000000,0
MO,63782,BOLLINGER COUNTY,AYBK,0.058500,0.042250,0.016250,0,0
MO,63783,PERRY COUNTY,AZHQ,0.061000,0.042250,0.018750,0,0
MO,63784,SCOTT COUNTY,AZOI,0.052250,0.042250,0.010000,0,0
MO,63785,CAPE GIRARDEAU COUNTY,AYER,0.052250,0.042250,0.010000,0,0
MO,63787,ZALMA,AYBV,0.058500,0.042250,0.016250,0.000000,0
MO,63801,SIKESTON (SCOTT CO),AZOU,0.077250,0.042250,0.010000,0.025000,0
MO,63820,ANNISTON,AZBV,0.059750,0.042250,0.017500,0.000000,0
MO,63821,DUNKLIN COUNTY,AYMO,0.052250,0.042250,0.010000,0,0
MO,63822,BERNIE,AZUT,0.067250,0.042250,0.010000,0.015000,0
MO,63823,BERTRAND,AZBW,0.069750,0.042250,0.017500,0.010000,0
MO,63824,BLODGETT,AZOK,0.052250,0.042250,0.010000,0.000000,0
MO,63825,STODDARD COUNTY,AZUQ,0.052250,0.042250,0.010000,0,0
MO,63826,PEMISCOT COUNTY,AZHB,0.067250,0.042250,0.025000,0,0
MO,63827,PEMISCOT COUNTY,AZHB,0.067250,0.042250,0.025000,0,0
MO,63828,CANALOU,AZDU,0.054750,0.042250,0.010000,0.000000,0.002500
MO,63829,DUNKLIN COUNTY,AYMO,0.052250,0.042250,0.010000,0,0
MO,63830,CARUTHERSVILLE,AZHE,0.082250,0.042250,0.025000,0.015000,0
MO,63833,STODDARD COUNTY,AZUQ,0.052250,0.042250,0.010000,0,0
MO,63834,CHARLESTON,AZBX,0.074750,0.042250,0.017500,0.015000,0
MO,63837,DUNKLIN COUNTY,AYMO,0.052250,0.042250,0.010000,0,0
MO,63839,COOTER,AZHF,0.067250,0.042250,0.025000,0.000000,0
MO,63840,PEMISCOT COUNTY,AZHB,0.067250,0.042250,0.025000,0,0
MO,63841,DEXTER,AZUW,0.071000,0.042250,0.010000,0.018750,0
MO,63845,EAST PRAIRIE,AZBZ,0.084750,0.042250,0.017500,0.025000,0
MO,63846,STODDARD COUNTY,AZUQ,0.052250,0.042250,0.010000,0,0
MO,63847,DUNKLIN COUNTY,AYMO,0.052250,0.042250,0.010000,0,0
MO,63848,GIDEON,AZDX,0.064750,0.042250,0.010000,0.010000,0.002500
MO,63849,DUNKLIN COUNTY,AYMO,0.052250,0.042250,0.010000,0,0
MO,63850,STODDARD COUNTY,AZUQ,0.052250,0.042250,0.010000,0,0
MO,63851,HAYTI,AZHI,0.089750,0.042250,0.025000,0.022500,0
MO,63852,DUNKLIN COUNTY,AYMO,0.052250,0.042250,0.010000,0,0
MO,63853,HOLLAND,AZHL,0.067250,0.042250,0.025000,0.000000,0
MO,63855,DUNKLIN COUNTY,AYMO,0.052250,0.042250,0.010000,0,0
MO,63857,KENNETT,AYMW,0.079750,0.042250,0.010000,0.027500,0
MO,63860,NEW MADRID CO REMAINDER,EHZJ,0.054750,0.042250,0.010000,0,0.002500
MO,63862,NEW MADRID CO REMAINDER,EHZJ,0.054750,0.042250,0.010000,0,0.002500
MO,63863,MALDEN,AYMX,0.069750,0.042250,0.010000,0.017500,0
MO,63866,MARSTON,AZEB,0.079750,0.042250,0.010000,0.025000,0.002500
MO,63867,NEW MADRID CO REMAINDER,EHZJ,0.054750,0.042250,0.010000,0,0.002500
MO,63868,MOREHOUSE,AZEC,0.064750,0.042250,0.010000,0.010000,0.002500
MO,63869,NEW MADRID,AZEE,0.079750,0.042250,0.010000,0.025000,0.002500
MO,63870,NEW MADRID CO REMAINDER,EHZJ,0.054750,0.042250,0.010000,0,0.002500
MO,63873,PORTAGEVILLE,AZEG,0.069750,0.042250,0.010000,0.015000,0.002500
MO,63874,RISCO,AZEH,0.064750,0.042250,0.010000,0.010000,0.002500
MO,63876,DUNKLIN COUNTY,AYMO,0.052250,0.042250,0.010000,0,0
MO,63877,PEMISCOT COUNTY,AZHB,0.067250,0.042250,0.025000,0,0
MO,63878,TALLAPOOSA,AZEK,0.054750,0.042250,0.010000,0.000000,0.002500
MO,63879,WARDELL,AZHP,0.079750,0.042250,0.025000,0.012500,0
MO,63880,DUNKLIN COUNTY,AYMO,0.052250,0.042250,0.010000,0,0
MO,63881,EAST PRAIRIE,AZBZ,0.084750,0.042250,0.017500,0.025000,0
MO,63882,WYATT,AZCB,0.069750,0.042250,0.017500,0.010000,0
MO,63901,BUTLER COUNTY,AYCR,0.052250,0.042250,0.010000,0,0
MO,63902,POPLAR BLUFF,AYCX,0.077250,0.042250,0.010000,0.025000,0
MO,63931,DONIPHAN,AZMZ,0.077250,0.042250,0.015000,0.020000,0
MO,63932,BUTLER COUNTY,AYCR,0.052250,0.042250,0.010000,0,0
MO,63933,DUNKLIN COUNTY,AYMO,0.052250,0.042250,0.010000,0,0
MO,63935,DONIPHAN,AZMZ,0.077250,0.042250,0.015000,0.020000,0
MO,63936,STODDARD COUNTY,AZUQ,0.052250,0.042250,0.010000,0,0
MO,63937,ELLSINORE,AYFT,0.072250,0.042250,0.015000,0.015000,0
MO,63938,QULIN,AYCY,0.067250,0.042250,0.010000,0.015000,0
MO,63939,RIPLEY COUNTY,AZMX,0.057250,0.042250,0.015000,0,0
MO,63940,BUTLER COUNTY,AYCR,0.052250,0.042250,0.010000,0,0
MO,63941,CARTER COUNTY,AYFS,0.057250,0.042250,0.015000,0,0
MO,63943,GRANDIN,AYFV,0.067250,0.042250,0.015000,0.010000,0
MO,63944,GREENVILLE,AZYU,0.077250,0.042250,0.015000,0.020000,0
MO,63945,BUTLER COUNTY,AYCR,0.052250,0.042250,0.010000,0,0
MO,63950,WAYNE COUNTY,AZYR,0.057250,0.042250,0.015000,0,0
MO,63951,WAYNE COUNTY,AZYR,0.057250,0.042250,0.015000,0,0
MO,63952,MILL SPRING,AZYZ,0.067250,0.042250,0.015000,0.010000,0
MO,63953,NAYLOR,AZND,0.077250,0.042250,0.015000,0.020000,0
MO,63954,BUTLER COUNTY,AYCR,0.052250,0.042250,0.010000,0,0
MO,63955,RIPLEY COUNTY,AZMX,0.057250,0.042250,0.015000,0,0
MO,63956,WAYNE COUNTY,AZYR,0.057250,0.042250,0.015000,0,0
MO,63957,PIEDMONT,AZZA,0.082250,0.042250,0.015000,0.025000,0
MO,63960,STODDARD COUNTY,AZUQ,0.052250,0.042250,0.010000,0,0
MO,63961,BUTLER COUNTY,AYCR,0.052250,0.042250,0.010000,0,0
MO,63962,POPLAR BLUFF,AYCX,0.077250,0.042250,0.010000,0.025000,0
MO,63964,WAYNE COUNTY,AZYR,0.057250,0.042250,0.015000,0,0
MO,63965,VAN BUREN,AYFW,0.072250,0.042250,0.015000,0.015000,0
MO,63966,BUTLER COUNTY,AYCR,0.052250,0.042250,0.010000,0,0
MO,63967,WILLIAMSVILLE,AZZE,0.072250,0.042250,0.015000,0.015000,0
MO,64001,LAFAYETTE COUNTY,AYWF,0.058500,0.042250,0.016250,0,0
MO,64002,LEES SUMMIT (JACKSON CO),AYSR,0.077250,0.042250,0.011250,0.022500,0.001250
MO,64011,LAFAYETTE CO SNI FIRE DIS,EIIZ,0.063500,0.042250,0.016250,0,0.005000
MO,64012,BELTON,AYFZ,0.087250,0.042250,0.017500,0.027500,0
MO,64013,BLUE SPRINGS CENTRAL FIRE,EGNY,0.079750,0.042250,0.011250,0.020000,0.006250
MO,64014,BLUE SPRINGS CENTRAL FIRE,EGNY,0.079750,0.042250,0.011250,0.020000,0.006250
MO,64015,BLUE SPRINGS CENTRAL FIRE,EGNY,0.079750,0.042250,0.011250,0.020000,0.006250
MO,64016,JACKSON COUNTY,AYSD,0.054750,0.042250,0.011250,0,0.001250
MO,64017,CAMDEN,AZME,0.062250,0.042250,0.015000,0.000000,0.005000
MO,64018,PLATTE COUNTY,AZJJ,0.056000,0.042250,0.013750,0,0
MO,64019,JOHNSON COUNTY,AYVC,0.064750,0.042250,0.022500,0,0
MO,64020,CONCORDIA,AYWJ,0.081000,0.042250,0.016250,0.022500,0
MO,64021,LAFAYETTE COUNTY,AYWF,0.058500,0.042250,0.016250,0,0
MO,64022,DOVER,AYWL,0.058500,0.042250,0.016250,0.000000,0
MO,64024,EXCELSIOR SPRINGS (CLAY CO),AYIL,0.087250,0.042250,0.008750,0.035000,0.001250
MO,64028,FARLEY,AZJO,0.056000,0.042250,0.013750,0.000000,0
MO,64029,GRAIN VALLEY / CENTRAL JACKSON CO FPD,EGOA,0.084750,0.042250,0.011250,0.025000,0.006250
MO,64030,GRANDVIEW,AYSJ,0.079750,0.042250,0.011250,0.025000,0.001250
MO,64034,GREENWOOD (JACKSON CO),AYSL,0.074750,0.042250,0.011250,0.020000,0.001250
MO,64035,RAY CO/RAY COUNTY AMBULANCE DISTRICT,EHXK,0.062250,0.042250,0.015000,0,0.005000
MO,64036,HENRIETTA,AZMI,0.082250,0.042250,0.015000,0.020000,0.005000
MO,64037,HIGGINSVILLE,AYWN,0.081000,0.042250,0.016250,0.022500,0
MO,64040,HOLDEN,AYVF,0.079750,0.042250,0.022500,0.015000,0
MO,64048,CLAY COUNTY,AYIJ,0.052250,0.042250,0.008750,0,0.001250
MO,64050,INDEPENDENCE,AYSN,0.077250,0.042250,0.011250,0.022500,0.001250
MO,64051,INDEPENDENCE,AYSN,0.077250,0.042250,0.011250,0.022500,0.001250
MO,64052,INDEPENDENCE,AYSN,0.077250,0.042250,0.011250,0.022500,0.001250
MO,64053,INDEPENDENCE,AYSN,0.077250,0.042250,0.011250,0.022500,0.001250
MO,64054,SUGAR CREEK (JACKSON CO),AYSX,0.074750,0.042250,0.011250,0.020000,0.001250
MO,64055,INDEPENDENCE,AYSN,0.077250,0.042250,0.011250,0.022500,0.001250
MO,64056,INDEPENDENCE,AYSN,0.077250,0.042250,0.011250,0.022500,0.001250
MO,64057,INDEPENDENCE,AYSN,0.077250,0.042250,0.011250,0.022500,0.001250
MO,64058,JACKSON COUNTY,AYSD,0.054750,0.042250,0.011250,0,0.001250
MO,64060,KEARNEY,AYIS,0.072250,0.042250,0.008750,0.020000,0.001250
MO,64061,JOHNSON COUNTY,AYVC,0.064750,0.042250,0.022500,0,0
MO,64062,RAY COUNTY,AZMD,0.057250,0.042250,0.015000,0,0
MO,64063,LEES SUMMIT (JACKSON CO),AYSR,0.077250,0.042250,0.011250,0.022500,0.001250
MO,64064,LEES SUMMIT (JACKSON CO),AYSR,0.077250,0.042250,0.011250,0.022500,0.001250
MO,64065,UNITY VILLAGE,DVUK,0.077250,0.042250,0.011250,0.022500,0.001250
MO,64066,LEVASY,AYST,0.064750,0.042250,0.011250,0.010000,0.001250
MO,64067,LEXINGTON,AYWP,0.083500,0.042250,0.016250,0.025000,0
MO,64068,LIBERTY,AYIU,0.077250,0.042250,0.008750,0.025000,0.001250
MO,64069,LIBERTY,AYIU,0.077250,0.042250,0.008750,0.025000,0.001250
MO,64070,JACKSON COUNTY,AYSD,0.054750,0.042250,0.011250,0,0.001250
MO,64071,LAFAYETTE COUNTY,AYWF,0.058500,0.042250,0.016250,0,0
MO,64072,MISSOURI,AYIX,0.052250,0.042250,0.008750,0.000000,0.001250
MO,64073,EXCELSIOR SPRINGS CRC CID,ELEJ,0.094750,0.042250,0.008750,0.035000,0.008750
MO,64074,LAFAYETTE COUNTY,AYWF,0.058500,0.042250,0.016250,0,0
MO,64075,OAK GROVE (JACKSON CO),AYSU,0.079750,0.042250,0.011250,0.020000,0.006250
MO,64076,LAFAYETTE COUNTY,AYWF,0.058500,0.042250,0.016250,0,0
MO,64077,RAY CO ORRICK FIRE/RAY CO AMBULANCE,EHXH,0.067250,0.042250,0.015000,0,0.010000
MO,64078,CASS COUNTY,AYFX,0.059750,0.042250,0.017500,0,0
MO,64079,PLATTE COUNTY,AZJJ,0.056000,0.042250,0.013750,0,0
MO,64080,CASS CO PLEASANT HILL FPD,ELTY,0.064750,0.042250,0.017500,0,0.005000
MO,64081,LEES SUMMIT (JACKSON CO),AYSR,0.077250,0.042250,0.011250,0.022500,0.001250
MO,64082,LEES SUMMIT (JACKSON CO),AYSR,0.077250,0.042250,0.011250,0.022500,0.001250
MO,64083,RAYMORE,AYGQ,0.089750,0.042250,0.017500,0.025000,0.005000
MO,64084,RAY CO/RAY COUNTY AMBULANCE DISTRICT,EHXK,0.062250,0.042250,0.015000,0,0.005000
MO,64085,RICHMOND,AZMM,0.082250,0.042250,0.015000,0.020000,0.005000
MO,64086,LEES SUMMIT (JACKSON CO),AYSR,0.077250,0.042250,0.011250,0.022500,0.001250
MO,64088,JACKSON COUNTY,AYSD,0.054750,0.042250,0.011250,0,0.001250
MO,64089,SMITHVILLE,AYJD,0.072250,0.042250,0.008750,0.015000,0.006250
MO,64090,STRASBURG,AYGS,0.074750,0.042250,0.017500,0.010000,0.005000
MO,64092,PLATTE COUNTY,AZJJ,0.056000,0.042250,0.013750,0,0
MO,64093,WARRENSBURG,AYVL,0.083500,0.042250,0.022500,0.018750,0
MO,64096,WAVERLY,AYWV,0.083500,0.042250,0.016250,0.025000,0
MO,64097,LAFAYETTE COUNTY,AYWF,0.058500,0.042250,0.016250,0,0
MO,64098,PLATTE COUNTY,AZJJ,0.056000,0.042250,0.013750,0,0
MO,64101,KANSAS CITY (JACKSON CO),AYSO,0.083500,0.042250,0.011250,0.028750,0.001250
MO,64102,KANSAS CITY (JACKSON CO),AYSO,0.083500,0.042250,0.011250,0.028750,0.001250
MO,64105,KANSAS CITY DWNTWN ST CID,EKFC,0.093500,0.042250,0.011250,0.028750,0.011250
MO,64106,KANSAS CITY DWNTWN ST CID,EKFC,0.093500,0.042250,0.011250,0.028750,0.011250
MO,64108,KANSAS CITY (JACKSON CO),AYSO,0.083500,0.042250,0.011250,0.028750,0.001250
MO,64109,KANSAS CITY (JACKSON CO),AYSO,0.083500,0.042250,0.011250,0.028750,0.001250
MO,64110,KANSAS CITY (JACKSON CO),AYSO,0.083500,0.042250,0.011250,0.028750,0.001250
MO,64111,KANSAS CITY (JACKSON CO),AYSO,0.083500,0.042250,0.011250,0.028750,0.001250
MO,64112,KANSAS CITY (JACKSON CO),AYSO,0.083500,0.042250,0.011250,0.028750,0.001250
MO,64113,KANSAS CITY (JACKSON CO),AYSO,0.083500,0.042250,0.011250,0.028750,0.001250
MO,64114,KANSAS CITY (JACKSON CO),AYSO,0.083500,0.042250,0.011250,0.028750,0.001250
MO,64116,KANSAS CITY (CLAY CO),AYIQ,0.081000,0.042250,0.008750,0.028750,0.001250
MO,64117,KANSAS CITY (CLAY CO),AYIQ,0.081000,0.042250,0.008750,0.028750,0.001250
MO,64118,KANSAS CITY (CLAY CO),AYIQ,0.081000,0.042250,0.008750,0.028750,0.001250
MO,64119,KANSAS CITY (CLAY CO),AYIQ,0.081000,0.042250,0.008750,0.028750,0.001250
MO,64120,KANSAS CITY (JACKSON CO),AYSO,0.083500,0.042250,0.011250,0.028750,0.001250
MO,64121,KANSAS CITY DWNTWN ST CID,EKFC,0.093500,0.042250,0.011250,0.028750,0.011250
MO,64123,KANSAS CITY (JACKSON CO),AYSO,0.083500,0.042250,0.011250,0.028750,0.001250
MO,64124,KANSAS CITY (JACKSON CO),AYSO,0.083500,0.042250,0.011250,0.028750,0.001250
MO,64125,KANSAS CITY (JACKSON CO),AYSO,0.083500,0.042250,0.011250,0.028750,0.001250
MO,64126,KANSAS CITY (JACKSON CO),AYSO,0.083500,0.042250,0.011250,0.028750,0.001250
MO,64127,KANSAS CITY (JACKSON CO),AYSO,0.083500,0.042250,0.011250,0.028750,0.001250
MO,64128,KANSAS CITY (JACKSON CO),AYSO,0.083500,0.042250,0.011250,0.028750,0.001250
MO,64129,KANSAS CITY (JACKSON CO),AYSO,0.083500,0.042250,0.011250,0.028750,0.001250
MO,64130,KANSAS CITY (JACKSON CO),AYSO,0.083500,0.042250,0.011250,0.028750,0.001250
MO,64131,KANSAS CITY (JACKSON CO),AYSO,0.083500,0.042250,0.011250,0.028750,0.001250
MO,64132,KANSAS CITY (JACKSON CO),AYSO,0.083500,0.042250,0.011250,0.028750,0.001250
MO,64133,RAYTOWN,AYSW,0.082250,0.042250,0.011250,0.027500,0.001250
MO,64134,KANSAS CITY (JACKSON CO),AYSO,0.083500,0.042250,0.011250,0.028750,0.001250
MO,64136,KANSAS CITY (JACKSON CO),AYSO,0.083500,0.042250,0.011250,0.028750,0.001250
MO,64137,KANSAS CITY (JACKSON CO),AYSO,0.083500,0.042250,0.011250,0.028750,0.001250
MO,64138,KANSAS CITY (JACKSON CO),AYSO,0.083500,0.042250,0.011250,0.028750,0.001250
MO,64139,KANSAS CITY (JACKSON CO),AYSO,0.083500,0.042250,0.011250,0.028750,0.001250
MO,64141,KANSAS CITY DWNTWN ST CID,EKFC,0.093500,0.042250,0.011250,0.028750,0.011250
MO,64144,KANSAS CITY (CLAY CO),AYIQ,0.081000,0.042250,0.008750,0.028750,0.001250
MO,64145,KANSAS CITY (JACKSON CO),AYSO,0.083500,0.042250,0.011250,0.028750,0.001250
MO,64146,KANSAS CITY (JACKSON CO),AYSO,0.083500,0.042250,0.011250,0.028750,0.001250
MO,64147,KANSAS CITY (JACKSON CO),AYSO,0.083500,0.042250,0.011250,0.028750,0.001250
MO,64148,KANSAS CITY DWNTWN ST CID,EKFC,0.093500,0.042250,0.011250,0.028750,0.011250
MO,64149,KANSAS CITY (JACKSON CO),AYSO,0.083500,0.042250,0.011250,0.028750,0.001250
MO,64150,RIVERSIDE,AZJW,0.066000,0.042250,0.013750,0.010000,0
MO,64151,KANSAS CITY (PLATTE CO),AZJP,0.084750,0.042250,0.013750,0.028750,0
MO,64152,PLATTE COUNTY,AZJJ,0.056000,0.042250,0.013750,0,0
MO,64153,KANSAS CITY (PLATTE CO),AZJP,0.084750,0.042250,0.013750,0.028750,0
MO,64154,KANSAS CITY (PLATTE CO),AZJP,0.084750,0.042250,0.013750,0.028750,0
MO,64155,KANSAS CITY (CLAY CO),AYIQ,0.081000,0.042250,0.008750,0.028750,0.001250
MO,64156,KANSAS CITY (CLAY CO),AYIQ,0.081000,0.042250,0.008750,0.028750,0.001250
MO,64157,KANSAS CITY (CLAY CO),AYIQ,0.081000,0.042250,0.008750,0.028750,0.001250
MO,64158,KANSAS CITY (CLAY CO),AYIQ,0.081000,0.042250,0.008750,0.028750,0.001250
MO,64161,KANSAS CITY (CLAY CO),AYIQ,0.081000,0.042250,0.008750,0.028750,0.001250
MO,64162,RANDOLPH,AYJC,0.067250,0.042250,0.008750,0.015000,0.001250
MO,64163,FERRELVIEW,AZJN,0.066000,0.042250,0.013750,0.010000,0
MO,64164,KANSAS CITY (PLATTE CO),AZJP,0.084750,0.042250,0.013750,0.028750,0
MO,64165,KANSAS CITY (CLAY CO),AYIQ,0.081000,0.042250,0.008750,0.028750,0.001250
MO,64166,CLAY CO SMITHVILLE FPD,EKFL,0.057250,0.042250,0.008750,0,0.006250
MO,64167,CLAY CO SMITHVILLE FPD,EKFL,0.057250,0.042250,0.008750,0,0.006250
MO,64168,GLADSTONE,AYIN,0.077250,0.042250,0.008750,0.025000,0.001250
MO,64170,KANSAS CITY (JACKSON CO),AYSO,0.083500,0.042250,0.011250,0.028750,0.001250
MO,64171,KANSAS CITY DWNTWN ST CID,EKFC,0.093500,0.042250,0.011250,0.028750,0.011250
MO,64179,KANSAS CITY DWNTWN ST CID,EKFC,0.093500,0.042250,0.011250,0.028750,0.011250
MO,64180,KANSAS CITY DWNTWN ST CID,EKFC,0.093500,0.042250,0.011250,0.028750,0.011250
MO,64184,KANSAS CITY DWNTWN ST CID,EKFC,0.093500,0.042250,0.011250,0.028750,0.011250
MO,64187,KANSAS CITY DWNTWN ST CID,EKFC,0.093500,0.042250,0.011250,0.028750,0.011250
MO,64188,GLADSTONE,AYIN,0.077250,0.042250,0.008750,0.025000,0.001250
MO,64190,KANSAS CITY (PLATTE CO),AZJP,0.084750,0.042250,0.013750,0.028750,0
MO,64191,KANSAS CITY (JACKSON CO),AYSO,0.083500,0.042250,0.011250,0.028750,0.001250
MO,64195,KC INTERNATIONAL AIRPORT,EEQU,0.094750,0.042250,0.013750,0.028750,0.010000
MO,64196,KANSAS CITY DWNTWN ST CID,EKFC,0.093500,0.042250,0.011250,0.028750,0.011250
MO,64197,KANSAS CITY (JACKSON CO),AYSO,0.083500,0.042250,0.011250,0.028750,0.001250
MO,64198,KANSAS CITY (JACKSON CO),AYSO,0.083500,0.042250,0.011250,0.028750,0.001250
MO,64199,KANSAS CITY DWNTWN ST CID,EKFC,0.093500,0.042250,0.011250,0.028750,0.011250
MO,64401,BUCHANAN COUNTY,AYCI,0.055750,0.042250,0.013500,0,0
MO,64402,ALBANY,AYOM,0.072250,0.042250,0.010000,0.020000,0
MO,64420,ALLENDALE,AZZQ,0.071000,0.042250,0.018750,0.010000,0
MO,64421,ANDREW COUNTY,AXYU,0.064250,0.042250,0.017000,0,0.005000
MO,64422,DEKALB COUNTY,AYLR,0.057250,0.042250,0.010000,0,0.005000
MO,64423,NODAWAY COUNTY,AZFB,0.062250,0.042250,0.020000,0,0
MO,64424,BETHANY,AYPM,0.073500,0.042250,0.012500,0.013750,0.005000
MO,64426,HARRISON COUNTY,AYPL,0.054750,0.042250,0.012500,0,0
MO,64427,ANDREW COUNTY,AXYU,0.064250,0.042250,0.017000,0,0.005000
MO,64428,NODAWAY COUNTY,AZFB,0.062250,0.042250,0.020000,0,0
MO,64429,CAMERON (CLINTON CO),AYJH,0.079750,0.042250,0.010000,0.022500,0.005000
MO,64430,DEKALB COUNTY,AYLR,0.057250,0.042250,0.010000,0,0.005000
MO,64431,NODAWAY COUNTY,AZFB,0.062250,0.042250,0.020000,0,0
MO,64432,CLYDE,AZFF,0.062250,0.042250,0.020000,0.000000,0
MO,64433,NODAWAY COUNTY,AZFB,0.062250,0.042250,0.020000,0,0
MO,64434,CONCEPTION JUNCTION,AZFH,0.062250,0.042250,0.020000,0.000000,0
MO,64436,ANDREW COUNTY,AXYU,0.064250,0.042250,0.017000,0,0.005000
MO,64437,CRAIG,AYQO,0.077250,0.042250,0.025000,0.010000,0
MO,64438,DARLINGTON,AYON,0.052250,0.042250,0.010000,0.000000,0
MO,64439,PLATTE COUNTY,AZJJ,0.056000,0.042250,0.013750,0,0
MO,64440,BUCHANAN COUNTY,AYCI,0.055750,0.042250,0.013500,0,0
MO,64441,DENVER,AZZR,0.061000,0.042250,0.018750,0.000000,0
MO,64442,HARRISON COUNTY,AYPL,0.054750,0.042250,0.012500,0,0
MO,64443,BUCHANAN COUNTY,AYCI,0.055750,0.042250,0.013500,0,0
MO,64444,PLATTE COUNTY,AZJJ,0.056000,0.042250,0.013750,0,0
MO,64445,NODAWAY COUNTY,AZFB,0.062250,0.042250,0.020000,0,0
MO,64446,FAIRFAX,AXZF,0.074750,0.042250,0.022500,0.010000,0
MO,64448,BUCHANAN COUNTY,AYCI,0.055750,0.042250,0.013500,0,0
MO,64449,ANDREW COUNTY,AXYU,0.064250,0.042250,0.017000,0,0.005000
MO,64451,HOLT COUNTY,AYQM,0.067250,0.042250,0.025000,0,0
MO,64453,GENTRY,AYOO,0.052250,0.042250,0.010000,0.000000,0
MO,64454,GOWER (CLINTON CO),AYJI,0.064750,0.042250,0.010000,0.012500,0
MO,64455,NODAWAY COUNTY,AZFB,0.062250,0.042250,0.020000,0,0
MO,64456,GRANT,AZZS,0.081000,0.042250,0.018750,0.020000,0
MO,64457,NODAWAY COUNTY,AZFB,0.062250,0.042250,0.020000,0,0
MO,64458,HARRISON COUNTY,AYPL,0.054750,0.042250,0.012500,0,0
MO,64459,ANDREW COUNTY,AXYU,0.064250,0.042250,0.017000,0,0.005000
MO,64461,NODAWAY COUNTY,AZFB,0.062250,0.042250,0.020000,0,0
MO,64463,KING,AYOP,0.067250,0.042250,0.010000,0.015000,0
MO,64465,CLINTON COUNTY,AYJG,0.052250,0.042250,0.010000,0,0
MO,64466,HOLT COUNTY,AYQM,0.067250,0.042250,0.025000,0,0
MO,64467,HARRISON COUNTY,AYPL,0.054750,0.042250,0.012500,0,0
MO,64468,MARYVILLE,AZFM,0.084750,0.042250,0.020000,0.022500,0
MO,64469,DEKALB COUNTY,AYLR,0.057250,0.042250,0.010000,0,0.005000
MO,64470,MOUND,AYQR,0.082250,0.042250,0.025000,0.015000,0
MO,64471,HARRISON COUNTY,AYPL,0.054750,0.042250,0.012500,0,0
MO,64473,HOLT COUNTY,AYQM,0.067250,0.042250,0.025000,0,0
MO,64474,DEKALB COUNTY,AYLR,0.057250,0.042250,0.010000,0,0.005000
MO,64475,PARNELL,AZFN,0.062250,0.042250,0.020000,0.000000,0
MO,64476,NODAWAY COUNTY,AZFB,0.062250,0.042250,0.020000,0,0
MO,64477,PLATTSBURG,AYJL,0.072250,0.042250,0.010000,0.020000,0
MO,64479,NODAWAY COUNTY,AZFB,0.062250,0.042250,0.020000,0,0
MO,64480,ANDREW CO REMAINDER,EIIY,0.059250,0.042250,0.017000,0,0
MO,64481,HARRISON CO NOEL T AD AMB,EIIV,0.059750,0.042250,0.012500,0,0.005000
MO,64482,ROCK PORT,AXZG,0.082250,0.042250,0.022500,0.017500,0
MO,64483,ANDREW COUNTY,AXYU,0.064250,0.042250,0.017000,0,0.005000
MO,64484,BUCHANAN COUNTY,AYCI,0.055750,0.042250,0.013500,0,0
MO,64485,SAVANNAH,AXZC,0.084250,0.042250,0.017000,0.020000,0.005000
MO,64486,WORTH COUNTY,AZZP,0.061000,0.042250,0.018750,0,0
MO,64487,NODAWAY COUNTY,AZFB,0.062250,0.042250,0.020000,0,0
MO,64489,STANBERRY,AYOR,0.062250,0.042250,0.010000,0.010000,0
MO,64490,CLINTON COUNTY,AYJG,0.052250,0.042250,0.010000,0,0
MO,64491,TARKIO,AXZH,0.084750,0.042250,0.022500,0.020000,0
MO,64492,CLINTON COUNTY,AYJG,0.052250,0.042250,0.010000,0,0
MO,64493,CLINTON COUNTY,AYJG,0.052250,0.042250,0.010000,0,0
MO,64494,ANDREW CO REMAINDER,EIIY,0.059250,0.042250,0.017000,0,0
MO,64496,ATCHINSON COUNTY,AXZE,0.064750,0.042250,0.022500,0,0
MO,64497,DEKALB COUNTY,AYLR,0.057250,0.042250,0.010000,0,0.005000
MO,64498,ATCHINSON COUNTY,AXZE,0.064750,0.042250,0.022500,0,0
MO,64499,WORTH,AZZU,0.061000,0.042250,0.018750,0.000000,0
MO,64501,ST. JOSEPH,AYCP,0.084500,0.042250,0.013500,0.028750,0
MO,64502,SAINT JOSEPH DOWNTOWN CID,EJCU,0.089500,0.042250,0.013500,0.028750,0.005000
MO,64503,ST. JOSEPH,AYCP,0.084500,0.042250,0.013500,0.028750,0
MO,64504,ST. JOSEPH,AYCP,0.084500,0.042250,0.013500,0.028750,0
MO,64505,ST. JOSEPH,AYCP,0.084500,0.042250,0.013500,0.028750,0
MO,64506,ST. JOSEPH,AYCP,0.084500,0.042250,0.013500,0.028750,0
MO,64507,ST. JOSEPH,AYCP,0.084500,0.042250,0.013500,0.028750,0
MO,64508,ST. JOSEPH,AYCP,0.084500,0.042250,0.013500,0.028750,0
MO,64601,CHILLICOTHE,AYZB,0.072250,0.042250,0.007500,0.022500,0
MO,64620,DAVIES COUNTY,AYLH,0.062250,0.042250,0.015000,0,0.005000
MO,64622,CARROLL COUNTY,AYFH,0.054750,0.042250,0.012500,0,0
MO,64623,CARROLL COUNTY,AYFH,0.054750,0.042250,0.012500,0,0
MO,64624,BRAYMER,AYDB,0.077250,0.042250,0.025000,0.010000,0
MO,64625,BRECKENRIDGE,AYDC,0.077250,0.042250,0.025000,0.010000,0
MO,64628,BROOKFIELD,AYYO,0.079750,0.042250,0.015000,0.017500,0.005000
MO,64630,LINN COUNTY,AYYN,0.062250,0.042250,0.015000,0,0.005000
MO,64631,LINN COUNTY,AYYN,0.062250,0.042250,0.015000,0,0.005000
MO,64632,CAINSVILLE,AYPO,0.059750,0.042250,0.012500,0.005000,0
MO,64633,CARROLLTON,AYFK,0.072250,0.042250,0.012500,0.017500,0
MO,64635,CHULA,AYZD,0.049750,0.042250,0.007500,0.000000,0
MO,64636,COFFEY,AYLJ,0.067250,0.042250,0.015000,0.000000,0.010000
MO,64637,CALDWELL COUNTY,AYDA,0.067250,0.042250,0.025000,0,0
MO,64638,LIVINGSTON COUNTY,AYYZ,0.049750,0.042250,0.007500,0,0
MO,64639,CARROLL COUNTY,AYFH,0.054750,0.042250,0.012500,0,0
MO,64640,GALLATIN,AYLK,0.081000,0.042250,0.015000,0.018750,0.005000
MO,64641,GRUNDY COUNTY,AYPG,0.057250,0.042250,0.015000,0,0
MO,64642,HARRISON CO NOEL T AD AMB,EIIV,0.059750,0.042250,0.012500,0,0.005000
MO,64643,CARROLL COUNTY,AYFH,0.054750,0.042250,0.012500,0,0
MO,64644,HAMILTON,AYDE,0.087250,0.042250,0.025000,0.020000,0
MO,64645,SULLIVAN COUNTY,AZVO,0.069750,0.042250,0.027500,0,0
MO,64646,SULLIVAN COUNTY,AZVO,0.069750,0.042250,0.027500,0,0
MO,64647,DAVIES COUNTY,AYLH,0.062250,0.042250,0.015000,0,0.005000
MO,64648,DAVIES COUNTY,AYLH,0.062250,0.042250,0.015000,0,0.005000
MO,64649,CALDWELL COUNTY,AYDA,0.067250,0.042250,0.025000,0,0
MO,64650,CALDWELL COUNTY,AYDA,0.067250,0.042250,0.025000,0,0
MO,64651,LINN COUNTY,AYYN,0.062250,0.042250,0.015000,0,0.005000
MO,64652,LAREDO,AYPI,0.057250,0.042250,0.015000,0.000000,0
MO,64653,LINN COUNTY,AYYN,0.062250,0.042250,0.015000,0,0.005000
MO,64654,LOCK SPRINGS,AYLO,0.062250,0.042250,0.015000,0.000000,0.005000
MO,64655,PUTNAM COUNTY,AZLB,0.062250,0.042250,0.020000,0,0
MO,64656,LUDLOW,AYZF,0.049750,0.042250,0.007500,0.000000,0
MO,64657,GENTRY COUNTY,AYOL,0.052250,0.042250,0.010000,0,0
MO,64658,MARCELINE (LINN CO),AYYU,0.077250,0.042250,0.015000,0.015000,0.005000
MO,64659,LINN COUNTY,AYYN,0.062250,0.042250,0.015000,0,0.005000
MO,64660,CHARITON COUNTY,AYGZ,0.061000,0.042250,0.018750,0,0
MO,64661,MERCER,AZBC,0.074750,0.042250,0.022500,0.010000,0
MO,64664,LIVINGSTON COUNTY,AYYZ,0.049750,0.042250,0.007500,0,0
MO,64667,SULLIVAN COUNTY,AZVO,0.069750,0.042250,0.027500,0,0
MO,64668,CARROLL COUNTY,AYFH,0.054750,0.042250,0.012500,0,0
MO,64670,DAVIES CO/DAVIES DEKALB REGIONAL JAIL DIST/NOEL T ADAMS AMBULANCE DIST,EFAF,0.067250,0.042250,0.015000,0,0.010000
MO,64671,CALDWELL COUNTY,AYDA,0.067250,0.042250,0.025000,0,0
MO,64672,PUTNAM COUNTY,AZLB,0.062250,0.042250,0.020000,0,0
MO,64673,PRINCETON,AZBD,0.074750,0.042250,0.022500,0.010000,0
MO,64674,LINN COUNTY,AYYN,0.062250,0.042250,0.015000,0,0.005000
MO,64676,CHARITON COUNTY,AYGZ,0.061000,0.042250,0.018750,0,0
MO,64679,GRUNDY COUNTY,AYPG,0.057250,0.042250,0.015000,0,0
MO,64680,KANSAS CITY DWNTWN ST CID,EKFC,0.093500,0.042250,0.011250,0.028750,0.011250
MO,64681,CHARITON COUNTY,AYGZ,0.061000,0.042250,0.018750,0,0
MO,64682,CARROLL COUNTY,AYFH,0.054750,0.042250,0.012500,0,0
MO,64683,TRENTON,AYPK,0.077250,0.042250,0.015000,0.020000,0
MO,64686,UTICA,AYZH,0.049750,0.042250,0.007500,0.000000,0
MO,64688,LIVINGSTON COUNTY,AYYZ,0.049750,0.042250,0.007500,0,0
MO,64689,DAVIES COUNTY,AYLH,0.062250,0.042250,0.015000,0,0.005000
MO,64701,HARRISONVILLE,AYGH,0.078500,0.042250,0.017500,0.018750,0
MO,64720,ADRIAN,AYAS,0.079750,0.042250,0.010000,0.027500,0
MO,64722,BATES COUNTY,AYAR,0.052250,0.042250,0.010000,0,0
MO,64723,AMSTERDAM,AYAT,0.062250,0.042250,0.010000,0.010000,0
MO,64724,APPLETON,AZQI,0.071000,0.042250,0.005000,0.023750,0
MO,64725,CASS COUNTY,AYFX,0.059750,0.042250,0.017500,0,0
MO,64726,HENRY COUNTY,AYPV,0.052250,0.042250,0.010000,0,0
MO,64728,VERNON COUNTY,AZXK,0.052250,0.042250,0.010000,0,0
MO,64730,BUTLER,AYAV,0.078500,0.042250,0.010000,0.026250,0
MO,64733,JOHNSON COUNTY,AYVC,0.064750,0.042250,0.022500,0,0
MO,64734,CASS COUNTY,AYFX,0.059750,0.042250,0.017500,0,0
MO,64735,CLINTON,AYPY,0.074750,0.042250,0.010000,0.022500,0
MO,64738,ST. CLAIR COUNTY,AZQH,0.047250,0.042250,0.005000,0,0
MO,64739,CASS COUNTY,AYFX,0.059750,0.042250,0.017500,0,0
MO,64740,HENRY COUNTY,AYPV,0.052250,0.042250,0.010000,0,0
MO,64741,VERNON COUNTY,AZXK,0.052250,0.042250,0.010000,0,0
MO,64742,DREXEL (CASS CO),AYGD,0.079750,0.042250,0.017500,0.020000,0
MO,64743,EAST LYNNE,AYGE,0.074750,0.042250,0.017500,0.015000,0
MO,64744,EL DORADO SPRINGS,AYGV,0.077250,0.042250,0.010000,0.020000,0.005000
MO,64745,FOSTER,AYAX,0.052250,0.042250,0.010000,0.000000,0
MO,64746,CASS COUNTY,AYFX,0.059750,0.042250,0.017500,0,0
MO,64747,CASS COUNTY,AYFX,0.059750,0.042250,0.017500,0,0
MO,64748,GOLDEN,AYAK,0.076000,0.042250,0.010000,0.018750,0.005000
MO,64750,VERNON COUNTY,AZXK,0.052250,0.042250,0.010000,0,0
MO,64752,VERNON COUNTY,AZXK,0.052250,0.042250,0.010000,0,0
MO,64755,JASPER COUNTY,AYSZ,0.052000,0.042250,0.009750,0,0
MO,64756,CEDAR COUNTY / CEDAR CO AMBULANCE DIST.,AYGT,0.057250,0.042250,0.010000,0,0.005000
MO,64759,LAMAR,AYAM,0.077250,0.042250,0.010000,0.020000,0.005000
MO,64761,LEETON,AYVK,0.079750,0.042250,0.022500,0.015000,0
MO,64762,BARTON COUNTY / BARTON CO AMBULANCE,AYAJ,0.057250,0.042250,0.010000,0,0.005000
MO,64763,LOWRY,AZQL,0.069750,0.042250,0.005000,0.022500,0
MO,64765,METZ,AZXQ,0.052250,0.042250,0.010000,0.000000,0
MO,64767,VERNON COUNTY,AZXK,0.052250,0.042250,0.010000,0,0
MO,64769,MINDENMINES,AYAQ,0.057250,0.042250,0.010000,0.000000,0.005000
MO,64770,HENRY COUNTY,AYPV,0.052250,0.042250,0.010000,0,0
MO,64771,VERNON COUNTY,AZXK,0.052250,0.042250,0.010000,0,0
MO,64772,NEVADA,AZXT,0.077250,0.042250,0.010000,0.025000,0
MO,64776,ST. CLAIR COUNTY,AZQH,0.047250,0.042250,0.005000,0,0
MO,64778,VERNON COUNTY,AZXK,0.052250,0.042250,0.010000,0,0
MO,64779,RICH HILL,AYBB,0.072250,0.042250,0.010000,0.020000,0
MO,64780,ST. CLAIR COUNTY,AZQH,0.047250,0.042250,0.005000,0,0
MO,64781,ROSCOE,AZQN,0.047250,0.042250,0.005000,0.000000,0
MO,64783,VERNON COUNTY,AZXK,0.052250,0.042250,0.010000,0,0
MO,64784,VERNON COUNTY,AZXK,0.052250,0.042250,0.010000,0,0
MO,64788,URICH,AYQC,0.074750,0.042250,0.010000,0.022500,0
MO,64790,WALKER,AZXX,0.052250,0.042250,0.010000,0.000000,0
MO,64801,JOPLIN (JASPER CO),AYTO,0.078250,0.042250,0.009750,0.026250,0
MO,64802,JOPLIN (JASPER CO),AYTO,0.078250,0.042250,0.009750,0.026250,0
MO,64803,JOPLIN (JASPER CO),AYTO,0.078250,0.042250,0.009750,0.026250,0
MO,64804,JOPLIN (JASPER CO),AYTO,0.078250,0.042250,0.009750,0.026250,0
MO,64830,ALBA,AYTB,0.062000,0.042250,0.009750,0.010000,0
MO,64831,MCDONALD COUNTY,AZAN,0.062250,0.042250,0.020000,0,0
MO,64832,JASPER COUNTY,AYSZ,0.052000,0.042250,0.009750,0,0
MO,64833,AVILLA,AYTD,0.052000,0.042250,0.009750,0.000000,0
MO,64834,CARL JUNCTION,AYTE,0.077000,0.042250,0.009750,0.025000,0
MO,64835,CARTERVILLE,AYTG,0.072000,0.042250,0.009750,0.020000,0
MO,64836,JASPER COUNTY,AYSZ,0.052000,0.042250,0.009750,0,0
MO,64840,NEWTON COUNTY,AZEL,0.053500,0.042250,0.011250,0,0
MO,64841,DUENWEG,AYTK,0.069500,0.042250,0.009750,0.017500,0
MO,64842,NEWTON COUNTY,AZEL,0.053500,0.042250,0.011250,0,0
MO,64843,MCDONALD COUNTY,AZAN,0.062250,0.042250,0.020000,0,0
MO,64844,NEWTON COUNTY,AZEL,0.053500,0.042250,0.011250,0,0
MO,64847,LANAGAN,AZAR,0.082250,0.042250,0.020000,0.020000,0
MO,64848,LAWRENCE COUNTY,AYWX,0.057250,0.042250,0.015000,0,0
MO,64849,NECK,AYTR,0.052000,0.042250,0.009750,0.000000,0
MO,64850,NEWTON COUNTY,AZEL,0.053500,0.042250,0.011250,0,0
MO,64853,STARK,AZEY,0.053500,0.042250,0.011250,0.000000,0
MO,64854,MCDONALD COUNTY,AZAN,0.062250,0.042250,0.020000,0,0
MO,64855,JASPER COUNTY,AYSZ,0.052000,0.042250,0.009750,0,0
MO,64856,MCDONALD COUNTY,AZAN,0.062250,0.042250,0.020000,0,0
MO,64857,PURCELL,AYTT,0.062000,0.042250,0.009750,0.010000,0
MO,64858,NEWTON COUNTY,AZEL,0.053500,0.042250,0.011250,0,0
MO,64859,JASPER COUNTY,AYSZ,0.052000,0.042250,0.009750,0,0
MO,64861,MCDONALD COUNTY,AZAN,0.062250,0.042250,0.020000,0,0
MO,64862,JASPER COUNTY,AYSZ,0.052000,0.042250,0.009750,0,0
MO,64863,MCDONALD COUNTY,AZAN,0.062250,0.042250,0.020000,0,0
MO,64864,SAGINAW,AZEX,0.063500,0.042250,0.011250,0.010000,0
MO,64865,NEWTON COUNTY,AZEL,0.053500,0.042250,0.011250,0,0
MO,64866,NEWTON COUNTY,AZEL,0.053500,0.042250,0.011250,0,0
MO,64867,MCDONALD COUNTY,AZAN,0.062250,0.042250,0.020000,0,0
MO,64868,MCDONALD COUNTY,AZAN,0.062250,0.042250,0.020000,0,0
MO,64870,WEBB,AYTX,0.077000,0.042250,0.009750,0.025000,0
MO,64873,LAWRENCE COUNTY,AYWX,0.057250,0.042250,0.015000,0,0
MO,64874,WHEATON,AYAI,0.071000,0.042250,0.015000,0.013750,0
MO,64999,KANSAS CITY (JACKSON CO),AYSO,0.083500,0.042250,0.011250,0.028750,0.001250
MO,65001,ARGYLE (OSAGE CO),AZFZ,0.074750,0.042250,0.017500,0.010000,0.005000
MO,65010,ASHLAND,AYBX,0.079750,0.042250,0.017500,0.020000,0
MO,65011,MORGAN CO/MID-MO AMBULANCE DISTRICT,EHXD,0.057250,0.042250,0.010000,0,0.005000
MO,65013,MARIES COUNTY,AYZY,0.058910,0.042250,0.016660,0,0
MO,65014,GASCONADE COUNTY,AYOB,0.056000,0.042250,0.013750,0,0
MO,65016,OSAGES CO/OSAGE AMBULANCE DISTRICT,EERW,0.064750,0.042250,0.017500,0,0.005000
MO,65017,MILLER CO AMB DIST,EHXA,0.057250,0.042250,0.010000,0,0.005000
MO,65018,CALIFORNIA,AZCE,0.079750,0.042250,0.022500,0.015000,0
MO,65020,CAMDEN COUNTY,AYEA,0.054750,0.042250,0.012500,0,0
MO,65023,COLE COUNTY,AYJO,0.057250,0.042250,0.015000,0,0
MO,65024,OSAGES CO/OSAGE AMBULANCE DISTRICT,EERW,0.064750,0.042250,0.017500,0,0.005000
MO,65025,CLARKSBURG,AZCF,0.074750,0.042250,0.022500,0.010000,0
MO,65026,ELDON,AZBH,0.081250,0.042250,0.010000,0.024000,0.005000
MO,65032,COLE COUNTY,AYJO,0.057250,0.042250,0.015000,0,0
MO,65034,MORGAN CO/MID-MO AMBULANCE DISTRICT,EHXD,0.057250,0.042250,0.010000,0,0.005000
MO,65035,OSAGES CO/OSAGE AMBULANCE DISTRICT,EERW,0.064750,0.042250,0.017500,0,0.005000
MO,65037,CAM-MO AMBULANCE DISTRICT (MORGAN CO),EENT,0.057250,0.042250,0.010000,0,0.005000
MO,65038,GRAVOIS MILLS,AZDL,0.072250,0.042250,0.010000,0.015000,0.005000
MO,65039,BOONE COUNTY,AYBW,0.059750,0.042250,0.017500,0,0
MO,65040,COLE COUNTY,AYJO,0.057250,0.042250,0.015000,0,0
MO,65041,HERMANN,AYOE,0.081000,0.042250,0.013750,0.020000,0.005000
MO,65042,MONITEAU COUNTY,AZCD,0.064750,0.042250,0.022500,0,0
MO,65043,CALLAWAY COUNTY / CALLAWAY AMBULANCE DIST,AYDK,0.057250,0.042250,0.010000,0,0.005000
MO,65046,MONITEAU COUNTY,AZCD,0.064750,0.042250,0.022500,0,0
MO,65047,MILLER CO AMB DIST,EHXA,0.057250,0.042250,0.010000,0,0.005000
MO,65048,OSAGES CO/MARIES OSAGE AMBULANCE DISTRICT,EEZL,0.064750,0.042250,0.017500,0,0.005000
MO,65049,CAMDEN COUNTY,AYEA,0.054750,0.042250,0.012500,0,0
MO,65050,MONITEAU COUNTY,AZCD,0.064750,0.042250,0.022500,0,0
MO,65051,OSAGES CO/OSAGE AMBULANCE DISTRICT,EERW,0.064750,0.042250,0.017500,0,0.005000
MO,65052,CAMDEN COUNTY,AYEA,0.054750,0.042250,0.012500,0,0
MO,65053,COLE COUNTY,AYJO,0.057250,0.042250,0.015000,0,0
MO,65054,OSAGES CO/OSAGE AMBULANCE DISTRICT,EERW,0.064750,0.042250,0.017500,0,0.005000
MO,65055,VILLA RIDGE,AYNZ,0.064750,0.042250,0.017500,0.000000,0.005000
MO,65058,META,AZGJ,0.069750,0.042250,0.017500,0.010000,0
MO,65059,CALLAWAY COUNTY / CALLAWAY AMBULANCE DIST,AYDK,0.057250,0.042250,0.010000,0,0.005000
MO,65061,OSAGES CO/OSAGE AMBULANCE DISTRICT,EERW,0.064750,0.042250,0.017500,0,0.005000
MO,65062,OSAGE COUNTY,AZFY,0.059750,0.042250,0.017500,0,0
MO,65063,CALLAWAY COUNTY / CALLAWAY AMBULANCE DIST,AYDK,0.057250,0.042250,0.010000,0,0.005000
MO,65064,MILLER CO AMB DIST,EHXA,0.057250,0.042250,0.010000,0,0.005000
MO,65065,OSAGE BEACH (CAMDEN CO),AYEK,0.074750,0.042250,0.012500,0.020000,0
MO,65066,OWENSVILLE,AYOI,0.083500,0.042250,0.013750,0.022500,0.005000
MO,65067,CALLAWAY COUNTY / CALLAWAY AMBULANCE DIST,AYDK,0.057250,0.042250,0.010000,0,0.005000
MO,65068,COOPER COUNTY,AYJZ,0.062250,0.042250,0.017500,0,0.002500
MO,65069,MONTGOMERY CO/HERMANN AREA AMBULANCE DISTRICT,EHXC,0.069750,0.042250,0.022500,0,0.005000
MO,65072,MORGAN CO/MID-MO AMBULANCE DISTRICT,EHXD,0.057250,0.042250,0.010000,0,0.005000
MO,65074,COLE COUNTY,AYJO,0.057250,0.042250,0.015000,0,0
MO,65075,MILLER CO AMB DIST,EHXA,0.057250,0.042250,0.010000,0,0.005000
MO,65076,COLE COUNTY,AYJO,0.057250,0.042250,0.015000,0,0
MO,65077,CALLAWAY COUNTY / CALLAWAY AMBULANCE DIST,AYDK,0.057250,0.042250,0.010000,0,0.005000
MO,65078,MORGAN CO/MID-MO AMBULANCE DISTRICT,EHXD,0.057250,0.042250,0.010000,0,0.005000
MO,65079,CAM-MO AMBULANCE DIST (CAMDEN CO),EENR,0.059750,0.042250,0.012500,0,0.005000
MO,65080,CALLAWAY COUNTY / CALLAWAY AMBULANCE DIST,AYDK,0.057250,0.042250,0.010000,0,0.005000
MO,65081,TIPTON,AZCL,0.077250,0.042250,0.022500,0.012500,0
MO,65082,MILLER CO AMB DIST,EHXA,0.057250,0.042250,0.010000,0,0.005000
MO,65083,MILLER CO AMB DIST,EHXA,0.057250,0.042250,0.010000,0,0.005000
MO,65084,MORGAN CO/MID-MO AMBULANCE DISTRICT,EHXD,0.057250,0.042250,0.010000,0,0.005000
MO,65085,OSAGES CO/MARIES OSAGE AMBULANCE DISTRICT,EEZL,0.064750,0.042250,0.017500,0,0.005000
MO,65101,JEFFERSON CITY (COLE CO),AYJS,0.077250,0.042250,0.015000,0.020000,0
MO,65102,JEFFERSON CITY (COLE CO),AYJS,0.077250,0.042250,0.015000,0.020000,0
MO,65103,JEFFERSON CITY (COLE CO),AYJS,0.077250,0.042250,0.015000,0.020000,0
MO,65104,JEFFERSON CITY (COLE CO),AYJS,0.077250,0.042250,0.015000,0.020000,0
MO,65105,JEFFERSON CITY (COLE CO),AYJS,0.077250,0.042250,0.015000,0.020000,0
MO,65106,JEFFERSON CITY (COLE CO),AYJS,0.077250,0.042250,0.015000,0.020000,0
MO,65107,JEFFERSON CITY (COLE CO),AYJS,0.077250,0.042250,0.015000,0.020000,0
MO,65108,JEFFERSON CITY (COLE CO),AYJS,0.077250,0.042250,0.015000,0.020000,0
MO,65109,JEFFERSON CITY (COLE CO),AYJS,0.077250,0.042250,0.015000,0.020000,0
MO,65110,JEFFERSON CITY (COLE CO),AYJS,0.077250,0.042250,0.015000,0.020000,0
MO,65111,JEFFERSON CITY (COLE CO),AYJS,0.077250,0.042250,0.015000,0.020000,0
MO,65201,COLUMBIA,AYBY,0.079750,0.042250,0.017500,0.020000,0
MO,65202,COLUMBIA,AYBY,0.079750,0.042250,0.017500,0.020000,0
MO,65203,COLUMBIA,AYBY,0.079750,0.042250,0.017500,0.020000,0
MO,65205,COLUMBIA DOWNTOWN CID,EJCJ,0.084750,0.042250,0.017500,0.020000,0.005000
MO,65211,COLUMBIA,AYBY,0.079750,0.042250,0.017500,0.020000,0
MO,65212,COLUMBIA,AYBY,0.079750,0.042250,0.017500,0.020000,0
MO,65215,COLUMBIA,AYBY,0.079750,0.042250,0.017500,0.020000,0
MO,65216,COLUMBIA,AYBY,0.079750,0.042250,0.017500,0.020000,0
MO,65217,COLUMBIA,AYBY,0.079750,0.042250,0.017500,0.020000,0
MO,65218,COLUMBIA,AYBY,0.079750,0.042250,0.017500,0.020000,0
MO,65230,HOWARD COUNTY,AYQU,0.068500,0.042250,0.026250,0,0
MO,65231,CALLAWAY COUNTY / CALLAWAY AMBULANCE DIST,AYDK,0.057250,0.042250,0.010000,0,0.005000
MO,65232,AUDRAIN CO AMB DIST,EIKV,0.066000,0.042250,0.018750,0,0.005000
MO,65233,BOONVILLE,AYKA,0.082250,0.042250,0.017500,0.020000,0.002500
MO,65236,BRUNSWICK,AYHA,0.081000,0.042250,0.018750,0.020000,0
MO,65237,COOPER COUNTY,AYJZ,0.062250,0.042250,0.017500,0,0.002500
MO,65239,RANDOLPH COUNTY,AZLR,0.059750,0.042250,0.012500,0,0.005000
MO,65240,CENTRALIA,AYCA,0.079750,0.042250,0.017500,0.020000,0
MO,65243,RANDOLPH COUNTY,AZLR,0.059750,0.042250,0.012500,0,0.005000
MO,65244,RANDOLPH COUNTY,AZLR,0.059750,0.042250,0.012500,0,0.005000
MO,65246,DALTON,AYHC,0.061000,0.042250,0.018750,0.000000,0
MO,65247,MACON COUNTY,AYZJ,0.071000,0.042250,0.023750,0,0.005000
MO,65248,HOWARD COUNTY,AYQU,0.068500,0.042250,0.026250,0,0
MO,65250,HOWARD COUNTY,AYQU,0.068500,0.042250,0.026250,0,0
MO,65251,CALLAWAY COUNTY / CALLAWAY AMBULANCE DIST,AYDK,0.057250,0.042250,0.010000,0,0.005000
MO,65254,HOWARD COUNTY,AYQU,0.068500,0.042250,0.026250,0,0
MO,65255,BOONE COUNTY,AYBW,0.059750,0.042250,0.017500,0,0
MO,65256,BOONE COUNTY,AYBW,0.059750,0.042250,0.017500,0,0
MO,65257,RANDOLPH COUNTY,AZLR,0.059750,0.042250,0.012500,0,0.005000
MO,65258,MONROE CO REMAINDER,EIJE,0.057250,0.042250,0.010000,0,0.005000
MO,65259,RANDOLPH COUNTY,AZLR,0.059750,0.042250,0.012500,0,0.005000
MO,65260,RANDOLPH COUNTY,AZLR,0.059750,0.042250,0.012500,0,0.005000
MO,65261,KEYTESVILLE,AYHF,0.071000,0.042250,0.018750,0.010000,0
MO,65262,CALLAWAY COUNTY / CALLAWAY AMBULANCE DIST,AYDK,0.057250,0.042250,0.010000,0,0.005000
MO,65263,MONROE CO REMAINDER,EIJE,0.057250,0.042250,0.010000,0,0.005000
MO,65264,MARTINSBURG,AXZQ,0.081000,0.042250,0.018750,0.015000,0.005000
MO,65265,MEXICO,AXZR,0.086000,0.042250,0.018750,0.020000,0.005000
MO,65270,MOBERLY,AZMA,0.084750,0.042250,0.012500,0.025000,0.005000
MO,65274,HOWARD COUNTY,AYQU,0.068500,0.042250,0.026250,0,0
MO,65275,MONROE CO REMAINDER,EIJE,0.057250,0.042250,0.010000,0,0.005000
MO,65276,COOPER COUNTY,AYJZ,0.062250,0.042250,0.017500,0,0.002500
MO,65278,RENICK,AZMC,0.059750,0.042250,0.012500,0.000000,0.005000
MO,65279,BOONE COUNTY,AYBW,0.059750,0.042250,0.017500,0,0
MO,65280,AUDRAIN CO AMB DIST,EIKV,0.066000,0.042250,0.018750,0,0.005000
MO,65281,SALISBURY,AYHJ,0.074750,0.042250,0.018750,0.013750,0
MO,65282,MONROE CO REMAINDER,EIJE,0.057250,0.042250,0.010000,0,0.005000
MO,65283,MONROE CO/MONROE AMBULANCE DIST,EHXB,0.062250,0.042250,0.010000,0,0.010000
MO,65284,BOONE COUNTY,AYBW,0.059750,0.042250,0.017500,0,0
MO,65285,AUDRAIN COUNTY,AXZK,0.061000,0.042250,0.018750,0,0
MO,65286,TRIPLETT,AYHL,0.061000,0.042250,0.018750,0.000000,0
MO,65287,COOPER COUNTY,AYJZ,0.062250,0.042250,0.017500,0,0.002500
MO,65299,BOONE COUNTY,AYBW,0.059750,0.042250,0.017500,0,0
MO,65301,SEDALIA,AZII,0.081000,0.042250,0.010000,0.023750,0.005000
MO,65302,SEDALIA,AZII,0.081000,0.042250,0.010000,0.023750,0.005000
MO,65305,WHITEMAN AFB,AYVM,0.064750,0.042250,0.022500,0.000000,0
MO,65320,ARROW ROCK,AZNK,0.083500,0.042250,0.016250,0.025000,0
MO,65321,BLACKBURN (SALINE CO),AZNL,0.063500,0.042250,0.016250,0.005000,0
MO,65322,COOPER COUNTY,AYJZ,0.062250,0.042250,0.017500,0,0.002500
MO,65323,CALHOUN,AYPX,0.072250,0.042250,0.010000,0.020000,0
MO,65324,CAMDEN COUNTY,AYEA,0.054750,0.042250,0.012500,0,0
MO,65325,BENTON CO COLE CAMP AMB,EIAL,0.061000,0.042250,0.013750,0,0.005000
MO,65326,BENTON CO WARSAW LINC AMB,EIAK,0.061000,0.042250,0.013750,0,0.005000
MO,65327,EMMA (LAFAYETTE CO),AYWM,0.068500,0.042250,0.016250,0.010000,0
MO,65329,MORGAN CO/MID-MO AMBULANCE DISTRICT,EHXD,0.057250,0.042250,0.010000,0,0.005000
MO,65330,GILLIAM,AZNN,0.069750,0.042250,0.016250,0.011250,0
MO,65332,PETTIS CO AMBULANCE DIST,EJTE,0.057250,0.042250,0.010000,0,0.005000
MO,65333,HOUSTONIA,AZIE,0.052250,0.042250,0.010000,0.000000,0
MO,65334,PETTIS CO AMBULANCE DIST,EJTE,0.057250,0.042250,0.010000,0,0.005000
MO,65335,IONIA,AYBF,0.061000,0.042250,0.013750,0.000000,0.005000
MO,65336,KNOB NOSTER,AYVH,0.084750,0.042250,0.022500,0.020000,0
MO,65337,LA MONTE,AZIH,0.077250,0.042250,0.010000,0.020000,0.005000
MO,65338,BENTON CO COLE CAMP AMB,EIAL,0.061000,0.042250,0.013750,0,0.005000
MO,65339,MALTA BEND,AZNO,0.068500,0.042250,0.016250,0.010000,0
MO,65340,MARSHALL,AZNP,0.073500,0.042250,0.016250,0.015000,0
MO,65344,MIAMI,AZNQ,0.058500,0.042250,0.016250,0.000000,0
MO,65345,PETTIS CO/COLE CAMP AMBULANCE DISTRICT,EHXE,0.057250,0.042250,0.010000,0,0.005000
MO,65347,NELSON,AZNR,0.058500,0.042250,0.016250,0.000000,0
MO,65348,OTTERVILLE,AYKD,0.072250,0.042250,0.017500,0.010000,0.002500
MO,65349,SLATER,AZNS,0.078500,0.042250,0.016250,0.020000,0
MO,65350,PETTIS CO AMBULANCE DIST,EJTE,0.057250,0.042250,0.010000,0,0.005000
MO,65351,SWEET SPRINGS,AZNU,0.083500,0.042250,0.016250,0.025000,0
MO,65354,MORGAN CO/MID-MO AMBULANCE DISTRICT,EHXD,0.057250,0.042250,0.010000,0,0.005000
MO,65355,BENTON CO WARSAW LINC AMB,EIAK,0.061000,0.042250,0.013750,0,0.005000
MO,65360,WINDSOR (HENRY CO),AYQD,0.067250,0.042250,0.010000,0.015000,0
MO,65401,ROLLA,AZIU,0.073500,0.042250,0.011250,0.020000,0
MO,65402,ROLLA,AZIU,0.073500,0.042250,0.011250,0.020000,0
MO,65409,ROLLA,AZIU,0.073500,0.042250,0.011250,0.020000,0
MO,65436,PHELPS COUNTY,AZIM,0.053500,0.042250,0.011250,0,0
MO,65438,BIRCH TREE,AZOY,0.072250,0.042250,0.010000,0.020000,0
MO,65439,IRON COUNTY / IRON CO AMBULANCE DIST,AYRO,0.057250,0.042250,0.015000,0,0
MO,65440,DENT COUNTY,AYMB,0.052250,0.042250,0.010000,0,0
MO,65441,CRAWFORD CO / N CRAWFORD / BOURBON,EGRK,0.069750,0.042250,0.017500,0,0.010000
MO,65443,MARIES CO/MARIES OSAGE AMBULANCE DISTRICT,EEZI,0.063910,0.042250,0.016660,0,0.005000
MO,65444,TEXAS COUNTY,AZWS,0.061000,0.042250,0.018750,0,0
MO,65446,CRAWFORD COUNTY,AYKH,0.059750,0.042250,0.017500,0,0
MO,65449,CRAWFORD COUNTY,AYKH,0.059750,0.042250,0.017500,0,0
MO,65452,PULASKI CO/PULASKI COUNTY AMBULANCE DISTRICT,EFDH,0.054750,0.042250,0.007500,0,0.005000
MO,65453,NO CRAWFORD CO AMB DIST,ELCP,0.064750,0.042250,0.017500,0,0.005000
MO,65456,CRAWFORD COUNTY,AYKH,0.059750,0.042250,0.017500,0,0
MO,65457,PULASKI CO/PULASKI COUNTY AMBULANCE DISTRICT,EFDH,0.054750,0.042250,0.007500,0,0.005000
MO,65459,PULASKI CO AMBU DISTRICT,AZKO,0.049750,0.042250,0.007500,0,0
MO,65461,PHELPS COUNTY,AZIM,0.053500,0.042250,0.011250,0,0
MO,65462,PHELPS COUNTY,AZIM,0.053500,0.042250,0.011250,0,0
MO,65463,LACLEDE COUNTY,AYVV,0.052250,0.042250,0.010000,0,0
MO,65464,TEXAS COUNTY,AZWS,0.061000,0.042250,0.018750,0,0
MO,65466,EMINENCE,AZPA,0.072250,0.042250,0.010000,0.020000,0
MO,65468,TEXAS COUNTY,AZWS,0.061000,0.042250,0.018750,0,0
MO,65470,LACLEDE COUNTY,AYVV,0.052250,0.042250,0.010000,0,0
MO,65473,FORT LEONARD WOOD,AZKT,0.049750,0.042250,0.007500,0.000000,0
MO,65479,TEXAS COUNTY,AZWS,0.061000,0.042250,0.018750,0,0
MO,65483,HOUSTON,AZWY,0.077250,0.042250,0.018750,0.016250,0
MO,65484,TEXAS COUNTY,AZWS,0.061000,0.042250,0.018750,0,0
MO,65486,MILLER CO AMB DIST,EHXA,0.057250,0.042250,0.010000,0,0.005000
MO,65501,DENT COUNTY,AYMB,0.052250,0.042250,0.010000,0,0
MO,65529,PHELPS COUNTY,AZIM,0.053500,0.042250,0.011250,0,0
MO,65532,DENT COUNTY,AYMB,0.052250,0.042250,0.010000,0,0
MO,65534,PULASKI CO/PULASKI COUNTY AMBULANCE DISTRICT,EFDH,0.054750,0.042250,0.007500,0,0.005000
MO,65535,NO CRAWFORD CO AMB DIST,ELCP,0.064750,0.042250,0.017500,0,0.005000
MO,65536,LACLEDE COUNTY,AYVV,0.052250,0.042250,0.010000,0,0
MO,65541,DENT COUNTY,AYMB,0.052250,0.042250,0.010000,0,0
MO,65542,TEXAS COUNTY,AZWS,0.061000,0.042250,0.018750,0,0
MO,65543,LACLEDE COUNTY,AYVV,0.052250,0.042250,0.010000,0,0
MO,65548,MOUNTAIN VIEW,AYRF,0.071620,0.042250,0.009370,0.020000,0
MO,65550,PHELPS COUNTY,AZIM,0.053500,0.042250,0.011250,0,0
MO,65552,TEXAS COUNTY,AZWS,0.061000,0.042250,0.018750,0,0
MO,65555,TEXAS COUNTY,AZWS,0.061000,0.042250,0.018750,0,0
MO,65556,PULASKI CO/PULASKI COUNTY AMBULANCE DISTRICT,EFDH,0.054750,0.042250,0.007500,0,0.005000
MO,65557,TEXAS COUNTY,AZWS,0.061000,0.042250,0.018750,0,0
MO,65559,PHELPS CO/ST. JAMES AMBULANCE DISTRICT,EDQU,0.058500,0.042250,0.011250,0,0.005000
MO,65560,DENT COUNTY,AYMB,0.052250,0.042250,0.010000,0,0
MO,65564,TEXAS COUNTY,AZWS,0.061000,0.042250,0.018750,0,0
MO,65565,CRAWFORD CO/STEELVILLE AMBULANCE DIST,EERY,0.064750,0.042250,0.017500,0,0.005000
MO,65566,VIBURNUM,AYSB,0.072250,0.042250,0.015000,0.010000,0.005000
MO,65567,CAMDEN COUNTY,AYEA,0.054750,0.042250,0.012500,0,0
MO,65570,TEXAS COUNTY,AZWS,0.061000,0.042250,0.018750,0,0
MO,65571,TEXAS COUNTY,AZWS,0.061000,0.042250,0.018750,0,0
MO,65580,MARIES COUNTY,AYZY,0.058910,0.042250,0.016660,0,0
MO,65582,MARIES CO/MARIES OSAGE AMBULANCE DISTRICT,EEZI,0.063910,0.042250,0.016660,0,0.005000
MO,65583,PULASKI CO/PULASKI COUNTY AMBULANCE DISTRICT,EFDH,0.054750,0.042250,0.007500,0,0.005000
MO,65584,PULASKI CO/PULASKI COUNTY AMBULANCE DISTRICT,EFDH,0.054750,0.042250,0.007500,0,0.005000
MO,65586,CRAWFORD COUNTY,AYKH,0.059750,0.042250,0.017500,0,0
MO,65588,WINONA,AZPE,0.072250,0.042250,0.010000,0.020000,0
MO,65589,TEXAS COUNTY,AZWS,0.061000,0.042250,0.018750,0,0
MO,65590,DALLAS COUNTY,AYLA,0.062250,0.042250,0.020000,0,0
MO,65591,CAMDEN COUNTY,AYEA,0.054750,0.042250,0.012500,0,0
MO,65601,POLK COUNTY,AZJZ,0.056000,0.042250,0.013750,0,0
MO,65603,ARCOLA,AYKU,0.064750,0.042250,0.017500,0.000000,0.005000
MO,65604,GREENE COUNTY,AYOS,0.054750,0.042250,0.012500,0,0
MO,65605,AURORA,AYWY,0.077250,0.042250,0.015000,0.020000,0
MO,65606,ALTON,AZFT,0.082250,0.042250,0.020000,0.020000,0
MO,65607,STOCKTON,AYGX,0.079750,0.042250,0.010000,0.022500,0.005000
MO,65608,AVA,AYMK,0.072250,0.042250,0.010000,0.015000,0.005000
MO,65609,HOWELL COUNTY,AYRC,0.051620,0.042250,0.009370,0,0
MO,65610,CHRISTIAN COUNTY,AYHM,0.059750,0.042250,0.017500,0,0
MO,65611,STONE CO/SO STONE COUNTY FIRE PROTECT DIST,EHXS,0.064750,0.042250,0.017500,0,0.005000
MO,65612,GREENE COUNTY,AYOS,0.054750,0.042250,0.012500,0,0
MO,65613,BOLIVAR,AZKB,0.081000,0.042250,0.013750,0.025000,0
MO,65614,TANEY COUNTY,AZVY,0.061000,0.042250,0.018750,0,0
MO,65615,BRANSON LAKES AREA TOURISM CID/BRANSON HISTORIC DOWNTOWN CID,EFDR,0.096000,0.042250,0.018750,0.015000,0.020000
MO,65616,BRANSON LAKES AREA TOURISM CID,AZVZ,0.086000,0.042250,0.018750,0.015000,0.010000
MO,65617,GREENE COUNTY,AYOS,0.054750,0.042250,0.012500,0,0
MO,65618,OZARK COUNTY,AZGL,0.067250,0.042250,0.020000,0,0.005000
MO,65619,BATTLEFIELD,CXQY,0.069750,0.042250,0.012500,0.015000,0
MO,65620,CHRISTIAN COUNTY,AYHM,0.059750,0.042250,0.017500,0,0
MO,65622,BUFFALO,AYLB,0.082250,0.042250,0.020000,0.020000,0
MO,65623,BUTTERFIELD,AXZX,0.067250,0.042250,0.015000,0.010000,0
MO,65624,STONE CO/SO STONE COUNTY FIRE PROTECT DIST,EHXS,0.064750,0.042250,0.017500,0,0.005000
MO,65625,BARRY COUNTY,AXZW,0.057250,0.042250,0.015000,0,0
MO,65626,HOWELL COUNTY,AYRC,0.051620,0.042250,0.009370,0,0
MO,65627,TANEY COUNTY,AZVY,0.061000,0.042250,0.018750,0,0
MO,65629,CHRISTIAN COUNTY,AYHM,0.059750,0.042250,0.017500,0,0
MO,65630,CHRISTIAN COUNTY,AYHM,0.059750,0.042250,0.017500,0,0
MO,65631,CHRISTIAN COUNTY,AYHM,0.059750,0.042250,0.017500,0,0
MO,65632,LACLEDE COUNTY,AYVV,0.052250,0.042250,0.010000,0,0
MO,65633,STONE COUNTY,AZVC,0.059750,0.042250,0.017500,0,0
MO,65634,CROSS TIMBERS,AYQF,0.057250,0.042250,0.015000,0.000000,0
MO,65635,DADE COUNTY / DADE CO AMBULANCE DIST,AYKT,0.064750,0.042250,0.017500,0,0.005000
MO,65636,DIGGINS,AZZH,0.075580,0.042250,0.018330,0.015000,0
MO,65637,OZARK COUNTY,AZGL,0.067250,0.042250,0.020000,0,0.005000
MO,65638,OZARK COUNTY,AZGL,0.067250,0.042250,0.020000,0,0.005000
MO,65640,POLK COUNTY,AZJZ,0.056000,0.042250,0.013750,0,0
MO,65641,BARRY COUNTY,AXZW,0.057250,0.042250,0.015000,0,0
MO,65644,WEBSTER COUNTY,AZZG,0.060580,0.042250,0.018330,0,0
MO,65645,POLK COUNTY,AZJZ,0.056000,0.042250,0.013750,0,0
MO,65646,LAWRENCE COUNTY,AYWX,0.057250,0.042250,0.015000,0,0
MO,65647,BARRY COUNTY,AXZW,0.057250,0.042250,0.015000,0,0
MO,65648,GREENE COUNTY,AYOS,0.054750,0.042250,0.012500,0,0
MO,65649,POLK COUNTY,AZJZ,0.056000,0.042250,0.013750,0,0
MO,65650,FLEMINGTON,AZKH,0.056000,0.042250,0.013750,0.000000,0
MO,65652,WEBSTER COUNTY,AZZG,0.060580,0.042250,0.018330,0,0
MO,65653,TANEY COUNTY,AZVY,0.061000,0.042250,0.018750,0,0
MO,65654,FREISTATT,AYXA,0.057250,0.042250,0.015000,0.000000,0
MO,65655,GAINESVILLE,AZGP,0.082250,0.042250,0.020000,0.015000,0.005000
MO,65656,STONE COUNTY,AZVC,0.059750,0.042250,0.017500,0,0
MO,65657,CHRISTIAN COUNTY,AYHM,0.059750,0.042250,0.017500,0,0
MO,65658,BARRY COUNTY,AXZW,0.057250,0.042250,0.015000,0,0
MO,65660,WRIGHT COUNTY,AZZV,0.052250,0.042250,0.010000,0,0
MO,65661,GREENFIELD,AYKX,0.076000,0.042250,0.017500,0.011250,0.005000
MO,65662,WRIGHT COUNTY,AZZV,0.052250,0.042250,0.010000,0,0
MO,65663,POLK COUNTY,AZJZ,0.056000,0.042250,0.013750,0,0
MO,65664,HALLTOWN,AYXB,0.057250,0.042250,0.015000,0.000000,0
MO,65666,OZARK COUNTY,AZGL,0.067250,0.042250,0.020000,0,0.005000
MO,65667,WRIGHT COUNTY,AZZV,0.052250,0.042250,0.010000,0,0
MO,65668,HERMITAGE,AYQG,0.072250,0.042250,0.015000,0.015000,0
MO,65669,CHRISTIAN COUNTY,AYHM,0.059750,0.042250,0.017500,0,0
MO,65672,TANEY COUNTY,AZVY,0.061000,0.042250,0.018750,0,0
MO,65673,HOLLISTER,AZWE,0.081000,0.042250,0.018750,0.020000,0
MO,65674,HUMANSVILLE,AZKJ,0.072250,0.042250,0.013750,0.016250,0
MO,65675,HURLEY,AZVJ,0.069750,0.042250,0.017500,0.010000,0
MO,65676,OZARK COUNTY,AZGL,0.067250,0.042250,0.020000,0,0.005000
MO,65679,TANEY COUNTY,AZVY,0.061000,0.042250,0.018750,0,0
MO,65680,TANEY COUNTY,AZVY,0.061000,0.042250,0.018750,0,0
MO,65681,STONE CO/SO STONE COUNTY FIRE PROTECT DIST,EHXS,0.064750,0.042250,0.017500,0,0.005000
MO,65682,DADE COUNTY / DADE CO AMBULANCE DIST,AYKT,0.064750,0.042250,0.017500,0,0.005000
MO,65685,DALLAS COUNTY,AYLA,0.062250,0.042250,0.020000,0,0
MO,65686,KIMBERLING,AZVK,0.084750,0.042250,0.017500,0.020000,0.005000
MO,65688,BRANDSVILLE,AYRD,0.051620,0.042250,0.009370,0.000000,0
MO,65689,TEXAS COUNTY,AZWS,0.061000,0.042250,0.018750,0,0
MO,65690,ALTON,AZFT,0.082250,0.042250,0.020000,0.020000,0
MO,65692,KOSHKONONG,AZFV,0.092250,0.042250,0.020000,0.030000,0
MO,65702,WRIGHT COUNTY,AZZV,0.052250,0.042250,0.010000,0,0
MO,65704,WRIGHT COUNTY,AZZV,0.052250,0.042250,0.010000,0,0
MO,65705,LAWRENCE COUNTY,AYWX,0.057250,0.042250,0.015000,0,0
MO,65706,WEBSTER COUNTY,AZZG,0.060580,0.042250,0.018330,0,0
MO,65707,LAWRENCE COUNTY,AYWX,0.057250,0.042250,0.015000,0,0
MO,65708,MONETT (BARRY CO),AYAC,0.074750,0.042250,0.015000,0.017500,0
MO,65710,POLK COUNTY,AZJZ,0.056000,0.042250,0.013750,0,0
MO,65711,MOUNTAIN GROVE (WRIGHT CO),BAAA,0.072250,0.042250,0.010000,0.020000,0
MO,65712,LAWRENCE COUNTY,AYWX,0.057250,0.042250,0.015000,0,0
MO,65713,WEBSTER COUNTY,AZZG,0.060580,0.042250,0.018330,0,0
MO,65714,NIXA,AYHU,0.074750,0.042250,0.017500,0.015000,0
MO,65715,AVA,AYMK,0.072250,0.042250,0.010000,0.015000,0.005000
MO,65717,WRIGHT COUNTY,AZZV,0.052250,0.042250,0.010000,0,0
MO,65720,CHRISTIAN COUNTY,AYHM,0.059750,0.042250,0.017500,0,0
MO,65721,OZARK,AYHW,0.079750,0.042250,0.017500,0.020000,0
MO,65722,LACLEDE COUNTY,AYVV,0.052250,0.042250,0.010000,0,0
MO,65723,LAWRENCE COUNTY,AYWX,0.057250,0.042250,0.015000,0,0
MO,65724,HICKORY COUNTY,AYQE,0.057250,0.042250,0.015000,0,0
MO,65725,GREENE COUNTY,AYOS,0.054750,0.042250,0.012500,0,0
MO,65726,TANEY COUNTY,AZVY,0.061000,0.042250,0.018750,0,0
MO,65727,POLK COUNTY,AZJZ,0.056000,0.042250,0.013750,0,0
MO,65728,STONE COUNTY,AZVC,0.059750,0.042250,0.017500,0,0
MO,65729,OZARK COUNTY,AZGL,0.067250,0.042250,0.020000,0,0.005000
MO,65730,MCDONALD COUNTY,AZAN,0.062250,0.042250,0.020000,0,0
MO,65731,TANEY COUNTY,AZVY,0.061000,0.042250,0.018750,0,0
MO,65732,PRESTON,AYQI,0.067250,0.042250,0.015000,0.010000,0
MO,65733,TANEY COUNTY,AZVY,0.061000,0.042250,0.018750,0,0
MO,65734,BARRY COUNTY,AXZW,0.057250,0.042250,0.015000,0,0
MO,65735,HICKORY COUNTY,AYQE,0.057250,0.042250,0.015000,0,0
MO,65737,STONE CO/SO STONE COUNTY FIRE PROTECT DIST,EHXS,0.064750,0.042250,0.017500,0,0.005000
MO,65738,REPUBLIC (GREENE CO),AYOX,0.078500,0.042250,0.012500,0.023750,0
MO,65739,TANEY COUNTY,AZVY,0.061000,0.042250,0.018750,0,0
MO,65740,MERRIAM WOODS,CXFW,0.076000,0.042250,0.018750,0.015000,0
MO,65741,OZARK COUNTY,AZGL,0.067250,0.042250,0.020000,0,0.005000
MO,65742,GREENE COUNTY,AYOS,0.054750,0.042250,0.012500,0,0
MO,65744,TANEY COUNTY,AZVY,0.061000,0.042250,0.018750,0,0
MO,65745,BARRY COUNTY,AXZW,0.057250,0.042250,0.015000,0,0
MO,65746,WEBSTER COUNTY,AZZG,0.060580,0.042250,0.018330,0,0
MO,65747,STONE COUNTY,AZVC,0.059750,0.042250,0.017500,0,0
MO,65752,DADE COUNTY / DADE CO AMBULANCE DIST,AYKT,0.064750,0.042250,0.017500,0,0.005000
MO,65753,CHRISTIAN COUNTY,AYHM,0.059750,0.042250,0.017500,0,0
MO,65754,CHRISTIAN COUNTY,AYHM,0.059750,0.042250,0.017500,0,0
MO,65755,AVA AMBULANCE DISTRICT,ELCQ,0.057250,0.042250,0.010000,0,0.005000
MO,65756,LAWRENCE COUNTY,AYWX,0.057250,0.042250,0.015000,0,0
MO,65757,GREENE COUNTY,AYOS,0.054750,0.042250,0.012500,0,0
MO,65759,TANEY COUNTY,AZVY,0.061000,0.042250,0.018750,0,0
MO,65760,OZARK COUNTY,AZGL,0.067250,0.042250,0.020000,0,0.005000
MO,65761,TANEY COUNTY,AZVY,0.061000,0.042250,0.018750,0,0
MO,65762,OZARK COUNTY,AZGL,0.067250,0.042250,0.020000,0,0.005000
MO,65764,DALLAS COUNTY,AYLA,0.062250,0.042250,0.020000,0,0
MO,65765,GREENE COUNTY,AYOS,0.054750,0.042250,0.012500,0,0
MO,65766,OZARK COUNTY,AZGL,0.067250,0.042250,0.020000,0,0.005000
MO,65767,URBANA,AYLF,0.077250,0.042250,0.020000,0.015000,0
MO,65768,MOUNTAIN GROVE (WRIGHT CO),BAAA,0.072250,0.042250,0.010000,0.020000,0
MO,65769,LAWRENCE COUNTY,AYWX,0.057250,0.042250,0.015000,0,0
MO,65770,GREENE COUNTY,AYOS,0.054750,0.042250,0.012500,0,0
MO,65771,TANEY COUNTY,AZVY,0.061000,0.042250,0.018750,0,0
MO,65772,BARRY COUNTY,AXZW,0.057250,0.042250,0.015000,0,0
MO,65773,OZARK COUNTY,AZGL,0.067250,0.042250,0.020000,0,0.005000
MO,65774,WEAUBLEAU,AYQK,0.072250,0.042250,0.015000,0.015000,0
MO,65775,WEST PLAINS,AYRM,0.071620,0.042250,0.009370,0.020000,0
MO,65777,HOWELL COUNTY,AYRC,0.051620,0.042250,0.009370,0,0
MO,65778,OREGON COUNTY,AZFS,0.062250,0.042250,0.020000,0,0
MO,65779,WHEATLAND,AYQL,0.077250,0.042250,0.015000,0.020000,0
MO,65781,GREENE COUNTY,AYOS,0.054750,0.042250,0.012500,0,0
MO,65783,DALLAS COUNTY,AYLA,0.062250,0.042250,0.020000,0,0
MO,65784,OZARK COUNTY,AZGL,0.067250,0.042250,0.020000,0,0.005000
MO,65785,CEDAR COUNTY / CEDAR CO AMBULANCE DIST.,AYGT,0.057250,0.042250,0.010000,0,0.005000
MO,65786,CAMDEN COUNTY,AYEA,0.054750,0.042250,0.012500,0,0
MO,65787,CAMDEN COUNTY,AYEA,0.054750,0.042250,0.012500,0,0
MO,65788,HOWELL COUNTY,AYRC,0.051620,0.042250,0.009370,0,0
MO,65789,HOWELL COUNTY,AYRC,0.051620,0.042250,0.009370,0,0
MO,65790,HOWELL COUNTY,AYRC,0.051620,0.042250,0.009370,0,0
MO,65791,THAYER,AZFX,0.082250,0.042250,0.020000,0.020000,0
MO,65793,HOWELL COUNTY,AYRC,0.051620,0.042250,0.009370,0,0
MO,65801,SPRINGFIELD,AYPB,0.076000,0.042250,0.012500,0.021250,0
MO,65802,SPRINGFIELD,AYPB,0.076000,0.042250,0.012500,0.021250,0
MO,65803,SPRINGFIELD,AYPB,0.076000,0.042250,0.012500,0.021250,0
MO,65804,SPRINGFIELD,AYPB,0.076000,0.042250,0.012500,0.021250,0
MO,65805,SPRINGFIELD,AYPB,0.076000,0.042250,0.012500,0.021250,0
MO,65806,SPRINGFIELD,AYPB,0.076000,0.042250,0.012500,0.021250,0
MO,65807,SPRINGFIELD,AYPB,0.076000,0.042250,0.012500,0.021250,0
MO,65808,SPRINGFIELD,AYPB,0.076000,0.042250,0.012500,0.021250,0
MO,65809,GREENE COUNTY,AYOS,0.054750,0.042250,0.012500,0,0
MO,65810,GREENE COUNTY,AYOS,0.054750,0.042250,0.012500,0,0
MO,65814,SPRINGFIELD,AYPB,0.076000,0.042250,0.012500,0.021250,0
MO,65817,SPRINGFIELD,AYPB,0.076000,0.042250,0.012500,0.021250,0
MO,65890,SPRINGFIELD,AYPB,0.076000,0.042250,0.012500,0.021250,0
MO,65897,SPRINGFIELD,AYPB,0.076000,0.042250,0.012500,0.021250,0
MO,65898,SPRINGFIELD,AYPB,0.076000,0.042250,0.012500,0.021250,0
MO,65899,SPRINGFIELD,AYPB,0.076000,0.042250,0.012500,0.021250,0
