State,ZipCode,TaxRegionName,TaxRegionCode,CombinedRate,StateRate,CountyRate,CityRate,SpecialRate
RI,02801,RHODE ISLAND STATE,BNPA,0.070000,0.070000,0,0,0
RI,02802,RHODE ISLAND STATE,BNPA,0.070000,0.070000,0,0,0
RI,02804,RHODE ISLAND STATE,BNPA,0.070000,0.070000,0,0,0
RI,02806,RHODE ISLAND STATE,BNPA,0.070000,0.070000,0,0,0
RI,02807,RHODE ISLAND STATE,BNPA,0.070000,0.070000,0,0,0
RI,02808,RHODE ISLAND STATE,BNPA,0.070000,0.070000,0,0,0
RI,02809,RHODE ISLAND STATE,BNPA,0.070000,0.070000,0,0,0
RI,02812,RHODE ISLAND STATE,BNPA,0.070000,0.070000,0,0,0
RI,02813,RHODE ISLAND STATE,BNPA,0.070000,0.070000,0,0,0
RI,02814,RHODE ISLAND STATE,BNPA,0.070000,0.070000,0,0,0
RI,02815,RHODE ISLAND STATE,BNPA,0.070000,0.070000,0,0,0
RI,02816,RHODE ISLAND STATE,BNPA,0.070000,0.070000,0,0,0
RI,02817,RHODE ISLAND STATE,BNPA,0.070000,0.070000,0,0,0
RI,02818,RHODE ISLAND STATE,BNPA,0.070000,0.070000,0,0,0
RI,02822,RHODE ISLAND STATE,BNPA,0.070000,0.070000,0,0,0
RI,02823,RHODE ISLAND STATE,BNPA,0.070000,0.070000,0,0,0
RI,02824,RHODE ISLAND STATE,BNPA,0.070000,0.070000,0,0,0
RI,02825,RHODE ISLAND STATE,BNPA,0.070000,0.070000,0,0,0
RI,02826,RHODE ISLAND STATE,BNPA,0.070000,0.070000,0,0,0
RI,02827,RHODE ISLAND STATE,BNPA,0.070000,0.070000,0,0,0
RI,02828,RHODE ISLAND STATE,BNPA,0.070000,0.070000,0,0,0
RI,02829,RHODE ISLAND STATE,BNPA,0.070000,0.070000,0,0,0
RI,02830,RHODE ISLAND STATE,BNPA,0.070000,0.070000,0,0,0
RI,02831,RHODE ISLAND STATE,BNPA,0.070000,0.070000,0,0,0
RI,02832,RHODE ISLAND STATE,BNPA,0.070000,0.070000,0,0,0
RI,02833,RHODE ISLAND STATE,BNPA,0.070000,0.070000,0,0,0
RI,02835,RHODE ISLAND STATE,BNPA,0.070000,0.070000,0,0,0
RI,02836,RHODE ISLAND STATE,BNPA,0.070000,0.070000,0,0,0
RI,02837,RHODE ISLAND STATE,BNPA,0.070000,0.070000,0,0,0
RI,02838,RHODE ISLAND STATE,BNPA,0.070000,0.070000,0,0,0
RI,02839,RHODE ISLAND STATE,BNPA,0.070000,0.070000,0,0,0
RI,02840,RHODE ISLAND STATE,BNPA,0.070000,0.070000,0,0,0
RI,02841,RHODE ISLAND STATE,BNPA,0.070000,0.070000,0,0,0
RI,02842,RHODE ISLAND STATE,BNPA,0.070000,0.070000,0,0,0
RI,02852,RHODE ISLAND STATE,BNPA,0.070000,0.070000,0,0,0
RI,02857,RHODE ISLAND STATE,BNPA,0.070000,0.070000,0,0,0
RI,02858,RHODE ISLAND STATE,BNPA,0.070000,0.070000,0,0,0
RI,02859,RHODE ISLAND STATE,BNPA,0.070000,0.070000,0,0,0
RI,02860,RHODE ISLAND STATE,BNPA,0.070000,0.070000,0,0,0
RI,02861,RHODE ISLAND STATE,BNPA,0.070000,0.070000,0,0,0
RI,02862,RHODE ISLAND STATE,BNPA,0.070000,0.070000,0,0,0
RI,02863,RHODE ISLAND STATE,BNPA,0.070000,0.070000,0,0,0
RI,02864,RHODE ISLAND STATE,BNPA,0.070000,0.070000,0,0,0
RI,02865,RHODE ISLAND STATE,BNPA,0.070000,0.070000,0,0,0
RI,02871,RHODE ISLAND STATE,BNPA,0.070000,0.070000,0,0,0
RI,02872,RHODE ISLAND STATE,BNPA,0.070000,0.070000,0,0,0
RI,02873,RHODE ISLAND STATE,BNPA,0.070000,0.070000,0,0,0
RI,02874,RHODE ISLAND STATE,BNPA,0.070000,0.070000,0,0,0
RI,02875,RHODE ISLAND STATE,BNPA,0.070000,0.070000,0,0,0
RI,02876,RHODE ISLAND STATE,BNPA,0.070000,0.070000,0,0,0
RI,02877,RHODE ISLAND STATE,BNPA,0.070000,0.070000,0,0,0
RI,02878,RHODE ISLAND STATE,BNPA,0.070000,0.070000,0,0,0
RI,02879,RHODE ISLAND STATE,BNPA,0.070000,0.070000,0,0,0
RI,02880,RHODE ISLAND STATE,BNPA,0.070000,0.070000,0,0,0
RI,02881,RHODE ISLAND STATE,BNPA,0.070000,0.070000,0,0,0
RI,02882,RHODE ISLAND STATE,BNPA,0.070000,0.070000,0,0,0
RI,02883,RHODE ISLAND STATE,BNPA,0.070000,0.070000,0,0,0
RI,02885,RHODE ISLAND STATE,BNPA,0.070000,0.070000,0,0,0
RI,02886,RHODE ISLAND STATE,BNPA,0.070000,0.070000,0,0,0
RI,02887,RHODE ISLAND STATE,BNPA,0.070000,0.070000,0,0,0
RI,02888,RHODE ISLAND STATE,BNPA,0.070000,0.070000,0,0,0
RI,02889,RHODE ISLAND STATE,BNPA,0.070000,0.070000,0,0,0
RI,02891,RHODE ISLAND STATE,BNPA,0.070000,0.070000,0,0,0
RI,02892,RHODE ISLAND STATE,BNPA,0.070000,0.070000,0,0,0
RI,02893,RHODE ISLAND STATE,BNPA,0.070000,0.070000,0,0,0
RI,02894,RHODE ISLAND STATE,BNPA,0.070000,0.070000,0,0,0
RI,02895,RHODE ISLAND STATE,BNPA,0.070000,0.070000,0,0,0
RI,02896,RHODE ISLAND STATE,BNPA,0.070000,0.070000,0,0,0
RI,02898,RHODE ISLAND STATE,BNPA,0.070000,0.070000,0,0,0
RI,02901,RHODE ISLAND STATE,BNPA,0.070000,0.070000,0,0,0
RI,02902,RHODE ISLAND STATE,BNPA,0.070000,0.070000,0,0,0
RI,02903,RHODE ISLAND STATE,BNPA,0.070000,0.070000,0,0,0
RI,02904,RHODE ISLAND STATE,BNPA,0.070000,0.070000,0,0,0
RI,02905,RHODE ISLAND STATE,BNPA,0.070000,0.070000,0,0,0
RI,02906,RHODE ISLAND STATE,BNPA,0.070000,0.070000,0,0,0
RI,02907,RHODE ISLAND STATE,BNPA,0.070000,0.070000,0,0,0
RI,02908,RHODE ISLAND STATE,BNPA,0.070000,0.070000,0,0,0
RI,02909,RHODE ISLAND STATE,BNPA,0.070000,0.070000,0,0,0
RI,02910,RHODE ISLAND STATE,BNPA,0.070000,0.070000,0,0,0
RI,02911,RHODE ISLAND STATE,BNPA,0.070000,0.070000,0,0,0
RI,02912,RHODE ISLAND STATE,BNPA,0.070000,0.070000,0,0,0
RI,02914,RHODE ISLAND STATE,BNPA,0.070000,0.070000,0,0,0
RI,02915,RHODE ISLAND STATE,BNPA,0.070000,0.070000,0,0,0
RI,02916,RHODE ISLAND STATE,BNPA,0.070000,0.070000,0,0,0
RI,02917,RHODE ISLAND STATE,BNPA,0.070000,0.070000,0,0,0
RI,02918,RHODE ISLAND STATE,BNPA,0.070000,0.070000,0,0,0
RI,02919,RHODE ISLAND STATE,BNPA,0.070000,0.070000,0,0,0
RI,02920,RHODE ISLAND STATE,BNPA,0.070000,0.070000,0,0,0
RI,02921,RHODE ISLAND STATE,BNPA,0.070000,0.070000,0,0,0
RI,02940,RHODE ISLAND STATE,BNPA,0.070000,0.070000,0,0,0
