State,ZipCode,TaxRegionName,TaxRegionCode,CombinedRate,StateRate,CountyRate,CityRate,SpecialRate
NC,27006,DAVIE COUNTY,BAXM,0.067500,0.047500,0.020000,0,0
NC,27007,SURRY COUNTY,BCKK,0.070000,0.047500,0.022500,0,0
NC,27009,FORSYTH COUNTY,BAZW,0.067500,0.047500,0.020000,0,0
NC,27010,FORSYTH COUNTY,BAZW,0.067500,0.047500,0.020000,0,0
NC,27011,YADKIN COUNTY,BCTG,0.067500,0.047500,0.020000,0,0
NC,27012,FORSYTH COUNTY,BAZW,0.067500,0.047500,0.020000,0,0
NC,27013,ROWAN COUNTY,BCFE,0.070000,0.047500,0.022500,0,0
NC,27014,DAVIE COUNTY,BAXM,0.067500,0.047500,0.020000,0,0
NC,27016,STOKES COUNTY,BCJS,0.067500,0.047500,0.020000,0,0
NC,27017,SURRY COUNTY,BCKK,0.070000,0.047500,0.022500,0,0
NC,27018,YADKIN COUNTY,BCTG,0.067500,0.047500,0.020000,0,0
NC,27019,STOKES COUNTY,BCJS,0.067500,0.047500,0.020000,0,0
NC,27020,YADKIN COUNTY,BCTG,0.067500,0.047500,0.020000,0,0
NC,27021,STOKES COUNTY,BCJS,0.067500,0.047500,0.020000,0,0
NC,27022,STOKES COUNTY,BCJS,0.067500,0.047500,0.020000,0,0
NC,27023,FORSYTH COUNTY,BAZW,0.067500,0.047500,0.020000,0,0
NC,27024,SURRY COUNTY,BCKK,0.070000,0.047500,0.022500,0,0
NC,27025,ROCKINGHAM COUNTY,BCEK,0.067500,0.047500,0.020000,0,0
NC,27027,ROCKINGHAM COUNTY,BCEK,0.067500,0.047500,0.020000,0,0
NC,27028,DAVIE COUNTY,BAXM,0.067500,0.047500,0.020000,0,0
NC,27030,SURRY COUNTY,BCKK,0.070000,0.047500,0.022500,0,0
NC,27031,SURRY COUNTY,BCKK,0.070000,0.047500,0.022500,0,0
NC,27040,FORSYTH COUNTY,BAZW,0.067500,0.047500,0.020000,0,0
NC,27041,SURRY COUNTY,BCKK,0.070000,0.047500,0.022500,0,0
NC,27042,STOKES COUNTY,BCJS,0.067500,0.047500,0.020000,0,0
NC,27043,STOKES COUNTY,BCJS,0.067500,0.047500,0.020000,0,0
NC,27045,FORSYTH COUNTY,BAZW,0.067500,0.047500,0.020000,0,0
NC,27046,STOKES COUNTY,BCJS,0.067500,0.047500,0.020000,0,0
NC,27047,SURRY COUNTY,BCKK,0.070000,0.047500,0.022500,0,0
NC,27048,ROCKINGHAM COUNTY,BCEK,0.067500,0.047500,0.020000,0,0
NC,27049,SURRY COUNTY,BCKK,0.070000,0.047500,0.022500,0,0
NC,27050,FORSYTH COUNTY,BAZW,0.067500,0.047500,0.020000,0,0
NC,27051,FORSYTH COUNTY,BAZW,0.067500,0.047500,0.020000,0,0
NC,27052,STOKES COUNTY,BCJS,0.067500,0.047500,0.020000,0,0
NC,27053,STOKES COUNTY,BCJS,0.067500,0.047500,0.020000,0,0
NC,27054,ROWAN COUNTY,BCFE,0.070000,0.047500,0.022500,0,0
NC,27055,YADKIN COUNTY,BCTG,0.067500,0.047500,0.020000,0,0
NC,27094,FORSYTH COUNTY,BAZW,0.067500,0.047500,0.020000,0,0
NC,27098,FORSYTH COUNTY,BAZW,0.067500,0.047500,0.020000,0,0
NC,27099,FORSYTH COUNTY,BAZW,0.067500,0.047500,0.020000,0,0
NC,27101,FORSYTH COUNTY,BAZW,0.067500,0.047500,0.020000,0,0
NC,27102,FORSYTH COUNTY,BAZW,0.067500,0.047500,0.020000,0,0
NC,27103,FORSYTH COUNTY,BAZW,0.067500,0.047500,0.020000,0,0
NC,27104,FORSYTH COUNTY,BAZW,0.067500,0.047500,0.020000,0,0
NC,27105,FORSYTH COUNTY,BAZW,0.067500,0.047500,0.020000,0,0
NC,27106,FORSYTH COUNTY,BAZW,0.067500,0.047500,0.020000,0,0
NC,27107,FORSYTH COUNTY,BAZW,0.067500,0.047500,0.020000,0,0
NC,27108,FORSYTH COUNTY,BAZW,0.067500,0.047500,0.020000,0,0
NC,27109,FORSYTH COUNTY,BAZW,0.067500,0.047500,0.020000,0,0
NC,27110,FORSYTH COUNTY,BAZW,0.067500,0.047500,0.020000,0,0
NC,27111,FORSYTH COUNTY,BAZW,0.067500,0.047500,0.020000,0,0
NC,27113,FORSYTH COUNTY,BAZW,0.067500,0.047500,0.020000,0,0
NC,27114,FORSYTH COUNTY,BAZW,0.067500,0.047500,0.020000,0,0
NC,27115,FORSYTH COUNTY,BAZW,0.067500,0.047500,0.020000,0,0
NC,27116,FORSYTH COUNTY,BAZW,0.067500,0.047500,0.020000,0,0
NC,27117,FORSYTH COUNTY,BAZW,0.067500,0.047500,0.020000,0,0
NC,27120,FORSYTH COUNTY,BAZW,0.067500,0.047500,0.020000,0,0
NC,27127,FORSYTH COUNTY,BAZW,0.067500,0.047500,0.020000,0,0
NC,27130,FORSYTH COUNTY,BAZW,0.067500,0.047500,0.020000,0,0
NC,27150,FORSYTH COUNTY,BAZW,0.067500,0.047500,0.020000,0,0
NC,27152,FORSYTH COUNTY,BAZW,0.067500,0.047500,0.020000,0,0
NC,27155,FORSYTH COUNTY,BAZW,0.067500,0.047500,0.020000,0,0
NC,27157,FORSYTH COUNTY,BAZW,0.067500,0.047500,0.020000,0,0
NC,27198,FORSYTH COUNTY,BAZW,0.067500,0.047500,0.020000,0,0
NC,27199,FORSYTH COUNTY,BAZW,0.067500,0.047500,0.020000,0,0
NC,27201,ALAMANCE COUNTY,BAAK,0.067500,0.047500,0.020000,0,0
NC,27202,ALAMANCE COUNTY,BAAK,0.067500,0.047500,0.020000,0,0
NC,27203,RANDOLPH COUNTY,BCBM,0.070000,0.047500,0.022500,0,0
NC,27204,RANDOLPH COUNTY,BCBM,0.070000,0.047500,0.022500,0,0
NC,27205,RANDOLPH COUNTY,BCBM,0.070000,0.047500,0.022500,0,0
NC,27207,CHATHAM COUNTY,BAOS,0.067500,0.047500,0.020000,0,0
NC,27208,CHATHAM COUNTY,BAOS,0.067500,0.047500,0.020000,0,0
NC,27209,MONTGOMERY COUNTY,BBRS,0.070000,0.047500,0.022500,0,0
NC,27212,CASWELL COUNTY,BANI,0.067500,0.047500,0.020000,0,0
NC,27213,CHATHAM COUNTY,BAOS,0.067500,0.047500,0.020000,0,0
NC,27214,GUILFORD COUNTY,BBEC,0.067500,0.047500,0.020000,0,0
NC,27215,ALAMANCE COUNTY,BAAK,0.067500,0.047500,0.020000,0,0
NC,27216,ALAMANCE COUNTY,BAAK,0.067500,0.047500,0.020000,0,0
NC,27217,ALAMANCE COUNTY,BAAK,0.067500,0.047500,0.020000,0,0
NC,27228,CHATHAM COUNTY,BAOS,0.067500,0.047500,0.020000,0,0
NC,27229,MONTGOMERY COUNTY,BBRS,0.070000,0.047500,0.022500,0,0
NC,27230,RANDOLPH COUNTY,BCBM,0.070000,0.047500,0.022500,0,0
NC,27231,ORANGE COUNTY,BBWW,0.075000,0.047500,0.022500,0,0.005000
NC,27233,RANDOLPH COUNTY,BCBM,0.070000,0.047500,0.022500,0,0
NC,27235,GUILFORD COUNTY,BBEC,0.067500,0.047500,0.020000,0,0
NC,27237,LEE COUNTY,BBNG,0.070000,0.047500,0.022500,0,0
NC,27239,DAVIDSON COUNTY,BAWS,0.067500,0.047500,0.020000,0,0
NC,27242,MOORE COUNTY,BBSG,0.067500,0.047500,0.020000,0,0
NC,27243,ORANGE COUNTY,BBWW,0.075000,0.047500,0.022500,0,0.005000
NC,27244,ALAMANCE COUNTY,BAAK,0.067500,0.047500,0.020000,0,0
NC,27247,MONTGOMERY COUNTY,BBRS,0.070000,0.047500,0.022500,0,0
NC,27248,RANDOLPH COUNTY,BCBM,0.070000,0.047500,0.022500,0,0
NC,27249,GUILFORD COUNTY,BBEC,0.067500,0.047500,0.020000,0,0
NC,27252,CHATHAM COUNTY,BAOS,0.067500,0.047500,0.020000,0,0
NC,27253,ALAMANCE COUNTY,BAAK,0.067500,0.047500,0.020000,0,0
NC,27256,CHATHAM COUNTY,BAOS,0.067500,0.047500,0.020000,0,0
NC,27258,ALAMANCE COUNTY,BAAK,0.067500,0.047500,0.020000,0,0
NC,27259,MOORE COUNTY,BBSG,0.067500,0.047500,0.020000,0,0
NC,27260,GUILFORD COUNTY,BBEC,0.067500,0.047500,0.020000,0,0
NC,27261,GUILFORD COUNTY,BBEC,0.067500,0.047500,0.020000,0,0
NC,27262,GUILFORD COUNTY,BBEC,0.067500,0.047500,0.020000,0,0
NC,27263,RANDOLPH COUNTY,BCBM,0.070000,0.047500,0.022500,0,0
NC,27264,RANDOLPH COUNTY,BCBM,0.070000,0.047500,0.022500,0,0
NC,27265,GUILFORD COUNTY,BBEC,0.067500,0.047500,0.020000,0,0
NC,27278,ORANGE COUNTY,BBWW,0.075000,0.047500,0.022500,0,0.005000
NC,27281,MOORE COUNTY,BBSG,0.067500,0.047500,0.020000,0,0
NC,27282,GUILFORD COUNTY,BBEC,0.067500,0.047500,0.020000,0,0
NC,27283,GUILFORD COUNTY,BBEC,0.067500,0.047500,0.020000,0,0
NC,27284,FORSYTH COUNTY,BAZW,0.067500,0.047500,0.020000,0,0
NC,27285,FORSYTH COUNTY,BAZW,0.067500,0.047500,0.020000,0,0
NC,27288,ROCKINGHAM COUNTY,BCEK,0.067500,0.047500,0.020000,0,0
NC,27289,ROCKINGHAM COUNTY,BCEK,0.067500,0.047500,0.020000,0,0
NC,27291,CASWELL COUNTY,BANI,0.067500,0.047500,0.020000,0,0
NC,27292,DAVIDSON COUNTY,BAWS,0.067500,0.047500,0.020000,0,0
NC,27293,DAVIDSON COUNTY,BAWS,0.067500,0.047500,0.020000,0,0
NC,27294,DAVIDSON COUNTY,BAWS,0.067500,0.047500,0.020000,0,0
NC,27295,DAVIDSON COUNTY,BAWS,0.067500,0.047500,0.020000,0,0
NC,27298,RANDOLPH COUNTY,BCBM,0.070000,0.047500,0.022500,0,0
NC,27299,DAVIDSON COUNTY,BAWS,0.067500,0.047500,0.020000,0,0
NC,27301,GUILFORD COUNTY,BBEC,0.067500,0.047500,0.020000,0,0
NC,27302,ALAMANCE COUNTY,BAAK,0.067500,0.047500,0.020000,0,0
NC,27305,CASWELL COUNTY,BANI,0.067500,0.047500,0.020000,0,0
NC,27306,MONTGOMERY COUNTY,BBRS,0.070000,0.047500,0.022500,0,0
NC,27310,GUILFORD COUNTY,BBEC,0.067500,0.047500,0.020000,0,0
NC,27311,CASWELL COUNTY,BANI,0.067500,0.047500,0.020000,0,0
NC,27312,CHATHAM COUNTY,BAOS,0.067500,0.047500,0.020000,0,0
NC,27313,GUILFORD COUNTY,BBEC,0.067500,0.047500,0.020000,0,0
NC,27314,CASWELL COUNTY,BANI,0.067500,0.047500,0.020000,0,0
NC,27315,CASWELL COUNTY,BANI,0.067500,0.047500,0.020000,0,0
NC,27316,RANDOLPH COUNTY,BCBM,0.070000,0.047500,0.022500,0,0
NC,27317,RANDOLPH COUNTY,BCBM,0.070000,0.047500,0.022500,0,0
NC,27320,ROCKINGHAM COUNTY,BCEK,0.067500,0.047500,0.020000,0,0
NC,27323,ROCKINGHAM COUNTY,BCEK,0.067500,0.047500,0.020000,0,0
NC,27325,MOORE COUNTY,BBSG,0.067500,0.047500,0.020000,0,0
NC,27326,ROCKINGHAM COUNTY,BCEK,0.067500,0.047500,0.020000,0,0
NC,27330,LEE COUNTY,BBNG,0.070000,0.047500,0.022500,0,0
NC,27331,LEE COUNTY,BBNG,0.070000,0.047500,0.022500,0,0
NC,27332,LEE COUNTY,BBNG,0.070000,0.047500,0.022500,0,0
NC,27340,ALAMANCE COUNTY,BAAK,0.067500,0.047500,0.020000,0,0
NC,27341,RANDOLPH COUNTY,BCBM,0.070000,0.047500,0.022500,0,0
NC,27342,GUILFORD COUNTY,BBEC,0.067500,0.047500,0.020000,0,0
NC,27343,PERSON COUNTY,BBZQ,0.067500,0.047500,0.020000,0,0
NC,27344,CHATHAM COUNTY,BAOS,0.067500,0.047500,0.020000,0,0
NC,27349,ALAMANCE COUNTY,BAAK,0.067500,0.047500,0.020000,0,0
NC,27350,RANDOLPH COUNTY,BCBM,0.070000,0.047500,0.022500,0,0
NC,27351,DAVIDSON COUNTY,BAWS,0.067500,0.047500,0.020000,0,0
NC,27355,RANDOLPH COUNTY,BCBM,0.070000,0.047500,0.022500,0,0
NC,27356,MONTGOMERY COUNTY,BBRS,0.070000,0.047500,0.022500,0,0
NC,27357,ROCKINGHAM COUNTY,BCEK,0.067500,0.047500,0.020000,0,0
NC,27358,GUILFORD COUNTY,BBEC,0.067500,0.047500,0.020000,0,0
NC,27359,ALAMANCE COUNTY,BAAK,0.067500,0.047500,0.020000,0,0
NC,27360,DAVIDSON COUNTY,BAWS,0.067500,0.047500,0.020000,0,0
NC,27361,DAVIDSON COUNTY,BAWS,0.067500,0.047500,0.020000,0,0
NC,27370,RANDOLPH COUNTY,BCBM,0.070000,0.047500,0.022500,0,0
NC,27371,MONTGOMERY COUNTY,BBRS,0.070000,0.047500,0.022500,0,0
NC,27373,DAVIDSON COUNTY,BAWS,0.067500,0.047500,0.020000,0,0
NC,27374,DAVIDSON COUNTY,BAWS,0.067500,0.047500,0.020000,0,0
NC,27375,ROCKINGHAM COUNTY,BCEK,0.067500,0.047500,0.020000,0,0
NC,27376,MOORE COUNTY,BBSG,0.067500,0.047500,0.020000,0,0
NC,27377,GUILFORD COUNTY,BBEC,0.067500,0.047500,0.020000,0,0
NC,27379,CASWELL COUNTY,BANI,0.067500,0.047500,0.020000,0,0
NC,27401,GUILFORD COUNTY,BBEC,0.067500,0.047500,0.020000,0,0
NC,27402,GUILFORD COUNTY,BBEC,0.067500,0.047500,0.020000,0,0
NC,27403,GUILFORD COUNTY,BBEC,0.067500,0.047500,0.020000,0,0
NC,27404,GUILFORD COUNTY,BBEC,0.067500,0.047500,0.020000,0,0
NC,27405,GUILFORD COUNTY,BBEC,0.067500,0.047500,0.020000,0,0
NC,27406,GUILFORD COUNTY,BBEC,0.067500,0.047500,0.020000,0,0
NC,27407,GUILFORD COUNTY,BBEC,0.067500,0.047500,0.020000,0,0
NC,27408,GUILFORD COUNTY,BBEC,0.067500,0.047500,0.020000,0,0
NC,27409,GUILFORD COUNTY,BBEC,0.067500,0.047500,0.020000,0,0
NC,27410,GUILFORD COUNTY,BBEC,0.067500,0.047500,0.020000,0,0
NC,27411,GUILFORD COUNTY,BBEC,0.067500,0.047500,0.020000,0,0
NC,27412,GUILFORD COUNTY,BBEC,0.067500,0.047500,0.020000,0,0
NC,27413,GUILFORD COUNTY,BBEC,0.067500,0.047500,0.020000,0,0
NC,27415,GUILFORD COUNTY,BBEC,0.067500,0.047500,0.020000,0,0
NC,27416,GUILFORD COUNTY,BBEC,0.067500,0.047500,0.020000,0,0
NC,27417,GUILFORD COUNTY,BBEC,0.067500,0.047500,0.020000,0,0
NC,27419,GUILFORD COUNTY,BBEC,0.067500,0.047500,0.020000,0,0
NC,27420,GUILFORD COUNTY,BBEC,0.067500,0.047500,0.020000,0,0
NC,27425,GUILFORD COUNTY,BBEC,0.067500,0.047500,0.020000,0,0
NC,27427,GUILFORD COUNTY,BBEC,0.067500,0.047500,0.020000,0,0
NC,27429,GUILFORD COUNTY,BBEC,0.067500,0.047500,0.020000,0,0
NC,27435,GUILFORD COUNTY,BBEC,0.067500,0.047500,0.020000,0,0
NC,27438,GUILFORD COUNTY,BBEC,0.067500,0.047500,0.020000,0,0
NC,27455,GUILFORD COUNTY,BBEC,0.067500,0.047500,0.020000,0,0
NC,27495,GUILFORD COUNTY,BBEC,0.067500,0.047500,0.020000,0,0
NC,27497,GUILFORD COUNTY,BBEC,0.067500,0.047500,0.020000,0,0
NC,27498,GUILFORD COUNTY,BBEC,0.067500,0.047500,0.020000,0,0
NC,27499,GUILFORD COUNTY,BBEC,0.067500,0.047500,0.020000,0,0
NC,27501,HARNETT COUNTY,BBGM,0.070000,0.047500,0.022500,0,0
NC,27502,WAKE COUNTY,BCNQ,0.067500,0.047500,0.020000,0,0
NC,27503,DURHAM COUNTY,BAYU,0.075000,0.047500,0.022500,0,0.005000
NC,27504,JOHNSTON COUNTY,BBMA,0.067500,0.047500,0.020000,0,0
NC,27505,HARNETT COUNTY,BBGM,0.070000,0.047500,0.022500,0,0
NC,27506,HARNETT COUNTY,BBGM,0.070000,0.047500,0.022500,0,0
NC,27507,GRANVILLE COUNTY,BBDA,0.067500,0.047500,0.020000,0,0
NC,27508,FRANKLIN COUNTY,BBAS,0.067500,0.047500,0.020000,0,0
NC,27509,GRANVILLE COUNTY,BBDA,0.067500,0.047500,0.020000,0,0
NC,27510,ORANGE COUNTY,BBWW,0.075000,0.047500,0.022500,0,0.005000
NC,27511,WAKE COUNTY,BCNQ,0.067500,0.047500,0.020000,0,0
NC,27512,WAKE COUNTY,BCNQ,0.067500,0.047500,0.020000,0,0
NC,27513,WAKE COUNTY,BCNQ,0.067500,0.047500,0.020000,0,0
NC,27514,ORANGE COUNTY,BBWW,0.075000,0.047500,0.022500,0,0.005000
NC,27515,ORANGE COUNTY,BBWW,0.075000,0.047500,0.022500,0,0.005000
NC,27516,ORANGE COUNTY,BBWW,0.075000,0.047500,0.022500,0,0.005000
NC,27517,CHATHAM COUNTY,BAOS,0.067500,0.047500,0.020000,0,0
NC,27518,WAKE COUNTY,BCNQ,0.067500,0.047500,0.020000,0,0
NC,27519,WAKE COUNTY,BCNQ,0.067500,0.047500,0.020000,0,0
NC,27520,JOHNSTON COUNTY,BBMA,0.067500,0.047500,0.020000,0,0
NC,27521,HARNETT COUNTY,BBGM,0.070000,0.047500,0.022500,0,0
NC,27522,GRANVILLE COUNTY,BBDA,0.067500,0.047500,0.020000,0,0
NC,27523,WAKE COUNTY,BCNQ,0.067500,0.047500,0.020000,0,0
NC,27524,JOHNSTON COUNTY,BBMA,0.067500,0.047500,0.020000,0,0
NC,27525,FRANKLIN COUNTY,BBAS,0.067500,0.047500,0.020000,0,0
NC,27526,WAKE COUNTY,BCNQ,0.067500,0.047500,0.020000,0,0
NC,27527,JOHNSTON COUNTY,BBMA,0.067500,0.047500,0.020000,0,0
NC,27528,JOHNSTON COUNTY,BBMA,0.067500,0.047500,0.020000,0,0
NC,27529,WAKE COUNTY,BCNQ,0.067500,0.047500,0.020000,0,0
NC,27530,WAYNE COUNTY,BCQS,0.067500,0.047500,0.020000,0,0
NC,27531,WAYNE COUNTY,BCQS,0.067500,0.047500,0.020000,0,0
NC,27532,WAYNE COUNTY,BCQS,0.067500,0.047500,0.020000,0,0
NC,27533,WAYNE COUNTY,BCQS,0.067500,0.047500,0.020000,0,0
NC,27534,WAYNE COUNTY,BCQS,0.067500,0.047500,0.020000,0,0
NC,27536,VANCE COUNTY,BCNG,0.067500,0.047500,0.020000,0,0
NC,27537,VANCE COUNTY,BCNG,0.067500,0.047500,0.020000,0,0
NC,27539,WAKE COUNTY,BCNQ,0.067500,0.047500,0.020000,0,0
NC,27540,WAKE COUNTY,BCNQ,0.067500,0.047500,0.020000,0,0
NC,27541,PERSON COUNTY,BBZQ,0.067500,0.047500,0.020000,0,0
NC,27542,JOHNSTON COUNTY,BBMA,0.067500,0.047500,0.020000,0,0
NC,27543,HARNETT COUNTY,BBGM,0.070000,0.047500,0.022500,0,0
NC,27544,VANCE COUNTY,BCNG,0.067500,0.047500,0.020000,0,0
NC,27545,WAKE COUNTY,BCNQ,0.067500,0.047500,0.020000,0,0
NC,27546,HARNETT COUNTY,BBGM,0.070000,0.047500,0.022500,0,0
NC,27549,FRANKLIN COUNTY,BBAS,0.067500,0.047500,0.020000,0,0
NC,27551,WARREN COUNTY,BCPA,0.067500,0.047500,0.020000,0,0
NC,27552,HARNETT COUNTY,BBGM,0.070000,0.047500,0.022500,0,0
NC,27553,VANCE COUNTY,BCNG,0.067500,0.047500,0.020000,0,0
NC,27555,JOHNSTON COUNTY,BBMA,0.067500,0.047500,0.020000,0,0
NC,27556,VANCE COUNTY,BCNG,0.067500,0.047500,0.020000,0,0
NC,27557,NASH COUNTY,BBTK,0.067500,0.047500,0.020000,0,0
NC,27559,CHATHAM COUNTY,BAOS,0.067500,0.047500,0.020000,0,0
NC,27560,WAKE COUNTY,BCNQ,0.067500,0.047500,0.020000,0,0
NC,27562,WAKE COUNTY,BCNQ,0.067500,0.047500,0.020000,0,0
NC,27563,WARREN COUNTY,BCPA,0.067500,0.047500,0.020000,0,0
NC,27565,GRANVILLE COUNTY,BBDA,0.067500,0.047500,0.020000,0,0
NC,27568,JOHNSTON COUNTY,BBMA,0.067500,0.047500,0.020000,0,0
NC,27569,JOHNSTON COUNTY,BBMA,0.067500,0.047500,0.020000,0,0
NC,27570,WARREN COUNTY,BCPA,0.067500,0.047500,0.020000,0,0
NC,27571,WAKE COUNTY,BCNQ,0.067500,0.047500,0.020000,0,0
NC,27572,ORANGE COUNTY,BBWW,0.075000,0.047500,0.022500,0,0.005000
NC,27573,PERSON COUNTY,BBZQ,0.067500,0.047500,0.020000,0,0
NC,27574,PERSON COUNTY,BBZQ,0.067500,0.047500,0.020000,0,0
NC,27576,JOHNSTON COUNTY,BBMA,0.067500,0.047500,0.020000,0,0
NC,27577,JOHNSTON COUNTY,BBMA,0.067500,0.047500,0.020000,0,0
NC,27581,GRANVILLE COUNTY,BBDA,0.067500,0.047500,0.020000,0,0
NC,27582,GRANVILLE COUNTY,BBDA,0.067500,0.047500,0.020000,0,0
NC,27583,PERSON COUNTY,BBZQ,0.067500,0.047500,0.020000,0,0
NC,27584,VANCE COUNTY,BCNG,0.067500,0.047500,0.020000,0,0
NC,27586,WARREN COUNTY,BCPA,0.067500,0.047500,0.020000,0,0
NC,27587,WAKE COUNTY,BCNQ,0.067500,0.047500,0.020000,0,0
NC,27588,WAKE COUNTY,BCNQ,0.067500,0.047500,0.020000,0,0
NC,27589,WARREN COUNTY,BCPA,0.067500,0.047500,0.020000,0,0
NC,27591,WAKE COUNTY,BCNQ,0.067500,0.047500,0.020000,0,0
NC,27592,WAKE COUNTY,BCNQ,0.067500,0.047500,0.020000,0,0
NC,27593,JOHNSTON COUNTY,BBMA,0.067500,0.047500,0.020000,0,0
NC,27594,WARREN COUNTY,BCPA,0.067500,0.047500,0.020000,0,0
NC,27596,FRANKLIN COUNTY,BBAS,0.067500,0.047500,0.020000,0,0
NC,27597,WAKE COUNTY,BCNQ,0.067500,0.047500,0.020000,0,0
NC,27599,ORANGE COUNTY,BBWW,0.075000,0.047500,0.022500,0,0.005000
NC,27601,WAKE COUNTY,BCNQ,0.067500,0.047500,0.020000,0,0
NC,27602,WAKE COUNTY,BCNQ,0.067500,0.047500,0.020000,0,0
NC,27603,WAKE COUNTY,BCNQ,0.067500,0.047500,0.020000,0,0
NC,27604,WAKE COUNTY,BCNQ,0.067500,0.047500,0.020000,0,0
NC,27605,WAKE COUNTY,BCNQ,0.067500,0.047500,0.020000,0,0
NC,27606,WAKE COUNTY,BCNQ,0.067500,0.047500,0.020000,0,0
NC,27607,WAKE COUNTY,BCNQ,0.067500,0.047500,0.020000,0,0
NC,27608,WAKE COUNTY,BCNQ,0.067500,0.047500,0.020000,0,0
NC,27609,WAKE COUNTY,BCNQ,0.067500,0.047500,0.020000,0,0
NC,27610,WAKE COUNTY,BCNQ,0.067500,0.047500,0.020000,0,0
NC,27611,WAKE COUNTY,BCNQ,0.067500,0.047500,0.020000,0,0
NC,27612,WAKE COUNTY,BCNQ,0.067500,0.047500,0.020000,0,0
NC,27613,WAKE COUNTY,BCNQ,0.067500,0.047500,0.020000,0,0
NC,27614,WAKE COUNTY,BCNQ,0.067500,0.047500,0.020000,0,0
NC,27615,WAKE COUNTY,BCNQ,0.067500,0.047500,0.020000,0,0
NC,27616,WAKE COUNTY,BCNQ,0.067500,0.047500,0.020000,0,0
NC,27617,WAKE COUNTY,BCNQ,0.067500,0.047500,0.020000,0,0
NC,27619,WAKE COUNTY,BCNQ,0.067500,0.047500,0.020000,0,0
NC,27620,WAKE COUNTY,BCNQ,0.067500,0.047500,0.020000,0,0
NC,27621,WAKE COUNTY,BCNQ,0.067500,0.047500,0.020000,0,0
NC,27622,WAKE COUNTY,BCNQ,0.067500,0.047500,0.020000,0,0
NC,27623,WAKE COUNTY,BCNQ,0.067500,0.047500,0.020000,0,0
NC,27624,WAKE COUNTY,BCNQ,0.067500,0.047500,0.020000,0,0
NC,27625,WAKE COUNTY,BCNQ,0.067500,0.047500,0.020000,0,0
NC,27626,WAKE COUNTY,BCNQ,0.067500,0.047500,0.020000,0,0
NC,27627,WAKE COUNTY,BCNQ,0.067500,0.047500,0.020000,0,0
NC,27628,WAKE COUNTY,BCNQ,0.067500,0.047500,0.020000,0,0
NC,27629,WAKE COUNTY,BCNQ,0.067500,0.047500,0.020000,0,0
NC,27634,WAKE COUNTY,BCNQ,0.067500,0.047500,0.020000,0,0
NC,27635,WAKE COUNTY,BCNQ,0.067500,0.047500,0.020000,0,0
NC,27636,WAKE COUNTY,BCNQ,0.067500,0.047500,0.020000,0,0
NC,27640,WAKE COUNTY,BCNQ,0.067500,0.047500,0.020000,0,0
NC,27650,WAKE COUNTY,BCNQ,0.067500,0.047500,0.020000,0,0
NC,27656,WAKE COUNTY,BCNQ,0.067500,0.047500,0.020000,0,0
NC,27658,WAKE COUNTY,BCNQ,0.067500,0.047500,0.020000,0,0
NC,27661,WAKE COUNTY,BCNQ,0.067500,0.047500,0.020000,0,0
NC,27668,WAKE COUNTY,BCNQ,0.067500,0.047500,0.020000,0,0
NC,27675,WAKE COUNTY,BCNQ,0.067500,0.047500,0.020000,0,0
NC,27676,WAKE COUNTY,BCNQ,0.067500,0.047500,0.020000,0,0
NC,27690,WAKE COUNTY,BCNQ,0.067500,0.047500,0.020000,0,0
NC,27695,WAKE COUNTY,BCNQ,0.067500,0.047500,0.020000,0,0
NC,27697,WAKE COUNTY,BCNQ,0.067500,0.047500,0.020000,0,0
NC,27698,WAKE COUNTY,BCNQ,0.067500,0.047500,0.020000,0,0
NC,27699,WAKE COUNTY,BCNQ,0.067500,0.047500,0.020000,0,0
NC,27701,DURHAM COUNTY,BAYU,0.075000,0.047500,0.022500,0,0.005000
NC,27702,DURHAM COUNTY,BAYU,0.075000,0.047500,0.022500,0,0.005000
NC,27703,DURHAM COUNTY,BAYU,0.075000,0.047500,0.022500,0,0.005000
NC,27704,DURHAM COUNTY,BAYU,0.075000,0.047500,0.022500,0,0.005000
NC,27705,DURHAM COUNTY,BAYU,0.075000,0.047500,0.022500,0,0.005000
NC,27706,DURHAM COUNTY,BAYU,0.075000,0.047500,0.022500,0,0.005000
NC,27707,DURHAM COUNTY,BAYU,0.075000,0.047500,0.022500,0,0.005000
NC,27708,DURHAM COUNTY,BAYU,0.075000,0.047500,0.022500,0,0.005000
NC,27709,DURHAM COUNTY,BAYU,0.075000,0.047500,0.022500,0,0.005000
NC,27710,DURHAM COUNTY,BAYU,0.075000,0.047500,0.022500,0,0.005000
NC,27711,DURHAM COUNTY,BAYU,0.075000,0.047500,0.022500,0,0.005000
NC,27712,DURHAM COUNTY,BAYU,0.075000,0.047500,0.022500,0,0.005000
NC,27713,DURHAM COUNTY,BAYU,0.075000,0.047500,0.022500,0,0.005000
NC,27715,DURHAM COUNTY,BAYU,0.075000,0.047500,0.022500,0,0.005000
NC,27717,DURHAM COUNTY,BAYU,0.075000,0.047500,0.022500,0,0.005000
NC,27722,DURHAM COUNTY,BAYU,0.075000,0.047500,0.022500,0,0.005000
NC,27801,EDGECOMBE COUNTY,BAZE,0.070000,0.047500,0.022500,0,0
NC,27802,EDGECOMBE COUNTY,BAZE,0.070000,0.047500,0.022500,0,0
NC,27803,NASH COUNTY,BBTK,0.067500,0.047500,0.020000,0,0
NC,27804,NASH COUNTY,BBTK,0.067500,0.047500,0.020000,0,0
NC,27805,BERTIE COUNTY,BAFO,0.067500,0.047500,0.020000,0,0
NC,27806,BEAUFORT COUNTY,BAEU,0.067500,0.047500,0.020000,0,0
NC,27807,NASH COUNTY,BBTK,0.067500,0.047500,0.020000,0,0
NC,27808,BEAUFORT COUNTY,BAEU,0.067500,0.047500,0.020000,0,0
NC,27809,NASH COUNTY,BBTK,0.067500,0.047500,0.020000,0,0
NC,27810,BEAUFORT COUNTY,BAEU,0.067500,0.047500,0.020000,0,0
NC,27811,PITT COUNTY,BBZY,0.070000,0.047500,0.022500,0,0
NC,27812,PITT COUNTY,BBZY,0.070000,0.047500,0.022500,0,0
NC,27813,WILSON COUNTY,BCSO,0.067500,0.047500,0.020000,0,0
NC,27814,BEAUFORT COUNTY,BAEU,0.067500,0.047500,0.020000,0,0
NC,27815,EDGECOMBE COUNTY,BAZE,0.070000,0.047500,0.022500,0,0
NC,27816,NASH COUNTY,BBTK,0.067500,0.047500,0.020000,0,0
NC,27817,BEAUFORT COUNTY,BAEU,0.067500,0.047500,0.020000,0,0
NC,27818,HERTFORD COUNTY,BBJA,0.070000,0.047500,0.022500,0,0
NC,27819,EDGECOMBE COUNTY,BAZE,0.070000,0.047500,0.022500,0,0
NC,27820,NORTHAMPTON COUNTY,BBUS,0.067500,0.047500,0.020000,0,0
NC,27821,BEAUFORT COUNTY,BAEU,0.067500,0.047500,0.020000,0,0
NC,27822,WILSON COUNTY,BCSO,0.067500,0.047500,0.020000,0,0
NC,27823,HALIFAX COUNTY,BBFO,0.070000,0.047500,0.022500,0,0
NC,27824,HYDE COUNTY,BBJW,0.067500,0.047500,0.020000,0,0
NC,27825,MARTIN COUNTY,BBPK,0.070000,0.047500,0.022500,0,0
NC,27826,HYDE COUNTY,BBJW,0.067500,0.047500,0.020000,0,0
NC,27827,PITT COUNTY,BBZY,0.070000,0.047500,0.022500,0,0
NC,27828,PITT COUNTY,BBZY,0.070000,0.047500,0.022500,0,0
NC,27829,PITT COUNTY,BBZY,0.070000,0.047500,0.022500,0,0
NC,27830,WAYNE COUNTY,BCQS,0.067500,0.047500,0.020000,0,0
NC,27831,NORTHAMPTON COUNTY,BBUS,0.067500,0.047500,0.020000,0,0
NC,27832,NORTHAMPTON COUNTY,BBUS,0.067500,0.047500,0.020000,0,0
NC,27833,PITT COUNTY,BBZY,0.070000,0.047500,0.022500,0,0
NC,27834,PITT COUNTY,BBZY,0.070000,0.047500,0.022500,0,0
NC,27835,PITT COUNTY,BBZY,0.070000,0.047500,0.022500,0,0
NC,27836,PITT COUNTY,BBZY,0.070000,0.047500,0.022500,0,0
NC,27837,PITT COUNTY,BBZY,0.070000,0.047500,0.022500,0,0
NC,27839,HALIFAX COUNTY,BBFO,0.070000,0.047500,0.022500,0,0
NC,27840,MARTIN COUNTY,BBPK,0.070000,0.047500,0.022500,0,0
NC,27841,MARTIN COUNTY,BBPK,0.070000,0.047500,0.022500,0,0
NC,27842,NORTHAMPTON COUNTY,BBUS,0.067500,0.047500,0.020000,0,0
NC,27843,HALIFAX COUNTY,BBFO,0.070000,0.047500,0.022500,0,0
NC,27844,HALIFAX COUNTY,BBFO,0.070000,0.047500,0.022500,0,0
NC,27845,NORTHAMPTON COUNTY,BBUS,0.067500,0.047500,0.020000,0,0
NC,27846,MARTIN COUNTY,BBPK,0.070000,0.047500,0.022500,0,0
NC,27847,BERTIE COUNTY,BAFO,0.067500,0.047500,0.020000,0,0
NC,27849,BERTIE COUNTY,BAFO,0.067500,0.047500,0.020000,0,0
NC,27850,HALIFAX COUNTY,BBFO,0.070000,0.047500,0.022500,0,0
NC,27851,WILSON COUNTY,BCSO,0.067500,0.047500,0.020000,0,0
NC,27852,EDGECOMBE COUNTY,BAZE,0.070000,0.047500,0.022500,0,0
NC,27853,NORTHAMPTON COUNTY,BBUS,0.067500,0.047500,0.020000,0,0
NC,27855,HERTFORD COUNTY,BBJA,0.070000,0.047500,0.022500,0,0
NC,27856,NASH COUNTY,BBTK,0.067500,0.047500,0.020000,0,0
NC,27857,MARTIN COUNTY,BBPK,0.070000,0.047500,0.022500,0,0
NC,27858,PITT COUNTY,BBZY,0.070000,0.047500,0.022500,0,0
NC,27860,BEAUFORT COUNTY,BAEU,0.067500,0.047500,0.020000,0,0
NC,27861,MARTIN COUNTY,BBPK,0.070000,0.047500,0.022500,0,0
NC,27862,NORTHAMPTON COUNTY,BBUS,0.067500,0.047500,0.020000,0,0
NC,27863,WAYNE COUNTY,BCQS,0.067500,0.047500,0.020000,0,0
NC,27864,EDGECOMBE COUNTY,BAZE,0.070000,0.047500,0.022500,0,0
NC,27865,BEAUFORT COUNTY,BAEU,0.067500,0.047500,0.020000,0,0
NC,27866,NORTHAMPTON COUNTY,BBUS,0.067500,0.047500,0.020000,0,0
NC,27867,NORTHAMPTON COUNTY,BBUS,0.067500,0.047500,0.020000,0,0
NC,27868,NASH COUNTY,BBTK,0.067500,0.047500,0.020000,0,0
NC,27869,NORTHAMPTON COUNTY,BBUS,0.067500,0.047500,0.020000,0,0
NC,27870,HALIFAX COUNTY,BBFO,0.070000,0.047500,0.022500,0,0
NC,27871,MARTIN COUNTY,BBPK,0.070000,0.047500,0.022500,0,0
NC,27872,BERTIE COUNTY,BAFO,0.067500,0.047500,0.020000,0,0
NC,27873,WILSON COUNTY,BCSO,0.067500,0.047500,0.020000,0,0
NC,27874,HALIFAX COUNTY,BBFO,0.070000,0.047500,0.022500,0,0
NC,27875,HYDE COUNTY,BBJW,0.067500,0.047500,0.020000,0,0
NC,27876,NORTHAMPTON COUNTY,BBUS,0.067500,0.047500,0.020000,0,0
NC,27877,NORTHAMPTON COUNTY,BBUS,0.067500,0.047500,0.020000,0,0
NC,27878,NASH COUNTY,BBTK,0.067500,0.047500,0.020000,0,0
NC,27879,PITT COUNTY,BBZY,0.070000,0.047500,0.022500,0,0
NC,27880,WILSON COUNTY,BCSO,0.067500,0.047500,0.020000,0,0
NC,27881,EDGECOMBE COUNTY,BAZE,0.070000,0.047500,0.022500,0,0
NC,27882,NASH COUNTY,BBTK,0.067500,0.047500,0.020000,0,0
NC,27883,WILSON COUNTY,BCSO,0.067500,0.047500,0.020000,0,0
NC,27884,PITT COUNTY,BBZY,0.070000,0.047500,0.022500,0,0
NC,27885,HYDE COUNTY,BBJW,0.067500,0.047500,0.020000,0,0
NC,27886,EDGECOMBE COUNTY,BAZE,0.070000,0.047500,0.022500,0,0
NC,27887,HALIFAX COUNTY,BBFO,0.070000,0.047500,0.022500,0,0
NC,27888,GREENE COUNTY,BBDS,0.070000,0.047500,0.022500,0,0
NC,27889,BEAUFORT COUNTY,BAEU,0.067500,0.047500,0.020000,0,0
NC,27890,HALIFAX COUNTY,BBFO,0.070000,0.047500,0.022500,0,0
NC,27891,NASH COUNTY,BBTK,0.067500,0.047500,0.020000,0,0
NC,27892,MARTIN COUNTY,BBPK,0.070000,0.047500,0.022500,0,0
NC,27893,WILSON COUNTY,BCSO,0.067500,0.047500,0.020000,0,0
NC,27894,WILSON COUNTY,BCSO,0.067500,0.047500,0.020000,0,0
NC,27895,WILSON COUNTY,BCSO,0.067500,0.047500,0.020000,0,0
NC,27896,WILSON COUNTY,BCSO,0.067500,0.047500,0.020000,0,0
NC,27897,NORTHAMPTON COUNTY,BBUS,0.067500,0.047500,0.020000,0,0
NC,27906,PASQUOTANK COUNTY,BBYK,0.067500,0.047500,0.020000,0,0
NC,27907,PASQUOTANK COUNTY,BBYK,0.067500,0.047500,0.020000,0,0
NC,27909,PASQUOTANK COUNTY,BBYK,0.067500,0.047500,0.020000,0,0
NC,27910,HERTFORD COUNTY,BBJA,0.070000,0.047500,0.022500,0,0
NC,27915,DARE COUNTY,BAVO,0.067500,0.047500,0.020000,0,0
NC,27916,CURRITUCK COUNTY,BAUI,0.067500,0.047500,0.020000,0,0
NC,27917,CURRITUCK COUNTY,BAUI,0.067500,0.047500,0.020000,0,0
NC,27919,PERQUIMANS COUNTY,BBZG,0.067500,0.047500,0.020000,0,0
NC,27920,DARE COUNTY,BAVO,0.067500,0.047500,0.020000,0,0
NC,27921,CAMDEN COUNTY,BALO,0.067500,0.047500,0.020000,0,0
NC,27922,HERTFORD COUNTY,BBJA,0.070000,0.047500,0.022500,0,0
NC,27923,CURRITUCK COUNTY,BAUI,0.067500,0.047500,0.020000,0,0
NC,27924,BERTIE COUNTY,BAFO,0.067500,0.047500,0.020000,0,0
NC,27925,TYRRELL COUNTY,BCMM,0.067500,0.047500,0.020000,0,0
NC,27926,GATES COUNTY,BBCC,0.067500,0.047500,0.020000,0,0
NC,27927,CURRITUCK COUNTY,BAUI,0.067500,0.047500,0.020000,0,0
NC,27928,WASHINGTON COUNTY,BCPQ,0.067500,0.047500,0.020000,0,0
NC,27929,CURRITUCK COUNTY,BAUI,0.067500,0.047500,0.020000,0,0
NC,27930,PERQUIMANS COUNTY,BBZG,0.067500,0.047500,0.020000,0,0
NC,27932,CHOWAN COUNTY,BAPY,0.067500,0.047500,0.020000,0,0
NC,27935,GATES COUNTY,BBCC,0.067500,0.047500,0.020000,0,0
NC,27936,DARE COUNTY,BAVO,0.067500,0.047500,0.020000,0,0
NC,27937,GATES COUNTY,BBCC,0.067500,0.047500,0.020000,0,0
NC,27938,GATES COUNTY,BBCC,0.067500,0.047500,0.020000,0,0
NC,27939,CURRITUCK COUNTY,BAUI,0.067500,0.047500,0.020000,0,0
NC,27941,CURRITUCK COUNTY,BAUI,0.067500,0.047500,0.020000,0,0
NC,27942,HERTFORD COUNTY,BBJA,0.070000,0.047500,0.022500,0,0
NC,27943,DARE COUNTY,BAVO,0.067500,0.047500,0.020000,0,0
NC,27944,PERQUIMANS COUNTY,BBZG,0.067500,0.047500,0.020000,0,0
NC,27946,GATES COUNTY,BBCC,0.067500,0.047500,0.020000,0,0
NC,27947,CURRITUCK COUNTY,BAUI,0.067500,0.047500,0.020000,0,0
NC,27948,DARE COUNTY,BAVO,0.067500,0.047500,0.020000,0,0
NC,27949,DARE COUNTY,BAVO,0.067500,0.047500,0.020000,0,0
NC,27950,CURRITUCK COUNTY,BAUI,0.067500,0.047500,0.020000,0,0
NC,27953,DARE COUNTY,BAVO,0.067500,0.047500,0.020000,0,0
NC,27954,DARE COUNTY,BAVO,0.067500,0.047500,0.020000,0,0
NC,27956,CURRITUCK COUNTY,BAUI,0.067500,0.047500,0.020000,0,0
NC,27957,BERTIE COUNTY,BAFO,0.067500,0.047500,0.020000,0,0
NC,27958,CURRITUCK COUNTY,BAUI,0.067500,0.047500,0.020000,0,0
NC,27959,DARE COUNTY,BAVO,0.067500,0.047500,0.020000,0,0
NC,27960,HYDE COUNTY,BBJW,0.067500,0.047500,0.020000,0,0
NC,27962,WASHINGTON COUNTY,BCPQ,0.067500,0.047500,0.020000,0,0
NC,27964,CURRITUCK COUNTY,BAUI,0.067500,0.047500,0.020000,0,0
NC,27965,CURRITUCK COUNTY,BAUI,0.067500,0.047500,0.020000,0,0
NC,27966,CURRITUCK COUNTY,BAUI,0.067500,0.047500,0.020000,0,0
NC,27967,BERTIE COUNTY,BAFO,0.067500,0.047500,0.020000,0,0
NC,27968,DARE COUNTY,BAVO,0.067500,0.047500,0.020000,0,0
NC,27969,GATES COUNTY,BBCC,0.067500,0.047500,0.020000,0,0
NC,27970,WASHINGTON COUNTY,BCPQ,0.067500,0.047500,0.020000,0,0
NC,27972,DARE COUNTY,BAVO,0.067500,0.047500,0.020000,0,0
NC,27973,CURRITUCK COUNTY,BAUI,0.067500,0.047500,0.020000,0,0
NC,27974,CAMDEN COUNTY,BALO,0.067500,0.047500,0.020000,0,0
NC,27976,CAMDEN COUNTY,BALO,0.067500,0.047500,0.020000,0,0
NC,27978,DARE COUNTY,BAVO,0.067500,0.047500,0.020000,0,0
NC,27979,GATES COUNTY,BBCC,0.067500,0.047500,0.020000,0,0
NC,27980,CHOWAN COUNTY,BAPY,0.067500,0.047500,0.020000,0,0
NC,27981,DARE COUNTY,BAVO,0.067500,0.047500,0.020000,0,0
NC,27982,DARE COUNTY,BAVO,0.067500,0.047500,0.020000,0,0
NC,27983,BERTIE COUNTY,BAFO,0.067500,0.047500,0.020000,0,0
NC,27985,PERQUIMANS COUNTY,BBZG,0.067500,0.047500,0.020000,0,0
NC,27986,HERTFORD COUNTY,BBJA,0.070000,0.047500,0.022500,0,0
NC,28001,STANLY COUNTY,BCIY,0.067500,0.047500,0.020000,0,0
NC,28002,STANLY COUNTY,BCIY,0.067500,0.047500,0.020000,0,0
NC,28006,GASTON COUNTY,BBBC,0.067500,0.047500,0.020000,0,0
NC,28007,ANSON COUNTY,BACG,0.067500,0.047500,0.020000,0,0
NC,28009,STANLY COUNTY,BCIY,0.067500,0.047500,0.020000,0,0
NC,28010,IREDELL COUNTY,BBKI,0.067500,0.047500,0.020000,0,0
NC,28012,GASTON COUNTY,BBBC,0.067500,0.047500,0.020000,0,0
NC,28016,GASTON COUNTY,BBBC,0.067500,0.047500,0.020000,0,0
NC,28017,CLEVELAND COUNTY,BAQM,0.067500,0.047500,0.020000,0,0
NC,28018,RUTHERFORD COUNTY,BCGM,0.067500,0.047500,0.020000,0,0
NC,28019,RUTHERFORD COUNTY,BCGM,0.067500,0.047500,0.020000,0,0
NC,28020,CLEVELAND COUNTY,BAQM,0.067500,0.047500,0.020000,0,0
NC,28021,GASTON COUNTY,BBBC,0.067500,0.047500,0.020000,0,0
NC,28023,ROWAN COUNTY,BCFE,0.070000,0.047500,0.022500,0,0
NC,28024,RUTHERFORD COUNTY,BCGM,0.067500,0.047500,0.020000,0,0
NC,28025,CABARRUS COUNTY,BAKM,0.070000,0.047500,0.022500,0,0
NC,28026,CABARRUS COUNTY,BAKM,0.070000,0.047500,0.022500,0,0
NC,28027,CABARRUS COUNTY,BAKM,0.070000,0.047500,0.022500,0,0
NC,28031,MECKLENBURG COUNTY,BBQS,0.072500,0.047500,0.020000,0,0.005000
NC,28032,GASTON COUNTY,BBBC,0.067500,0.047500,0.020000,0,0
NC,28033,LINCOLN COUNTY,BBOC,0.067500,0.047500,0.020000,0,0
NC,28034,GASTON COUNTY,BBBC,0.067500,0.047500,0.020000,0,0
NC,28035,MECKLENBURG COUNTY,BBQS,0.072500,0.047500,0.020000,0,0.005000
NC,28036,MECKLENBURG COUNTY,BBQS,0.072500,0.047500,0.020000,0,0.005000
NC,28037,LINCOLN COUNTY,BBOC,0.067500,0.047500,0.020000,0,0
NC,28038,CLEVELAND COUNTY,BAQM,0.067500,0.047500,0.020000,0,0
NC,28039,ROWAN COUNTY,BCFE,0.070000,0.047500,0.022500,0,0
NC,28040,RUTHERFORD COUNTY,BCGM,0.067500,0.047500,0.020000,0,0
NC,28041,ROWAN COUNTY,BCFE,0.070000,0.047500,0.022500,0,0
NC,28042,CLEVELAND COUNTY,BAQM,0.067500,0.047500,0.020000,0,0
NC,28043,RUTHERFORD COUNTY,BCGM,0.067500,0.047500,0.020000,0,0
NC,28052,GASTON COUNTY,BBBC,0.067500,0.047500,0.020000,0,0
NC,28053,GASTON COUNTY,BBBC,0.067500,0.047500,0.020000,0,0
NC,28054,GASTON COUNTY,BBBC,0.067500,0.047500,0.020000,0,0
NC,28055,GASTON COUNTY,BBBC,0.067500,0.047500,0.020000,0,0
NC,28056,GASTON COUNTY,BBBC,0.067500,0.047500,0.020000,0,0
NC,28070,MECKLENBURG COUNTY,BBQS,0.072500,0.047500,0.020000,0,0.005000
NC,28071,ROWAN COUNTY,BCFE,0.070000,0.047500,0.022500,0,0
NC,28072,ROWAN COUNTY,BCFE,0.070000,0.047500,0.022500,0,0
NC,28073,CLEVELAND COUNTY,BAQM,0.067500,0.047500,0.020000,0,0
NC,28074,RUTHERFORD COUNTY,BCGM,0.067500,0.047500,0.020000,0,0
NC,28075,CABARRUS COUNTY,BAKM,0.070000,0.047500,0.022500,0,0
NC,28076,RUTHERFORD COUNTY,BCGM,0.067500,0.047500,0.020000,0,0
NC,28077,GASTON COUNTY,BBBC,0.067500,0.047500,0.020000,0,0
NC,28078,MECKLENBURG COUNTY,BBQS,0.072500,0.047500,0.020000,0,0.005000
NC,28079,UNION COUNTY,BCMQ,0.067500,0.047500,0.020000,0,0
NC,28080,LINCOLN COUNTY,BBOC,0.067500,0.047500,0.020000,0,0
NC,28081,CABARRUS COUNTY,BAKM,0.070000,0.047500,0.022500,0,0
NC,28082,CABARRUS COUNTY,BAKM,0.070000,0.047500,0.022500,0,0
NC,28083,CABARRUS COUNTY,BAKM,0.070000,0.047500,0.022500,0,0
NC,28086,CLEVELAND COUNTY,BAQM,0.067500,0.047500,0.020000,0,0
NC,28088,ROWAN COUNTY,BCFE,0.070000,0.047500,0.022500,0,0
NC,28089,CLEVELAND COUNTY,BAQM,0.067500,0.047500,0.020000,0,0
NC,28090,CLEVELAND COUNTY,BAQM,0.067500,0.047500,0.020000,0,0
NC,28091,ANSON COUNTY,BACG,0.067500,0.047500,0.020000,0,0
NC,28092,LINCOLN COUNTY,BBOC,0.067500,0.047500,0.020000,0,0
NC,28093,LINCOLN COUNTY,BBOC,0.067500,0.047500,0.020000,0,0
NC,28097,STANLY COUNTY,BCIY,0.067500,0.047500,0.020000,0,0
NC,28098,GASTON COUNTY,BBBC,0.067500,0.047500,0.020000,0,0
NC,28101,GASTON COUNTY,BBBC,0.067500,0.047500,0.020000,0,0
NC,28102,ANSON COUNTY,BACG,0.067500,0.047500,0.020000,0,0
NC,28103,UNION COUNTY,BCMQ,0.067500,0.047500,0.020000,0,0
NC,28104,UNION COUNTY,BCMQ,0.067500,0.047500,0.020000,0,0
NC,28105,MECKLENBURG COUNTY,BBQS,0.072500,0.047500,0.020000,0,0.005000
NC,28106,MECKLENBURG COUNTY,BBQS,0.072500,0.047500,0.020000,0,0.005000
NC,28107,CABARRUS COUNTY,BAKM,0.070000,0.047500,0.022500,0,0
NC,28108,UNION COUNTY,BCMQ,0.067500,0.047500,0.020000,0,0
NC,28109,STANLY COUNTY,BCIY,0.067500,0.047500,0.020000,0,0
NC,28110,UNION COUNTY,BCMQ,0.067500,0.047500,0.020000,0,0
NC,28111,UNION COUNTY,BCMQ,0.067500,0.047500,0.020000,0,0
NC,28112,UNION COUNTY,BCMQ,0.067500,0.047500,0.020000,0,0
NC,28114,CLEVELAND COUNTY,BAQM,0.067500,0.047500,0.020000,0,0
NC,28115,IREDELL COUNTY,BBKI,0.067500,0.047500,0.020000,0,0
NC,28117,IREDELL COUNTY,BBKI,0.067500,0.047500,0.020000,0,0
NC,28119,ANSON COUNTY,BACG,0.067500,0.047500,0.020000,0,0
NC,28120,GASTON COUNTY,BBBC,0.067500,0.047500,0.020000,0,0
NC,28123,IREDELL COUNTY,BBKI,0.067500,0.047500,0.020000,0,0
NC,28124,CABARRUS COUNTY,BAKM,0.070000,0.047500,0.022500,0,0
NC,28125,ROWAN COUNTY,BCFE,0.070000,0.047500,0.022500,0,0
NC,28126,MECKLENBURG COUNTY,BBQS,0.072500,0.047500,0.020000,0,0.005000
NC,28127,STANLY COUNTY,BCIY,0.067500,0.047500,0.020000,0,0
NC,28128,STANLY COUNTY,BCIY,0.067500,0.047500,0.020000,0,0
NC,28129,STANLY COUNTY,BCIY,0.067500,0.047500,0.020000,0,0
NC,28130,MECKLENBURG COUNTY,BBQS,0.072500,0.047500,0.020000,0,0.005000
NC,28133,ANSON COUNTY,BACG,0.067500,0.047500,0.020000,0,0
NC,28134,MECKLENBURG COUNTY,BBQS,0.072500,0.047500,0.020000,0,0.005000
NC,28135,ANSON COUNTY,BACG,0.067500,0.047500,0.020000,0,0
NC,28136,CLEVELAND COUNTY,BAQM,0.067500,0.047500,0.020000,0,0
NC,28137,STANLY COUNTY,BCIY,0.067500,0.047500,0.020000,0,0
NC,28138,ROWAN COUNTY,BCFE,0.070000,0.047500,0.022500,0,0
NC,28139,RUTHERFORD COUNTY,BCGM,0.067500,0.047500,0.020000,0,0
NC,28144,ROWAN COUNTY,BCFE,0.070000,0.047500,0.022500,0,0
NC,28145,ROWAN COUNTY,BCFE,0.070000,0.047500,0.022500,0,0
NC,28146,ROWAN COUNTY,BCFE,0.070000,0.047500,0.022500,0,0
NC,28147,ROWAN COUNTY,BCFE,0.070000,0.047500,0.022500,0,0
NC,28150,CLEVELAND COUNTY,BAQM,0.067500,0.047500,0.020000,0,0
NC,28151,CLEVELAND COUNTY,BAQM,0.067500,0.047500,0.020000,0,0
NC,28152,CLEVELAND COUNTY,BAQM,0.067500,0.047500,0.020000,0,0
NC,28159,ROWAN COUNTY,BCFE,0.070000,0.047500,0.022500,0,0
NC,28160,RUTHERFORD COUNTY,BCGM,0.067500,0.047500,0.020000,0,0
NC,28163,STANLY COUNTY,BCIY,0.067500,0.047500,0.020000,0,0
NC,28164,GASTON COUNTY,BBBC,0.067500,0.047500,0.020000,0,0
NC,28166,IREDELL COUNTY,BBKI,0.067500,0.047500,0.020000,0,0
NC,28167,RUTHERFORD COUNTY,BCGM,0.067500,0.047500,0.020000,0,0
NC,28168,LINCOLN COUNTY,BBOC,0.067500,0.047500,0.020000,0,0
NC,28169,CLEVELAND COUNTY,BAQM,0.067500,0.047500,0.020000,0,0
NC,28170,ANSON COUNTY,BACG,0.067500,0.047500,0.020000,0,0
NC,28173,UNION COUNTY,BCMQ,0.067500,0.047500,0.020000,0,0
NC,28174,UNION COUNTY,BCMQ,0.067500,0.047500,0.020000,0,0
NC,28201,MECKLENBURG COUNTY,BBQS,0.072500,0.047500,0.020000,0,0.005000
NC,28202,MECKLENBURG COUNTY,BBQS,0.072500,0.047500,0.020000,0,0.005000
NC,28203,MECKLENBURG COUNTY,BBQS,0.072500,0.047500,0.020000,0,0.005000
NC,28204,MECKLENBURG COUNTY,BBQS,0.072500,0.047500,0.020000,0,0.005000
NC,28205,MECKLENBURG COUNTY,BBQS,0.072500,0.047500,0.020000,0,0.005000
NC,28206,MECKLENBURG COUNTY,BBQS,0.072500,0.047500,0.020000,0,0.005000
NC,28207,MECKLENBURG COUNTY,BBQS,0.072500,0.047500,0.020000,0,0.005000
NC,28208,MECKLENBURG COUNTY,BBQS,0.072500,0.047500,0.020000,0,0.005000
NC,28209,MECKLENBURG COUNTY,BBQS,0.072500,0.047500,0.020000,0,0.005000
NC,28210,MECKLENBURG COUNTY,BBQS,0.072500,0.047500,0.020000,0,0.005000
NC,28211,MECKLENBURG COUNTY,BBQS,0.072500,0.047500,0.020000,0,0.005000
NC,28212,MECKLENBURG COUNTY,BBQS,0.072500,0.047500,0.020000,0,0.005000
NC,28213,MECKLENBURG COUNTY,BBQS,0.072500,0.047500,0.020000,0,0.005000
NC,28214,MECKLENBURG COUNTY,BBQS,0.072500,0.047500,0.020000,0,0.005000
NC,28215,MECKLENBURG COUNTY,BBQS,0.072500,0.047500,0.020000,0,0.005000
NC,28216,MECKLENBURG COUNTY,BBQS,0.072500,0.047500,0.020000,0,0.005000
NC,28217,MECKLENBURG COUNTY,BBQS,0.072500,0.047500,0.020000,0,0.005000
NC,28218,MECKLENBURG COUNTY,BBQS,0.072500,0.047500,0.020000,0,0.005000
NC,28219,MECKLENBURG COUNTY,BBQS,0.072500,0.047500,0.020000,0,0.005000
NC,28220,MECKLENBURG COUNTY,BBQS,0.072500,0.047500,0.020000,0,0.005000
NC,28221,MECKLENBURG COUNTY,BBQS,0.072500,0.047500,0.020000,0,0.005000
NC,28222,MECKLENBURG COUNTY,BBQS,0.072500,0.047500,0.020000,0,0.005000
NC,28223,MECKLENBURG COUNTY,BBQS,0.072500,0.047500,0.020000,0,0.005000
NC,28224,MECKLENBURG COUNTY,BBQS,0.072500,0.047500,0.020000,0,0.005000
NC,28226,MECKLENBURG COUNTY,BBQS,0.072500,0.047500,0.020000,0,0.005000
NC,28227,MECKLENBURG COUNTY,BBQS,0.072500,0.047500,0.020000,0,0.005000
NC,28228,MECKLENBURG COUNTY,BBQS,0.072500,0.047500,0.020000,0,0.005000
NC,28229,MECKLENBURG COUNTY,BBQS,0.072500,0.047500,0.020000,0,0.005000
NC,28230,MECKLENBURG COUNTY,BBQS,0.072500,0.047500,0.020000,0,0.005000
NC,28231,MECKLENBURG COUNTY,BBQS,0.072500,0.047500,0.020000,0,0.005000
NC,28232,MECKLENBURG COUNTY,BBQS,0.072500,0.047500,0.020000,0,0.005000
NC,28233,MECKLENBURG COUNTY,BBQS,0.072500,0.047500,0.020000,0,0.005000
NC,28234,MECKLENBURG COUNTY,BBQS,0.072500,0.047500,0.020000,0,0.005000
NC,28235,MECKLENBURG COUNTY,BBQS,0.072500,0.047500,0.020000,0,0.005000
NC,28236,MECKLENBURG COUNTY,BBQS,0.072500,0.047500,0.020000,0,0.005000
NC,28237,MECKLENBURG COUNTY,BBQS,0.072500,0.047500,0.020000,0,0.005000
NC,28241,MECKLENBURG COUNTY,BBQS,0.072500,0.047500,0.020000,0,0.005000
NC,28242,MECKLENBURG COUNTY,BBQS,0.072500,0.047500,0.020000,0,0.005000
NC,28243,MECKLENBURG COUNTY,BBQS,0.072500,0.047500,0.020000,0,0.005000
NC,28244,MECKLENBURG COUNTY,BBQS,0.072500,0.047500,0.020000,0,0.005000
NC,28246,MECKLENBURG COUNTY,BBQS,0.072500,0.047500,0.020000,0,0.005000
NC,28247,MECKLENBURG COUNTY,BBQS,0.072500,0.047500,0.020000,0,0.005000
NC,28250,MECKLENBURG COUNTY,BBQS,0.072500,0.047500,0.020000,0,0.005000
NC,28253,MECKLENBURG COUNTY,BBQS,0.072500,0.047500,0.020000,0,0.005000
NC,28255,MECKLENBURG COUNTY,BBQS,0.072500,0.047500,0.020000,0,0.005000
NC,28256,MECKLENBURG COUNTY,BBQS,0.072500,0.047500,0.020000,0,0.005000
NC,28258,MECKLENBURG COUNTY,BBQS,0.072500,0.047500,0.020000,0,0.005000
NC,28260,MECKLENBURG COUNTY,BBQS,0.072500,0.047500,0.020000,0,0.005000
NC,28262,MECKLENBURG COUNTY,BBQS,0.072500,0.047500,0.020000,0,0.005000
NC,28263,MECKLENBURG COUNTY,BBQS,0.072500,0.047500,0.020000,0,0.005000
NC,28265,MECKLENBURG COUNTY,BBQS,0.072500,0.047500,0.020000,0,0.005000
NC,28266,MECKLENBURG COUNTY,BBQS,0.072500,0.047500,0.020000,0,0.005000
NC,28269,MECKLENBURG COUNTY,BBQS,0.072500,0.047500,0.020000,0,0.005000
NC,28270,MECKLENBURG COUNTY,BBQS,0.072500,0.047500,0.020000,0,0.005000
NC,28271,MECKLENBURG COUNTY,BBQS,0.072500,0.047500,0.020000,0,0.005000
NC,28272,MECKLENBURG COUNTY,BBQS,0.072500,0.047500,0.020000,0,0.005000
NC,28273,MECKLENBURG COUNTY,BBQS,0.072500,0.047500,0.020000,0,0.005000
NC,28274,MECKLENBURG COUNTY,BBQS,0.072500,0.047500,0.020000,0,0.005000
NC,28275,MECKLENBURG COUNTY,BBQS,0.072500,0.047500,0.020000,0,0.005000
NC,28277,MECKLENBURG COUNTY,BBQS,0.072500,0.047500,0.020000,0,0.005000
NC,28278,MECKLENBURG COUNTY,BBQS,0.072500,0.047500,0.020000,0,0.005000
NC,28280,MECKLENBURG COUNTY,BBQS,0.072500,0.047500,0.020000,0,0.005000
NC,28281,MECKLENBURG COUNTY,BBQS,0.072500,0.047500,0.020000,0,0.005000
NC,28282,MECKLENBURG COUNTY,BBQS,0.072500,0.047500,0.020000,0,0.005000
NC,28284,MECKLENBURG COUNTY,BBQS,0.072500,0.047500,0.020000,0,0.005000
NC,28285,MECKLENBURG COUNTY,BBQS,0.072500,0.047500,0.020000,0,0.005000
NC,28287,MECKLENBURG COUNTY,BBQS,0.072500,0.047500,0.020000,0,0.005000
NC,28288,MECKLENBURG COUNTY,BBQS,0.072500,0.047500,0.020000,0,0.005000
NC,28289,MECKLENBURG COUNTY,BBQS,0.072500,0.047500,0.020000,0,0.005000
NC,28290,MECKLENBURG COUNTY,BBQS,0.072500,0.047500,0.020000,0,0.005000
NC,28296,MECKLENBURG COUNTY,BBQS,0.072500,0.047500,0.020000,0,0.005000
NC,28297,MECKLENBURG COUNTY,BBQS,0.072500,0.047500,0.020000,0,0.005000
NC,28299,MECKLENBURG COUNTY,BBQS,0.072500,0.047500,0.020000,0,0.005000
NC,28301,CUMBERLAND COUNTY,BATK,0.070000,0.047500,0.022500,0,0
NC,28302,CUMBERLAND COUNTY,BATK,0.070000,0.047500,0.022500,0,0
NC,28303,CUMBERLAND COUNTY,BATK,0.070000,0.047500,0.022500,0,0
NC,28304,CUMBERLAND COUNTY,BATK,0.070000,0.047500,0.022500,0,0
NC,28305,CUMBERLAND COUNTY,BATK,0.070000,0.047500,0.022500,0,0
NC,28306,CUMBERLAND COUNTY,BATK,0.070000,0.047500,0.022500,0,0
NC,28307,CUMBERLAND COUNTY,BATK,0.070000,0.047500,0.022500,0,0
NC,28308,CUMBERLAND COUNTY,BATK,0.070000,0.047500,0.022500,0,0
NC,28309,CUMBERLAND COUNTY,BATK,0.070000,0.047500,0.022500,0,0
NC,28310,CUMBERLAND COUNTY,BATK,0.070000,0.047500,0.022500,0,0
NC,28311,CUMBERLAND COUNTY,BATK,0.070000,0.047500,0.022500,0,0
NC,28312,CUMBERLAND COUNTY,BATK,0.070000,0.047500,0.022500,0,0
NC,28314,CUMBERLAND COUNTY,BATK,0.070000,0.047500,0.022500,0,0
NC,28315,MOORE COUNTY,BBSG,0.067500,0.047500,0.020000,0,0
NC,28318,SAMPSON COUNTY,BCHO,0.070000,0.047500,0.022500,0,0
NC,28319,ROBESON COUNTY,BCDC,0.070000,0.047500,0.022500,0,0
NC,28320,BLADEN COUNTY,BAGG,0.067500,0.047500,0.020000,0,0
NC,28323,HARNETT COUNTY,BBGM,0.070000,0.047500,0.022500,0,0
NC,28325,DUPLIN COUNTY,BAXU,0.070000,0.047500,0.022500,0,0
NC,28326,HARNETT COUNTY,BBGM,0.070000,0.047500,0.022500,0,0
NC,28327,MOORE COUNTY,BBSG,0.067500,0.047500,0.020000,0,0
NC,28328,SAMPSON COUNTY,BCHO,0.070000,0.047500,0.022500,0,0
NC,28329,SAMPSON COUNTY,BCHO,0.070000,0.047500,0.022500,0,0
NC,28330,RICHMOND COUNTY,BCCM,0.067500,0.047500,0.020000,0,0
NC,28331,CUMBERLAND COUNTY,BATK,0.070000,0.047500,0.022500,0,0
NC,28332,BLADEN COUNTY,BAGG,0.067500,0.047500,0.020000,0,0
NC,28333,WAYNE COUNTY,BCQS,0.067500,0.047500,0.020000,0,0
NC,28334,HARNETT COUNTY,BBGM,0.070000,0.047500,0.022500,0,0
NC,28335,HARNETT COUNTY,BBGM,0.070000,0.047500,0.022500,0,0
NC,28337,BLADEN COUNTY,BAGG,0.067500,0.047500,0.020000,0,0
NC,28338,RICHMOND COUNTY,BCCM,0.067500,0.047500,0.020000,0,0
NC,28339,HARNETT COUNTY,BBGM,0.070000,0.047500,0.022500,0,0
NC,28340,ROBESON COUNTY,BCDC,0.070000,0.047500,0.022500,0,0
NC,28341,SAMPSON COUNTY,BCHO,0.070000,0.047500,0.022500,0,0
NC,28342,CUMBERLAND COUNTY,BATK,0.070000,0.047500,0.022500,0,0
NC,28343,SCOTLAND COUNTY,BCIM,0.067500,0.047500,0.020000,0,0
NC,28344,SAMPSON COUNTY,BCHO,0.070000,0.047500,0.022500,0,0
NC,28345,RICHMOND COUNTY,BCCM,0.067500,0.047500,0.020000,0,0
NC,28347,RICHMOND COUNTY,BCCM,0.067500,0.047500,0.020000,0,0
NC,28348,CUMBERLAND COUNTY,BATK,0.070000,0.047500,0.022500,0,0
NC,28349,DUPLIN COUNTY,BAXU,0.070000,0.047500,0.022500,0,0
NC,28350,MOORE COUNTY,BBSG,0.067500,0.047500,0.020000,0,0
NC,28351,SCOTLAND COUNTY,BCIM,0.067500,0.047500,0.020000,0,0
NC,28352,SCOTLAND COUNTY,BCIM,0.067500,0.047500,0.020000,0,0
NC,28353,SCOTLAND COUNTY,BCIM,0.067500,0.047500,0.020000,0,0
NC,28355,LEE COUNTY,BBNG,0.070000,0.047500,0.022500,0,0
NC,28356,CUMBERLAND COUNTY,BATK,0.070000,0.047500,0.022500,0,0
NC,28357,ROBESON COUNTY,BCDC,0.070000,0.047500,0.022500,0,0
NC,28358,ROBESON COUNTY,BCDC,0.070000,0.047500,0.022500,0,0
NC,28359,ROBESON COUNTY,BCDC,0.070000,0.047500,0.022500,0,0
NC,28360,ROBESON COUNTY,BCDC,0.070000,0.047500,0.022500,0,0
NC,28362,ROBESON COUNTY,BCDC,0.070000,0.047500,0.022500,0,0
NC,28363,SCOTLAND COUNTY,BCIM,0.067500,0.047500,0.020000,0,0
NC,28364,ROBESON COUNTY,BCDC,0.070000,0.047500,0.022500,0,0
NC,28365,WAYNE COUNTY,BCQS,0.067500,0.047500,0.020000,0,0
NC,28366,SAMPSON COUNTY,BCHO,0.070000,0.047500,0.022500,0,0
NC,28367,RICHMOND COUNTY,BCCM,0.067500,0.047500,0.020000,0,0
NC,28368,HARNETT COUNTY,BBGM,0.070000,0.047500,0.022500,0,0
NC,28369,ROBESON COUNTY,BCDC,0.070000,0.047500,0.022500,0,0
NC,28370,MOORE COUNTY,BBSG,0.067500,0.047500,0.020000,0,0
NC,28371,ROBESON COUNTY,BCDC,0.070000,0.047500,0.022500,0,0
NC,28372,ROBESON COUNTY,BCDC,0.070000,0.047500,0.022500,0,0
NC,28373,MOORE COUNTY,BBSG,0.067500,0.047500,0.020000,0,0
NC,28374,MOORE COUNTY,BBSG,0.067500,0.047500,0.020000,0,0
NC,28375,ROBESON COUNTY,BCDC,0.070000,0.047500,0.022500,0,0
NC,28376,HOKE COUNTY,BBJO,0.067500,0.047500,0.020000,0,0
NC,28377,ROBESON COUNTY,BCDC,0.070000,0.047500,0.022500,0,0
NC,28378,ROBESON COUNTY,BCDC,0.070000,0.047500,0.022500,0,0
NC,28379,RICHMOND COUNTY,BCCM,0.067500,0.047500,0.020000,0,0
NC,28380,RICHMOND COUNTY,BCCM,0.067500,0.047500,0.020000,0,0
NC,28382,SAMPSON COUNTY,BCHO,0.070000,0.047500,0.022500,0,0
NC,28383,ROBESON COUNTY,BCDC,0.070000,0.047500,0.022500,0,0
NC,28384,ROBESON COUNTY,BCDC,0.070000,0.047500,0.022500,0,0
NC,28385,SAMPSON COUNTY,BCHO,0.070000,0.047500,0.022500,0,0
NC,28386,ROBESON COUNTY,BCDC,0.070000,0.047500,0.022500,0,0
NC,28387,MOORE COUNTY,BBSG,0.067500,0.047500,0.020000,0,0
NC,28388,MOORE COUNTY,BBSG,0.067500,0.047500,0.020000,0,0
NC,28390,HARNETT COUNTY,BBGM,0.070000,0.047500,0.022500,0,0
NC,28391,CUMBERLAND COUNTY,BATK,0.070000,0.047500,0.022500,0,0
NC,28392,BLADEN COUNTY,BAGG,0.067500,0.047500,0.020000,0,0
NC,28393,SAMPSON COUNTY,BCHO,0.070000,0.047500,0.022500,0,0
NC,28394,MOORE COUNTY,BBSG,0.067500,0.047500,0.020000,0,0
NC,28395,CUMBERLAND COUNTY,BATK,0.070000,0.047500,0.022500,0,0
NC,28396,SCOTLAND COUNTY,BCIM,0.067500,0.047500,0.020000,0,0
NC,28398,DUPLIN COUNTY,BAXU,0.070000,0.047500,0.022500,0,0
NC,28399,BLADEN COUNTY,BAGG,0.067500,0.047500,0.020000,0,0
NC,28401,NEW HANOVER COUNTY,BBUG,0.070000,0.047500,0.022500,0,0
NC,28402,NEW HANOVER COUNTY,BBUG,0.070000,0.047500,0.022500,0,0
NC,28403,NEW HANOVER COUNTY,BBUG,0.070000,0.047500,0.022500,0,0
NC,28404,NEW HANOVER COUNTY,BBUG,0.070000,0.047500,0.022500,0,0
NC,28405,NEW HANOVER COUNTY,BBUG,0.070000,0.047500,0.022500,0,0
NC,28406,NEW HANOVER COUNTY,BBUG,0.070000,0.047500,0.022500,0,0
NC,28407,NEW HANOVER COUNTY,BBUG,0.070000,0.047500,0.022500,0,0
NC,28408,NEW HANOVER COUNTY,BBUG,0.070000,0.047500,0.022500,0,0
NC,28409,NEW HANOVER COUNTY,BBUG,0.070000,0.047500,0.022500,0,0
NC,28410,NEW HANOVER COUNTY,BBUG,0.070000,0.047500,0.022500,0,0
NC,28411,NEW HANOVER COUNTY,BBUG,0.070000,0.047500,0.022500,0,0
NC,28412,NEW HANOVER COUNTY,BBUG,0.070000,0.047500,0.022500,0,0
NC,28420,BRUNSWICK COUNTY,BAHC,0.067500,0.047500,0.020000,0,0
NC,28421,PENDER COUNTY,BBYO,0.067500,0.047500,0.020000,0,0
NC,28422,BRUNSWICK COUNTY,BAHC,0.067500,0.047500,0.020000,0,0
NC,28423,COLUMBUS COUNTY,BARO,0.067500,0.047500,0.020000,0,0
NC,28424,COLUMBUS COUNTY,BARO,0.067500,0.047500,0.020000,0,0
NC,28425,PENDER COUNTY,BBYO,0.067500,0.047500,0.020000,0,0
NC,28428,NEW HANOVER COUNTY,BBUG,0.070000,0.047500,0.022500,0,0
NC,28429,NEW HANOVER COUNTY,BBUG,0.070000,0.047500,0.022500,0,0
NC,28430,COLUMBUS COUNTY,BARO,0.067500,0.047500,0.020000,0,0
NC,28431,COLUMBUS COUNTY,BARO,0.067500,0.047500,0.020000,0,0
NC,28432,COLUMBUS COUNTY,BARO,0.067500,0.047500,0.020000,0,0
NC,28433,BLADEN COUNTY,BAGG,0.067500,0.047500,0.020000,0,0
NC,28434,BLADEN COUNTY,BAGG,0.067500,0.047500,0.020000,0,0
NC,28435,PENDER COUNTY,BBYO,0.067500,0.047500,0.020000,0,0
NC,28436,COLUMBUS COUNTY,BARO,0.067500,0.047500,0.020000,0,0
NC,28438,COLUMBUS COUNTY,BARO,0.067500,0.047500,0.020000,0,0
NC,28439,COLUMBUS COUNTY,BARO,0.067500,0.047500,0.020000,0,0
NC,28441,SAMPSON COUNTY,BCHO,0.070000,0.047500,0.022500,0,0
NC,28442,COLUMBUS COUNTY,BARO,0.067500,0.047500,0.020000,0,0
NC,28443,PENDER COUNTY,BBYO,0.067500,0.047500,0.020000,0,0
NC,28444,SAMPSON COUNTY,BCHO,0.070000,0.047500,0.022500,0,0
NC,28445,ONSLOW COUNTY,BBWA,0.070000,0.047500,0.022500,0,0
NC,28447,SAMPSON COUNTY,BCHO,0.070000,0.047500,0.022500,0,0
NC,28448,BLADEN COUNTY,BAGG,0.067500,0.047500,0.020000,0,0
NC,28449,NEW HANOVER COUNTY,BBUG,0.070000,0.047500,0.022500,0,0
NC,28450,COLUMBUS COUNTY,BARO,0.067500,0.047500,0.020000,0,0
NC,28451,BRUNSWICK COUNTY,BAHC,0.067500,0.047500,0.020000,0,0
NC,28452,BRUNSWICK COUNTY,BAHC,0.067500,0.047500,0.020000,0,0
NC,28453,DUPLIN COUNTY,BAXU,0.070000,0.047500,0.022500,0,0
NC,28454,PENDER COUNTY,BBYO,0.067500,0.047500,0.020000,0,0
NC,28455,COLUMBUS COUNTY,BARO,0.067500,0.047500,0.020000,0,0
NC,28456,COLUMBUS COUNTY,BARO,0.067500,0.047500,0.020000,0,0
NC,28457,PENDER COUNTY,BBYO,0.067500,0.047500,0.020000,0,0
NC,28458,DUPLIN COUNTY,BAXU,0.070000,0.047500,0.022500,0,0
NC,28459,BRUNSWICK COUNTY,BAHC,0.067500,0.047500,0.020000,0,0
NC,28460,ONSLOW COUNTY,BBWA,0.070000,0.047500,0.022500,0,0
NC,28461,BRUNSWICK COUNTY,BAHC,0.067500,0.047500,0.020000,0,0
NC,28462,BRUNSWICK COUNTY,BAHC,0.067500,0.047500,0.020000,0,0
NC,28463,COLUMBUS COUNTY,BARO,0.067500,0.047500,0.020000,0,0
NC,28464,DUPLIN COUNTY,BAXU,0.070000,0.047500,0.022500,0,0
NC,28465,BRUNSWICK COUNTY,BAHC,0.067500,0.047500,0.020000,0,0
NC,28466,DUPLIN COUNTY,BAXU,0.070000,0.047500,0.022500,0,0
NC,28467,BRUNSWICK COUNTY,BAHC,0.067500,0.047500,0.020000,0,0
NC,28468,BRUNSWICK COUNTY,BAHC,0.067500,0.047500,0.020000,0,0
NC,28469,BRUNSWICK COUNTY,BAHC,0.067500,0.047500,0.020000,0,0
NC,28470,BRUNSWICK COUNTY,BAHC,0.067500,0.047500,0.020000,0,0
NC,28472,COLUMBUS COUNTY,BARO,0.067500,0.047500,0.020000,0,0
NC,28478,PENDER COUNTY,BBYO,0.067500,0.047500,0.020000,0,0
NC,28479,BRUNSWICK COUNTY,BAHC,0.067500,0.047500,0.020000,0,0
NC,28480,NEW HANOVER COUNTY,BBUG,0.070000,0.047500,0.022500,0,0
NC,28501,LENOIR COUNTY,BBNQ,0.067500,0.047500,0.020000,0,0
NC,28502,LENOIR COUNTY,BBNQ,0.067500,0.047500,0.020000,0,0
NC,28503,LENOIR COUNTY,BBNQ,0.067500,0.047500,0.020000,0,0
NC,28504,LENOIR COUNTY,BBNQ,0.067500,0.047500,0.020000,0,0
NC,28508,DUPLIN COUNTY,BAXU,0.070000,0.047500,0.022500,0,0
NC,28509,PAMLICO COUNTY,BBXO,0.067500,0.047500,0.020000,0,0
NC,28510,PAMLICO COUNTY,BBXO,0.067500,0.047500,0.020000,0,0
NC,28511,CARTERET COUNTY,BALY,0.067500,0.047500,0.020000,0,0
NC,28512,CARTERET COUNTY,BALY,0.067500,0.047500,0.020000,0,0
NC,28513,PITT COUNTY,BBZY,0.070000,0.047500,0.022500,0,0
NC,28515,PAMLICO COUNTY,BBXO,0.067500,0.047500,0.020000,0,0
NC,28516,CARTERET COUNTY,BALY,0.067500,0.047500,0.020000,0,0
NC,28518,DUPLIN COUNTY,BAXU,0.070000,0.047500,0.022500,0,0
NC,28519,CRAVEN COUNTY,BASS,0.067500,0.047500,0.020000,0,0
NC,28520,CARTERET COUNTY,BALY,0.067500,0.047500,0.020000,0,0
NC,28521,DUPLIN COUNTY,BAXU,0.070000,0.047500,0.022500,0,0
NC,28522,JONES COUNTY,BBMW,0.067500,0.047500,0.020000,0,0
NC,28523,CRAVEN COUNTY,BASS,0.067500,0.047500,0.020000,0,0
NC,28524,CARTERET COUNTY,BALY,0.067500,0.047500,0.020000,0,0
NC,28525,LENOIR COUNTY,BBNQ,0.067500,0.047500,0.020000,0,0
NC,28526,CRAVEN COUNTY,BASS,0.067500,0.047500,0.020000,0,0
NC,28527,CRAVEN COUNTY,BASS,0.067500,0.047500,0.020000,0,0
NC,28528,CARTERET COUNTY,BALY,0.067500,0.047500,0.020000,0,0
NC,28529,PAMLICO COUNTY,BBXO,0.067500,0.047500,0.020000,0,0
NC,28530,PITT COUNTY,BBZY,0.070000,0.047500,0.022500,0,0
NC,28531,CARTERET COUNTY,BALY,0.067500,0.047500,0.020000,0,0
NC,28532,CRAVEN COUNTY,BASS,0.067500,0.047500,0.020000,0,0
NC,28537,PAMLICO COUNTY,BBXO,0.067500,0.047500,0.020000,0,0
NC,28538,GREENE COUNTY,BBDS,0.070000,0.047500,0.022500,0,0
NC,28539,ONSLOW COUNTY,BBWA,0.070000,0.047500,0.022500,0,0
NC,28540,ONSLOW COUNTY,BBWA,0.070000,0.047500,0.022500,0,0
NC,28541,ONSLOW COUNTY,BBWA,0.070000,0.047500,0.022500,0,0
NC,28542,ONSLOW COUNTY,BBWA,0.070000,0.047500,0.022500,0,0
NC,28543,ONSLOW COUNTY,BBWA,0.070000,0.047500,0.022500,0,0
NC,28544,ONSLOW COUNTY,BBWA,0.070000,0.047500,0.022500,0,0
NC,28545,ONSLOW COUNTY,BBWA,0.070000,0.047500,0.022500,0,0
NC,28546,ONSLOW COUNTY,BBWA,0.070000,0.047500,0.022500,0,0
NC,28547,ONSLOW COUNTY,BBWA,0.070000,0.047500,0.022500,0,0
NC,28551,LENOIR COUNTY,BBNQ,0.067500,0.047500,0.020000,0,0
NC,28552,PAMLICO COUNTY,BBXO,0.067500,0.047500,0.020000,0,0
NC,28553,CARTERET COUNTY,BALY,0.067500,0.047500,0.020000,0,0
NC,28554,GREENE COUNTY,BBDS,0.070000,0.047500,0.022500,0,0
NC,28555,ONSLOW COUNTY,BBWA,0.070000,0.047500,0.022500,0,0
NC,28556,PAMLICO COUNTY,BBXO,0.067500,0.047500,0.020000,0,0
NC,28557,CARTERET COUNTY,BALY,0.067500,0.047500,0.020000,0,0
NC,28560,CRAVEN COUNTY,BASS,0.067500,0.047500,0.020000,0,0
NC,28561,CRAVEN COUNTY,BASS,0.067500,0.047500,0.020000,0,0
NC,28562,CRAVEN COUNTY,BASS,0.067500,0.047500,0.020000,0,0
NC,28563,CRAVEN COUNTY,BASS,0.067500,0.047500,0.020000,0,0
NC,28564,CRAVEN COUNTY,BASS,0.067500,0.047500,0.020000,0,0
NC,28570,CARTERET COUNTY,BALY,0.067500,0.047500,0.020000,0,0
NC,28571,PAMLICO COUNTY,BBXO,0.067500,0.047500,0.020000,0,0
NC,28572,DUPLIN COUNTY,BAXU,0.070000,0.047500,0.022500,0,0
NC,28573,JONES COUNTY,BBMW,0.067500,0.047500,0.020000,0,0
NC,28574,ONSLOW COUNTY,BBWA,0.070000,0.047500,0.022500,0,0
NC,28575,CARTERET COUNTY,BALY,0.067500,0.047500,0.020000,0,0
NC,28577,CARTERET COUNTY,BALY,0.067500,0.047500,0.020000,0,0
NC,28578,WAYNE COUNTY,BCQS,0.067500,0.047500,0.020000,0,0
NC,28579,CARTERET COUNTY,BALY,0.067500,0.047500,0.020000,0,0
NC,28580,GREENE COUNTY,BBDS,0.070000,0.047500,0.022500,0,0
NC,28581,CARTERET COUNTY,BALY,0.067500,0.047500,0.020000,0,0
NC,28582,ONSLOW COUNTY,BBWA,0.070000,0.047500,0.022500,0,0
NC,28583,PAMLICO COUNTY,BBXO,0.067500,0.047500,0.020000,0,0
NC,28584,CARTERET COUNTY,BALY,0.067500,0.047500,0.020000,0,0
NC,28585,JONES COUNTY,BBMW,0.067500,0.047500,0.020000,0,0
NC,28586,CRAVEN COUNTY,BASS,0.067500,0.047500,0.020000,0,0
NC,28587,PAMLICO COUNTY,BBXO,0.067500,0.047500,0.020000,0,0
NC,28589,CARTERET COUNTY,BALY,0.067500,0.047500,0.020000,0,0
NC,28590,PITT COUNTY,BBZY,0.070000,0.047500,0.022500,0,0
NC,28594,CARTERET COUNTY,BALY,0.067500,0.047500,0.020000,0,0
NC,28601,CATAWBA COUNTY,BAOA,0.070000,0.047500,0.022500,0,0
NC,28602,CATAWBA COUNTY,BAOA,0.070000,0.047500,0.022500,0,0
NC,28603,CATAWBA COUNTY,BAOA,0.070000,0.047500,0.022500,0,0
NC,28604,AVERY COUNTY,BADY,0.067500,0.047500,0.020000,0,0
NC,28605,WATAUGA COUNTY,BCPY,0.067500,0.047500,0.020000,0,0
NC,28606,WILKES COUNTY,BCRI,0.070000,0.047500,0.022500,0,0
NC,28607,WATAUGA COUNTY,BCPY,0.067500,0.047500,0.020000,0,0
NC,28608,WATAUGA COUNTY,BCPY,0.067500,0.047500,0.020000,0,0
NC,28609,CATAWBA COUNTY,BAOA,0.070000,0.047500,0.022500,0,0
NC,28610,CATAWBA COUNTY,BAOA,0.070000,0.047500,0.022500,0,0
NC,28611,CALDWELL COUNTY,BAKY,0.067500,0.047500,0.020000,0,0
NC,28612,BURKE COUNTY,BAJM,0.067500,0.047500,0.020000,0,0
NC,28613,CATAWBA COUNTY,BAOA,0.070000,0.047500,0.022500,0,0
NC,28615,ASHE COUNTY,BACW,0.067500,0.047500,0.020000,0,0
NC,28616,AVERY COUNTY,BADY,0.067500,0.047500,0.020000,0,0
NC,28617,ASHE COUNTY,BACW,0.067500,0.047500,0.020000,0,0
NC,28618,WATAUGA COUNTY,BCPY,0.067500,0.047500,0.020000,0,0
NC,28619,BURKE COUNTY,BAJM,0.067500,0.047500,0.020000,0,0
NC,28621,SURRY COUNTY,BCKK,0.070000,0.047500,0.022500,0,0
NC,28622,AVERY COUNTY,BADY,0.067500,0.047500,0.020000,0,0
NC,28623,ALLEGHANY COUNTY,BABQ,0.067500,0.047500,0.020000,0,0
NC,28624,WILKES COUNTY,BCRI,0.070000,0.047500,0.022500,0,0
NC,28625,IREDELL COUNTY,BBKI,0.067500,0.047500,0.020000,0,0
NC,28626,ASHE COUNTY,BACW,0.067500,0.047500,0.020000,0,0
NC,28627,ALLEGHANY COUNTY,BABQ,0.067500,0.047500,0.020000,0,0
NC,28628,BURKE COUNTY,BAJM,0.067500,0.047500,0.020000,0,0
NC,28629,ASHE COUNTY,BACW,0.067500,0.047500,0.020000,0,0
NC,28630,CALDWELL COUNTY,BAKY,0.067500,0.047500,0.020000,0,0
NC,28631,ASHE COUNTY,BACW,0.067500,0.047500,0.020000,0,0
NC,28633,CALDWELL COUNTY,BAKY,0.067500,0.047500,0.020000,0,0
NC,28634,IREDELL COUNTY,BBKI,0.067500,0.047500,0.020000,0,0
NC,28635,WILKES COUNTY,BCRI,0.070000,0.047500,0.022500,0,0
NC,28636,ALEXANDER COUNTY,BABI,0.070000,0.047500,0.022500,0,0
NC,28637,BURKE COUNTY,BAJM,0.067500,0.047500,0.020000,0,0
NC,28638,CALDWELL COUNTY,BAKY,0.067500,0.047500,0.020000,0,0
NC,28640,ASHE COUNTY,BACW,0.067500,0.047500,0.020000,0,0
NC,28641,BURKE COUNTY,BAJM,0.067500,0.047500,0.020000,0,0
NC,28642,YADKIN COUNTY,BCTG,0.067500,0.047500,0.020000,0,0
NC,28643,ASHE COUNTY,BACW,0.067500,0.047500,0.020000,0,0
NC,28644,ALLEGHANY COUNTY,BABQ,0.067500,0.047500,0.020000,0,0
NC,28645,CALDWELL COUNTY,BAKY,0.067500,0.047500,0.020000,0,0
NC,28646,AVERY COUNTY,BADY,0.067500,0.047500,0.020000,0,0
NC,28647,BURKE COUNTY,BAJM,0.067500,0.047500,0.020000,0,0
NC,28649,WILKES COUNTY,BCRI,0.070000,0.047500,0.022500,0,0
NC,28650,CATAWBA COUNTY,BAOA,0.070000,0.047500,0.022500,0,0
NC,28651,WILKES COUNTY,BCRI,0.070000,0.047500,0.022500,0,0
NC,28652,AVERY COUNTY,BADY,0.067500,0.047500,0.020000,0,0
NC,28653,AVERY COUNTY,BADY,0.067500,0.047500,0.020000,0,0
NC,28654,WILKES COUNTY,BCRI,0.070000,0.047500,0.022500,0,0
NC,28655,BURKE COUNTY,BAJM,0.067500,0.047500,0.020000,0,0
NC,28656,WILKES COUNTY,BCRI,0.070000,0.047500,0.022500,0,0
NC,28657,AVERY COUNTY,BADY,0.067500,0.047500,0.020000,0,0
NC,28658,CATAWBA COUNTY,BAOA,0.070000,0.047500,0.022500,0,0
NC,28659,WILKES COUNTY,BCRI,0.070000,0.047500,0.022500,0,0
NC,28660,IREDELL COUNTY,BBKI,0.067500,0.047500,0.020000,0,0
NC,28661,CALDWELL COUNTY,BAKY,0.067500,0.047500,0.020000,0,0
NC,28662,AVERY COUNTY,BADY,0.067500,0.047500,0.020000,0,0
NC,28663,ALLEGHANY COUNTY,BABQ,0.067500,0.047500,0.020000,0,0
NC,28664,AVERY COUNTY,BADY,0.067500,0.047500,0.020000,0,0
NC,28665,WILKES COUNTY,BCRI,0.070000,0.047500,0.022500,0,0
NC,28666,BURKE COUNTY,BAJM,0.067500,0.047500,0.020000,0,0
NC,28667,CALDWELL COUNTY,BAKY,0.067500,0.047500,0.020000,0,0
NC,28668,ALLEGHANY COUNTY,BABQ,0.067500,0.047500,0.020000,0,0
NC,28669,WILKES COUNTY,BCRI,0.070000,0.047500,0.022500,0,0
NC,28670,WILKES COUNTY,BCRI,0.070000,0.047500,0.022500,0,0
NC,28671,BURKE COUNTY,BAJM,0.067500,0.047500,0.020000,0,0
NC,28672,ASHE COUNTY,BACW,0.067500,0.047500,0.020000,0,0
NC,28673,CATAWBA COUNTY,BAOA,0.070000,0.047500,0.022500,0,0
NC,28675,ALLEGHANY COUNTY,BABQ,0.067500,0.047500,0.020000,0,0
NC,28676,SURRY COUNTY,BCKK,0.070000,0.047500,0.022500,0,0
NC,28677,IREDELL COUNTY,BBKI,0.067500,0.047500,0.020000,0,0
NC,28678,ALEXANDER COUNTY,BABI,0.070000,0.047500,0.022500,0,0
NC,28679,WATAUGA COUNTY,BCPY,0.067500,0.047500,0.020000,0,0
NC,28680,BURKE COUNTY,BAJM,0.067500,0.047500,0.020000,0,0
NC,28681,ALEXANDER COUNTY,BABI,0.070000,0.047500,0.022500,0,0
NC,28682,CATAWBA COUNTY,BAOA,0.070000,0.047500,0.022500,0,0
NC,28683,WILKES COUNTY,BCRI,0.070000,0.047500,0.022500,0,0
NC,28684,ASHE COUNTY,BACW,0.067500,0.047500,0.020000,0,0
NC,28685,WILKES COUNTY,BCRI,0.070000,0.047500,0.022500,0,0
NC,28687,IREDELL COUNTY,BBKI,0.067500,0.047500,0.020000,0,0
NC,28688,IREDELL COUNTY,BBKI,0.067500,0.047500,0.020000,0,0
NC,28689,IREDELL COUNTY,BBKI,0.067500,0.047500,0.020000,0,0
NC,28690,BURKE COUNTY,BAJM,0.067500,0.047500,0.020000,0,0
NC,28691,AVERY COUNTY,BADY,0.067500,0.047500,0.020000,0,0
NC,28692,WATAUGA COUNTY,BCPY,0.067500,0.047500,0.020000,0,0
NC,28693,ASHE COUNTY,BACW,0.067500,0.047500,0.020000,0,0
NC,28694,ASHE COUNTY,BACW,0.067500,0.047500,0.020000,0,0
NC,28697,WILKES COUNTY,BCRI,0.070000,0.047500,0.022500,0,0
NC,28698,WATAUGA COUNTY,BCPY,0.067500,0.047500,0.020000,0,0
NC,28699,IREDELL COUNTY,BBKI,0.067500,0.047500,0.020000,0,0
NC,28701,BUNCOMBE COUNTY,BAII,0.070000,0.047500,0.022500,0,0
NC,28702,GRAHAM COUNTY,BBCS,0.067500,0.047500,0.020000,0,0
NC,28704,BUNCOMBE COUNTY,BAII,0.070000,0.047500,0.022500,0,0
NC,28705,MITCHELL COUNTY,BBRK,0.067500,0.047500,0.020000,0,0
NC,28707,JACKSON COUNTY,BBLE,0.067500,0.047500,0.020000,0,0
NC,28708,TRANSYLVANIA COUNTY,BCLU,0.067500,0.047500,0.020000,0,0
NC,28709,BUNCOMBE COUNTY,BAII,0.070000,0.047500,0.022500,0,0
NC,28710,HENDERSON COUNTY,BBHW,0.067500,0.047500,0.020000,0,0
NC,28711,BUNCOMBE COUNTY,BAII,0.070000,0.047500,0.022500,0,0
NC,28712,TRANSYLVANIA COUNTY,BCLU,0.067500,0.047500,0.020000,0,0
NC,28713,SWAIN COUNTY,BCLK,0.067500,0.047500,0.020000,0,0
NC,28714,YANCEY COUNTY,BCTS,0.067500,0.047500,0.020000,0,0
NC,28715,BUNCOMBE COUNTY,BAII,0.070000,0.047500,0.022500,0,0
NC,28716,HAYWOOD COUNTY,BBHI,0.070000,0.047500,0.022500,0,0
NC,28717,JACKSON COUNTY,BBLE,0.067500,0.047500,0.020000,0,0
NC,28718,TRANSYLVANIA COUNTY,BCLU,0.067500,0.047500,0.020000,0,0
NC,28719,SWAIN COUNTY,BCLK,0.067500,0.047500,0.020000,0,0
NC,28720,RUTHERFORD COUNTY,BCGM,0.067500,0.047500,0.020000,0,0
NC,28721,HAYWOOD COUNTY,BBHI,0.070000,0.047500,0.022500,0,0
NC,28722,POLK COUNTY,BCBA,0.067500,0.047500,0.020000,0,0
NC,28723,JACKSON COUNTY,BBLE,0.067500,0.047500,0.020000,0,0
NC,28724,HENDERSON COUNTY,BBHW,0.067500,0.047500,0.020000,0,0
NC,28725,JACKSON COUNTY,BBLE,0.067500,0.047500,0.020000,0,0
NC,28726,HENDERSON COUNTY,BBHW,0.067500,0.047500,0.020000,0,0
NC,28727,HENDERSON COUNTY,BBHW,0.067500,0.047500,0.020000,0,0
NC,28728,BUNCOMBE COUNTY,BAII,0.070000,0.047500,0.022500,0,0
NC,28729,HENDERSON COUNTY,BBHW,0.067500,0.047500,0.020000,0,0
NC,28730,BUNCOMBE COUNTY,BAII,0.070000,0.047500,0.022500,0,0
NC,28731,HENDERSON COUNTY,BBHW,0.067500,0.047500,0.020000,0,0
NC,28732,HENDERSON COUNTY,BBHW,0.067500,0.047500,0.020000,0,0
NC,28733,GRAHAM COUNTY,BBCS,0.067500,0.047500,0.020000,0,0
NC,28734,MACON COUNTY,BBOQ,0.067500,0.047500,0.020000,0,0
NC,28735,HENDERSON COUNTY,BBHW,0.067500,0.047500,0.020000,0,0
NC,28736,JACKSON COUNTY,BBLE,0.067500,0.047500,0.020000,0,0
NC,28737,MCDOWELL COUNTY,BBQC,0.067500,0.047500,0.020000,0,0
NC,28738,HAYWOOD COUNTY,BBHI,0.070000,0.047500,0.022500,0,0
NC,28739,HENDERSON COUNTY,BBHW,0.067500,0.047500,0.020000,0,0
NC,28740,YANCEY COUNTY,BCTS,0.067500,0.047500,0.020000,0,0
NC,28741,MACON COUNTY,BBOQ,0.067500,0.047500,0.020000,0,0
NC,28742,HENDERSON COUNTY,BBHW,0.067500,0.047500,0.020000,0,0
NC,28743,MADISON COUNTY,BBPC,0.067500,0.047500,0.020000,0,0
NC,28744,MACON COUNTY,BBOQ,0.067500,0.047500,0.020000,0,0
NC,28745,HAYWOOD COUNTY,BBHI,0.070000,0.047500,0.022500,0,0
NC,28746,RUTHERFORD COUNTY,BCGM,0.067500,0.047500,0.020000,0,0
NC,28747,TRANSYLVANIA COUNTY,BCLU,0.067500,0.047500,0.020000,0,0
NC,28748,BUNCOMBE COUNTY,BAII,0.070000,0.047500,0.022500,0,0
NC,28749,MCDOWELL COUNTY,BBQC,0.067500,0.047500,0.020000,0,0
NC,28750,POLK COUNTY,BCBA,0.067500,0.047500,0.020000,0,0
NC,28751,HAYWOOD COUNTY,BBHI,0.070000,0.047500,0.022500,0,0
NC,28752,MCDOWELL COUNTY,BBQC,0.067500,0.047500,0.020000,0,0
NC,28753,MADISON COUNTY,BBPC,0.067500,0.047500,0.020000,0,0
NC,28754,MADISON COUNTY,BBPC,0.067500,0.047500,0.020000,0,0
NC,28755,YANCEY COUNTY,BCTS,0.067500,0.047500,0.020000,0,0
NC,28756,POLK COUNTY,BCBA,0.067500,0.047500,0.020000,0,0
NC,28757,BUNCOMBE COUNTY,BAII,0.070000,0.047500,0.022500,0,0
NC,28758,HENDERSON COUNTY,BBHW,0.067500,0.047500,0.020000,0,0
NC,28759,HENDERSON COUNTY,BBHW,0.067500,0.047500,0.020000,0,0
NC,28760,HENDERSON COUNTY,BBHW,0.067500,0.047500,0.020000,0,0
NC,28761,MCDOWELL COUNTY,BBQC,0.067500,0.047500,0.020000,0,0
NC,28762,MCDOWELL COUNTY,BBQC,0.067500,0.047500,0.020000,0,0
NC,28763,MACON COUNTY,BBOQ,0.067500,0.047500,0.020000,0,0
NC,28765,MITCHELL COUNTY,BBRK,0.067500,0.047500,0.020000,0,0
NC,28766,TRANSYLVANIA COUNTY,BCLU,0.067500,0.047500,0.020000,0,0
NC,28768,TRANSYLVANIA COUNTY,BCLU,0.067500,0.047500,0.020000,0,0
NC,28770,BUNCOMBE COUNTY,BAII,0.070000,0.047500,0.022500,0,0
NC,28771,GRAHAM COUNTY,BBCS,0.067500,0.047500,0.020000,0,0
NC,28772,TRANSYLVANIA COUNTY,BCLU,0.067500,0.047500,0.020000,0,0
NC,28773,POLK COUNTY,BCBA,0.067500,0.047500,0.020000,0,0
NC,28774,JACKSON COUNTY,BBLE,0.067500,0.047500,0.020000,0,0
NC,28775,MACON COUNTY,BBOQ,0.067500,0.047500,0.020000,0,0
NC,28776,BUNCOMBE COUNTY,BAII,0.070000,0.047500,0.022500,0,0
NC,28777,MITCHELL COUNTY,BBRK,0.067500,0.047500,0.020000,0,0
NC,28778,BUNCOMBE COUNTY,BAII,0.070000,0.047500,0.022500,0,0
NC,28779,JACKSON COUNTY,BBLE,0.067500,0.047500,0.020000,0,0
NC,28781,MACON COUNTY,BBOQ,0.067500,0.047500,0.020000,0,0
NC,28782,POLK COUNTY,BCBA,0.067500,0.047500,0.020000,0,0
NC,28783,JACKSON COUNTY,BBLE,0.067500,0.047500,0.020000,0,0
NC,28784,HENDERSON COUNTY,BBHW,0.067500,0.047500,0.020000,0,0
NC,28785,HAYWOOD COUNTY,BBHI,0.070000,0.047500,0.022500,0,0
NC,28786,HAYWOOD COUNTY,BBHI,0.070000,0.047500,0.022500,0,0
NC,28787,BUNCOMBE COUNTY,BAII,0.070000,0.047500,0.022500,0,0
NC,28788,JACKSON COUNTY,BBLE,0.067500,0.047500,0.020000,0,0
NC,28789,JACKSON COUNTY,BBLE,0.067500,0.047500,0.020000,0,0
NC,28790,HENDERSON COUNTY,BBHW,0.067500,0.047500,0.020000,0,0
NC,28791,HENDERSON COUNTY,BBHW,0.067500,0.047500,0.020000,0,0
NC,28792,HENDERSON COUNTY,BBHW,0.067500,0.047500,0.020000,0,0
NC,28793,HENDERSON COUNTY,BBHW,0.067500,0.047500,0.020000,0,0
NC,28801,BUNCOMBE COUNTY,BAII,0.070000,0.047500,0.022500,0,0
NC,28802,BUNCOMBE COUNTY,BAII,0.070000,0.047500,0.022500,0,0
NC,28803,BUNCOMBE COUNTY,BAII,0.070000,0.047500,0.022500,0,0
NC,28804,BUNCOMBE COUNTY,BAII,0.070000,0.047500,0.022500,0,0
NC,28805,BUNCOMBE COUNTY,BAII,0.070000,0.047500,0.022500,0,0
NC,28806,BUNCOMBE COUNTY,BAII,0.070000,0.047500,0.022500,0,0
NC,28810,BUNCOMBE COUNTY,BAII,0.070000,0.047500,0.022500,0,0
NC,28813,BUNCOMBE COUNTY,BAII,0.070000,0.047500,0.022500,0,0
NC,28814,BUNCOMBE COUNTY,BAII,0.070000,0.047500,0.022500,0,0
NC,28815,BUNCOMBE COUNTY,BAII,0.070000,0.047500,0.022500,0,0
NC,28816,BUNCOMBE COUNTY,BAII,0.070000,0.047500,0.022500,0,0
NC,28901,CHEROKEE COUNTY,BAPM,0.067500,0.047500,0.020000,0,0
NC,28902,CLAY COUNTY,BAQE,0.067500,0.047500,0.020000,0,0
NC,28903,CHEROKEE COUNTY,BAPM,0.067500,0.047500,0.020000,0,0
NC,28904,CLAY COUNTY,BAQE,0.067500,0.047500,0.020000,0,0
NC,28905,CHEROKEE COUNTY,BAPM,0.067500,0.047500,0.020000,0,0
NC,28906,CHEROKEE COUNTY,BAPM,0.067500,0.047500,0.020000,0,0
NC,28909,CLAY COUNTY,BAQE,0.067500,0.047500,0.020000,0,0
