State,ZipCode,TaxRegionName,TaxRegionCode,CombinedRate,StateRate,CountyRate,CityRate,SpecialRate
FL,32003,CLAY COUNTY,ALBO,0.070000,0.060000,0.010000,0,0
FL,32004,FLORIDA STATE,AKUY,0.060000,0.060000,0,0,0
FL,32006,CLAY COUNTY,ALBO,0.070000,0.060000,0.010000,0,0
FL,32007,PUTNAM COUNTY,AMGQ,0.070000,0.060000,0.010000,0,0
FL,32008,SUWANNEE COUNTY,AMLO,0.070000,0.060000,0.010000,0,0
FL,32009,NASSAU COUNTY,ALWS,0.070000,0.060000,0.010000,0,0
FL,32011,NASSAU COUNTY,ALWS,0.070000,0.060000,0.010000,0,0
FL,32013,LAFAYETTE COUNTY,ALNK,0.070000,0.060000,0.010000,0,0
FL,32024,COLUMBIA COUNTY,ALCW,0.070000,0.060000,0.010000,0,0
FL,32025,COLUMBIA COUNTY,ALCW,0.070000,0.060000,0.010000,0,0
FL,32030,CLAY COUNTY,ALBO,0.070000,0.060000,0.010000,0,0
FL,32033,FLORIDA STATE,AKUY,0.060000,0.060000,0,0,0
FL,32034,NASSAU COUNTY,ALWS,0.070000,0.060000,0.010000,0,0
FL,32035,NASSAU COUNTY,ALWS,0.070000,0.060000,0.010000,0,0
FL,32038,COLUMBIA COUNTY,ALCW,0.070000,0.060000,0.010000,0,0
FL,32040,BAKER COUNTY,AKWE,0.070000,0.060000,0.010000,0,0
FL,32041,NASSAU COUNTY,ALWS,0.070000,0.060000,0.010000,0,0
FL,32042,BRADFORD COUNTY,AKXC,0.070000,0.060000,0.010000,0,0
FL,32043,CLAY COUNTY,ALBO,0.070000,0.060000,0.010000,0,0
FL,32044,BRADFORD COUNTY,AKXC,0.070000,0.060000,0.010000,0,0
FL,32046,NASSAU COUNTY,ALWS,0.070000,0.060000,0.010000,0,0
FL,32050,CLAY COUNTY,ALBO,0.070000,0.060000,0.010000,0,0
FL,32052,HAMILTON COUNTY,ALHS,0.070000,0.060000,0.010000,0,0
FL,32053,HAMILTON COUNTY,ALHS,0.070000,0.060000,0.010000,0,0
FL,32054,UNION COUNTY,AMMK,0.070000,0.060000,0.010000,0,0
FL,32055,COLUMBIA COUNTY,ALCW,0.070000,0.060000,0.010000,0,0
FL,32056,COLUMBIA COUNTY,ALCW,0.070000,0.060000,0.010000,0,0
FL,32058,BRADFORD COUNTY,AKXC,0.070000,0.060000,0.010000,0,0
FL,32059,MADISON COUNTY,ALSE,0.075000,0.060000,0.015000,0,0
FL,32060,SUWANNEE COUNTY,AMLO,0.070000,0.060000,0.010000,0,0
FL,32061,COLUMBIA COUNTY,ALCW,0.070000,0.060000,0.010000,0,0
FL,32062,SUWANNEE COUNTY,AMLO,0.070000,0.060000,0.010000,0,0
FL,32063,BAKER COUNTY,AKWE,0.070000,0.060000,0.010000,0,0
FL,32064,SUWANNEE COUNTY,AMLO,0.070000,0.060000,0.010000,0,0
FL,32065,CLAY COUNTY,ALBO,0.070000,0.060000,0.010000,0,0
FL,32066,LAFAYETTE COUNTY,ALNK,0.070000,0.060000,0.010000,0,0
FL,32067,CLAY COUNTY,ALBO,0.070000,0.060000,0.010000,0,0
FL,32068,CLAY COUNTY,ALBO,0.070000,0.060000,0.010000,0,0
FL,32071,SUWANNEE COUNTY,AMLO,0.070000,0.060000,0.010000,0,0
FL,32072,BAKER COUNTY,AKWE,0.070000,0.060000,0.010000,0,0
FL,32073,CLAY COUNTY,ALBO,0.070000,0.060000,0.010000,0,0
FL,32079,CLAY COUNTY,ALBO,0.070000,0.060000,0.010000,0,0
FL,32080,FLORIDA STATE,AKUY,0.060000,0.060000,0,0,0
FL,32081,FLORIDA STATE,AKUY,0.060000,0.060000,0,0,0
FL,32082,FLORIDA STATE,AKUY,0.060000,0.060000,0,0,0
FL,32083,UNION COUNTY,AMMK,0.070000,0.060000,0.010000,0,0
FL,32084,FLORIDA STATE,AKUY,0.060000,0.060000,0,0,0
FL,32085,FLORIDA STATE,AKUY,0.060000,0.060000,0,0,0
FL,32086,FLORIDA STATE,AKUY,0.060000,0.060000,0,0,0
FL,32087,BAKER COUNTY,AKWE,0.070000,0.060000,0.010000,0,0
FL,32091,BRADFORD COUNTY,AKXC,0.070000,0.060000,0.010000,0,0
FL,32092,FLORIDA STATE,AKUY,0.060000,0.060000,0,0,0
FL,32094,SUWANNEE COUNTY,AMLO,0.070000,0.060000,0.010000,0,0
FL,32095,FLORIDA STATE,AKUY,0.060000,0.060000,0,0,0
FL,32096,HAMILTON COUNTY,ALHS,0.070000,0.060000,0.010000,0,0
FL,32097,NASSAU COUNTY,ALWS,0.070000,0.060000,0.010000,0,0
FL,32099,DUVAL COUNTY,ALEQ,0.070000,0.060000,0.010000,0,0
FL,32102,LAKE COUNTY,ALNQ,0.070000,0.060000,0.010000,0,0
FL,32105,VOLUSIA COUNTY,AMMS,0.065000,0.060000,0.005000,0,0
FL,32110,FLAGLER COUNTY,ALFQ,0.070000,0.060000,0.010000,0,0
FL,32111,FLORIDA STATE,AKUY,0.060000,0.060000,0,0,0
FL,32112,PUTNAM COUNTY,AMGQ,0.070000,0.060000,0.010000,0,0
FL,32113,FLORIDA STATE,AKUY,0.060000,0.060000,0,0,0
FL,32114,VOLUSIA COUNTY,AMMS,0.065000,0.060000,0.005000,0,0
FL,32115,VOLUSIA COUNTY,AMMS,0.065000,0.060000,0.005000,0,0
FL,32116,VOLUSIA COUNTY,AMMS,0.065000,0.060000,0.005000,0,0
FL,32117,VOLUSIA COUNTY,AMMS,0.065000,0.060000,0.005000,0,0
FL,32118,VOLUSIA COUNTY,AMMS,0.065000,0.060000,0.005000,0,0
FL,32119,VOLUSIA COUNTY,AMMS,0.065000,0.060000,0.005000,0,0
FL,32120,VOLUSIA COUNTY,AMMS,0.065000,0.060000,0.005000,0,0
FL,32121,VOLUSIA COUNTY,AMMS,0.065000,0.060000,0.005000,0,0
FL,32122,VOLUSIA COUNTY,AMMS,0.065000,0.060000,0.005000,0,0
FL,32123,VOLUSIA COUNTY,AMMS,0.065000,0.060000,0.005000,0,0
FL,32124,VOLUSIA COUNTY,AMMS,0.065000,0.060000,0.005000,0,0
FL,32125,VOLUSIA COUNTY,AMMS,0.065000,0.060000,0.005000,0,0
FL,32126,VOLUSIA COUNTY,AMMS,0.065000,0.060000,0.005000,0,0
FL,32127,VOLUSIA COUNTY,AMMS,0.065000,0.060000,0.005000,0,0
FL,32128,VOLUSIA COUNTY,AMMS,0.065000,0.060000,0.005000,0,0
FL,32129,VOLUSIA COUNTY,AMMS,0.065000,0.060000,0.005000,0,0
FL,32130,VOLUSIA COUNTY,AMMS,0.065000,0.060000,0.005000,0,0
FL,32131,PUTNAM COUNTY,AMGQ,0.070000,0.060000,0.010000,0,0
FL,32132,VOLUSIA COUNTY,AMMS,0.065000,0.060000,0.005000,0,0
FL,32133,FLORIDA STATE,AKUY,0.060000,0.060000,0,0,0
FL,32134,FLORIDA STATE,AKUY,0.060000,0.060000,0,0,0
FL,32135,FLAGLER COUNTY,ALFQ,0.070000,0.060000,0.010000,0,0
FL,32136,FLAGLER COUNTY,ALFQ,0.070000,0.060000,0.010000,0,0
FL,32137,FLAGLER COUNTY,ALFQ,0.070000,0.060000,0.010000,0,0
FL,32138,PUTNAM COUNTY,AMGQ,0.070000,0.060000,0.010000,0,0
FL,32139,PUTNAM COUNTY,AMGQ,0.070000,0.060000,0.010000,0,0
FL,32140,PUTNAM COUNTY,AMGQ,0.070000,0.060000,0.010000,0,0
FL,32141,VOLUSIA COUNTY,AMMS,0.065000,0.060000,0.005000,0,0
FL,32142,FLAGLER COUNTY,ALFQ,0.070000,0.060000,0.010000,0,0
FL,32143,FLAGLER COUNTY,ALFQ,0.070000,0.060000,0.010000,0,0
FL,32145,FLORIDA STATE,AKUY,0.060000,0.060000,0,0,0
FL,32147,PUTNAM COUNTY,AMGQ,0.070000,0.060000,0.010000,0,0
FL,32148,PUTNAM COUNTY,AMGQ,0.070000,0.060000,0.010000,0,0
FL,32149,PUTNAM COUNTY,AMGQ,0.070000,0.060000,0.010000,0,0
FL,32157,PUTNAM COUNTY,AMGQ,0.070000,0.060000,0.010000,0,0
FL,32158,LAKE COUNTY,ALNQ,0.070000,0.060000,0.010000,0,0
FL,32159,LAKE COUNTY,ALNQ,0.070000,0.060000,0.010000,0,0
FL,32160,CLAY COUNTY,ALBO,0.070000,0.060000,0.010000,0,0
FL,32162,SUMTER COUNTY,AMKW,0.070000,0.060000,0.010000,0,0
FL,32163,SUMTER COUNTY,AMKW,0.070000,0.060000,0.010000,0,0
FL,32164,FLAGLER COUNTY,ALFQ,0.070000,0.060000,0.010000,0,0
FL,32168,VOLUSIA COUNTY,AMMS,0.065000,0.060000,0.005000,0,0
FL,32169,VOLUSIA COUNTY,AMMS,0.065000,0.060000,0.005000,0,0
FL,32170,VOLUSIA COUNTY,AMMS,0.065000,0.060000,0.005000,0,0
FL,32173,VOLUSIA COUNTY,AMMS,0.065000,0.060000,0.005000,0,0
FL,32174,VOLUSIA COUNTY,AMMS,0.065000,0.060000,0.005000,0,0
FL,32175,VOLUSIA COUNTY,AMMS,0.065000,0.060000,0.005000,0,0
FL,32176,VOLUSIA COUNTY,AMMS,0.065000,0.060000,0.005000,0,0
FL,32177,PUTNAM COUNTY,AMGQ,0.070000,0.060000,0.010000,0,0
FL,32178,PUTNAM COUNTY,AMGQ,0.070000,0.060000,0.010000,0,0
FL,32179,FLORIDA STATE,AKUY,0.060000,0.060000,0,0,0
FL,32180,VOLUSIA COUNTY,AMMS,0.065000,0.060000,0.005000,0,0
FL,32181,PUTNAM COUNTY,AMGQ,0.070000,0.060000,0.010000,0,0
FL,32182,FLORIDA STATE,AKUY,0.060000,0.060000,0,0,0
FL,32183,FLORIDA STATE,AKUY,0.060000,0.060000,0,0,0
FL,32185,PUTNAM COUNTY,AMGQ,0.070000,0.060000,0.010000,0,0
FL,32187,PUTNAM COUNTY,AMGQ,0.070000,0.060000,0.010000,0,0
FL,32189,PUTNAM COUNTY,AMGQ,0.070000,0.060000,0.010000,0,0
FL,32190,VOLUSIA COUNTY,AMMS,0.065000,0.060000,0.005000,0,0
FL,32192,FLORIDA STATE,AKUY,0.060000,0.060000,0,0,0
FL,32193,PUTNAM COUNTY,AMGQ,0.070000,0.060000,0.010000,0,0
FL,32195,FLORIDA STATE,AKUY,0.060000,0.060000,0,0,0
FL,32198,VOLUSIA COUNTY,AMMS,0.065000,0.060000,0.005000,0,0
FL,32201,DUVAL COUNTY,ALEQ,0.070000,0.060000,0.010000,0,0
FL,32202,DUVAL COUNTY,ALEQ,0.070000,0.060000,0.010000,0,0
FL,32203,DUVAL COUNTY,ALEQ,0.070000,0.060000,0.010000,0,0
FL,32204,DUVAL COUNTY,ALEQ,0.070000,0.060000,0.010000,0,0
FL,32205,DUVAL COUNTY,ALEQ,0.070000,0.060000,0.010000,0,0
FL,32206,DUVAL COUNTY,ALEQ,0.070000,0.060000,0.010000,0,0
FL,32207,DUVAL COUNTY,ALEQ,0.070000,0.060000,0.010000,0,0
FL,32208,DUVAL COUNTY,ALEQ,0.070000,0.060000,0.010000,0,0
FL,32209,DUVAL COUNTY,ALEQ,0.070000,0.060000,0.010000,0,0
FL,32210,DUVAL COUNTY,ALEQ,0.070000,0.060000,0.010000,0,0
FL,32211,DUVAL COUNTY,ALEQ,0.070000,0.060000,0.010000,0,0
FL,32212,DUVAL COUNTY,ALEQ,0.070000,0.060000,0.010000,0,0
FL,32214,DUVAL COUNTY,ALEQ,0.070000,0.060000,0.010000,0,0
FL,32216,DUVAL COUNTY,ALEQ,0.070000,0.060000,0.010000,0,0
FL,32217,DUVAL COUNTY,ALEQ,0.070000,0.060000,0.010000,0,0
FL,32218,DUVAL COUNTY,ALEQ,0.070000,0.060000,0.010000,0,0
FL,32219,DUVAL COUNTY,ALEQ,0.070000,0.060000,0.010000,0,0
FL,32220,DUVAL COUNTY,ALEQ,0.070000,0.060000,0.010000,0,0
FL,32221,DUVAL COUNTY,ALEQ,0.070000,0.060000,0.010000,0,0
FL,32222,DUVAL COUNTY,ALEQ,0.070000,0.060000,0.010000,0,0
FL,32223,DUVAL COUNTY,ALEQ,0.070000,0.060000,0.010000,0,0
FL,32224,DUVAL COUNTY,ALEQ,0.070000,0.060000,0.010000,0,0
FL,32225,DUVAL COUNTY,ALEQ,0.070000,0.060000,0.010000,0,0
FL,32226,DUVAL COUNTY,ALEQ,0.070000,0.060000,0.010000,0,0
FL,32227,DUVAL COUNTY,ALEQ,0.070000,0.060000,0.010000,0,0
FL,32228,DUVAL COUNTY,ALEQ,0.070000,0.060000,0.010000,0,0
FL,32229,DUVAL COUNTY,ALEQ,0.070000,0.060000,0.010000,0,0
FL,32231,DUVAL COUNTY,ALEQ,0.070000,0.060000,0.010000,0,0
FL,32232,DUVAL COUNTY,ALEQ,0.070000,0.060000,0.010000,0,0
FL,32233,DUVAL COUNTY,ALEQ,0.070000,0.060000,0.010000,0,0
FL,32234,DUVAL COUNTY,ALEQ,0.070000,0.060000,0.010000,0,0
FL,32235,DUVAL COUNTY,ALEQ,0.070000,0.060000,0.010000,0,0
FL,32236,DUVAL COUNTY,ALEQ,0.070000,0.060000,0.010000,0,0
FL,32237,DUVAL COUNTY,ALEQ,0.070000,0.060000,0.010000,0,0
FL,32238,DUVAL COUNTY,ALEQ,0.070000,0.060000,0.010000,0,0
FL,32239,DUVAL COUNTY,ALEQ,0.070000,0.060000,0.010000,0,0
FL,32240,DUVAL COUNTY,ALEQ,0.070000,0.060000,0.010000,0,0
FL,32241,DUVAL COUNTY,ALEQ,0.070000,0.060000,0.010000,0,0
FL,32244,DUVAL COUNTY,ALEQ,0.070000,0.060000,0.010000,0,0
FL,32245,DUVAL COUNTY,ALEQ,0.070000,0.060000,0.010000,0,0
FL,32246,DUVAL COUNTY,ALEQ,0.070000,0.060000,0.010000,0,0
FL,32247,DUVAL COUNTY,ALEQ,0.070000,0.060000,0.010000,0,0
FL,32250,DUVAL COUNTY,ALEQ,0.070000,0.060000,0.010000,0,0
FL,32254,DUVAL COUNTY,ALEQ,0.070000,0.060000,0.010000,0,0
FL,32255,DUVAL COUNTY,ALEQ,0.070000,0.060000,0.010000,0,0
FL,32256,DUVAL COUNTY,ALEQ,0.070000,0.060000,0.010000,0,0
FL,32257,DUVAL COUNTY,ALEQ,0.070000,0.060000,0.010000,0,0
FL,32258,DUVAL COUNTY,ALEQ,0.070000,0.060000,0.010000,0,0
FL,32259,FLORIDA STATE,AKUY,0.060000,0.060000,0,0,0
FL,32260,DUVAL COUNTY,ALEQ,0.070000,0.060000,0.010000,0,0
FL,32266,DUVAL COUNTY,ALEQ,0.070000,0.060000,0.010000,0,0
FL,32277,DUVAL COUNTY,ALEQ,0.070000,0.060000,0.010000,0,0
FL,32301,LEON COUNTY,ALQQ,0.075000,0.060000,0.015000,0,0
FL,32302,LEON COUNTY,ALQQ,0.075000,0.060000,0.015000,0,0
FL,32303,LEON COUNTY,ALQQ,0.075000,0.060000,0.015000,0,0
FL,32304,LEON COUNTY,ALQQ,0.075000,0.060000,0.015000,0,0
FL,32305,LEON COUNTY,ALQQ,0.075000,0.060000,0.015000,0,0
FL,32306,LEON COUNTY,ALQQ,0.075000,0.060000,0.015000,0,0
FL,32307,LEON COUNTY,ALQQ,0.075000,0.060000,0.015000,0,0
FL,32308,LEON COUNTY,ALQQ,0.075000,0.060000,0.015000,0,0
FL,32309,LEON COUNTY,ALQQ,0.075000,0.060000,0.015000,0,0
FL,32310,LEON COUNTY,ALQQ,0.075000,0.060000,0.015000,0,0
FL,32311,LEON COUNTY,ALQQ,0.075000,0.060000,0.015000,0,0
FL,32312,LEON COUNTY,ALQQ,0.075000,0.060000,0.015000,0,0
FL,32313,LEON COUNTY,ALQQ,0.075000,0.060000,0.015000,0,0
FL,32314,LEON COUNTY,ALQQ,0.075000,0.060000,0.015000,0,0
FL,32315,LEON COUNTY,ALQQ,0.075000,0.060000,0.015000,0,0
FL,32316,LEON COUNTY,ALQQ,0.075000,0.060000,0.015000,0,0
FL,32317,LEON COUNTY,ALQQ,0.075000,0.060000,0.015000,0,0
FL,32318,LEON COUNTY,ALQQ,0.075000,0.060000,0.015000,0,0
FL,32320,FRANKLIN COUNTY,ALFY,0.070000,0.060000,0.010000,0,0
FL,32321,LIBERTY COUNTY,ALRS,0.075000,0.060000,0.015000,0,0
FL,32322,FRANKLIN COUNTY,ALFY,0.070000,0.060000,0.010000,0,0
FL,32323,FRANKLIN COUNTY,ALFY,0.070000,0.060000,0.010000,0,0
FL,32324,GADSDEN COUNTY,ALGI,0.075000,0.060000,0.015000,0,0
FL,32326,WAKULLA COUNTY,AMOC,0.070000,0.060000,0.010000,0,0
FL,32327,WAKULLA COUNTY,AMOC,0.070000,0.060000,0.010000,0,0
FL,32328,FRANKLIN COUNTY,ALFY,0.070000,0.060000,0.010000,0,0
FL,32329,FRANKLIN COUNTY,ALFY,0.070000,0.060000,0.010000,0,0
FL,32330,GADSDEN COUNTY,ALGI,0.075000,0.060000,0.015000,0,0
FL,32331,MADISON COUNTY,ALSE,0.075000,0.060000,0.015000,0,0
FL,32332,GADSDEN COUNTY,ALGI,0.075000,0.060000,0.015000,0,0
FL,32333,GADSDEN COUNTY,ALGI,0.075000,0.060000,0.015000,0,0
FL,32334,LIBERTY COUNTY,ALRS,0.075000,0.060000,0.015000,0,0
FL,32335,LIBERTY COUNTY,ALRS,0.075000,0.060000,0.015000,0,0
FL,32336,JEFFERSON COUNTY,ALNA,0.070000,0.060000,0.010000,0,0
FL,32337,JEFFERSON COUNTY,ALNA,0.070000,0.060000,0.010000,0,0
FL,32340,MADISON COUNTY,ALSE,0.075000,0.060000,0.015000,0,0
FL,32341,MADISON COUNTY,ALSE,0.075000,0.060000,0.015000,0,0
FL,32343,GADSDEN COUNTY,ALGI,0.075000,0.060000,0.015000,0,0
FL,32344,JEFFERSON COUNTY,ALNA,0.070000,0.060000,0.010000,0,0
FL,32345,JEFFERSON COUNTY,ALNA,0.070000,0.060000,0.010000,0,0
FL,32346,WAKULLA COUNTY,AMOC,0.070000,0.060000,0.010000,0,0
FL,32347,TAYLOR COUNTY,AMMA,0.070000,0.060000,0.010000,0,0
FL,32348,TAYLOR COUNTY,AMMA,0.070000,0.060000,0.010000,0,0
FL,32350,MADISON COUNTY,ALSE,0.075000,0.060000,0.015000,0,0
FL,32351,GADSDEN COUNTY,ALGI,0.075000,0.060000,0.015000,0,0
FL,32352,GADSDEN COUNTY,ALGI,0.075000,0.060000,0.015000,0,0
FL,32353,GADSDEN COUNTY,ALGI,0.075000,0.060000,0.015000,0,0
FL,32355,WAKULLA COUNTY,AMOC,0.070000,0.060000,0.010000,0,0
FL,32356,TAYLOR COUNTY,AMMA,0.070000,0.060000,0.010000,0,0
FL,32357,MADISON COUNTY,ALSE,0.075000,0.060000,0.015000,0,0
FL,32358,WAKULLA COUNTY,AMOC,0.070000,0.060000,0.010000,0,0
FL,32359,TAYLOR COUNTY,AMMA,0.070000,0.060000,0.010000,0,0
FL,32360,LIBERTY COUNTY,ALRS,0.075000,0.060000,0.015000,0,0
FL,32361,JEFFERSON COUNTY,ALNA,0.070000,0.060000,0.010000,0,0
FL,32362,LEON COUNTY,ALQQ,0.075000,0.060000,0.015000,0,0
FL,32395,LEON COUNTY,ALQQ,0.075000,0.060000,0.015000,0,0
FL,32399,LEON COUNTY,ALQQ,0.075000,0.060000,0.015000,0,0
FL,32401,BAY COUNTY,AKWO,0.065000,0.060000,0.005000,0,0
FL,32402,BAY COUNTY,AKWO,0.065000,0.060000,0.005000,0,0
FL,32403,BAY COUNTY,AKWO,0.065000,0.060000,0.005000,0,0
FL,32404,BAY COUNTY,AKWO,0.065000,0.060000,0.005000,0,0
FL,32405,BAY COUNTY,AKWO,0.065000,0.060000,0.005000,0,0
FL,32406,BAY COUNTY,AKWO,0.065000,0.060000,0.005000,0,0
FL,32407,BAY COUNTY,AKWO,0.065000,0.060000,0.005000,0,0
FL,32408,BAY COUNTY,AKWO,0.065000,0.060000,0.005000,0,0
FL,32409,BAY COUNTY,AKWO,0.065000,0.060000,0.005000,0,0
FL,32410,GULF COUNTY,ALHK,0.070000,0.060000,0.010000,0,0
FL,32411,BAY COUNTY,AKWO,0.065000,0.060000,0.005000,0,0
FL,32412,BAY COUNTY,AKWO,0.065000,0.060000,0.005000,0,0
FL,32413,BAY COUNTY,AKWO,0.065000,0.060000,0.005000,0,0
FL,32417,BAY COUNTY,AKWO,0.065000,0.060000,0.005000,0,0
FL,32420,JACKSON COUNTY,ALMC,0.075000,0.060000,0.015000,0,0
FL,32421,CALHOUN COUNTY,AKZY,0.075000,0.060000,0.015000,0,0
FL,32422,WALTON COUNTY,AMOO,0.075000,0.060000,0.015000,0,0
FL,32423,JACKSON COUNTY,ALMC,0.075000,0.060000,0.015000,0,0
FL,32424,CALHOUN COUNTY,AKZY,0.075000,0.060000,0.015000,0,0
FL,32425,HOLMES COUNTY,ALLE,0.070000,0.060000,0.010000,0,0
FL,32426,JACKSON COUNTY,ALMC,0.075000,0.060000,0.015000,0,0
FL,32427,WASHINGTON COUNTY,AMPE,0.070000,0.060000,0.010000,0,0
FL,32428,WASHINGTON COUNTY,AMPE,0.070000,0.060000,0.010000,0,0
FL,32430,CALHOUN COUNTY,AKZY,0.075000,0.060000,0.015000,0,0
FL,32431,JACKSON COUNTY,ALMC,0.075000,0.060000,0.015000,0,0
FL,32432,JACKSON COUNTY,ALMC,0.075000,0.060000,0.015000,0,0
FL,32433,WALTON COUNTY,AMOO,0.075000,0.060000,0.015000,0,0
FL,32434,WALTON COUNTY,AMOO,0.075000,0.060000,0.015000,0,0
FL,32435,WALTON COUNTY,AMOO,0.075000,0.060000,0.015000,0,0
FL,32437,WASHINGTON COUNTY,AMPE,0.070000,0.060000,0.010000,0,0
FL,32438,BAY COUNTY,AKWO,0.065000,0.060000,0.005000,0,0
FL,32439,WALTON COUNTY,AMOO,0.075000,0.060000,0.015000,0,0
FL,32440,JACKSON COUNTY,ALMC,0.075000,0.060000,0.015000,0,0
FL,32442,JACKSON COUNTY,ALMC,0.075000,0.060000,0.015000,0,0
FL,32443,JACKSON COUNTY,ALMC,0.075000,0.060000,0.015000,0,0
FL,32444,BAY COUNTY,AKWO,0.065000,0.060000,0.005000,0,0
FL,32445,JACKSON COUNTY,ALMC,0.075000,0.060000,0.015000,0,0
FL,32446,JACKSON COUNTY,ALMC,0.075000,0.060000,0.015000,0,0
FL,32447,JACKSON COUNTY,ALMC,0.075000,0.060000,0.015000,0,0
FL,32448,JACKSON COUNTY,ALMC,0.075000,0.060000,0.015000,0,0
FL,32449,CALHOUN COUNTY,AKZY,0.075000,0.060000,0.015000,0,0
FL,32452,HOLMES COUNTY,ALLE,0.070000,0.060000,0.010000,0,0
FL,32455,WALTON COUNTY,AMOO,0.075000,0.060000,0.015000,0,0
FL,32456,GULF COUNTY,ALHK,0.070000,0.060000,0.010000,0,0
FL,32457,GULF COUNTY,ALHK,0.070000,0.060000,0.010000,0,0
FL,32459,WALTON COUNTY,AMOO,0.075000,0.060000,0.015000,0,0
FL,32460,JACKSON COUNTY,ALMC,0.075000,0.060000,0.015000,0,0
FL,32461,BAY COUNTY,AKWO,0.065000,0.060000,0.005000,0,0
FL,32462,WASHINGTON COUNTY,AMPE,0.070000,0.060000,0.010000,0,0
FL,32463,WASHINGTON COUNTY,AMPE,0.070000,0.060000,0.010000,0,0
FL,32464,HOLMES COUNTY,ALLE,0.070000,0.060000,0.010000,0,0
FL,32465,GULF COUNTY,ALHK,0.070000,0.060000,0.010000,0,0
FL,32466,BAY COUNTY,AKWO,0.065000,0.060000,0.005000,0,0
FL,32501,ESCAMBIA COUNTY,ALFC,0.075000,0.060000,0.015000,0,0
FL,32502,ESCAMBIA COUNTY,ALFC,0.075000,0.060000,0.015000,0,0
FL,32503,ESCAMBIA COUNTY,ALFC,0.075000,0.060000,0.015000,0,0
FL,32504,ESCAMBIA COUNTY,ALFC,0.075000,0.060000,0.015000,0,0
FL,32505,ESCAMBIA COUNTY,ALFC,0.075000,0.060000,0.015000,0,0
FL,32506,ESCAMBIA COUNTY,ALFC,0.075000,0.060000,0.015000,0,0
FL,32507,ESCAMBIA COUNTY,ALFC,0.075000,0.060000,0.015000,0,0
FL,32508,ESCAMBIA COUNTY,ALFC,0.075000,0.060000,0.015000,0,0
FL,32509,ESCAMBIA COUNTY,ALFC,0.075000,0.060000,0.015000,0,0
FL,32511,ESCAMBIA COUNTY,ALFC,0.075000,0.060000,0.015000,0,0
FL,32512,ESCAMBIA COUNTY,ALFC,0.075000,0.060000,0.015000,0,0
FL,32513,ESCAMBIA COUNTY,ALFC,0.075000,0.060000,0.015000,0,0
FL,32514,ESCAMBIA COUNTY,ALFC,0.075000,0.060000,0.015000,0,0
FL,32516,ESCAMBIA COUNTY,ALFC,0.075000,0.060000,0.015000,0,0
FL,32520,ESCAMBIA COUNTY,ALFC,0.075000,0.060000,0.015000,0,0
FL,32521,ESCAMBIA COUNTY,ALFC,0.075000,0.060000,0.015000,0,0
FL,32522,ESCAMBIA COUNTY,ALFC,0.075000,0.060000,0.015000,0,0
FL,32523,ESCAMBIA COUNTY,ALFC,0.075000,0.060000,0.015000,0,0
FL,32524,ESCAMBIA COUNTY,ALFC,0.075000,0.060000,0.015000,0,0
FL,32526,ESCAMBIA COUNTY,ALFC,0.075000,0.060000,0.015000,0,0
FL,32530,SANTA ROSA COUNTY,AMHY,0.065000,0.060000,0.005000,0,0
FL,32531,FLORIDA STATE,AKUY,0.060000,0.060000,0,0,0
FL,32533,ESCAMBIA COUNTY,ALFC,0.075000,0.060000,0.015000,0,0
FL,32534,ESCAMBIA COUNTY,ALFC,0.075000,0.060000,0.015000,0,0
FL,32535,ESCAMBIA COUNTY,ALFC,0.075000,0.060000,0.015000,0,0
FL,32536,FLORIDA STATE,AKUY,0.060000,0.060000,0,0,0
FL,32537,FLORIDA STATE,AKUY,0.060000,0.060000,0,0,0
FL,32538,FLORIDA STATE,AKUY,0.060000,0.060000,0,0,0
FL,32539,FLORIDA STATE,AKUY,0.060000,0.060000,0,0,0
FL,32540,FLORIDA STATE,AKUY,0.060000,0.060000,0,0,0
FL,32541,FLORIDA STATE,AKUY,0.060000,0.060000,0,0,0
FL,32542,FLORIDA STATE,AKUY,0.060000,0.060000,0,0,0
FL,32544,FLORIDA STATE,AKUY,0.060000,0.060000,0,0,0
FL,32547,FLORIDA STATE,AKUY,0.060000,0.060000,0,0,0
FL,32548,FLORIDA STATE,AKUY,0.060000,0.060000,0,0,0
FL,32549,FLORIDA STATE,AKUY,0.060000,0.060000,0,0,0
FL,32550,WALTON COUNTY,AMOO,0.075000,0.060000,0.015000,0,0
FL,32559,ESCAMBIA COUNTY,ALFC,0.075000,0.060000,0.015000,0,0
FL,32560,ESCAMBIA COUNTY,ALFC,0.075000,0.060000,0.015000,0,0
FL,32561,ESCAMBIA COUNTY,ALFC,0.075000,0.060000,0.015000,0,0
FL,32562,SANTA ROSA COUNTY,AMHY,0.065000,0.060000,0.005000,0,0
FL,32563,SANTA ROSA COUNTY,AMHY,0.065000,0.060000,0.005000,0,0
FL,32564,FLORIDA STATE,AKUY,0.060000,0.060000,0,0,0
FL,32565,SANTA ROSA COUNTY,AMHY,0.065000,0.060000,0.005000,0,0
FL,32566,SANTA ROSA COUNTY,AMHY,0.065000,0.060000,0.005000,0,0
FL,32567,WALTON COUNTY,AMOO,0.075000,0.060000,0.015000,0,0
FL,32568,ESCAMBIA COUNTY,ALFC,0.075000,0.060000,0.015000,0,0
FL,32569,FLORIDA STATE,AKUY,0.060000,0.060000,0,0,0
FL,32570,SANTA ROSA COUNTY,AMHY,0.065000,0.060000,0.005000,0,0
FL,32571,SANTA ROSA COUNTY,AMHY,0.065000,0.060000,0.005000,0,0
FL,32572,SANTA ROSA COUNTY,AMHY,0.065000,0.060000,0.005000,0,0
FL,32577,ESCAMBIA COUNTY,ALFC,0.075000,0.060000,0.015000,0,0
FL,32578,FLORIDA STATE,AKUY,0.060000,0.060000,0,0,0
FL,32579,FLORIDA STATE,AKUY,0.060000,0.060000,0,0,0
FL,32580,FLORIDA STATE,AKUY,0.060000,0.060000,0,0,0
FL,32583,SANTA ROSA COUNTY,AMHY,0.065000,0.060000,0.005000,0,0
FL,32588,FLORIDA STATE,AKUY,0.060000,0.060000,0,0,0
FL,32591,ESCAMBIA COUNTY,ALFC,0.075000,0.060000,0.015000,0,0
FL,32601,FLORIDA STATE,AKUY,0.060000,0.060000,0,0,0
FL,32602,FLORIDA STATE,AKUY,0.060000,0.060000,0,0,0
FL,32603,FLORIDA STATE,AKUY,0.060000,0.060000,0,0,0
FL,32604,FLORIDA STATE,AKUY,0.060000,0.060000,0,0,0
FL,32605,FLORIDA STATE,AKUY,0.060000,0.060000,0,0,0
FL,32606,FLORIDA STATE,AKUY,0.060000,0.060000,0,0,0
FL,32607,FLORIDA STATE,AKUY,0.060000,0.060000,0,0,0
FL,32608,FLORIDA STATE,AKUY,0.060000,0.060000,0,0,0
FL,32609,FLORIDA STATE,AKUY,0.060000,0.060000,0,0,0
FL,32610,FLORIDA STATE,AKUY,0.060000,0.060000,0,0,0
FL,32611,FLORIDA STATE,AKUY,0.060000,0.060000,0,0,0
FL,32612,FLORIDA STATE,AKUY,0.060000,0.060000,0,0,0
FL,32614,FLORIDA STATE,AKUY,0.060000,0.060000,0,0,0
FL,32615,FLORIDA STATE,AKUY,0.060000,0.060000,0,0,0
FL,32616,FLORIDA STATE,AKUY,0.060000,0.060000,0,0,0
FL,32617,FLORIDA STATE,AKUY,0.060000,0.060000,0,0,0
FL,32618,FLORIDA STATE,AKUY,0.060000,0.060000,0,0,0
FL,32619,GILCHRIST COUNTY,ALGY,0.070000,0.060000,0.010000,0,0
FL,32621,LEVY COUNTY,ALQY,0.070000,0.060000,0.010000,0,0
FL,32622,BRADFORD COUNTY,AKXC,0.070000,0.060000,0.010000,0,0
FL,32625,LEVY COUNTY,ALQY,0.070000,0.060000,0.010000,0,0
FL,32626,LEVY COUNTY,ALQY,0.070000,0.060000,0.010000,0,0
FL,32627,FLORIDA STATE,AKUY,0.060000,0.060000,0,0,0
FL,32628,DIXIE COUNTY,ALEG,0.070000,0.060000,0.010000,0,0
FL,32631,FLORIDA STATE,AKUY,0.060000,0.060000,0,0,0
FL,32633,FLORIDA STATE,AKUY,0.060000,0.060000,0,0,0
FL,32634,FLORIDA STATE,AKUY,0.060000,0.060000,0,0,0
FL,32635,FLORIDA STATE,AKUY,0.060000,0.060000,0,0,0
FL,32639,LEVY COUNTY,ALQY,0.070000,0.060000,0.010000,0,0
FL,32640,FLORIDA STATE,AKUY,0.060000,0.060000,0,0,0
FL,32641,FLORIDA STATE,AKUY,0.060000,0.060000,0,0,0
FL,32643,FLORIDA STATE,AKUY,0.060000,0.060000,0,0,0
FL,32644,LEVY COUNTY,ALQY,0.070000,0.060000,0.010000,0,0
FL,32648,DIXIE COUNTY,ALEG,0.070000,0.060000,0.010000,0,0
FL,32653,FLORIDA STATE,AKUY,0.060000,0.060000,0,0,0
FL,32654,FLORIDA STATE,AKUY,0.060000,0.060000,0,0,0
FL,32655,FLORIDA STATE,AKUY,0.060000,0.060000,0,0,0
FL,32656,CLAY COUNTY,ALBO,0.070000,0.060000,0.010000,0,0
FL,32658,FLORIDA STATE,AKUY,0.060000,0.060000,0,0,0
FL,32662,FLORIDA STATE,AKUY,0.060000,0.060000,0,0,0
FL,32663,FLORIDA STATE,AKUY,0.060000,0.060000,0,0,0
FL,32664,FLORIDA STATE,AKUY,0.060000,0.060000,0,0,0
FL,32666,PUTNAM COUNTY,AMGQ,0.070000,0.060000,0.010000,0,0
FL,32667,FLORIDA STATE,AKUY,0.060000,0.060000,0,0,0
FL,32668,LEVY COUNTY,ALQY,0.070000,0.060000,0.010000,0,0
FL,32669,FLORIDA STATE,AKUY,0.060000,0.060000,0,0,0
FL,32680,DIXIE COUNTY,ALEG,0.070000,0.060000,0.010000,0,0
FL,32681,FLORIDA STATE,AKUY,0.060000,0.060000,0,0,0
FL,32683,LEVY COUNTY,ALQY,0.070000,0.060000,0.010000,0,0
FL,32686,FLORIDA STATE,AKUY,0.060000,0.060000,0,0,0
FL,32692,DIXIE COUNTY,ALEG,0.070000,0.060000,0.010000,0,0
FL,32693,GILCHRIST COUNTY,ALGY,0.070000,0.060000,0.010000,0,0
FL,32694,FLORIDA STATE,AKUY,0.060000,0.060000,0,0,0
FL,32696,LEVY COUNTY,ALQY,0.070000,0.060000,0.010000,0,0
FL,32697,UNION COUNTY,AMMK,0.070000,0.060000,0.010000,0,0
FL,32701,FLORIDA STATE,AKUY,0.060000,0.060000,0,0,0
FL,32702,LAKE COUNTY,ALNQ,0.070000,0.060000,0.010000,0,0
FL,32703,ORANGE COUNTY,ALYO,0.065000,0.060000,0.005000,0,0
FL,32704,ORANGE COUNTY,ALYO,0.065000,0.060000,0.005000,0,0
FL,32706,VOLUSIA COUNTY,AMMS,0.065000,0.060000,0.005000,0,0
FL,32707,FLORIDA STATE,AKUY,0.060000,0.060000,0,0,0
FL,32708,FLORIDA STATE,AKUY,0.060000,0.060000,0,0,0
FL,32709,ORANGE COUNTY,ALYO,0.065000,0.060000,0.005000,0,0
FL,32710,ORANGE COUNTY,ALYO,0.065000,0.060000,0.005000,0,0
FL,32712,ORANGE COUNTY,ALYO,0.065000,0.060000,0.005000,0,0
FL,32713,VOLUSIA COUNTY,AMMS,0.065000,0.060000,0.005000,0,0
FL,32714,FLORIDA STATE,AKUY,0.060000,0.060000,0,0,0
FL,32715,FLORIDA STATE,AKUY,0.060000,0.060000,0,0,0
FL,32716,FLORIDA STATE,AKUY,0.060000,0.060000,0,0,0
FL,32718,FLORIDA STATE,AKUY,0.060000,0.060000,0,0,0
FL,32719,FLORIDA STATE,AKUY,0.060000,0.060000,0,0,0
FL,32720,VOLUSIA COUNTY,AMMS,0.065000,0.060000,0.005000,0,0
FL,32721,VOLUSIA COUNTY,AMMS,0.065000,0.060000,0.005000,0,0
FL,32722,VOLUSIA COUNTY,AMMS,0.065000,0.060000,0.005000,0,0
FL,32723,VOLUSIA COUNTY,AMMS,0.065000,0.060000,0.005000,0,0
FL,32724,VOLUSIA COUNTY,AMMS,0.065000,0.060000,0.005000,0,0
FL,32725,VOLUSIA COUNTY,AMMS,0.065000,0.060000,0.005000,0,0
FL,32726,LAKE COUNTY,ALNQ,0.070000,0.060000,0.010000,0,0
FL,32727,LAKE COUNTY,ALNQ,0.070000,0.060000,0.010000,0,0
FL,32728,VOLUSIA COUNTY,AMMS,0.065000,0.060000,0.005000,0,0
FL,32730,FLORIDA STATE,AKUY,0.060000,0.060000,0,0,0
FL,32732,FLORIDA STATE,AKUY,0.060000,0.060000,0,0,0
FL,32733,FLORIDA STATE,AKUY,0.060000,0.060000,0,0,0
FL,32735,LAKE COUNTY,ALNQ,0.070000,0.060000,0.010000,0,0
FL,32736,LAKE COUNTY,ALNQ,0.070000,0.060000,0.010000,0,0
FL,32738,VOLUSIA COUNTY,AMMS,0.065000,0.060000,0.005000,0,0
FL,32739,VOLUSIA COUNTY,AMMS,0.065000,0.060000,0.005000,0,0
FL,32744,VOLUSIA COUNTY,AMMS,0.065000,0.060000,0.005000,0,0
FL,32745,FLORIDA STATE,AKUY,0.060000,0.060000,0,0,0
FL,32746,FLORIDA STATE,AKUY,0.060000,0.060000,0,0,0
FL,32747,FLORIDA STATE,AKUY,0.060000,0.060000,0,0,0
FL,32750,FLORIDA STATE,AKUY,0.060000,0.060000,0,0,0
FL,32751,ORANGE COUNTY,ALYO,0.065000,0.060000,0.005000,0,0
FL,32752,FLORIDA STATE,AKUY,0.060000,0.060000,0,0,0
FL,32753,VOLUSIA COUNTY,AMMS,0.065000,0.060000,0.005000,0,0
FL,32754,FLORIDA STATE,AKUY,0.060000,0.060000,0,0,0
FL,32756,LAKE COUNTY,ALNQ,0.070000,0.060000,0.010000,0,0
FL,32757,LAKE COUNTY,ALNQ,0.070000,0.060000,0.010000,0,0
FL,32759,VOLUSIA COUNTY,AMMS,0.065000,0.060000,0.005000,0,0
FL,32762,FLORIDA STATE,AKUY,0.060000,0.060000,0,0,0
FL,32763,VOLUSIA COUNTY,AMMS,0.065000,0.060000,0.005000,0,0
FL,32764,VOLUSIA COUNTY,AMMS,0.065000,0.060000,0.005000,0,0
FL,32765,FLORIDA STATE,AKUY,0.060000,0.060000,0,0,0
FL,32766,FLORIDA STATE,AKUY,0.060000,0.060000,0,0,0
FL,32767,LAKE COUNTY,ALNQ,0.070000,0.060000,0.010000,0,0
FL,32768,ORANGE COUNTY,ALYO,0.065000,0.060000,0.005000,0,0
FL,32771,FLORIDA STATE,AKUY,0.060000,0.060000,0,0,0
FL,32772,FLORIDA STATE,AKUY,0.060000,0.060000,0,0,0
FL,32773,FLORIDA STATE,AKUY,0.060000,0.060000,0,0,0
FL,32774,VOLUSIA COUNTY,AMMS,0.065000,0.060000,0.005000,0,0
FL,32775,FLORIDA STATE,AKUY,0.060000,0.060000,0,0,0
FL,32776,LAKE COUNTY,ALNQ,0.070000,0.060000,0.010000,0,0
FL,32777,ORANGE COUNTY,ALYO,0.065000,0.060000,0.005000,0,0
FL,32778,LAKE COUNTY,ALNQ,0.070000,0.060000,0.010000,0,0
FL,32779,FLORIDA STATE,AKUY,0.060000,0.060000,0,0,0
FL,32780,FLORIDA STATE,AKUY,0.060000,0.060000,0,0,0
FL,32781,FLORIDA STATE,AKUY,0.060000,0.060000,0,0,0
FL,32783,FLORIDA STATE,AKUY,0.060000,0.060000,0,0,0
FL,32784,LAKE COUNTY,ALNQ,0.070000,0.060000,0.010000,0,0
FL,32789,ORANGE COUNTY,ALYO,0.065000,0.060000,0.005000,0,0
FL,32790,ORANGE COUNTY,ALYO,0.065000,0.060000,0.005000,0,0
FL,32791,FLORIDA STATE,AKUY,0.060000,0.060000,0,0,0
FL,32792,ORANGE COUNTY,ALYO,0.065000,0.060000,0.005000,0,0
FL,32793,ORANGE COUNTY,ALYO,0.065000,0.060000,0.005000,0,0
FL,32794,ORANGE COUNTY,ALYO,0.065000,0.060000,0.005000,0,0
FL,32795,FLORIDA STATE,AKUY,0.060000,0.060000,0,0,0
FL,32796,FLORIDA STATE,AKUY,0.060000,0.060000,0,0,0
FL,32798,ORANGE COUNTY,ALYO,0.065000,0.060000,0.005000,0,0
FL,32799,FLORIDA STATE,AKUY,0.060000,0.060000,0,0,0
FL,32801,ORANGE COUNTY,ALYO,0.065000,0.060000,0.005000,0,0
FL,32802,ORANGE COUNTY,ALYO,0.065000,0.060000,0.005000,0,0
FL,32803,ORANGE COUNTY,ALYO,0.065000,0.060000,0.005000,0,0
FL,32804,ORANGE COUNTY,ALYO,0.065000,0.060000,0.005000,0,0
FL,32805,ORANGE COUNTY,ALYO,0.065000,0.060000,0.005000,0,0
FL,32806,ORANGE COUNTY,ALYO,0.065000,0.060000,0.005000,0,0
FL,32807,ORANGE COUNTY,ALYO,0.065000,0.060000,0.005000,0,0
FL,32808,ORANGE COUNTY,ALYO,0.065000,0.060000,0.005000,0,0
FL,32809,ORANGE COUNTY,ALYO,0.065000,0.060000,0.005000,0,0
FL,32810,ORANGE COUNTY,ALYO,0.065000,0.060000,0.005000,0,0
FL,32811,ORANGE COUNTY,ALYO,0.065000,0.060000,0.005000,0,0
FL,32812,ORANGE COUNTY,ALYO,0.065000,0.060000,0.005000,0,0
FL,32814,ORANGE COUNTY,ALYO,0.065000,0.060000,0.005000,0,0
FL,32815,ORANGE COUNTY,ALYO,0.065000,0.060000,0.005000,0,0
FL,32816,ORANGE COUNTY,ALYO,0.065000,0.060000,0.005000,0,0
FL,32817,ORANGE COUNTY,ALYO,0.065000,0.060000,0.005000,0,0
FL,32818,ORANGE COUNTY,ALYO,0.065000,0.060000,0.005000,0,0
FL,32819,ORANGE COUNTY,ALYO,0.065000,0.060000,0.005000,0,0
FL,32820,ORANGE COUNTY,ALYO,0.065000,0.060000,0.005000,0,0
FL,32821,ORANGE COUNTY,ALYO,0.065000,0.060000,0.005000,0,0
FL,32822,ORANGE COUNTY,ALYO,0.065000,0.060000,0.005000,0,0
FL,32824,ORANGE COUNTY,ALYO,0.065000,0.060000,0.005000,0,0
FL,32825,ORANGE COUNTY,ALYO,0.065000,0.060000,0.005000,0,0
FL,32826,ORANGE COUNTY,ALYO,0.065000,0.060000,0.005000,0,0
FL,32827,ORANGE COUNTY,ALYO,0.065000,0.060000,0.005000,0,0
FL,32828,ORANGE COUNTY,ALYO,0.065000,0.060000,0.005000,0,0
FL,32829,ORANGE COUNTY,ALYO,0.065000,0.060000,0.005000,0,0
FL,32830,ORANGE COUNTY,ALYO,0.065000,0.060000,0.005000,0,0
FL,32831,ORANGE COUNTY,ALYO,0.065000,0.060000,0.005000,0,0
FL,32832,ORANGE COUNTY,ALYO,0.065000,0.060000,0.005000,0,0
FL,32833,ORANGE COUNTY,ALYO,0.065000,0.060000,0.005000,0,0
FL,32834,ORANGE COUNTY,ALYO,0.065000,0.060000,0.005000,0,0
FL,32835,ORANGE COUNTY,ALYO,0.065000,0.060000,0.005000,0,0
FL,32836,ORANGE COUNTY,ALYO,0.065000,0.060000,0.005000,0,0
FL,32837,ORANGE COUNTY,ALYO,0.065000,0.060000,0.005000,0,0
FL,32839,ORANGE COUNTY,ALYO,0.065000,0.060000,0.005000,0,0
FL,32853,ORANGE COUNTY,ALYO,0.065000,0.060000,0.005000,0,0
FL,32854,ORANGE COUNTY,ALYO,0.065000,0.060000,0.005000,0,0
FL,32855,ORANGE COUNTY,ALYO,0.065000,0.060000,0.005000,0,0
FL,32856,ORANGE COUNTY,ALYO,0.065000,0.060000,0.005000,0,0
FL,32857,ORANGE COUNTY,ALYO,0.065000,0.060000,0.005000,0,0
FL,32858,ORANGE COUNTY,ALYO,0.065000,0.060000,0.005000,0,0
FL,32859,ORANGE COUNTY,ALYO,0.065000,0.060000,0.005000,0,0
FL,32860,ORANGE COUNTY,ALYO,0.065000,0.060000,0.005000,0,0
FL,32861,ORANGE COUNTY,ALYO,0.065000,0.060000,0.005000,0,0
FL,32862,ORANGE COUNTY,ALYO,0.065000,0.060000,0.005000,0,0
FL,32867,ORANGE COUNTY,ALYO,0.065000,0.060000,0.005000,0,0
FL,32868,ORANGE COUNTY,ALYO,0.065000,0.060000,0.005000,0,0
FL,32869,ORANGE COUNTY,ALYO,0.065000,0.060000,0.005000,0,0
FL,32872,ORANGE COUNTY,ALYO,0.065000,0.060000,0.005000,0,0
FL,32877,ORANGE COUNTY,ALYO,0.065000,0.060000,0.005000,0,0
FL,32878,ORANGE COUNTY,ALYO,0.065000,0.060000,0.005000,0,0
FL,32885,ORANGE COUNTY,ALYO,0.065000,0.060000,0.005000,0,0
FL,32886,ORANGE COUNTY,ALYO,0.065000,0.060000,0.005000,0,0
FL,32887,ORANGE COUNTY,ALYO,0.065000,0.060000,0.005000,0,0
FL,32891,ORANGE COUNTY,ALYO,0.065000,0.060000,0.005000,0,0
FL,32896,ORANGE COUNTY,ALYO,0.065000,0.060000,0.005000,0,0
FL,32897,ORANGE COUNTY,ALYO,0.065000,0.060000,0.005000,0,0
FL,32901,FLORIDA STATE,AKUY,0.060000,0.060000,0,0,0
FL,32902,FLORIDA STATE,AKUY,0.060000,0.060000,0,0,0
FL,32903,FLORIDA STATE,AKUY,0.060000,0.060000,0,0,0
FL,32904,FLORIDA STATE,AKUY,0.060000,0.060000,0,0,0
FL,32905,FLORIDA STATE,AKUY,0.060000,0.060000,0,0,0
FL,32906,FLORIDA STATE,AKUY,0.060000,0.060000,0,0,0
FL,32907,FLORIDA STATE,AKUY,0.060000,0.060000,0,0,0
FL,32908,FLORIDA STATE,AKUY,0.060000,0.060000,0,0,0
FL,32909,FLORIDA STATE,AKUY,0.060000,0.060000,0,0,0
FL,32910,FLORIDA STATE,AKUY,0.060000,0.060000,0,0,0
FL,32911,FLORIDA STATE,AKUY,0.060000,0.060000,0,0,0
FL,32912,FLORIDA STATE,AKUY,0.060000,0.060000,0,0,0
FL,32919,FLORIDA STATE,AKUY,0.060000,0.060000,0,0,0
FL,32920,FLORIDA STATE,AKUY,0.060000,0.060000,0,0,0
FL,32922,FLORIDA STATE,AKUY,0.060000,0.060000,0,0,0
FL,32923,FLORIDA STATE,AKUY,0.060000,0.060000,0,0,0
FL,32924,FLORIDA STATE,AKUY,0.060000,0.060000,0,0,0
FL,32925,FLORIDA STATE,AKUY,0.060000,0.060000,0,0,0
FL,32926,FLORIDA STATE,AKUY,0.060000,0.060000,0,0,0
FL,32927,FLORIDA STATE,AKUY,0.060000,0.060000,0,0,0
FL,32931,FLORIDA STATE,AKUY,0.060000,0.060000,0,0,0
FL,32932,FLORIDA STATE,AKUY,0.060000,0.060000,0,0,0
FL,32934,FLORIDA STATE,AKUY,0.060000,0.060000,0,0,0
FL,32935,FLORIDA STATE,AKUY,0.060000,0.060000,0,0,0
FL,32936,FLORIDA STATE,AKUY,0.060000,0.060000,0,0,0
FL,32937,FLORIDA STATE,AKUY,0.060000,0.060000,0,0,0
FL,32940,FLORIDA STATE,AKUY,0.060000,0.060000,0,0,0
FL,32941,FLORIDA STATE,AKUY,0.060000,0.060000,0,0,0
FL,32948,INDIAN RIVER COUNTY,ALLO,0.070000,0.060000,0.010000,0,0
FL,32949,FLORIDA STATE,AKUY,0.060000,0.060000,0,0,0
FL,32950,FLORIDA STATE,AKUY,0.060000,0.060000,0,0,0
FL,32951,FLORIDA STATE,AKUY,0.060000,0.060000,0,0,0
FL,32952,FLORIDA STATE,AKUY,0.060000,0.060000,0,0,0
FL,32953,FLORIDA STATE,AKUY,0.060000,0.060000,0,0,0
FL,32954,FLORIDA STATE,AKUY,0.060000,0.060000,0,0,0
FL,32955,FLORIDA STATE,AKUY,0.060000,0.060000,0,0,0
FL,32956,FLORIDA STATE,AKUY,0.060000,0.060000,0,0,0
FL,32957,INDIAN RIVER COUNTY,ALLO,0.070000,0.060000,0.010000,0,0
FL,32958,INDIAN RIVER COUNTY,ALLO,0.070000,0.060000,0.010000,0,0
FL,32959,FLORIDA STATE,AKUY,0.060000,0.060000,0,0,0
FL,32960,INDIAN RIVER COUNTY,ALLO,0.070000,0.060000,0.010000,0,0
FL,32961,INDIAN RIVER COUNTY,ALLO,0.070000,0.060000,0.010000,0,0
FL,32962,INDIAN RIVER COUNTY,ALLO,0.070000,0.060000,0.010000,0,0
FL,32963,INDIAN RIVER COUNTY,ALLO,0.070000,0.060000,0.010000,0,0
FL,32964,INDIAN RIVER COUNTY,ALLO,0.070000,0.060000,0.010000,0,0
FL,32965,INDIAN RIVER COUNTY,ALLO,0.070000,0.060000,0.010000,0,0
FL,32966,INDIAN RIVER COUNTY,ALLO,0.070000,0.060000,0.010000,0,0
FL,32967,INDIAN RIVER COUNTY,ALLO,0.070000,0.060000,0.010000,0,0
FL,32968,INDIAN RIVER COUNTY,ALLO,0.070000,0.060000,0.010000,0,0
FL,32969,INDIAN RIVER COUNTY,ALLO,0.070000,0.060000,0.010000,0,0
FL,32970,INDIAN RIVER COUNTY,ALLO,0.070000,0.060000,0.010000,0,0
FL,32971,INDIAN RIVER COUNTY,ALLO,0.070000,0.060000,0.010000,0,0
FL,32976,FLORIDA STATE,AKUY,0.060000,0.060000,0,0,0
FL,32978,INDIAN RIVER COUNTY,ALLO,0.070000,0.060000,0.010000,0,0
FL,33001,MONROE COUNTY,ALVU,0.075000,0.060000,0.015000,0,0
FL,33002,MIAMI-DADE COUNTY,ALDE,0.070000,0.060000,0.010000,0,0
FL,33004,FLORIDA STATE,AKUY,0.060000,0.060000,0,0,0
FL,33008,FLORIDA STATE,AKUY,0.060000,0.060000,0,0,0
FL,33009,FLORIDA STATE,AKUY,0.060000,0.060000,0,0,0
FL,33010,MIAMI-DADE COUNTY,ALDE,0.070000,0.060000,0.010000,0,0
FL,33011,MIAMI-DADE COUNTY,ALDE,0.070000,0.060000,0.010000,0,0
FL,33012,MIAMI-DADE COUNTY,ALDE,0.070000,0.060000,0.010000,0,0
FL,33013,MIAMI-DADE COUNTY,ALDE,0.070000,0.060000,0.010000,0,0
FL,33014,MIAMI-DADE COUNTY,ALDE,0.070000,0.060000,0.010000,0,0
FL,33015,MIAMI-DADE COUNTY,ALDE,0.070000,0.060000,0.010000,0,0
FL,33016,MIAMI-DADE COUNTY,ALDE,0.070000,0.060000,0.010000,0,0
FL,33017,MIAMI-DADE COUNTY,ALDE,0.070000,0.060000,0.010000,0,0
FL,33018,MIAMI-DADE COUNTY,ALDE,0.070000,0.060000,0.010000,0,0
FL,33019,FLORIDA STATE,AKUY,0.060000,0.060000,0,0,0
FL,33020,FLORIDA STATE,AKUY,0.060000,0.060000,0,0,0
FL,33021,FLORIDA STATE,AKUY,0.060000,0.060000,0,0,0
FL,33022,FLORIDA STATE,AKUY,0.060000,0.060000,0,0,0
FL,33023,FLORIDA STATE,AKUY,0.060000,0.060000,0,0,0
FL,33024,FLORIDA STATE,AKUY,0.060000,0.060000,0,0,0
FL,33025,FLORIDA STATE,AKUY,0.060000,0.060000,0,0,0
FL,33026,FLORIDA STATE,AKUY,0.060000,0.060000,0,0,0
FL,33027,FLORIDA STATE,AKUY,0.060000,0.060000,0,0,0
FL,33028,FLORIDA STATE,AKUY,0.060000,0.060000,0,0,0
FL,33029,FLORIDA STATE,AKUY,0.060000,0.060000,0,0,0
FL,33030,MIAMI-DADE COUNTY,ALDE,0.070000,0.060000,0.010000,0,0
FL,33031,MIAMI-DADE COUNTY,ALDE,0.070000,0.060000,0.010000,0,0
FL,33032,MIAMI-DADE COUNTY,ALDE,0.070000,0.060000,0.010000,0,0
FL,33033,MIAMI-DADE COUNTY,ALDE,0.070000,0.060000,0.010000,0,0
FL,33034,MIAMI-DADE COUNTY,ALDE,0.070000,0.060000,0.010000,0,0
FL,33035,MIAMI-DADE COUNTY,ALDE,0.070000,0.060000,0.010000,0,0
FL,33036,MONROE COUNTY,ALVU,0.075000,0.060000,0.015000,0,0
FL,33037,MONROE COUNTY,ALVU,0.075000,0.060000,0.015000,0,0
FL,33039,MIAMI-DADE COUNTY,ALDE,0.070000,0.060000,0.010000,0,0
FL,33040,MONROE COUNTY,ALVU,0.075000,0.060000,0.015000,0,0
FL,33041,MONROE COUNTY,ALVU,0.075000,0.060000,0.015000,0,0
FL,33042,MONROE COUNTY,ALVU,0.075000,0.060000,0.015000,0,0
FL,33043,MONROE COUNTY,ALVU,0.075000,0.060000,0.015000,0,0
FL,33045,MONROE COUNTY,ALVU,0.075000,0.060000,0.015000,0,0
FL,33050,MONROE COUNTY,ALVU,0.075000,0.060000,0.015000,0,0
FL,33051,MONROE COUNTY,ALVU,0.075000,0.060000,0.015000,0,0
FL,33052,MONROE COUNTY,ALVU,0.075000,0.060000,0.015000,0,0
FL,33054,MIAMI-DADE COUNTY,ALDE,0.070000,0.060000,0.010000,0,0
FL,33055,MIAMI-DADE COUNTY,ALDE,0.070000,0.060000,0.010000,0,0
FL,33056,MIAMI-DADE COUNTY,ALDE,0.070000,0.060000,0.010000,0,0
FL,33060,FLORIDA STATE,AKUY,0.060000,0.060000,0,0,0
FL,33061,FLORIDA STATE,AKUY,0.060000,0.060000,0,0,0
FL,33062,FLORIDA STATE,AKUY,0.060000,0.060000,0,0,0
FL,33063,FLORIDA STATE,AKUY,0.060000,0.060000,0,0,0
FL,33064,FLORIDA STATE,AKUY,0.060000,0.060000,0,0,0
FL,33065,FLORIDA STATE,AKUY,0.060000,0.060000,0,0,0
FL,33066,FLORIDA STATE,AKUY,0.060000,0.060000,0,0,0
FL,33067,FLORIDA STATE,AKUY,0.060000,0.060000,0,0,0
FL,33068,FLORIDA STATE,AKUY,0.060000,0.060000,0,0,0
FL,33069,FLORIDA STATE,AKUY,0.060000,0.060000,0,0,0
FL,33070,MONROE COUNTY,ALVU,0.075000,0.060000,0.015000,0,0
FL,33071,FLORIDA STATE,AKUY,0.060000,0.060000,0,0,0
FL,33072,FLORIDA STATE,AKUY,0.060000,0.060000,0,0,0
FL,33073,FLORIDA STATE,AKUY,0.060000,0.060000,0,0,0
FL,33074,FLORIDA STATE,AKUY,0.060000,0.060000,0,0,0
FL,33075,FLORIDA STATE,AKUY,0.060000,0.060000,0,0,0
FL,33076,FLORIDA STATE,AKUY,0.060000,0.060000,0,0,0
FL,33077,FLORIDA STATE,AKUY,0.060000,0.060000,0,0,0
FL,33081,FLORIDA STATE,AKUY,0.060000,0.060000,0,0,0
FL,33082,FLORIDA STATE,AKUY,0.060000,0.060000,0,0,0
FL,33083,FLORIDA STATE,AKUY,0.060000,0.060000,0,0,0
FL,33084,FLORIDA STATE,AKUY,0.060000,0.060000,0,0,0
FL,33090,MIAMI-DADE COUNTY,ALDE,0.070000,0.060000,0.010000,0,0
FL,33092,MIAMI-DADE COUNTY,ALDE,0.070000,0.060000,0.010000,0,0
FL,33093,FLORIDA STATE,AKUY,0.060000,0.060000,0,0,0
FL,33097,FLORIDA STATE,AKUY,0.060000,0.060000,0,0,0
FL,33101,MIAMI-DADE COUNTY,ALDE,0.070000,0.060000,0.010000,0,0
FL,33102,MIAMI-DADE COUNTY,ALDE,0.070000,0.060000,0.010000,0,0
FL,33106,MIAMI-DADE COUNTY,ALDE,0.070000,0.060000,0.010000,0,0
FL,33109,MIAMI-DADE COUNTY,ALDE,0.070000,0.060000,0.010000,0,0
FL,33111,MIAMI-DADE COUNTY,ALDE,0.070000,0.060000,0.010000,0,0
FL,33112,MIAMI-DADE COUNTY,ALDE,0.070000,0.060000,0.010000,0,0
FL,33114,MIAMI-DADE COUNTY,ALDE,0.070000,0.060000,0.010000,0,0
FL,33116,MIAMI-DADE COUNTY,ALDE,0.070000,0.060000,0.010000,0,0
FL,33119,MIAMI-DADE COUNTY,ALDE,0.070000,0.060000,0.010000,0,0
FL,33122,MIAMI-DADE COUNTY,ALDE,0.070000,0.060000,0.010000,0,0
FL,33124,MIAMI-DADE COUNTY,ALDE,0.070000,0.060000,0.010000,0,0
FL,33125,MIAMI-DADE COUNTY,ALDE,0.070000,0.060000,0.010000,0,0
FL,33126,MIAMI-DADE COUNTY,ALDE,0.070000,0.060000,0.010000,0,0
FL,33127,MIAMI-DADE COUNTY,ALDE,0.070000,0.060000,0.010000,0,0
FL,33128,MIAMI-DADE COUNTY,ALDE,0.070000,0.060000,0.010000,0,0
FL,33129,MIAMI-DADE COUNTY,ALDE,0.070000,0.060000,0.010000,0,0
FL,33130,MIAMI-DADE COUNTY,ALDE,0.070000,0.060000,0.010000,0,0
FL,33131,MIAMI-DADE COUNTY,ALDE,0.070000,0.060000,0.010000,0,0
FL,33132,MIAMI-DADE COUNTY,ALDE,0.070000,0.060000,0.010000,0,0
FL,33133,MIAMI-DADE COUNTY,ALDE,0.070000,0.060000,0.010000,0,0
FL,33134,MIAMI-DADE COUNTY,ALDE,0.070000,0.060000,0.010000,0,0
FL,33135,MIAMI-DADE COUNTY,ALDE,0.070000,0.060000,0.010000,0,0
FL,33136,MIAMI-DADE COUNTY,ALDE,0.070000,0.060000,0.010000,0,0
FL,33137,MIAMI-DADE COUNTY,ALDE,0.070000,0.060000,0.010000,0,0
FL,33138,MIAMI-DADE COUNTY,ALDE,0.070000,0.060000,0.010000,0,0
FL,33139,MIAMI-DADE COUNTY,ALDE,0.070000,0.060000,0.010000,0,0
FL,33140,MIAMI-DADE COUNTY,ALDE,0.070000,0.060000,0.010000,0,0
FL,33141,MIAMI-DADE COUNTY,ALDE,0.070000,0.060000,0.010000,0,0
FL,33142,MIAMI-DADE COUNTY,ALDE,0.070000,0.060000,0.010000,0,0
FL,33143,MIAMI-DADE COUNTY,ALDE,0.070000,0.060000,0.010000,0,0
FL,33144,MIAMI-DADE COUNTY,ALDE,0.070000,0.060000,0.010000,0,0
FL,33145,MIAMI-DADE COUNTY,ALDE,0.070000,0.060000,0.010000,0,0
FL,33146,MIAMI-DADE COUNTY,ALDE,0.070000,0.060000,0.010000,0,0
FL,33147,MIAMI-DADE COUNTY,ALDE,0.070000,0.060000,0.010000,0,0
FL,33149,MIAMI-DADE COUNTY,ALDE,0.070000,0.060000,0.010000,0,0
FL,33150,MIAMI-DADE COUNTY,ALDE,0.070000,0.060000,0.010000,0,0
FL,33151,MIAMI-DADE COUNTY,ALDE,0.070000,0.060000,0.010000,0,0
FL,33152,MIAMI-DADE COUNTY,ALDE,0.070000,0.060000,0.010000,0,0
FL,33153,MIAMI-DADE COUNTY,ALDE,0.070000,0.060000,0.010000,0,0
FL,33154,MIAMI-DADE COUNTY,ALDE,0.070000,0.060000,0.010000,0,0
FL,33155,MIAMI-DADE COUNTY,ALDE,0.070000,0.060000,0.010000,0,0
FL,33156,MIAMI-DADE COUNTY,ALDE,0.070000,0.060000,0.010000,0,0
FL,33157,MIAMI-DADE COUNTY,ALDE,0.070000,0.060000,0.010000,0,0
FL,33158,MIAMI-DADE COUNTY,ALDE,0.070000,0.060000,0.010000,0,0
FL,33159,MIAMI-DADE COUNTY,ALDE,0.070000,0.060000,0.010000,0,0
FL,33160,MIAMI-DADE COUNTY,ALDE,0.070000,0.060000,0.010000,0,0
FL,33161,MIAMI-DADE COUNTY,ALDE,0.070000,0.060000,0.010000,0,0
FL,33162,MIAMI-DADE COUNTY,ALDE,0.070000,0.060000,0.010000,0,0
FL,33163,MIAMI-DADE COUNTY,ALDE,0.070000,0.060000,0.010000,0,0
FL,33164,MIAMI-DADE COUNTY,ALDE,0.070000,0.060000,0.010000,0,0
FL,33165,MIAMI-DADE COUNTY,ALDE,0.070000,0.060000,0.010000,0,0
FL,33166,MIAMI-DADE COUNTY,ALDE,0.070000,0.060000,0.010000,0,0
FL,33167,MIAMI-DADE COUNTY,ALDE,0.070000,0.060000,0.010000,0,0
FL,33168,MIAMI-DADE COUNTY,ALDE,0.070000,0.060000,0.010000,0,0
FL,33169,MIAMI-DADE COUNTY,ALDE,0.070000,0.060000,0.010000,0,0
FL,33170,MIAMI-DADE COUNTY,ALDE,0.070000,0.060000,0.010000,0,0
FL,33172,MIAMI-DADE COUNTY,ALDE,0.070000,0.060000,0.010000,0,0
FL,33173,MIAMI-DADE COUNTY,ALDE,0.070000,0.060000,0.010000,0,0
FL,33174,MIAMI-DADE COUNTY,ALDE,0.070000,0.060000,0.010000,0,0
FL,33175,MIAMI-DADE COUNTY,ALDE,0.070000,0.060000,0.010000,0,0
FL,33176,MIAMI-DADE COUNTY,ALDE,0.070000,0.060000,0.010000,0,0
FL,33177,MIAMI-DADE COUNTY,ALDE,0.070000,0.060000,0.010000,0,0
FL,33178,MIAMI-DADE COUNTY,ALDE,0.070000,0.060000,0.010000,0,0
FL,33179,MIAMI-DADE COUNTY,ALDE,0.070000,0.060000,0.010000,0,0
FL,33180,MIAMI-DADE COUNTY,ALDE,0.070000,0.060000,0.010000,0,0
FL,33181,MIAMI-DADE COUNTY,ALDE,0.070000,0.060000,0.010000,0,0
FL,33182,MIAMI-DADE COUNTY,ALDE,0.070000,0.060000,0.010000,0,0
FL,33183,MIAMI-DADE COUNTY,ALDE,0.070000,0.060000,0.010000,0,0
FL,33184,MIAMI-DADE COUNTY,ALDE,0.070000,0.060000,0.010000,0,0
FL,33185,MIAMI-DADE COUNTY,ALDE,0.070000,0.060000,0.010000,0,0
FL,33186,MIAMI-DADE COUNTY,ALDE,0.070000,0.060000,0.010000,0,0
FL,33187,MIAMI-DADE COUNTY,ALDE,0.070000,0.060000,0.010000,0,0
FL,33188,MIAMI-DADE COUNTY,ALDE,0.070000,0.060000,0.010000,0,0
FL,33189,MIAMI-DADE COUNTY,ALDE,0.070000,0.060000,0.010000,0,0
FL,33190,MIAMI-DADE COUNTY,ALDE,0.070000,0.060000,0.010000,0,0
FL,33193,MIAMI-DADE COUNTY,ALDE,0.070000,0.060000,0.010000,0,0
FL,33194,MIAMI-DADE COUNTY,ALDE,0.070000,0.060000,0.010000,0,0
FL,33196,MIAMI-DADE COUNTY,ALDE,0.070000,0.060000,0.010000,0,0
FL,33197,MIAMI-DADE COUNTY,ALDE,0.070000,0.060000,0.010000,0,0
FL,33199,MIAMI-DADE COUNTY,ALDE,0.070000,0.060000,0.010000,0,0
FL,33222,MIAMI-DADE COUNTY,ALDE,0.070000,0.060000,0.010000,0,0
FL,33231,MIAMI-DADE COUNTY,ALDE,0.070000,0.060000,0.010000,0,0
FL,33233,MIAMI-DADE COUNTY,ALDE,0.070000,0.060000,0.010000,0,0
FL,33234,MIAMI-DADE COUNTY,ALDE,0.070000,0.060000,0.010000,0,0
FL,33238,MIAMI-DADE COUNTY,ALDE,0.070000,0.060000,0.010000,0,0
FL,33239,MIAMI-DADE COUNTY,ALDE,0.070000,0.060000,0.010000,0,0
FL,33242,MIAMI-DADE COUNTY,ALDE,0.070000,0.060000,0.010000,0,0
FL,33243,MIAMI-DADE COUNTY,ALDE,0.070000,0.060000,0.010000,0,0
FL,33245,MIAMI-DADE COUNTY,ALDE,0.070000,0.060000,0.010000,0,0
FL,33247,MIAMI-DADE COUNTY,ALDE,0.070000,0.060000,0.010000,0,0
FL,33255,MIAMI-DADE COUNTY,ALDE,0.070000,0.060000,0.010000,0,0
FL,33256,MIAMI-DADE COUNTY,ALDE,0.070000,0.060000,0.010000,0,0
FL,33257,MIAMI-DADE COUNTY,ALDE,0.070000,0.060000,0.010000,0,0
FL,33261,MIAMI-DADE COUNTY,ALDE,0.070000,0.060000,0.010000,0,0
FL,33265,MIAMI-DADE COUNTY,ALDE,0.070000,0.060000,0.010000,0,0
FL,33266,MIAMI-DADE COUNTY,ALDE,0.070000,0.060000,0.010000,0,0
FL,33269,MIAMI-DADE COUNTY,ALDE,0.070000,0.060000,0.010000,0,0
FL,33280,MIAMI-DADE COUNTY,ALDE,0.070000,0.060000,0.010000,0,0
FL,33283,MIAMI-DADE COUNTY,ALDE,0.070000,0.060000,0.010000,0,0
FL,33296,MIAMI-DADE COUNTY,ALDE,0.070000,0.060000,0.010000,0,0
FL,33299,MIAMI-DADE COUNTY,ALDE,0.070000,0.060000,0.010000,0,0
FL,33301,FLORIDA STATE,AKUY,0.060000,0.060000,0,0,0
FL,33302,FLORIDA STATE,AKUY,0.060000,0.060000,0,0,0
FL,33303,FLORIDA STATE,AKUY,0.060000,0.060000,0,0,0
FL,33304,FLORIDA STATE,AKUY,0.060000,0.060000,0,0,0
FL,33305,FLORIDA STATE,AKUY,0.060000,0.060000,0,0,0
FL,33306,FLORIDA STATE,AKUY,0.060000,0.060000,0,0,0
FL,33307,FLORIDA STATE,AKUY,0.060000,0.060000,0,0,0
FL,33308,FLORIDA STATE,AKUY,0.060000,0.060000,0,0,0
FL,33309,FLORIDA STATE,AKUY,0.060000,0.060000,0,0,0
FL,33310,FLORIDA STATE,AKUY,0.060000,0.060000,0,0,0
FL,33311,FLORIDA STATE,AKUY,0.060000,0.060000,0,0,0
FL,33312,FLORIDA STATE,AKUY,0.060000,0.060000,0,0,0
FL,33313,FLORIDA STATE,AKUY,0.060000,0.060000,0,0,0
FL,33314,FLORIDA STATE,AKUY,0.060000,0.060000,0,0,0
FL,33315,FLORIDA STATE,AKUY,0.060000,0.060000,0,0,0
FL,33316,FLORIDA STATE,AKUY,0.060000,0.060000,0,0,0
FL,33317,FLORIDA STATE,AKUY,0.060000,0.060000,0,0,0
FL,33318,FLORIDA STATE,AKUY,0.060000,0.060000,0,0,0
FL,33319,FLORIDA STATE,AKUY,0.060000,0.060000,0,0,0
FL,33320,FLORIDA STATE,AKUY,0.060000,0.060000,0,0,0
FL,33321,FLORIDA STATE,AKUY,0.060000,0.060000,0,0,0
FL,33322,FLORIDA STATE,AKUY,0.060000,0.060000,0,0,0
FL,33323,FLORIDA STATE,AKUY,0.060000,0.060000,0,0,0
FL,33324,FLORIDA STATE,AKUY,0.060000,0.060000,0,0,0
FL,33325,FLORIDA STATE,AKUY,0.060000,0.060000,0,0,0
FL,33326,FLORIDA STATE,AKUY,0.060000,0.060000,0,0,0
FL,33327,FLORIDA STATE,AKUY,0.060000,0.060000,0,0,0
FL,33328,FLORIDA STATE,AKUY,0.060000,0.060000,0,0,0
FL,33329,FLORIDA STATE,AKUY,0.060000,0.060000,0,0,0
FL,33330,FLORIDA STATE,AKUY,0.060000,0.060000,0,0,0
FL,33331,FLORIDA STATE,AKUY,0.060000,0.060000,0,0,0
FL,33332,FLORIDA STATE,AKUY,0.060000,0.060000,0,0,0
FL,33334,FLORIDA STATE,AKUY,0.060000,0.060000,0,0,0
FL,33335,FLORIDA STATE,AKUY,0.060000,0.060000,0,0,0
FL,33336,FLORIDA STATE,AKUY,0.060000,0.060000,0,0,0
FL,33337,FLORIDA STATE,AKUY,0.060000,0.060000,0,0,0
FL,33338,FLORIDA STATE,AKUY,0.060000,0.060000,0,0,0
FL,33339,FLORIDA STATE,AKUY,0.060000,0.060000,0,0,0
FL,33340,FLORIDA STATE,AKUY,0.060000,0.060000,0,0,0
FL,33345,FLORIDA STATE,AKUY,0.060000,0.060000,0,0,0
FL,33346,FLORIDA STATE,AKUY,0.060000,0.060000,0,0,0
FL,33348,FLORIDA STATE,AKUY,0.060000,0.060000,0,0,0
FL,33349,FLORIDA STATE,AKUY,0.060000,0.060000,0,0,0
FL,33351,FLORIDA STATE,AKUY,0.060000,0.060000,0,0,0
FL,33355,FLORIDA STATE,AKUY,0.060000,0.060000,0,0,0
FL,33359,FLORIDA STATE,AKUY,0.060000,0.060000,0,0,0
FL,33388,FLORIDA STATE,AKUY,0.060000,0.060000,0,0,0
FL,33394,FLORIDA STATE,AKUY,0.060000,0.060000,0,0,0
FL,33401,FLORIDA STATE,AKUY,0.060000,0.060000,0,0,0
FL,33402,FLORIDA STATE,AKUY,0.060000,0.060000,0,0,0
FL,33403,FLORIDA STATE,AKUY,0.060000,0.060000,0,0,0
FL,33404,FLORIDA STATE,AKUY,0.060000,0.060000,0,0,0
FL,33405,FLORIDA STATE,AKUY,0.060000,0.060000,0,0,0
FL,33406,FLORIDA STATE,AKUY,0.060000,0.060000,0,0,0
FL,33407,FLORIDA STATE,AKUY,0.060000,0.060000,0,0,0
FL,33408,FLORIDA STATE,AKUY,0.060000,0.060000,0,0,0
FL,33409,FLORIDA STATE,AKUY,0.060000,0.060000,0,0,0
FL,33410,FLORIDA STATE,AKUY,0.060000,0.060000,0,0,0
FL,33411,FLORIDA STATE,AKUY,0.060000,0.060000,0,0,0
FL,33412,FLORIDA STATE,AKUY,0.060000,0.060000,0,0,0
FL,33413,FLORIDA STATE,AKUY,0.060000,0.060000,0,0,0
FL,33414,FLORIDA STATE,AKUY,0.060000,0.060000,0,0,0
FL,33415,FLORIDA STATE,AKUY,0.060000,0.060000,0,0,0
FL,33416,FLORIDA STATE,AKUY,0.060000,0.060000,0,0,0
FL,33417,FLORIDA STATE,AKUY,0.060000,0.060000,0,0,0
FL,33418,FLORIDA STATE,AKUY,0.060000,0.060000,0,0,0
FL,33419,FLORIDA STATE,AKUY,0.060000,0.060000,0,0,0
FL,33420,FLORIDA STATE,AKUY,0.060000,0.060000,0,0,0
FL,33421,FLORIDA STATE,AKUY,0.060000,0.060000,0,0,0
FL,33422,FLORIDA STATE,AKUY,0.060000,0.060000,0,0,0
FL,33424,FLORIDA STATE,AKUY,0.060000,0.060000,0,0,0
FL,33425,FLORIDA STATE,AKUY,0.060000,0.060000,0,0,0
FL,33426,FLORIDA STATE,AKUY,0.060000,0.060000,0,0,0
FL,33427,FLORIDA STATE,AKUY,0.060000,0.060000,0,0,0
FL,33428,FLORIDA STATE,AKUY,0.060000,0.060000,0,0,0
FL,33429,FLORIDA STATE,AKUY,0.060000,0.060000,0,0,0
FL,33430,FLORIDA STATE,AKUY,0.060000,0.060000,0,0,0
FL,33431,FLORIDA STATE,AKUY,0.060000,0.060000,0,0,0
FL,33432,FLORIDA STATE,AKUY,0.060000,0.060000,0,0,0
FL,33433,FLORIDA STATE,AKUY,0.060000,0.060000,0,0,0
FL,33434,FLORIDA STATE,AKUY,0.060000,0.060000,0,0,0
FL,33435,FLORIDA STATE,AKUY,0.060000,0.060000,0,0,0
FL,33436,FLORIDA STATE,AKUY,0.060000,0.060000,0,0,0
FL,33437,FLORIDA STATE,AKUY,0.060000,0.060000,0,0,0
FL,33438,FLORIDA STATE,AKUY,0.060000,0.060000,0,0,0
FL,33440,HENDRY COUNTY,ALIK,0.070000,0.060000,0.010000,0,0
FL,33441,FLORIDA STATE,AKUY,0.060000,0.060000,0,0,0
FL,33442,FLORIDA STATE,AKUY,0.060000,0.060000,0,0,0
FL,33443,FLORIDA STATE,AKUY,0.060000,0.060000,0,0,0
FL,33444,FLORIDA STATE,AKUY,0.060000,0.060000,0,0,0
FL,33445,FLORIDA STATE,AKUY,0.060000,0.060000,0,0,0
FL,33446,FLORIDA STATE,AKUY,0.060000,0.060000,0,0,0
FL,33448,FLORIDA STATE,AKUY,0.060000,0.060000,0,0,0
FL,33449,FLORIDA STATE,AKUY,0.060000,0.060000,0,0,0
FL,33454,FLORIDA STATE,AKUY,0.060000,0.060000,0,0,0
FL,33455,FLORIDA STATE,AKUY,0.060000,0.060000,0,0,0
FL,33458,FLORIDA STATE,AKUY,0.060000,0.060000,0,0,0
FL,33459,FLORIDA STATE,AKUY,0.060000,0.060000,0,0,0
FL,33460,FLORIDA STATE,AKUY,0.060000,0.060000,0,0,0
FL,33461,FLORIDA STATE,AKUY,0.060000,0.060000,0,0,0
FL,33462,FLORIDA STATE,AKUY,0.060000,0.060000,0,0,0
FL,33463,FLORIDA STATE,AKUY,0.060000,0.060000,0,0,0
FL,33464,FLORIDA STATE,AKUY,0.060000,0.060000,0,0,0
FL,33465,FLORIDA STATE,AKUY,0.060000,0.060000,0,0,0
FL,33466,FLORIDA STATE,AKUY,0.060000,0.060000,0,0,0
FL,33467,FLORIDA STATE,AKUY,0.060000,0.060000,0,0,0
FL,33468,FLORIDA STATE,AKUY,0.060000,0.060000,0,0,0
FL,33469,FLORIDA STATE,AKUY,0.060000,0.060000,0,0,0
FL,33470,FLORIDA STATE,AKUY,0.060000,0.060000,0,0,0
FL,33471,GLADES COUNTY,ALHE,0.070000,0.060000,0.010000,0,0
FL,33472,FLORIDA STATE,AKUY,0.060000,0.060000,0,0,0
FL,33473,FLORIDA STATE,AKUY,0.060000,0.060000,0,0,0
FL,33474,FLORIDA STATE,AKUY,0.060000,0.060000,0,0,0
FL,33475,FLORIDA STATE,AKUY,0.060000,0.060000,0,0,0
FL,33476,FLORIDA STATE,AKUY,0.060000,0.060000,0,0,0
FL,33477,FLORIDA STATE,AKUY,0.060000,0.060000,0,0,0
FL,33478,FLORIDA STATE,AKUY,0.060000,0.060000,0,0,0
FL,33480,FLORIDA STATE,AKUY,0.060000,0.060000,0,0,0
FL,33481,FLORIDA STATE,AKUY,0.060000,0.060000,0,0,0
FL,33482,FLORIDA STATE,AKUY,0.060000,0.060000,0,0,0
FL,33483,FLORIDA STATE,AKUY,0.060000,0.060000,0,0,0
FL,33484,FLORIDA STATE,AKUY,0.060000,0.060000,0,0,0
FL,33486,FLORIDA STATE,AKUY,0.060000,0.060000,0,0,0
FL,33487,FLORIDA STATE,AKUY,0.060000,0.060000,0,0,0
FL,33488,FLORIDA STATE,AKUY,0.060000,0.060000,0,0,0
FL,33493,FLORIDA STATE,AKUY,0.060000,0.060000,0,0,0
FL,33496,FLORIDA STATE,AKUY,0.060000,0.060000,0,0,0
FL,33497,FLORIDA STATE,AKUY,0.060000,0.060000,0,0,0
FL,33498,FLORIDA STATE,AKUY,0.060000,0.060000,0,0,0
FL,33499,FLORIDA STATE,AKUY,0.060000,0.060000,0,0,0
FL,33503,HILLSBOROUGH COUNTY,ALJO,0.070000,0.060000,0.010000,0,0
FL,33508,HILLSBOROUGH COUNTY,ALJO,0.070000,0.060000,0.010000,0,0
FL,33509,HILLSBOROUGH COUNTY,ALJO,0.070000,0.060000,0.010000,0,0
FL,33510,HILLSBOROUGH COUNTY,ALJO,0.070000,0.060000,0.010000,0,0
FL,33511,HILLSBOROUGH COUNTY,ALJO,0.070000,0.060000,0.010000,0,0
FL,33513,SUMTER COUNTY,AMKW,0.070000,0.060000,0.010000,0,0
FL,33514,SUMTER COUNTY,AMKW,0.070000,0.060000,0.010000,0,0
FL,33521,SUMTER COUNTY,AMKW,0.070000,0.060000,0.010000,0,0
FL,33523,PASCO COUNTY,AMBQ,0.070000,0.060000,0.010000,0,0
FL,33524,PASCO COUNTY,AMBQ,0.070000,0.060000,0.010000,0,0
FL,33525,PASCO COUNTY,AMBQ,0.070000,0.060000,0.010000,0,0
FL,33526,PASCO COUNTY,AMBQ,0.070000,0.060000,0.010000,0,0
FL,33527,HILLSBOROUGH COUNTY,ALJO,0.070000,0.060000,0.010000,0,0
FL,33530,HILLSBOROUGH COUNTY,ALJO,0.070000,0.060000,0.010000,0,0
FL,33534,HILLSBOROUGH COUNTY,ALJO,0.070000,0.060000,0.010000,0,0
FL,33537,PASCO COUNTY,AMBQ,0.070000,0.060000,0.010000,0,0
FL,33538,SUMTER COUNTY,AMKW,0.070000,0.060000,0.010000,0,0
FL,33540,PASCO COUNTY,AMBQ,0.070000,0.060000,0.010000,0,0
FL,33541,PASCO COUNTY,AMBQ,0.070000,0.060000,0.010000,0,0
FL,33542,PASCO COUNTY,AMBQ,0.070000,0.060000,0.010000,0,0
FL,33543,PASCO COUNTY,AMBQ,0.070000,0.060000,0.010000,0,0
FL,33544,PASCO COUNTY,AMBQ,0.070000,0.060000,0.010000,0,0
FL,33545,PASCO COUNTY,AMBQ,0.070000,0.060000,0.010000,0,0
FL,33547,HILLSBOROUGH COUNTY,ALJO,0.070000,0.060000,0.010000,0,0
FL,33548,HILLSBOROUGH COUNTY,ALJO,0.070000,0.060000,0.010000,0,0
FL,33549,HILLSBOROUGH COUNTY,ALJO,0.070000,0.060000,0.010000,0,0
FL,33550,HILLSBOROUGH COUNTY,ALJO,0.070000,0.060000,0.010000,0,0
FL,33556,HILLSBOROUGH COUNTY,ALJO,0.070000,0.060000,0.010000,0,0
FL,33558,HILLSBOROUGH COUNTY,ALJO,0.070000,0.060000,0.010000,0,0
FL,33559,HILLSBOROUGH COUNTY,ALJO,0.070000,0.060000,0.010000,0,0
FL,33563,HILLSBOROUGH COUNTY,ALJO,0.070000,0.060000,0.010000,0,0
FL,33564,HILLSBOROUGH COUNTY,ALJO,0.070000,0.060000,0.010000,0,0
FL,33565,HILLSBOROUGH COUNTY,ALJO,0.070000,0.060000,0.010000,0,0
FL,33566,HILLSBOROUGH COUNTY,ALJO,0.070000,0.060000,0.010000,0,0
FL,33567,HILLSBOROUGH COUNTY,ALJO,0.070000,0.060000,0.010000,0,0
FL,33568,HILLSBOROUGH COUNTY,ALJO,0.070000,0.060000,0.010000,0,0
FL,33569,HILLSBOROUGH COUNTY,ALJO,0.070000,0.060000,0.010000,0,0
FL,33570,HILLSBOROUGH COUNTY,ALJO,0.070000,0.060000,0.010000,0,0
FL,33571,HILLSBOROUGH COUNTY,ALJO,0.070000,0.060000,0.010000,0,0
FL,33572,HILLSBOROUGH COUNTY,ALJO,0.070000,0.060000,0.010000,0,0
FL,33573,HILLSBOROUGH COUNTY,ALJO,0.070000,0.060000,0.010000,0,0
FL,33574,PASCO COUNTY,AMBQ,0.070000,0.060000,0.010000,0,0
FL,33575,HILLSBOROUGH COUNTY,ALJO,0.070000,0.060000,0.010000,0,0
FL,33576,PASCO COUNTY,AMBQ,0.070000,0.060000,0.010000,0,0
FL,33578,HILLSBOROUGH COUNTY,ALJO,0.070000,0.060000,0.010000,0,0
FL,33579,HILLSBOROUGH COUNTY,ALJO,0.070000,0.060000,0.010000,0,0
FL,33583,HILLSBOROUGH COUNTY,ALJO,0.070000,0.060000,0.010000,0,0
FL,33584,HILLSBOROUGH COUNTY,ALJO,0.070000,0.060000,0.010000,0,0
FL,33585,SUMTER COUNTY,AMKW,0.070000,0.060000,0.010000,0,0
FL,33586,HILLSBOROUGH COUNTY,ALJO,0.070000,0.060000,0.010000,0,0
FL,33587,HILLSBOROUGH COUNTY,ALJO,0.070000,0.060000,0.010000,0,0
FL,33592,HILLSBOROUGH COUNTY,ALJO,0.070000,0.060000,0.010000,0,0
FL,33593,PASCO COUNTY,AMBQ,0.070000,0.060000,0.010000,0,0
FL,33594,HILLSBOROUGH COUNTY,ALJO,0.070000,0.060000,0.010000,0,0
FL,33595,HILLSBOROUGH COUNTY,ALJO,0.070000,0.060000,0.010000,0,0
FL,33596,HILLSBOROUGH COUNTY,ALJO,0.070000,0.060000,0.010000,0,0
FL,33597,SUMTER COUNTY,AMKW,0.070000,0.060000,0.010000,0,0
FL,33598,HILLSBOROUGH COUNTY,ALJO,0.070000,0.060000,0.010000,0,0
FL,33601,HILLSBOROUGH COUNTY,ALJO,0.070000,0.060000,0.010000,0,0
FL,33602,HILLSBOROUGH COUNTY,ALJO,0.070000,0.060000,0.010000,0,0
FL,33603,HILLSBOROUGH COUNTY,ALJO,0.070000,0.060000,0.010000,0,0
FL,33604,HILLSBOROUGH COUNTY,ALJO,0.070000,0.060000,0.010000,0,0
FL,33605,HILLSBOROUGH COUNTY,ALJO,0.070000,0.060000,0.010000,0,0
FL,33606,HILLSBOROUGH COUNTY,ALJO,0.070000,0.060000,0.010000,0,0
FL,33607,HILLSBOROUGH COUNTY,ALJO,0.070000,0.060000,0.010000,0,0
FL,33608,HILLSBOROUGH COUNTY,ALJO,0.070000,0.060000,0.010000,0,0
FL,33609,HILLSBOROUGH COUNTY,ALJO,0.070000,0.060000,0.010000,0,0
FL,33610,HILLSBOROUGH COUNTY,ALJO,0.070000,0.060000,0.010000,0,0
FL,33611,HILLSBOROUGH COUNTY,ALJO,0.070000,0.060000,0.010000,0,0
FL,33612,HILLSBOROUGH COUNTY,ALJO,0.070000,0.060000,0.010000,0,0
FL,33613,HILLSBOROUGH COUNTY,ALJO,0.070000,0.060000,0.010000,0,0
FL,33614,HILLSBOROUGH COUNTY,ALJO,0.070000,0.060000,0.010000,0,0
FL,33615,HILLSBOROUGH COUNTY,ALJO,0.070000,0.060000,0.010000,0,0
FL,33616,HILLSBOROUGH COUNTY,ALJO,0.070000,0.060000,0.010000,0,0
FL,33617,HILLSBOROUGH COUNTY,ALJO,0.070000,0.060000,0.010000,0,0
FL,33618,HILLSBOROUGH COUNTY,ALJO,0.070000,0.060000,0.010000,0,0
FL,33619,HILLSBOROUGH COUNTY,ALJO,0.070000,0.060000,0.010000,0,0
FL,33620,HILLSBOROUGH COUNTY,ALJO,0.070000,0.060000,0.010000,0,0
FL,33621,HILLSBOROUGH COUNTY,ALJO,0.070000,0.060000,0.010000,0,0
FL,33622,HILLSBOROUGH COUNTY,ALJO,0.070000,0.060000,0.010000,0,0
FL,33623,HILLSBOROUGH COUNTY,ALJO,0.070000,0.060000,0.010000,0,0
FL,33624,HILLSBOROUGH COUNTY,ALJO,0.070000,0.060000,0.010000,0,0
FL,33625,HILLSBOROUGH COUNTY,ALJO,0.070000,0.060000,0.010000,0,0
FL,33626,HILLSBOROUGH COUNTY,ALJO,0.070000,0.060000,0.010000,0,0
FL,33629,HILLSBOROUGH COUNTY,ALJO,0.070000,0.060000,0.010000,0,0
FL,33630,HILLSBOROUGH COUNTY,ALJO,0.070000,0.060000,0.010000,0,0
FL,33631,HILLSBOROUGH COUNTY,ALJO,0.070000,0.060000,0.010000,0,0
FL,33633,HILLSBOROUGH COUNTY,ALJO,0.070000,0.060000,0.010000,0,0
FL,33634,HILLSBOROUGH COUNTY,ALJO,0.070000,0.060000,0.010000,0,0
FL,33635,HILLSBOROUGH COUNTY,ALJO,0.070000,0.060000,0.010000,0,0
FL,33637,HILLSBOROUGH COUNTY,ALJO,0.070000,0.060000,0.010000,0,0
FL,33646,HILLSBOROUGH COUNTY,ALJO,0.070000,0.060000,0.010000,0,0
FL,33647,HILLSBOROUGH COUNTY,ALJO,0.070000,0.060000,0.010000,0,0
FL,33650,HILLSBOROUGH COUNTY,ALJO,0.070000,0.060000,0.010000,0,0
FL,33655,HILLSBOROUGH COUNTY,ALJO,0.070000,0.060000,0.010000,0,0
FL,33660,HILLSBOROUGH COUNTY,ALJO,0.070000,0.060000,0.010000,0,0
FL,33661,HILLSBOROUGH COUNTY,ALJO,0.070000,0.060000,0.010000,0,0
FL,33662,HILLSBOROUGH COUNTY,ALJO,0.070000,0.060000,0.010000,0,0
FL,33663,HILLSBOROUGH COUNTY,ALJO,0.070000,0.060000,0.010000,0,0
FL,33664,HILLSBOROUGH COUNTY,ALJO,0.070000,0.060000,0.010000,0,0
FL,33672,HILLSBOROUGH COUNTY,ALJO,0.070000,0.060000,0.010000,0,0
FL,33673,HILLSBOROUGH COUNTY,ALJO,0.070000,0.060000,0.010000,0,0
FL,33674,HILLSBOROUGH COUNTY,ALJO,0.070000,0.060000,0.010000,0,0
FL,33675,HILLSBOROUGH COUNTY,ALJO,0.070000,0.060000,0.010000,0,0
FL,33677,HILLSBOROUGH COUNTY,ALJO,0.070000,0.060000,0.010000,0,0
FL,33679,HILLSBOROUGH COUNTY,ALJO,0.070000,0.060000,0.010000,0,0
FL,33680,HILLSBOROUGH COUNTY,ALJO,0.070000,0.060000,0.010000,0,0
FL,33681,HILLSBOROUGH COUNTY,ALJO,0.070000,0.060000,0.010000,0,0
FL,33682,HILLSBOROUGH COUNTY,ALJO,0.070000,0.060000,0.010000,0,0
FL,33684,HILLSBOROUGH COUNTY,ALJO,0.070000,0.060000,0.010000,0,0
FL,33685,HILLSBOROUGH COUNTY,ALJO,0.070000,0.060000,0.010000,0,0
FL,33686,HILLSBOROUGH COUNTY,ALJO,0.070000,0.060000,0.010000,0,0
FL,33687,HILLSBOROUGH COUNTY,ALJO,0.070000,0.060000,0.010000,0,0
FL,33688,HILLSBOROUGH COUNTY,ALJO,0.070000,0.060000,0.010000,0,0
FL,33689,HILLSBOROUGH COUNTY,ALJO,0.070000,0.060000,0.010000,0,0
FL,33694,HILLSBOROUGH COUNTY,ALJO,0.070000,0.060000,0.010000,0,0
FL,33701,PINELLAS COUNTY,AMDA,0.070000,0.060000,0.010000,0,0
FL,33702,PINELLAS COUNTY,AMDA,0.070000,0.060000,0.010000,0,0
FL,33703,PINELLAS COUNTY,AMDA,0.070000,0.060000,0.010000,0,0
FL,33704,PINELLAS COUNTY,AMDA,0.070000,0.060000,0.010000,0,0
FL,33705,PINELLAS COUNTY,AMDA,0.070000,0.060000,0.010000,0,0
FL,33706,PINELLAS COUNTY,AMDA,0.070000,0.060000,0.010000,0,0
FL,33707,PINELLAS COUNTY,AMDA,0.070000,0.060000,0.010000,0,0
FL,33708,PINELLAS COUNTY,AMDA,0.070000,0.060000,0.010000,0,0
FL,33709,PINELLAS COUNTY,AMDA,0.070000,0.060000,0.010000,0,0
FL,33710,PINELLAS COUNTY,AMDA,0.070000,0.060000,0.010000,0,0
FL,33711,PINELLAS COUNTY,AMDA,0.070000,0.060000,0.010000,0,0
FL,33712,PINELLAS COUNTY,AMDA,0.070000,0.060000,0.010000,0,0
FL,33713,PINELLAS COUNTY,AMDA,0.070000,0.060000,0.010000,0,0
FL,33714,PINELLAS COUNTY,AMDA,0.070000,0.060000,0.010000,0,0
FL,33715,PINELLAS COUNTY,AMDA,0.070000,0.060000,0.010000,0,0
FL,33716,PINELLAS COUNTY,AMDA,0.070000,0.060000,0.010000,0,0
FL,33729,PINELLAS COUNTY,AMDA,0.070000,0.060000,0.010000,0,0
FL,33730,PINELLAS COUNTY,AMDA,0.070000,0.060000,0.010000,0,0
FL,33731,PINELLAS COUNTY,AMDA,0.070000,0.060000,0.010000,0,0
FL,33732,PINELLAS COUNTY,AMDA,0.070000,0.060000,0.010000,0,0
FL,33733,PINELLAS COUNTY,AMDA,0.070000,0.060000,0.010000,0,0
FL,33734,PINELLAS COUNTY,AMDA,0.070000,0.060000,0.010000,0,0
FL,33736,PINELLAS COUNTY,AMDA,0.070000,0.060000,0.010000,0,0
FL,33737,PINELLAS COUNTY,AMDA,0.070000,0.060000,0.010000,0,0
FL,33738,PINELLAS COUNTY,AMDA,0.070000,0.060000,0.010000,0,0
FL,33740,PINELLAS COUNTY,AMDA,0.070000,0.060000,0.010000,0,0
FL,33741,PINELLAS COUNTY,AMDA,0.070000,0.060000,0.010000,0,0
FL,33742,PINELLAS COUNTY,AMDA,0.070000,0.060000,0.010000,0,0
FL,33743,PINELLAS COUNTY,AMDA,0.070000,0.060000,0.010000,0,0
FL,33744,PINELLAS COUNTY,AMDA,0.070000,0.060000,0.010000,0,0
FL,33747,PINELLAS COUNTY,AMDA,0.070000,0.060000,0.010000,0,0
FL,33755,PINELLAS COUNTY,AMDA,0.070000,0.060000,0.010000,0,0
FL,33756,PINELLAS COUNTY,AMDA,0.070000,0.060000,0.010000,0,0
FL,33757,PINELLAS COUNTY,AMDA,0.070000,0.060000,0.010000,0,0
FL,33758,PINELLAS COUNTY,AMDA,0.070000,0.060000,0.010000,0,0
FL,33759,PINELLAS COUNTY,AMDA,0.070000,0.060000,0.010000,0,0
FL,33760,PINELLAS COUNTY,AMDA,0.070000,0.060000,0.010000,0,0
FL,33761,PINELLAS COUNTY,AMDA,0.070000,0.060000,0.010000,0,0
FL,33762,PINELLAS COUNTY,AMDA,0.070000,0.060000,0.010000,0,0
FL,33763,PINELLAS COUNTY,AMDA,0.070000,0.060000,0.010000,0,0
FL,33764,PINELLAS COUNTY,AMDA,0.070000,0.060000,0.010000,0,0
FL,33765,PINELLAS COUNTY,AMDA,0.070000,0.060000,0.010000,0,0
FL,33766,PINELLAS COUNTY,AMDA,0.070000,0.060000,0.010000,0,0
FL,33767,PINELLAS COUNTY,AMDA,0.070000,0.060000,0.010000,0,0
FL,33769,PINELLAS COUNTY,AMDA,0.070000,0.060000,0.010000,0,0
FL,33770,PINELLAS COUNTY,AMDA,0.070000,0.060000,0.010000,0,0
FL,33771,PINELLAS COUNTY,AMDA,0.070000,0.060000,0.010000,0,0
FL,33772,PINELLAS COUNTY,AMDA,0.070000,0.060000,0.010000,0,0
FL,33773,PINELLAS COUNTY,AMDA,0.070000,0.060000,0.010000,0,0
FL,33774,PINELLAS COUNTY,AMDA,0.070000,0.060000,0.010000,0,0
FL,33775,PINELLAS COUNTY,AMDA,0.070000,0.060000,0.010000,0,0
FL,33776,PINELLAS COUNTY,AMDA,0.070000,0.060000,0.010000,0,0
FL,33777,PINELLAS COUNTY,AMDA,0.070000,0.060000,0.010000,0,0
FL,33778,PINELLAS COUNTY,AMDA,0.070000,0.060000,0.010000,0,0
FL,33779,PINELLAS COUNTY,AMDA,0.070000,0.060000,0.010000,0,0
FL,33780,PINELLAS COUNTY,AMDA,0.070000,0.060000,0.010000,0,0
FL,33781,PINELLAS COUNTY,AMDA,0.070000,0.060000,0.010000,0,0
FL,33782,PINELLAS COUNTY,AMDA,0.070000,0.060000,0.010000,0,0
FL,33784,PINELLAS COUNTY,AMDA,0.070000,0.060000,0.010000,0,0
FL,33785,PINELLAS COUNTY,AMDA,0.070000,0.060000,0.010000,0,0
FL,33786,PINELLAS COUNTY,AMDA,0.070000,0.060000,0.010000,0,0
FL,33801,POLK COUNTY,AMEG,0.070000,0.060000,0.010000,0,0
FL,33802,POLK COUNTY,AMEG,0.070000,0.060000,0.010000,0,0
FL,33803,POLK COUNTY,AMEG,0.070000,0.060000,0.010000,0,0
FL,33804,POLK COUNTY,AMEG,0.070000,0.060000,0.010000,0,0
FL,33805,POLK COUNTY,AMEG,0.070000,0.060000,0.010000,0,0
FL,33806,POLK COUNTY,AMEG,0.070000,0.060000,0.010000,0,0
FL,33807,POLK COUNTY,AMEG,0.070000,0.060000,0.010000,0,0
FL,33809,POLK COUNTY,AMEG,0.070000,0.060000,0.010000,0,0
FL,33810,POLK COUNTY,AMEG,0.070000,0.060000,0.010000,0,0
FL,33811,POLK COUNTY,AMEG,0.070000,0.060000,0.010000,0,0
FL,33812,POLK COUNTY,AMEG,0.070000,0.060000,0.010000,0,0
FL,33813,POLK COUNTY,AMEG,0.070000,0.060000,0.010000,0,0
FL,33815,POLK COUNTY,AMEG,0.070000,0.060000,0.010000,0,0
FL,33820,POLK COUNTY,AMEG,0.070000,0.060000,0.010000,0,0
FL,33823,POLK COUNTY,AMEG,0.070000,0.060000,0.010000,0,0
FL,33825,HIGHLANDS COUNTY,ALJC,0.070000,0.060000,0.010000,0,0
FL,33826,HIGHLANDS COUNTY,ALJC,0.070000,0.060000,0.010000,0,0
FL,33827,POLK COUNTY,AMEG,0.070000,0.060000,0.010000,0,0
FL,33830,POLK COUNTY,AMEG,0.070000,0.060000,0.010000,0,0
FL,33831,POLK COUNTY,AMEG,0.070000,0.060000,0.010000,0,0
FL,33834,HARDEE COUNTY,ALIA,0.070000,0.060000,0.010000,0,0
FL,33835,POLK COUNTY,AMEG,0.070000,0.060000,0.010000,0,0
FL,33836,POLK COUNTY,AMEG,0.070000,0.060000,0.010000,0,0
FL,33837,POLK COUNTY,AMEG,0.070000,0.060000,0.010000,0,0
FL,33838,POLK COUNTY,AMEG,0.070000,0.060000,0.010000,0,0
FL,33839,POLK COUNTY,AMEG,0.070000,0.060000,0.010000,0,0
FL,33840,POLK COUNTY,AMEG,0.070000,0.060000,0.010000,0,0
FL,33841,POLK COUNTY,AMEG,0.070000,0.060000,0.010000,0,0
FL,33843,POLK COUNTY,AMEG,0.070000,0.060000,0.010000,0,0
FL,33844,POLK COUNTY,AMEG,0.070000,0.060000,0.010000,0,0
FL,33845,POLK COUNTY,AMEG,0.070000,0.060000,0.010000,0,0
FL,33846,POLK COUNTY,AMEG,0.070000,0.060000,0.010000,0,0
FL,33847,POLK COUNTY,AMEG,0.070000,0.060000,0.010000,0,0
FL,33848,OSCEOLA COUNTY,ALZY,0.070000,0.060000,0.010000,0,0
FL,33849,POLK COUNTY,AMEG,0.070000,0.060000,0.010000,0,0
FL,33850,POLK COUNTY,AMEG,0.070000,0.060000,0.010000,0,0
FL,33851,POLK COUNTY,AMEG,0.070000,0.060000,0.010000,0,0
FL,33852,HIGHLANDS COUNTY,ALJC,0.070000,0.060000,0.010000,0,0
FL,33853,POLK COUNTY,AMEG,0.070000,0.060000,0.010000,0,0
FL,33854,POLK COUNTY,AMEG,0.070000,0.060000,0.010000,0,0
FL,33855,POLK COUNTY,AMEG,0.070000,0.060000,0.010000,0,0
FL,33856,POLK COUNTY,AMEG,0.070000,0.060000,0.010000,0,0
FL,33857,HIGHLANDS COUNTY,ALJC,0.070000,0.060000,0.010000,0,0
FL,33858,POLK COUNTY,AMEG,0.070000,0.060000,0.010000,0,0
FL,33859,POLK COUNTY,AMEG,0.070000,0.060000,0.010000,0,0
FL,33860,POLK COUNTY,AMEG,0.070000,0.060000,0.010000,0,0
FL,33862,HIGHLANDS COUNTY,ALJC,0.070000,0.060000,0.010000,0,0
FL,33863,POLK COUNTY,AMEG,0.070000,0.060000,0.010000,0,0
FL,33865,HARDEE COUNTY,ALIA,0.070000,0.060000,0.010000,0,0
FL,33867,POLK COUNTY,AMEG,0.070000,0.060000,0.010000,0,0
FL,33868,POLK COUNTY,AMEG,0.070000,0.060000,0.010000,0,0
FL,33870,HIGHLANDS COUNTY,ALJC,0.070000,0.060000,0.010000,0,0
FL,33871,HIGHLANDS COUNTY,ALJC,0.070000,0.060000,0.010000,0,0
FL,33872,HIGHLANDS COUNTY,ALJC,0.070000,0.060000,0.010000,0,0
FL,33873,HARDEE COUNTY,ALIA,0.070000,0.060000,0.010000,0,0
FL,33875,HIGHLANDS COUNTY,ALJC,0.070000,0.060000,0.010000,0,0
FL,33876,HIGHLANDS COUNTY,ALJC,0.070000,0.060000,0.010000,0,0
FL,33877,POLK COUNTY,AMEG,0.070000,0.060000,0.010000,0,0
FL,33880,POLK COUNTY,AMEG,0.070000,0.060000,0.010000,0,0
FL,33881,POLK COUNTY,AMEG,0.070000,0.060000,0.010000,0,0
FL,33882,POLK COUNTY,AMEG,0.070000,0.060000,0.010000,0,0
FL,33883,POLK COUNTY,AMEG,0.070000,0.060000,0.010000,0,0
FL,33884,POLK COUNTY,AMEG,0.070000,0.060000,0.010000,0,0
FL,33885,POLK COUNTY,AMEG,0.070000,0.060000,0.010000,0,0
FL,33888,POLK COUNTY,AMEG,0.070000,0.060000,0.010000,0,0
FL,33890,HARDEE COUNTY,ALIA,0.070000,0.060000,0.010000,0,0
FL,33896,POLK COUNTY,AMEG,0.070000,0.060000,0.010000,0,0
FL,33897,POLK COUNTY,AMEG,0.070000,0.060000,0.010000,0,0
FL,33898,POLK COUNTY,AMEG,0.070000,0.060000,0.010000,0,0
FL,33901,FLORIDA STATE,AKUY,0.060000,0.060000,0,0,0
FL,33902,FLORIDA STATE,AKUY,0.060000,0.060000,0,0,0
FL,33903,FLORIDA STATE,AKUY,0.060000,0.060000,0,0,0
FL,33904,FLORIDA STATE,AKUY,0.060000,0.060000,0,0,0
FL,33905,FLORIDA STATE,AKUY,0.060000,0.060000,0,0,0
FL,33906,FLORIDA STATE,AKUY,0.060000,0.060000,0,0,0
FL,33907,FLORIDA STATE,AKUY,0.060000,0.060000,0,0,0
FL,33908,FLORIDA STATE,AKUY,0.060000,0.060000,0,0,0
FL,33909,FLORIDA STATE,AKUY,0.060000,0.060000,0,0,0
FL,33910,FLORIDA STATE,AKUY,0.060000,0.060000,0,0,0
FL,33911,FLORIDA STATE,AKUY,0.060000,0.060000,0,0,0
FL,33912,FLORIDA STATE,AKUY,0.060000,0.060000,0,0,0
FL,33913,FLORIDA STATE,AKUY,0.060000,0.060000,0,0,0
FL,33914,FLORIDA STATE,AKUY,0.060000,0.060000,0,0,0
FL,33915,FLORIDA STATE,AKUY,0.060000,0.060000,0,0,0
FL,33916,FLORIDA STATE,AKUY,0.060000,0.060000,0,0,0
FL,33917,FLORIDA STATE,AKUY,0.060000,0.060000,0,0,0
FL,33918,FLORIDA STATE,AKUY,0.060000,0.060000,0,0,0
FL,33919,FLORIDA STATE,AKUY,0.060000,0.060000,0,0,0
FL,33920,FLORIDA STATE,AKUY,0.060000,0.060000,0,0,0
FL,33921,FLORIDA STATE,AKUY,0.060000,0.060000,0,0,0
FL,33922,FLORIDA STATE,AKUY,0.060000,0.060000,0,0,0
FL,33924,FLORIDA STATE,AKUY,0.060000,0.060000,0,0,0
FL,33927,CHARLOTTE COUNTY,ALAI,0.070000,0.060000,0.010000,0,0
FL,33928,FLORIDA STATE,AKUY,0.060000,0.060000,0,0,0
FL,33929,FLORIDA STATE,AKUY,0.060000,0.060000,0,0,0
FL,33930,HENDRY COUNTY,ALIK,0.070000,0.060000,0.010000,0,0
FL,33931,FLORIDA STATE,AKUY,0.060000,0.060000,0,0,0
FL,33932,FLORIDA STATE,AKUY,0.060000,0.060000,0,0,0
FL,33935,HENDRY COUNTY,ALIK,0.070000,0.060000,0.010000,0,0
FL,33936,FLORIDA STATE,AKUY,0.060000,0.060000,0,0,0
FL,33938,CHARLOTTE COUNTY,ALAI,0.070000,0.060000,0.010000,0,0
FL,33944,GLADES COUNTY,ALHE,0.070000,0.060000,0.010000,0,0
FL,33945,FLORIDA STATE,AKUY,0.060000,0.060000,0,0,0
FL,33946,CHARLOTTE COUNTY,ALAI,0.070000,0.060000,0.010000,0,0
FL,33947,CHARLOTTE COUNTY,ALAI,0.070000,0.060000,0.010000,0,0
FL,33948,CHARLOTTE COUNTY,ALAI,0.070000,0.060000,0.010000,0,0
FL,33949,CHARLOTTE COUNTY,ALAI,0.070000,0.060000,0.010000,0,0
FL,33950,CHARLOTTE COUNTY,ALAI,0.070000,0.060000,0.010000,0,0
FL,33951,CHARLOTTE COUNTY,ALAI,0.070000,0.060000,0.010000,0,0
FL,33952,CHARLOTTE COUNTY,ALAI,0.070000,0.060000,0.010000,0,0
FL,33953,CHARLOTTE COUNTY,ALAI,0.070000,0.060000,0.010000,0,0
FL,33954,CHARLOTTE COUNTY,ALAI,0.070000,0.060000,0.010000,0,0
FL,33955,CHARLOTTE COUNTY,ALAI,0.070000,0.060000,0.010000,0,0
FL,33956,FLORIDA STATE,AKUY,0.060000,0.060000,0,0,0
FL,33957,FLORIDA STATE,AKUY,0.060000,0.060000,0,0,0
FL,33960,HIGHLANDS COUNTY,ALJC,0.070000,0.060000,0.010000,0,0
FL,33965,FLORIDA STATE,AKUY,0.060000,0.060000,0,0,0
FL,33966,FLORIDA STATE,AKUY,0.060000,0.060000,0,0,0
FL,33967,FLORIDA STATE,AKUY,0.060000,0.060000,0,0,0
FL,33970,FLORIDA STATE,AKUY,0.060000,0.060000,0,0,0
FL,33971,FLORIDA STATE,AKUY,0.060000,0.060000,0,0,0
FL,33972,FLORIDA STATE,AKUY,0.060000,0.060000,0,0,0
FL,33973,FLORIDA STATE,AKUY,0.060000,0.060000,0,0,0
FL,33974,FLORIDA STATE,AKUY,0.060000,0.060000,0,0,0
FL,33975,HENDRY COUNTY,ALIK,0.070000,0.060000,0.010000,0,0
FL,33976,FLORIDA STATE,AKUY,0.060000,0.060000,0,0,0
FL,33980,CHARLOTTE COUNTY,ALAI,0.070000,0.060000,0.010000,0,0
FL,33981,CHARLOTTE COUNTY,ALAI,0.070000,0.060000,0.010000,0,0
FL,33982,CHARLOTTE COUNTY,ALAI,0.070000,0.060000,0.010000,0,0
FL,33983,CHARLOTTE COUNTY,ALAI,0.070000,0.060000,0.010000,0,0
FL,33990,FLORIDA STATE,AKUY,0.060000,0.060000,0,0,0
FL,33991,FLORIDA STATE,AKUY,0.060000,0.060000,0,0,0
FL,33993,FLORIDA STATE,AKUY,0.060000,0.060000,0,0,0
FL,33994,FLORIDA STATE,AKUY,0.060000,0.060000,0,0,0
FL,34101,FLORIDA STATE,AKUY,0.060000,0.060000,0,0,0
FL,34102,FLORIDA STATE,AKUY,0.060000,0.060000,0,0,0
FL,34103,FLORIDA STATE,AKUY,0.060000,0.060000,0,0,0
FL,34104,FLORIDA STATE,AKUY,0.060000,0.060000,0,0,0
FL,34105,FLORIDA STATE,AKUY,0.060000,0.060000,0,0,0
FL,34106,FLORIDA STATE,AKUY,0.060000,0.060000,0,0,0
FL,34107,FLORIDA STATE,AKUY,0.060000,0.060000,0,0,0
FL,34108,FLORIDA STATE,AKUY,0.060000,0.060000,0,0,0
FL,34109,FLORIDA STATE,AKUY,0.060000,0.060000,0,0,0
FL,34110,FLORIDA STATE,AKUY,0.060000,0.060000,0,0,0
FL,34112,FLORIDA STATE,AKUY,0.060000,0.060000,0,0,0
FL,34113,FLORIDA STATE,AKUY,0.060000,0.060000,0,0,0
FL,34114,FLORIDA STATE,AKUY,0.060000,0.060000,0,0,0
FL,34116,FLORIDA STATE,AKUY,0.060000,0.060000,0,0,0
FL,34117,FLORIDA STATE,AKUY,0.060000,0.060000,0,0,0
FL,34119,FLORIDA STATE,AKUY,0.060000,0.060000,0,0,0
FL,34120,FLORIDA STATE,AKUY,0.060000,0.060000,0,0,0
FL,34133,FLORIDA STATE,AKUY,0.060000,0.060000,0,0,0
FL,34134,FLORIDA STATE,AKUY,0.060000,0.060000,0,0,0
FL,34135,FLORIDA STATE,AKUY,0.060000,0.060000,0,0,0
FL,34136,FLORIDA STATE,AKUY,0.060000,0.060000,0,0,0
FL,34137,FLORIDA STATE,AKUY,0.060000,0.060000,0,0,0
FL,34138,FLORIDA STATE,AKUY,0.060000,0.060000,0,0,0
FL,34139,FLORIDA STATE,AKUY,0.060000,0.060000,0,0,0
FL,34140,FLORIDA STATE,AKUY,0.060000,0.060000,0,0,0
FL,34141,FLORIDA STATE,AKUY,0.060000,0.060000,0,0,0
FL,34142,FLORIDA STATE,AKUY,0.060000,0.060000,0,0,0
FL,34143,FLORIDA STATE,AKUY,0.060000,0.060000,0,0,0
FL,34145,FLORIDA STATE,AKUY,0.060000,0.060000,0,0,0
FL,34146,FLORIDA STATE,AKUY,0.060000,0.060000,0,0,0
FL,34201,MANATEE COUNTY,ALSO,0.065000,0.060000,0.005000,0,0
FL,34202,MANATEE COUNTY,ALSO,0.065000,0.060000,0.005000,0,0
FL,34203,MANATEE COUNTY,ALSO,0.065000,0.060000,0.005000,0,0
FL,34204,MANATEE COUNTY,ALSO,0.065000,0.060000,0.005000,0,0
FL,34205,MANATEE COUNTY,ALSO,0.065000,0.060000,0.005000,0,0
FL,34206,MANATEE COUNTY,ALSO,0.065000,0.060000,0.005000,0,0
FL,34207,MANATEE COUNTY,ALSO,0.065000,0.060000,0.005000,0,0
FL,34208,MANATEE COUNTY,ALSO,0.065000,0.060000,0.005000,0,0
FL,34209,MANATEE COUNTY,ALSO,0.065000,0.060000,0.005000,0,0
FL,34210,MANATEE COUNTY,ALSO,0.065000,0.060000,0.005000,0,0
FL,34211,MANATEE COUNTY,ALSO,0.065000,0.060000,0.005000,0,0
FL,34212,MANATEE COUNTY,ALSO,0.065000,0.060000,0.005000,0,0
FL,34215,MANATEE COUNTY,ALSO,0.065000,0.060000,0.005000,0,0
FL,34216,MANATEE COUNTY,ALSO,0.065000,0.060000,0.005000,0,0
FL,34217,MANATEE COUNTY,ALSO,0.065000,0.060000,0.005000,0,0
FL,34218,MANATEE COUNTY,ALSO,0.065000,0.060000,0.005000,0,0
FL,34219,MANATEE COUNTY,ALSO,0.065000,0.060000,0.005000,0,0
FL,34220,MANATEE COUNTY,ALSO,0.065000,0.060000,0.005000,0,0
FL,34221,MANATEE COUNTY,ALSO,0.065000,0.060000,0.005000,0,0
FL,34222,MANATEE COUNTY,ALSO,0.065000,0.060000,0.005000,0,0
FL,34223,SARASOTA COUNTY,AMIK,0.070000,0.060000,0.010000,0,0
FL,34224,CHARLOTTE COUNTY,ALAI,0.070000,0.060000,0.010000,0,0
FL,34228,SARASOTA COUNTY,AMIK,0.070000,0.060000,0.010000,0,0
FL,34229,SARASOTA COUNTY,AMIK,0.070000,0.060000,0.010000,0,0
FL,34230,SARASOTA COUNTY,AMIK,0.070000,0.060000,0.010000,0,0
FL,34231,SARASOTA COUNTY,AMIK,0.070000,0.060000,0.010000,0,0
FL,34232,SARASOTA COUNTY,AMIK,0.070000,0.060000,0.010000,0,0
FL,34233,SARASOTA COUNTY,AMIK,0.070000,0.060000,0.010000,0,0
FL,34234,SARASOTA COUNTY,AMIK,0.070000,0.060000,0.010000,0,0
FL,34235,SARASOTA COUNTY,AMIK,0.070000,0.060000,0.010000,0,0
FL,34236,SARASOTA COUNTY,AMIK,0.070000,0.060000,0.010000,0,0
FL,34237,SARASOTA COUNTY,AMIK,0.070000,0.060000,0.010000,0,0
FL,34238,SARASOTA COUNTY,AMIK,0.070000,0.060000,0.010000,0,0
FL,34239,SARASOTA COUNTY,AMIK,0.070000,0.060000,0.010000,0,0
FL,34240,SARASOTA COUNTY,AMIK,0.070000,0.060000,0.010000,0,0
FL,34241,SARASOTA COUNTY,AMIK,0.070000,0.060000,0.010000,0,0
FL,34242,SARASOTA COUNTY,AMIK,0.070000,0.060000,0.010000,0,0
FL,34243,MANATEE COUNTY,ALSO,0.065000,0.060000,0.005000,0,0
FL,34250,MANATEE COUNTY,ALSO,0.065000,0.060000,0.005000,0,0
FL,34251,MANATEE COUNTY,ALSO,0.065000,0.060000,0.005000,0,0
FL,34260,MANATEE COUNTY,ALSO,0.065000,0.060000,0.005000,0,0
FL,34264,MANATEE COUNTY,ALSO,0.065000,0.060000,0.005000,0,0
FL,34265,DE SOTO COUNTY,ALDY,0.070000,0.060000,0.010000,0,0
FL,34266,DE SOTO COUNTY,ALDY,0.070000,0.060000,0.010000,0,0
FL,34267,DE SOTO COUNTY,ALDY,0.070000,0.060000,0.010000,0,0
FL,34268,DE SOTO COUNTY,ALDY,0.070000,0.060000,0.010000,0,0
FL,34269,DE SOTO COUNTY,ALDY,0.070000,0.060000,0.010000,0,0
FL,34270,MANATEE COUNTY,ALSO,0.065000,0.060000,0.005000,0,0
FL,34272,SARASOTA COUNTY,AMIK,0.070000,0.060000,0.010000,0,0
FL,34274,SARASOTA COUNTY,AMIK,0.070000,0.060000,0.010000,0,0
FL,34275,SARASOTA COUNTY,AMIK,0.070000,0.060000,0.010000,0,0
FL,34276,SARASOTA COUNTY,AMIK,0.070000,0.060000,0.010000,0,0
FL,34277,SARASOTA COUNTY,AMIK,0.070000,0.060000,0.010000,0,0
FL,34278,SARASOTA COUNTY,AMIK,0.070000,0.060000,0.010000,0,0
FL,34280,MANATEE COUNTY,ALSO,0.065000,0.060000,0.005000,0,0
FL,34281,MANATEE COUNTY,ALSO,0.065000,0.060000,0.005000,0,0
FL,34282,MANATEE COUNTY,ALSO,0.065000,0.060000,0.005000,0,0
FL,34284,SARASOTA COUNTY,AMIK,0.070000,0.060000,0.010000,0,0
FL,34285,SARASOTA COUNTY,AMIK,0.070000,0.060000,0.010000,0,0
FL,34286,SARASOTA COUNTY,AMIK,0.070000,0.060000,0.010000,0,0
FL,34287,SARASOTA COUNTY,AMIK,0.070000,0.060000,0.010000,0,0
FL,34288,SARASOTA COUNTY,AMIK,0.070000,0.060000,0.010000,0,0
FL,34289,SARASOTA COUNTY,AMIK,0.070000,0.060000,0.010000,0,0
FL,34290,SARASOTA COUNTY,AMIK,0.070000,0.060000,0.010000,0,0
FL,34291,SARASOTA COUNTY,AMIK,0.070000,0.060000,0.010000,0,0
FL,34292,SARASOTA COUNTY,AMIK,0.070000,0.060000,0.010000,0,0
FL,34293,SARASOTA COUNTY,AMIK,0.070000,0.060000,0.010000,0,0
FL,34295,SARASOTA COUNTY,AMIK,0.070000,0.060000,0.010000,0,0
FL,34420,FLORIDA STATE,AKUY,0.060000,0.060000,0,0,0
FL,34421,FLORIDA STATE,AKUY,0.060000,0.060000,0,0,0
FL,34423,FLORIDA STATE,AKUY,0.060000,0.060000,0,0,0
FL,34428,FLORIDA STATE,AKUY,0.060000,0.060000,0,0,0
FL,34429,FLORIDA STATE,AKUY,0.060000,0.060000,0,0,0
FL,34430,FLORIDA STATE,AKUY,0.060000,0.060000,0,0,0
FL,34431,FLORIDA STATE,AKUY,0.060000,0.060000,0,0,0
FL,34432,FLORIDA STATE,AKUY,0.060000,0.060000,0,0,0
FL,34433,FLORIDA STATE,AKUY,0.060000,0.060000,0,0,0
FL,34434,FLORIDA STATE,AKUY,0.060000,0.060000,0,0,0
FL,34436,FLORIDA STATE,AKUY,0.060000,0.060000,0,0,0
FL,34441,FLORIDA STATE,AKUY,0.060000,0.060000,0,0,0
FL,34442,FLORIDA STATE,AKUY,0.060000,0.060000,0,0,0
FL,34445,FLORIDA STATE,AKUY,0.060000,0.060000,0,0,0
FL,34446,FLORIDA STATE,AKUY,0.060000,0.060000,0,0,0
FL,34447,FLORIDA STATE,AKUY,0.060000,0.060000,0,0,0
FL,34448,FLORIDA STATE,AKUY,0.060000,0.060000,0,0,0
FL,34449,LEVY COUNTY,ALQY,0.070000,0.060000,0.010000,0,0
FL,34450,FLORIDA STATE,AKUY,0.060000,0.060000,0,0,0
FL,34451,FLORIDA STATE,AKUY,0.060000,0.060000,0,0,0
FL,34452,FLORIDA STATE,AKUY,0.060000,0.060000,0,0,0
FL,34453,FLORIDA STATE,AKUY,0.060000,0.060000,0,0,0
FL,34460,FLORIDA STATE,AKUY,0.060000,0.060000,0,0,0
FL,34461,FLORIDA STATE,AKUY,0.060000,0.060000,0,0,0
FL,34464,FLORIDA STATE,AKUY,0.060000,0.060000,0,0,0
FL,34465,FLORIDA STATE,AKUY,0.060000,0.060000,0,0,0
FL,34470,FLORIDA STATE,AKUY,0.060000,0.060000,0,0,0
FL,34471,FLORIDA STATE,AKUY,0.060000,0.060000,0,0,0
FL,34472,FLORIDA STATE,AKUY,0.060000,0.060000,0,0,0
FL,34473,FLORIDA STATE,AKUY,0.060000,0.060000,0,0,0
FL,34474,FLORIDA STATE,AKUY,0.060000,0.060000,0,0,0
FL,34475,FLORIDA STATE,AKUY,0.060000,0.060000,0,0,0
FL,34476,FLORIDA STATE,AKUY,0.060000,0.060000,0,0,0
FL,34477,FLORIDA STATE,AKUY,0.060000,0.060000,0,0,0
FL,34478,FLORIDA STATE,AKUY,0.060000,0.060000,0,0,0
FL,34479,FLORIDA STATE,AKUY,0.060000,0.060000,0,0,0
FL,34480,FLORIDA STATE,AKUY,0.060000,0.060000,0,0,0
FL,34481,FLORIDA STATE,AKUY,0.060000,0.060000,0,0,0
FL,34482,FLORIDA STATE,AKUY,0.060000,0.060000,0,0,0
FL,34483,FLORIDA STATE,AKUY,0.060000,0.060000,0,0,0
FL,34484,SUMTER COUNTY,AMKW,0.070000,0.060000,0.010000,0,0
FL,34487,FLORIDA STATE,AKUY,0.060000,0.060000,0,0,0
FL,34488,FLORIDA STATE,AKUY,0.060000,0.060000,0,0,0
FL,34489,FLORIDA STATE,AKUY,0.060000,0.060000,0,0,0
FL,34491,FLORIDA STATE,AKUY,0.060000,0.060000,0,0,0
FL,34492,FLORIDA STATE,AKUY,0.060000,0.060000,0,0,0
FL,34498,LEVY COUNTY,ALQY,0.070000,0.060000,0.010000,0,0
FL,34601,HERNANDO COUNTY,ALIS,0.065000,0.060000,0.005000,0,0
FL,34602,HERNANDO COUNTY,ALIS,0.065000,0.060000,0.005000,0,0
FL,34603,HERNANDO COUNTY,ALIS,0.065000,0.060000,0.005000,0,0
FL,34604,HERNANDO COUNTY,ALIS,0.065000,0.060000,0.005000,0,0
FL,34605,HERNANDO COUNTY,ALIS,0.065000,0.060000,0.005000,0,0
FL,34606,HERNANDO COUNTY,ALIS,0.065000,0.060000,0.005000,0,0
FL,34607,HERNANDO COUNTY,ALIS,0.065000,0.060000,0.005000,0,0
FL,34608,HERNANDO COUNTY,ALIS,0.065000,0.060000,0.005000,0,0
FL,34609,HERNANDO COUNTY,ALIS,0.065000,0.060000,0.005000,0,0
FL,34610,PASCO COUNTY,AMBQ,0.070000,0.060000,0.010000,0,0
FL,34611,HERNANDO COUNTY,ALIS,0.065000,0.060000,0.005000,0,0
FL,34613,HERNANDO COUNTY,ALIS,0.065000,0.060000,0.005000,0,0
FL,34614,HERNANDO COUNTY,ALIS,0.065000,0.060000,0.005000,0,0
FL,34636,HERNANDO COUNTY,ALIS,0.065000,0.060000,0.005000,0,0
FL,34637,PASCO COUNTY,AMBQ,0.070000,0.060000,0.010000,0,0
FL,34638,PASCO COUNTY,AMBQ,0.070000,0.060000,0.010000,0,0
FL,34639,PASCO COUNTY,AMBQ,0.070000,0.060000,0.010000,0,0
FL,34652,PASCO COUNTY,AMBQ,0.070000,0.060000,0.010000,0,0
FL,34653,PASCO COUNTY,AMBQ,0.070000,0.060000,0.010000,0,0
FL,34654,PASCO COUNTY,AMBQ,0.070000,0.060000,0.010000,0,0
FL,34655,PASCO COUNTY,AMBQ,0.070000,0.060000,0.010000,0,0
FL,34656,PASCO COUNTY,AMBQ,0.070000,0.060000,0.010000,0,0
FL,34660,PINELLAS COUNTY,AMDA,0.070000,0.060000,0.010000,0,0
FL,34661,HERNANDO COUNTY,ALIS,0.065000,0.060000,0.005000,0,0
FL,34667,PASCO COUNTY,AMBQ,0.070000,0.060000,0.010000,0,0
FL,34668,PASCO COUNTY,AMBQ,0.070000,0.060000,0.010000,0,0
FL,34669,PASCO COUNTY,AMBQ,0.070000,0.060000,0.010000,0,0
FL,34673,PASCO COUNTY,AMBQ,0.070000,0.060000,0.010000,0,0
FL,34674,PASCO COUNTY,AMBQ,0.070000,0.060000,0.010000,0,0
FL,34677,PINELLAS COUNTY,AMDA,0.070000,0.060000,0.010000,0,0
FL,34679,PASCO COUNTY,AMBQ,0.070000,0.060000,0.010000,0,0
FL,34680,PASCO COUNTY,AMBQ,0.070000,0.060000,0.010000,0,0
FL,34681,PINELLAS COUNTY,AMDA,0.070000,0.060000,0.010000,0,0
FL,34682,PINELLAS COUNTY,AMDA,0.070000,0.060000,0.010000,0,0
FL,34683,PINELLAS COUNTY,AMDA,0.070000,0.060000,0.010000,0,0
FL,34684,PINELLAS COUNTY,AMDA,0.070000,0.060000,0.010000,0,0
FL,34685,PINELLAS COUNTY,AMDA,0.070000,0.060000,0.010000,0,0
FL,34688,PINELLAS COUNTY,AMDA,0.070000,0.060000,0.010000,0,0
FL,34689,PINELLAS COUNTY,AMDA,0.070000,0.060000,0.010000,0,0
FL,34690,PASCO COUNTY,AMBQ,0.070000,0.060000,0.010000,0,0
FL,34691,PASCO COUNTY,AMBQ,0.070000,0.060000,0.010000,0,0
FL,34692,PASCO COUNTY,AMBQ,0.070000,0.060000,0.010000,0,0
FL,34695,PINELLAS COUNTY,AMDA,0.070000,0.060000,0.010000,0,0
FL,34697,PINELLAS COUNTY,AMDA,0.070000,0.060000,0.010000,0,0
FL,34698,PINELLAS COUNTY,AMDA,0.070000,0.060000,0.010000,0,0
FL,34705,LAKE COUNTY,ALNQ,0.070000,0.060000,0.010000,0,0
FL,34711,LAKE COUNTY,ALNQ,0.070000,0.060000,0.010000,0,0
FL,34712,LAKE COUNTY,ALNQ,0.070000,0.060000,0.010000,0,0
FL,34713,LAKE COUNTY,ALNQ,0.070000,0.060000,0.010000,0,0
FL,34714,LAKE COUNTY,ALNQ,0.070000,0.060000,0.010000,0,0
FL,34715,LAKE COUNTY,ALNQ,0.070000,0.060000,0.010000,0,0
FL,34729,LAKE COUNTY,ALNQ,0.070000,0.060000,0.010000,0,0
FL,34731,LAKE COUNTY,ALNQ,0.070000,0.060000,0.010000,0,0
FL,34734,ORANGE COUNTY,ALYO,0.065000,0.060000,0.005000,0,0
FL,34736,LAKE COUNTY,ALNQ,0.070000,0.060000,0.010000,0,0
FL,34737,LAKE COUNTY,ALNQ,0.070000,0.060000,0.010000,0,0
FL,34739,OSCEOLA COUNTY,ALZY,0.070000,0.060000,0.010000,0,0
FL,34740,ORANGE COUNTY,ALYO,0.065000,0.060000,0.005000,0,0
FL,34741,OSCEOLA COUNTY,ALZY,0.070000,0.060000,0.010000,0,0
FL,34742,OSCEOLA COUNTY,ALZY,0.070000,0.060000,0.010000,0,0
FL,34743,OSCEOLA COUNTY,ALZY,0.070000,0.060000,0.010000,0,0
FL,34744,OSCEOLA COUNTY,ALZY,0.070000,0.060000,0.010000,0,0
FL,34745,OSCEOLA COUNTY,ALZY,0.070000,0.060000,0.010000,0,0
FL,34746,OSCEOLA COUNTY,ALZY,0.070000,0.060000,0.010000,0,0
FL,34747,OSCEOLA COUNTY,ALZY,0.070000,0.060000,0.010000,0,0
FL,34748,LAKE COUNTY,ALNQ,0.070000,0.060000,0.010000,0,0
FL,34749,LAKE COUNTY,ALNQ,0.070000,0.060000,0.010000,0,0
FL,34753,LAKE COUNTY,ALNQ,0.070000,0.060000,0.010000,0,0
FL,34755,LAKE COUNTY,ALNQ,0.070000,0.060000,0.010000,0,0
FL,34756,LAKE COUNTY,ALNQ,0.070000,0.060000,0.010000,0,0
FL,34758,OSCEOLA COUNTY,ALZY,0.070000,0.060000,0.010000,0,0
FL,34759,POLK COUNTY,AMEG,0.070000,0.060000,0.010000,0,0
FL,34760,ORANGE COUNTY,ALYO,0.065000,0.060000,0.005000,0,0
FL,34761,ORANGE COUNTY,ALYO,0.065000,0.060000,0.005000,0,0
FL,34762,LAKE COUNTY,ALNQ,0.070000,0.060000,0.010000,0,0
FL,34769,OSCEOLA COUNTY,ALZY,0.070000,0.060000,0.010000,0,0
FL,34770,OSCEOLA COUNTY,ALZY,0.070000,0.060000,0.010000,0,0
FL,34771,OSCEOLA COUNTY,ALZY,0.070000,0.060000,0.010000,0,0
FL,34772,OSCEOLA COUNTY,ALZY,0.070000,0.060000,0.010000,0,0
FL,34773,OSCEOLA COUNTY,ALZY,0.070000,0.060000,0.010000,0,0
FL,34777,ORANGE COUNTY,ALYO,0.065000,0.060000,0.005000,0,0
FL,34778,ORANGE COUNTY,ALYO,0.065000,0.060000,0.005000,0,0
FL,34785,SUMTER COUNTY,AMKW,0.070000,0.060000,0.010000,0,0
FL,34786,ORANGE COUNTY,ALYO,0.065000,0.060000,0.005000,0,0
FL,34787,ORANGE COUNTY,ALYO,0.065000,0.060000,0.005000,0,0
FL,34788,LAKE COUNTY,ALNQ,0.070000,0.060000,0.010000,0,0
FL,34789,LAKE COUNTY,ALNQ,0.070000,0.060000,0.010000,0,0
FL,34797,LAKE COUNTY,ALNQ,0.070000,0.060000,0.010000,0,0
FL,34945,ST. LUCIE COUNTY,AMKQ,0.065000,0.060000,0.005000,0,0
FL,34946,ST. LUCIE COUNTY,AMKQ,0.065000,0.060000,0.005000,0,0
FL,34947,ST. LUCIE COUNTY,AMKQ,0.065000,0.060000,0.005000,0,0
FL,34948,ST. LUCIE COUNTY,AMKQ,0.065000,0.060000,0.005000,0,0
FL,34949,ST. LUCIE COUNTY,AMKQ,0.065000,0.060000,0.005000,0,0
FL,34950,ST. LUCIE COUNTY,AMKQ,0.065000,0.060000,0.005000,0,0
FL,34951,ST. LUCIE COUNTY,AMKQ,0.065000,0.060000,0.005000,0,0
FL,34952,ST. LUCIE COUNTY,AMKQ,0.065000,0.060000,0.005000,0,0
FL,34953,ST. LUCIE COUNTY,AMKQ,0.065000,0.060000,0.005000,0,0
FL,34954,ST. LUCIE COUNTY,AMKQ,0.065000,0.060000,0.005000,0,0
FL,34956,FLORIDA STATE,AKUY,0.060000,0.060000,0,0,0
FL,34957,FLORIDA STATE,AKUY,0.060000,0.060000,0,0,0
FL,34958,FLORIDA STATE,AKUY,0.060000,0.060000,0,0,0
FL,34972,OKEECHOBEE COUNTY,ALYK,0.070000,0.060000,0.010000,0,0
FL,34973,OKEECHOBEE COUNTY,ALYK,0.070000,0.060000,0.010000,0,0
FL,34974,OKEECHOBEE COUNTY,ALYK,0.070000,0.060000,0.010000,0,0
FL,34979,ST. LUCIE COUNTY,AMKQ,0.065000,0.060000,0.005000,0,0
FL,34981,ST. LUCIE COUNTY,AMKQ,0.065000,0.060000,0.005000,0,0
FL,34982,ST. LUCIE COUNTY,AMKQ,0.065000,0.060000,0.005000,0,0
FL,34983,ST. LUCIE COUNTY,AMKQ,0.065000,0.060000,0.005000,0,0
FL,34984,ST. LUCIE COUNTY,AMKQ,0.065000,0.060000,0.005000,0,0
FL,34985,ST. LUCIE COUNTY,AMKQ,0.065000,0.060000,0.005000,0,0
FL,34986,ST. LUCIE COUNTY,AMKQ,0.065000,0.060000,0.005000,0,0
FL,34987,ST. LUCIE COUNTY,AMKQ,0.065000,0.060000,0.005000,0,0
FL,34988,ST. LUCIE COUNTY,AMKQ,0.065000,0.060000,0.005000,0,0
FL,34990,FLORIDA STATE,AKUY,0.060000,0.060000,0,0,0
FL,34991,FLORIDA STATE,AKUY,0.060000,0.060000,0,0,0
FL,34992,FLORIDA STATE,AKUY,0.060000,0.060000,0,0,0
FL,34994,FLORIDA STATE,AKUY,0.060000,0.060000,0,0,0
FL,34995,FLORIDA STATE,AKUY,0.060000,0.060000,0,0,0
FL,34996,FLORIDA STATE,AKUY,0.060000,0.060000,0,0,0
FL,34997,FLORIDA STATE,AKUY,0.060000,0.060000,0,0,0
