State,ZipCode,TaxRegionName,TaxRegionCode,CombinedRate,StateRate,CountyRate,CityRate,SpecialRate
MD,20601,MARYLAND STATE,AWLZ,0.060000,0.060000,0,0,0
MD,20602,MARYLAND STATE,AWLZ,0.060000,0.060000,0,0,0
MD,20603,MARYLAND STATE,AWLZ,0.060000,0.060000,0,0,0
MD,20604,MARYLAND STATE,AWLZ,0.060000,0.060000,0,0,0
MD,20606,MARYLAND STATE,AWLZ,0.060000,0.060000,0,0,0
MD,20607,MARYLAND STATE,AWLZ,0.060000,0.060000,0,0,0
MD,20608,MARYLAND STATE,AWLZ,0.060000,0.060000,0,0,0
MD,20609,MARYLAND STATE,AWLZ,0.060000,0.060000,0,0,0
MD,20610,MARYLAND STATE,AWLZ,0.060000,0.060000,0,0,0
MD,20611,MARYLAND STATE,AWLZ,0.060000,0.060000,0,0,0
MD,20612,MARYLAND STATE,AWLZ,0.060000,0.060000,0,0,0
MD,20613,MARYLAND STATE,AWLZ,0.060000,0.060000,0,0,0
MD,20615,MARYLAND STATE,AWLZ,0.060000,0.060000,0,0,0
MD,20616,MARYLAND STATE,AWLZ,0.060000,0.060000,0,0,0
MD,20617,MARYLAND STATE,AWLZ,0.060000,0.060000,0,0,0
MD,20618,MARYLAND STATE,AWLZ,0.060000,0.060000,0,0,0
MD,20619,MARYLAND STATE,AWLZ,0.060000,0.060000,0,0,0
MD,20620,MARYLAND STATE,AWLZ,0.060000,0.060000,0,0,0
MD,20621,MARYLAND STATE,AWLZ,0.060000,0.060000,0,0,0
MD,20622,MARYLAND STATE,AWLZ,0.060000,0.060000,0,0,0
MD,20623,MARYLAND STATE,AWLZ,0.060000,0.060000,0,0,0
MD,20624,MARYLAND STATE,AWLZ,0.060000,0.060000,0,0,0
MD,20625,MARYLAND STATE,AWLZ,0.060000,0.060000,0,0,0
MD,20626,MARYLAND STATE,AWLZ,0.060000,0.060000,0,0,0
MD,20627,MARYLAND STATE,AWLZ,0.060000,0.060000,0,0,0
MD,20628,MARYLAND STATE,AWLZ,0.060000,0.060000,0,0,0
MD,20629,MARYLAND STATE,AWLZ,0.060000,0.060000,0,0,0
MD,20630,MARYLAND STATE,AWLZ,0.060000,0.060000,0,0,0
MD,20632,MARYLAND STATE,AWLZ,0.060000,0.060000,0,0,0
MD,20634,MARYLAND STATE,AWLZ,0.060000,0.060000,0,0,0
MD,20635,MARYLAND STATE,AWLZ,0.060000,0.060000,0,0,0
MD,20636,MARYLAND STATE,AWLZ,0.060000,0.060000,0,0,0
MD,20637,MARYLAND STATE,AWLZ,0.060000,0.060000,0,0,0
MD,20639,MARYLAND STATE,AWLZ,0.060000,0.060000,0,0,0
MD,20640,MARYLAND STATE,AWLZ,0.060000,0.060000,0,0,0
MD,20643,MARYLAND STATE,AWLZ,0.060000,0.060000,0,0,0
MD,20645,MARYLAND STATE,AWLZ,0.060000,0.060000,0,0,0
MD,20646,MARYLAND STATE,AWLZ,0.060000,0.060000,0,0,0
MD,20650,MARYLAND STATE,AWLZ,0.060000,0.060000,0,0,0
MD,20653,MARYLAND STATE,AWLZ,0.060000,0.060000,0,0,0
MD,20656,MARYLAND STATE,AWLZ,0.060000,0.060000,0,0,0
MD,20657,MARYLAND STATE,AWLZ,0.060000,0.060000,0,0,0
MD,20658,MARYLAND STATE,AWLZ,0.060000,0.060000,0,0,0
MD,20659,MARYLAND STATE,AWLZ,0.060000,0.060000,0,0,0
MD,20660,MARYLAND STATE,AWLZ,0.060000,0.060000,0,0,0
MD,20661,MARYLAND STATE,AWLZ,0.060000,0.060000,0,0,0
MD,20662,MARYLAND STATE,AWLZ,0.060000,0.060000,0,0,0
MD,20664,MARYLAND STATE,AWLZ,0.060000,0.060000,0,0,0
MD,20667,MARYLAND STATE,AWLZ,0.060000,0.060000,0,0,0
MD,20670,MARYLAND STATE,AWLZ,0.060000,0.060000,0,0,0
MD,20674,MARYLAND STATE,AWLZ,0.060000,0.060000,0,0,0
MD,20675,MARYLAND STATE,AWLZ,0.060000,0.060000,0,0,0
MD,20676,MARYLAND STATE,AWLZ,0.060000,0.060000,0,0,0
MD,20677,MARYLAND STATE,AWLZ,0.060000,0.060000,0,0,0
MD,20678,MARYLAND STATE,AWLZ,0.060000,0.060000,0,0,0
MD,20680,MARYLAND STATE,AWLZ,0.060000,0.060000,0,0,0
MD,20682,MARYLAND STATE,AWLZ,0.060000,0.060000,0,0,0
MD,20684,MARYLAND STATE,AWLZ,0.060000,0.060000,0,0,0
MD,20685,MARYLAND STATE,AWLZ,0.060000,0.060000,0,0,0
MD,20686,MARYLAND STATE,AWLZ,0.060000,0.060000,0,0,0
MD,20687,MARYLAND STATE,AWLZ,0.060000,0.060000,0,0,0
MD,20688,MARYLAND STATE,AWLZ,0.060000,0.060000,0,0,0
MD,20689,MARYLAND STATE,AWLZ,0.060000,0.060000,0,0,0
MD,20690,MARYLAND STATE,AWLZ,0.060000,0.060000,0,0,0
MD,20692,MARYLAND STATE,AWLZ,0.060000,0.060000,0,0,0
MD,20693,MARYLAND STATE,AWLZ,0.060000,0.060000,0,0,0
MD,20695,MARYLAND STATE,AWLZ,0.060000,0.060000,0,0,0
MD,20697,MARYLAND STATE,AWLZ,0.060000,0.060000,0,0,0
MD,20701,MARYLAND STATE,AWLZ,0.060000,0.060000,0,0,0
MD,20703,MARYLAND STATE,AWLZ,0.060000,0.060000,0,0,0
MD,20704,MARYLAND STATE,AWLZ,0.060000,0.060000,0,0,0
MD,20705,MARYLAND STATE,AWLZ,0.060000,0.060000,0,0,0
MD,20706,MARYLAND STATE,AWLZ,0.060000,0.060000,0,0,0
MD,20707,MARYLAND STATE,AWLZ,0.060000,0.060000,0,0,0
MD,20708,MARYLAND STATE,AWLZ,0.060000,0.060000,0,0,0
MD,20709,MARYLAND STATE,AWLZ,0.060000,0.060000,0,0,0
MD,20710,MARYLAND STATE,AWLZ,0.060000,0.060000,0,0,0
MD,20711,MARYLAND STATE,AWLZ,0.060000,0.060000,0,0,0
MD,20712,MARYLAND STATE,AWLZ,0.060000,0.060000,0,0,0
MD,20714,MARYLAND STATE,AWLZ,0.060000,0.060000,0,0,0
MD,20715,MARYLAND STATE,AWLZ,0.060000,0.060000,0,0,0
MD,20716,MARYLAND STATE,AWLZ,0.060000,0.060000,0,0,0
MD,20717,MARYLAND STATE,AWLZ,0.060000,0.060000,0,0,0
MD,20718,MARYLAND STATE,AWLZ,0.060000,0.060000,0,0,0
MD,20719,MARYLAND STATE,AWLZ,0.060000,0.060000,0,0,0
MD,20720,MARYLAND STATE,AWLZ,0.060000,0.060000,0,0,0
MD,20721,MARYLAND STATE,AWLZ,0.060000,0.060000,0,0,0
MD,20722,MARYLAND STATE,AWLZ,0.060000,0.060000,0,0,0
MD,20723,MARYLAND STATE,AWLZ,0.060000,0.060000,0,0,0
MD,20724,MARYLAND STATE,AWLZ,0.060000,0.060000,0,0,0
MD,20725,MARYLAND STATE,AWLZ,0.060000,0.060000,0,0,0
MD,20726,MARYLAND STATE,AWLZ,0.060000,0.060000,0,0,0
MD,20731,MARYLAND STATE,AWLZ,0.060000,0.060000,0,0,0
MD,20732,MARYLAND STATE,AWLZ,0.060000,0.060000,0,0,0
MD,20733,MARYLAND STATE,AWLZ,0.060000,0.060000,0,0,0
MD,20735,MARYLAND STATE,AWLZ,0.060000,0.060000,0,0,0
MD,20736,MARYLAND STATE,AWLZ,0.060000,0.060000,0,0,0
MD,20737,MARYLAND STATE,AWLZ,0.060000,0.060000,0,0,0
MD,20738,MARYLAND STATE,AWLZ,0.060000,0.060000,0,0,0
MD,20740,MARYLAND STATE,AWLZ,0.060000,0.060000,0,0,0
MD,20741,MARYLAND STATE,AWLZ,0.060000,0.060000,0,0,0
MD,20742,MARYLAND STATE,AWLZ,0.060000,0.060000,0,0,0
MD,20743,MARYLAND STATE,AWLZ,0.060000,0.060000,0,0,0
MD,20744,MARYLAND STATE,AWLZ,0.060000,0.060000,0,0,0
MD,20745,MARYLAND STATE,AWLZ,0.060000,0.060000,0,0,0
MD,20746,MARYLAND STATE,AWLZ,0.060000,0.060000,0,0,0
MD,20747,MARYLAND STATE,AWLZ,0.060000,0.060000,0,0,0
MD,20748,MARYLAND STATE,AWLZ,0.060000,0.060000,0,0,0
MD,20749,MARYLAND STATE,AWLZ,0.060000,0.060000,0,0,0
MD,20750,MARYLAND STATE,AWLZ,0.060000,0.060000,0,0,0
MD,20751,MARYLAND STATE,AWLZ,0.060000,0.060000,0,0,0
MD,20752,MARYLAND STATE,AWLZ,0.060000,0.060000,0,0,0
MD,20753,MARYLAND STATE,AWLZ,0.060000,0.060000,0,0,0
MD,20754,MARYLAND STATE,AWLZ,0.060000,0.060000,0,0,0
MD,20755,MARYLAND STATE,AWLZ,0.060000,0.060000,0,0,0
MD,20757,MARYLAND STATE,AWLZ,0.060000,0.060000,0,0,0
MD,20758,MARYLAND STATE,AWLZ,0.060000,0.060000,0,0,0
MD,20759,MARYLAND STATE,AWLZ,0.060000,0.060000,0,0,0
MD,20762,MARYLAND STATE,AWLZ,0.060000,0.060000,0,0,0
MD,20763,MARYLAND STATE,AWLZ,0.060000,0.060000,0,0,0
MD,20764,MARYLAND STATE,AWLZ,0.060000,0.060000,0,0,0
MD,20765,MARYLAND STATE,AWLZ,0.060000,0.060000,0,0,0
MD,20768,MARYLAND STATE,AWLZ,0.060000,0.060000,0,0,0
MD,20769,MARYLAND STATE,AWLZ,0.060000,0.060000,0,0,0
MD,20770,MARYLAND STATE,AWLZ,0.060000,0.060000,0,0,0
MD,20771,MARYLAND STATE,AWLZ,0.060000,0.060000,0,0,0
MD,20772,MARYLAND STATE,AWLZ,0.060000,0.060000,0,0,0
MD,20773,MARYLAND STATE,AWLZ,0.060000,0.060000,0,0,0
MD,20774,MARYLAND STATE,AWLZ,0.060000,0.060000,0,0,0
MD,20775,MARYLAND STATE,AWLZ,0.060000,0.060000,0,0,0
MD,20776,MARYLAND STATE,AWLZ,0.060000,0.060000,0,0,0
MD,20777,MARYLAND STATE,AWLZ,0.060000,0.060000,0,0,0
MD,20778,MARYLAND STATE,AWLZ,0.060000,0.060000,0,0,0
MD,20779,MARYLAND STATE,AWLZ,0.060000,0.060000,0,0,0
MD,20781,MARYLAND STATE,AWLZ,0.060000,0.060000,0,0,0
MD,20782,MARYLAND STATE,AWLZ,0.060000,0.060000,0,0,0
MD,20783,MARYLAND STATE,AWLZ,0.060000,0.060000,0,0,0
MD,20784,MARYLAND STATE,AWLZ,0.060000,0.060000,0,0,0
MD,20785,MARYLAND STATE,AWLZ,0.060000,0.060000,0,0,0
MD,20787,MARYLAND STATE,AWLZ,0.060000,0.060000,0,0,0
MD,20788,MARYLAND STATE,AWLZ,0.060000,0.060000,0,0,0
MD,20790,MARYLAND STATE,AWLZ,0.060000,0.060000,0,0,0
MD,20791,MARYLAND STATE,AWLZ,0.060000,0.060000,0,0,0
MD,20792,MARYLAND STATE,AWLZ,0.060000,0.060000,0,0,0
MD,20794,MARYLAND STATE,AWLZ,0.060000,0.060000,0,0,0
MD,20797,MARYLAND STATE,AWLZ,0.060000,0.060000,0,0,0
MD,20799,MARYLAND STATE,AWLZ,0.060000,0.060000,0,0,0
MD,20810,MARYLAND STATE,AWLZ,0.060000,0.060000,0,0,0
MD,20811,MARYLAND STATE,AWLZ,0.060000,0.060000,0,0,0
MD,20812,MARYLAND STATE,AWLZ,0.060000,0.060000,0,0,0
MD,20813,MARYLAND STATE,AWLZ,0.060000,0.060000,0,0,0
MD,20814,MARYLAND STATE,AWLZ,0.060000,0.060000,0,0,0
MD,20815,MARYLAND STATE,AWLZ,0.060000,0.060000,0,0,0
MD,20816,MARYLAND STATE,AWLZ,0.060000,0.060000,0,0,0
MD,20817,MARYLAND STATE,AWLZ,0.060000,0.060000,0,0,0
MD,20818,MARYLAND STATE,AWLZ,0.060000,0.060000,0,0,0
MD,20824,MARYLAND STATE,AWLZ,0.060000,0.060000,0,0,0
MD,20825,MARYLAND STATE,AWLZ,0.060000,0.060000,0,0,0
MD,20827,MARYLAND STATE,AWLZ,0.060000,0.060000,0,0,0
MD,20830,MARYLAND STATE,AWLZ,0.060000,0.060000,0,0,0
MD,20832,MARYLAND STATE,AWLZ,0.060000,0.060000,0,0,0
MD,20833,MARYLAND STATE,AWLZ,0.060000,0.060000,0,0,0
MD,20837,MARYLAND STATE,AWLZ,0.060000,0.060000,0,0,0
MD,20838,MARYLAND STATE,AWLZ,0.060000,0.060000,0,0,0
MD,20839,MARYLAND STATE,AWLZ,0.060000,0.060000,0,0,0
MD,20841,MARYLAND STATE,AWLZ,0.060000,0.060000,0,0,0
MD,20842,MARYLAND STATE,AWLZ,0.060000,0.060000,0,0,0
MD,20847,MARYLAND STATE,AWLZ,0.060000,0.060000,0,0,0
MD,20848,MARYLAND STATE,AWLZ,0.060000,0.060000,0,0,0
MD,20849,MARYLAND STATE,AWLZ,0.060000,0.060000,0,0,0
MD,20850,MARYLAND STATE,AWLZ,0.060000,0.060000,0,0,0
MD,20851,MARYLAND STATE,AWLZ,0.060000,0.060000,0,0,0
MD,20852,MARYLAND STATE,AWLZ,0.060000,0.060000,0,0,0
MD,20853,MARYLAND STATE,AWLZ,0.060000,0.060000,0,0,0
MD,20854,MARYLAND STATE,AWLZ,0.060000,0.060000,0,0,0
MD,20855,MARYLAND STATE,AWLZ,0.060000,0.060000,0,0,0
MD,20857,MARYLAND STATE,AWLZ,0.060000,0.060000,0,0,0
MD,20859,MARYLAND STATE,AWLZ,0.060000,0.060000,0,0,0
MD,20860,MARYLAND STATE,AWLZ,0.060000,0.060000,0,0,0
MD,20861,MARYLAND STATE,AWLZ,0.060000,0.060000,0,0,0
MD,20862,MARYLAND STATE,AWLZ,0.060000,0.060000,0,0,0
MD,20866,MARYLAND STATE,AWLZ,0.060000,0.060000,0,0,0
MD,20868,MARYLAND STATE,AWLZ,0.060000,0.060000,0,0,0
MD,20871,MARYLAND STATE,AWLZ,0.060000,0.060000,0,0,0
MD,20872,MARYLAND STATE,AWLZ,0.060000,0.060000,0,0,0
MD,20874,MARYLAND STATE,AWLZ,0.060000,0.060000,0,0,0
MD,20875,MARYLAND STATE,AWLZ,0.060000,0.060000,0,0,0
MD,20876,MARYLAND STATE,AWLZ,0.060000,0.060000,0,0,0
MD,20877,MARYLAND STATE,AWLZ,0.060000,0.060000,0,0,0
MD,20878,MARYLAND STATE,AWLZ,0.060000,0.060000,0,0,0
MD,20879,MARYLAND STATE,AWLZ,0.060000,0.060000,0,0,0
MD,20880,MARYLAND STATE,AWLZ,0.060000,0.060000,0,0,0
MD,20882,MARYLAND STATE,AWLZ,0.060000,0.060000,0,0,0
MD,20883,MARYLAND STATE,AWLZ,0.060000,0.060000,0,0,0
MD,20884,MARYLAND STATE,AWLZ,0.060000,0.060000,0,0,0
MD,20885,MARYLAND STATE,AWLZ,0.060000,0.060000,0,0,0
MD,20886,MARYLAND STATE,AWLZ,0.060000,0.060000,0,0,0
MD,20889,MARYLAND STATE,AWLZ,0.060000,0.060000,0,0,0
MD,20891,MARYLAND STATE,AWLZ,0.060000,0.060000,0,0,0
MD,20892,MARYLAND STATE,AWLZ,0.060000,0.060000,0,0,0
MD,20894,MARYLAND STATE,AWLZ,0.060000,0.060000,0,0,0
MD,20895,MARYLAND STATE,AWLZ,0.060000,0.060000,0,0,0
MD,20896,MARYLAND STATE,AWLZ,0.060000,0.060000,0,0,0
MD,20897,MARYLAND STATE,AWLZ,0.060000,0.060000,0,0,0
MD,20898,MARYLAND STATE,AWLZ,0.060000,0.060000,0,0,0
MD,20899,MARYLAND STATE,AWLZ,0.060000,0.060000,0,0,0
MD,20901,MARYLAND STATE,AWLZ,0.060000,0.060000,0,0,0
MD,20902,MARYLAND STATE,AWLZ,0.060000,0.060000,0,0,0
MD,20903,MARYLAND STATE,AWLZ,0.060000,0.060000,0,0,0
MD,20904,MARYLAND STATE,AWLZ,0.060000,0.060000,0,0,0
MD,20905,MARYLAND STATE,AWLZ,0.060000,0.060000,0,0,0
MD,20906,MARYLAND STATE,AWLZ,0.060000,0.060000,0,0,0
MD,20907,MARYLAND STATE,AWLZ,0.060000,0.060000,0,0,0
MD,20908,MARYLAND STATE,AWLZ,0.060000,0.060000,0,0,0
MD,20910,MARYLAND STATE,AWLZ,0.060000,0.060000,0,0,0
MD,20911,MARYLAND STATE,AWLZ,0.060000,0.060000,0,0,0
MD,20912,MARYLAND STATE,AWLZ,0.060000,0.060000,0,0,0
MD,20913,MARYLAND STATE,AWLZ,0.060000,0.060000,0,0,0
MD,20914,MARYLAND STATE,AWLZ,0.060000,0.060000,0,0,0
MD,20915,MARYLAND STATE,AWLZ,0.060000,0.060000,0,0,0
MD,20916,MARYLAND STATE,AWLZ,0.060000,0.060000,0,0,0
MD,20918,MARYLAND STATE,AWLZ,0.060000,0.060000,0,0,0
MD,20993,MARYLAND STATE,AWLZ,0.060000,0.060000,0,0,0
MD,20997,MARYLAND STATE,AWLZ,0.060000,0.060000,0,0,0
MD,21001,MARYLAND STATE,AWLZ,0.060000,0.060000,0,0,0
MD,21005,MARYLAND STATE,AWLZ,0.060000,0.060000,0,0,0
MD,21009,MARYLAND STATE,AWLZ,0.060000,0.060000,0,0,0
MD,21010,MARYLAND STATE,AWLZ,0.060000,0.060000,0,0,0
MD,21012,MARYLAND STATE,AWLZ,0.060000,0.060000,0,0,0
MD,21013,MARYLAND STATE,AWLZ,0.060000,0.060000,0,0,0
MD,21014,MARYLAND STATE,AWLZ,0.060000,0.060000,0,0,0
MD,21015,MARYLAND STATE,AWLZ,0.060000,0.060000,0,0,0
MD,21017,MARYLAND STATE,AWLZ,0.060000,0.060000,0,0,0
MD,21018,MARYLAND STATE,AWLZ,0.060000,0.060000,0,0,0
MD,21020,MARYLAND STATE,AWLZ,0.060000,0.060000,0,0,0
MD,21022,MARYLAND STATE,AWLZ,0.060000,0.060000,0,0,0
MD,21023,MARYLAND STATE,AWLZ,0.060000,0.060000,0,0,0
MD,21027,MARYLAND STATE,AWLZ,0.060000,0.060000,0,0,0
MD,21028,MARYLAND STATE,AWLZ,0.060000,0.060000,0,0,0
MD,21029,MARYLAND STATE,AWLZ,0.060000,0.060000,0,0,0
MD,21030,MARYLAND STATE,AWLZ,0.060000,0.060000,0,0,0
MD,21031,MARYLAND STATE,AWLZ,0.060000,0.060000,0,0,0
MD,21032,MARYLAND STATE,AWLZ,0.060000,0.060000,0,0,0
MD,21034,MARYLAND STATE,AWLZ,0.060000,0.060000,0,0,0
MD,21035,MARYLAND STATE,AWLZ,0.060000,0.060000,0,0,0
MD,21036,MARYLAND STATE,AWLZ,0.060000,0.060000,0,0,0
MD,21037,MARYLAND STATE,AWLZ,0.060000,0.060000,0,0,0
MD,21040,MARYLAND STATE,AWLZ,0.060000,0.060000,0,0,0
MD,21041,MARYLAND STATE,AWLZ,0.060000,0.060000,0,0,0
MD,21042,MARYLAND STATE,AWLZ,0.060000,0.060000,0,0,0
MD,21043,MARYLAND STATE,AWLZ,0.060000,0.060000,0,0,0
MD,21044,MARYLAND STATE,AWLZ,0.060000,0.060000,0,0,0
MD,21045,MARYLAND STATE,AWLZ,0.060000,0.060000,0,0,0
MD,21046,MARYLAND STATE,AWLZ,0.060000,0.060000,0,0,0
MD,21047,MARYLAND STATE,AWLZ,0.060000,0.060000,0,0,0
MD,21048,MARYLAND STATE,AWLZ,0.060000,0.060000,0,0,0
MD,21050,MARYLAND STATE,AWLZ,0.060000,0.060000,0,0,0
MD,21051,MARYLAND STATE,AWLZ,0.060000,0.060000,0,0,0
MD,21052,MARYLAND STATE,AWLZ,0.060000,0.060000,0,0,0
MD,21053,MARYLAND STATE,AWLZ,0.060000,0.060000,0,0,0
MD,21054,MARYLAND STATE,AWLZ,0.060000,0.060000,0,0,0
MD,21056,MARYLAND STATE,AWLZ,0.060000,0.060000,0,0,0
MD,21057,MARYLAND STATE,AWLZ,0.060000,0.060000,0,0,0
MD,21060,MARYLAND STATE,AWLZ,0.060000,0.060000,0,0,0
MD,21061,MARYLAND STATE,AWLZ,0.060000,0.060000,0,0,0
MD,21062,MARYLAND STATE,AWLZ,0.060000,0.060000,0,0,0
MD,21065,MARYLAND STATE,AWLZ,0.060000,0.060000,0,0,0
MD,21071,MARYLAND STATE,AWLZ,0.060000,0.060000,0,0,0
MD,21074,MARYLAND STATE,AWLZ,0.060000,0.060000,0,0,0
MD,21075,MARYLAND STATE,AWLZ,0.060000,0.060000,0,0,0
MD,21076,MARYLAND STATE,AWLZ,0.060000,0.060000,0,0,0
MD,21077,MARYLAND STATE,AWLZ,0.060000,0.060000,0,0,0
MD,21078,MARYLAND STATE,AWLZ,0.060000,0.060000,0,0,0
MD,21082,MARYLAND STATE,AWLZ,0.060000,0.060000,0,0,0
MD,21084,MARYLAND STATE,AWLZ,0.060000,0.060000,0,0,0
MD,21085,MARYLAND STATE,AWLZ,0.060000,0.060000,0,0,0
MD,21087,MARYLAND STATE,AWLZ,0.060000,0.060000,0,0,0
MD,21090,MARYLAND STATE,AWLZ,0.060000,0.060000,0,0,0
MD,21092,MARYLAND STATE,AWLZ,0.060000,0.060000,0,0,0
MD,21093,MARYLAND STATE,AWLZ,0.060000,0.060000,0,0,0
MD,21094,MARYLAND STATE,AWLZ,0.060000,0.060000,0,0,0
MD,21102,MARYLAND STATE,AWLZ,0.060000,0.060000,0,0,0
MD,21104,MARYLAND STATE,AWLZ,0.060000,0.060000,0,0,0
MD,21105,MARYLAND STATE,AWLZ,0.060000,0.060000,0,0,0
MD,21106,MARYLAND STATE,AWLZ,0.060000,0.060000,0,0,0
MD,21108,MARYLAND STATE,AWLZ,0.060000,0.060000,0,0,0
MD,21111,MARYLAND STATE,AWLZ,0.060000,0.060000,0,0,0
MD,21113,MARYLAND STATE,AWLZ,0.060000,0.060000,0,0,0
MD,21114,MARYLAND STATE,AWLZ,0.060000,0.060000,0,0,0
MD,21117,MARYLAND STATE,AWLZ,0.060000,0.060000,0,0,0
MD,21120,MARYLAND STATE,AWLZ,0.060000,0.060000,0,0,0
MD,21122,MARYLAND STATE,AWLZ,0.060000,0.060000,0,0,0
MD,21123,MARYLAND STATE,AWLZ,0.060000,0.060000,0,0,0
MD,21128,MARYLAND STATE,AWLZ,0.060000,0.060000,0,0,0
MD,21130,MARYLAND STATE,AWLZ,0.060000,0.060000,0,0,0
MD,21131,MARYLAND STATE,AWLZ,0.060000,0.060000,0,0,0
MD,21132,MARYLAND STATE,AWLZ,0.060000,0.060000,0,0,0
MD,21133,MARYLAND STATE,AWLZ,0.060000,0.060000,0,0,0
MD,21136,MARYLAND STATE,AWLZ,0.060000,0.060000,0,0,0
MD,21139,MARYLAND STATE,AWLZ,0.060000,0.060000,0,0,0
MD,21140,MARYLAND STATE,AWLZ,0.060000,0.060000,0,0,0
MD,21144,MARYLAND STATE,AWLZ,0.060000,0.060000,0,0,0
MD,21146,MARYLAND STATE,AWLZ,0.060000,0.060000,0,0,0
MD,21150,MARYLAND STATE,AWLZ,0.060000,0.060000,0,0,0
MD,21152,MARYLAND STATE,AWLZ,0.060000,0.060000,0,0,0
MD,21153,MARYLAND STATE,AWLZ,0.060000,0.060000,0,0,0
MD,21154,MARYLAND STATE,AWLZ,0.060000,0.060000,0,0,0
MD,21155,MARYLAND STATE,AWLZ,0.060000,0.060000,0,0,0
MD,21156,MARYLAND STATE,AWLZ,0.060000,0.060000,0,0,0
MD,21157,MARYLAND STATE,AWLZ,0.060000,0.060000,0,0,0
MD,21158,MARYLAND STATE,AWLZ,0.060000,0.060000,0,0,0
MD,21160,MARYLAND STATE,AWLZ,0.060000,0.060000,0,0,0
MD,21161,MARYLAND STATE,AWLZ,0.060000,0.060000,0,0,0
MD,21162,MARYLAND STATE,AWLZ,0.060000,0.060000,0,0,0
MD,21163,MARYLAND STATE,AWLZ,0.060000,0.060000,0,0,0
MD,21201,MARYLAND STATE,AWLZ,0.060000,0.060000,0,0,0
MD,21202,MARYLAND STATE,AWLZ,0.060000,0.060000,0,0,0
MD,21203,MARYLAND STATE,AWLZ,0.060000,0.060000,0,0,0
MD,21204,MARYLAND STATE,AWLZ,0.060000,0.060000,0,0,0
MD,21205,MARYLAND STATE,AWLZ,0.060000,0.060000,0,0,0
MD,21206,MARYLAND STATE,AWLZ,0.060000,0.060000,0,0,0
MD,21207,MARYLAND STATE,AWLZ,0.060000,0.060000,0,0,0
MD,21208,MARYLAND STATE,AWLZ,0.060000,0.060000,0,0,0
MD,21209,MARYLAND STATE,AWLZ,0.060000,0.060000,0,0,0
MD,21210,MARYLAND STATE,AWLZ,0.060000,0.060000,0,0,0
MD,21211,MARYLAND STATE,AWLZ,0.060000,0.060000,0,0,0
MD,21212,MARYLAND STATE,AWLZ,0.060000,0.060000,0,0,0
MD,21213,MARYLAND STATE,AWLZ,0.060000,0.060000,0,0,0
MD,21214,MARYLAND STATE,AWLZ,0.060000,0.060000,0,0,0
MD,21215,MARYLAND STATE,AWLZ,0.060000,0.060000,0,0,0
MD,21216,MARYLAND STATE,AWLZ,0.060000,0.060000,0,0,0
MD,21217,MARYLAND STATE,AWLZ,0.060000,0.060000,0,0,0
MD,21218,MARYLAND STATE,AWLZ,0.060000,0.060000,0,0,0
MD,21219,MARYLAND STATE,AWLZ,0.060000,0.060000,0,0,0
MD,21220,MARYLAND STATE,AWLZ,0.060000,0.060000,0,0,0
MD,21221,MARYLAND STATE,AWLZ,0.060000,0.060000,0,0,0
MD,21222,MARYLAND STATE,AWLZ,0.060000,0.060000,0,0,0
MD,21223,MARYLAND STATE,AWLZ,0.060000,0.060000,0,0,0
MD,21224,MARYLAND STATE,AWLZ,0.060000,0.060000,0,0,0
MD,21225,MARYLAND STATE,AWLZ,0.060000,0.060000,0,0,0
MD,21226,MARYLAND STATE,AWLZ,0.060000,0.060000,0,0,0
MD,21227,MARYLAND STATE,AWLZ,0.060000,0.060000,0,0,0
MD,21228,MARYLAND STATE,AWLZ,0.060000,0.060000,0,0,0
MD,21229,MARYLAND STATE,AWLZ,0.060000,0.060000,0,0,0
MD,21230,MARYLAND STATE,AWLZ,0.060000,0.060000,0,0,0
MD,21231,MARYLAND STATE,AWLZ,0.060000,0.060000,0,0,0
MD,21233,MARYLAND STATE,AWLZ,0.060000,0.060000,0,0,0
MD,21234,MARYLAND STATE,AWLZ,0.060000,0.060000,0,0,0
MD,21235,MARYLAND STATE,AWLZ,0.060000,0.060000,0,0,0
MD,21236,MARYLAND STATE,AWLZ,0.060000,0.060000,0,0,0
MD,21237,MARYLAND STATE,AWLZ,0.060000,0.060000,0,0,0
MD,21239,MARYLAND STATE,AWLZ,0.060000,0.060000,0,0,0
MD,21240,MARYLAND STATE,AWLZ,0.060000,0.060000,0,0,0
MD,21241,MARYLAND STATE,AWLZ,0.060000,0.060000,0,0,0
MD,21244,MARYLAND STATE,AWLZ,0.060000,0.060000,0,0,0
MD,21250,MARYLAND STATE,AWLZ,0.060000,0.060000,0,0,0
MD,21251,MARYLAND STATE,AWLZ,0.060000,0.060000,0,0,0
MD,21252,MARYLAND STATE,AWLZ,0.060000,0.060000,0,0,0
MD,21263,MARYLAND STATE,AWLZ,0.060000,0.060000,0,0,0
MD,21264,MARYLAND STATE,AWLZ,0.060000,0.060000,0,0,0
MD,21270,MARYLAND STATE,AWLZ,0.060000,0.060000,0,0,0
MD,21273,MARYLAND STATE,AWLZ,0.060000,0.060000,0,0,0
MD,21275,MARYLAND STATE,AWLZ,0.060000,0.060000,0,0,0
MD,21278,MARYLAND STATE,AWLZ,0.060000,0.060000,0,0,0
MD,21279,MARYLAND STATE,AWLZ,0.060000,0.060000,0,0,0
MD,21280,MARYLAND STATE,AWLZ,0.060000,0.060000,0,0,0
MD,21281,MARYLAND STATE,AWLZ,0.060000,0.060000,0,0,0
MD,21282,MARYLAND STATE,AWLZ,0.060000,0.060000,0,0,0
MD,21284,MARYLAND STATE,AWLZ,0.060000,0.060000,0,0,0
MD,21285,MARYLAND STATE,AWLZ,0.060000,0.060000,0,0,0
MD,21286,MARYLAND STATE,AWLZ,0.060000,0.060000,0,0,0
MD,21287,MARYLAND STATE,AWLZ,0.060000,0.060000,0,0,0
MD,21288,MARYLAND STATE,AWLZ,0.060000,0.060000,0,0,0
MD,21289,MARYLAND STATE,AWLZ,0.060000,0.060000,0,0,0
MD,21290,MARYLAND STATE,AWLZ,0.060000,0.060000,0,0,0
MD,21297,MARYLAND STATE,AWLZ,0.060000,0.060000,0,0,0
MD,21298,MARYLAND STATE,AWLZ,0.060000,0.060000,0,0,0
MD,21401,MARYLAND STATE,AWLZ,0.060000,0.060000,0,0,0
MD,21402,MARYLAND STATE,AWLZ,0.060000,0.060000,0,0,0
MD,21403,MARYLAND STATE,AWLZ,0.060000,0.060000,0,0,0
MD,21404,MARYLAND STATE,AWLZ,0.060000,0.060000,0,0,0
MD,21405,MARYLAND STATE,AWLZ,0.060000,0.060000,0,0,0
MD,21409,MARYLAND STATE,AWLZ,0.060000,0.060000,0,0,0
MD,21411,MARYLAND STATE,AWLZ,0.060000,0.060000,0,0,0
MD,21412,MARYLAND STATE,AWLZ,0.060000,0.060000,0,0,0
MD,21501,MARYLAND STATE,AWLZ,0.060000,0.060000,0,0,0
MD,21502,MARYLAND STATE,AWLZ,0.060000,0.060000,0,0,0
MD,21503,MARYLAND STATE,AWLZ,0.060000,0.060000,0,0,0
MD,21504,MARYLAND STATE,AWLZ,0.060000,0.060000,0,0,0
MD,21505,MARYLAND STATE,AWLZ,0.060000,0.060000,0,0,0
MD,21520,MARYLAND STATE,AWLZ,0.060000,0.060000,0,0,0
MD,21521,MARYLAND STATE,AWLZ,0.060000,0.060000,0,0,0
MD,21522,MARYLAND STATE,AWLZ,0.060000,0.060000,0,0,0
MD,21523,MARYLAND STATE,AWLZ,0.060000,0.060000,0,0,0
MD,21524,MARYLAND STATE,AWLZ,0.060000,0.060000,0,0,0
MD,21528,MARYLAND STATE,AWLZ,0.060000,0.060000,0,0,0
MD,21529,MARYLAND STATE,AWLZ,0.060000,0.060000,0,0,0
MD,21530,MARYLAND STATE,AWLZ,0.060000,0.060000,0,0,0
MD,21531,MARYLAND STATE,AWLZ,0.060000,0.060000,0,0,0
MD,21532,MARYLAND STATE,AWLZ,0.060000,0.060000,0,0,0
MD,21536,MARYLAND STATE,AWLZ,0.060000,0.060000,0,0,0
MD,21538,MARYLAND STATE,AWLZ,0.060000,0.060000,0,0,0
MD,21539,MARYLAND STATE,AWLZ,0.060000,0.060000,0,0,0
MD,21540,MARYLAND STATE,AWLZ,0.060000,0.060000,0,0,0
MD,21541,MARYLAND STATE,AWLZ,0.060000,0.060000,0,0,0
MD,21542,MARYLAND STATE,AWLZ,0.060000,0.060000,0,0,0
MD,21543,MARYLAND STATE,AWLZ,0.060000,0.060000,0,0,0
MD,21545,MARYLAND STATE,AWLZ,0.060000,0.060000,0,0,0
MD,21550,MARYLAND STATE,AWLZ,0.060000,0.060000,0,0,0
MD,21555,MARYLAND STATE,AWLZ,0.060000,0.060000,0,0,0
MD,21556,MARYLAND STATE,AWLZ,0.060000,0.060000,0,0,0
MD,21557,MARYLAND STATE,AWLZ,0.060000,0.060000,0,0,0
MD,21560,MARYLAND STATE,AWLZ,0.060000,0.060000,0,0,0
MD,21561,MARYLAND STATE,AWLZ,0.060000,0.060000,0,0,0
MD,21562,MARYLAND STATE,AWLZ,0.060000,0.060000,0,0,0
MD,21601,MARYLAND STATE,AWLZ,0.060000,0.060000,0,0,0
MD,21607,MARYLAND STATE,AWLZ,0.060000,0.060000,0,0,0
MD,21609,MARYLAND STATE,AWLZ,0.060000,0.060000,0,0,0
MD,21610,MARYLAND STATE,AWLZ,0.060000,0.060000,0,0,0
MD,21612,MARYLAND STATE,AWLZ,0.060000,0.060000,0,0,0
MD,21613,MARYLAND STATE,AWLZ,0.060000,0.060000,0,0,0
MD,21617,MARYLAND STATE,AWLZ,0.060000,0.060000,0,0,0
MD,21619,MARYLAND STATE,AWLZ,0.060000,0.060000,0,0,0
MD,21620,MARYLAND STATE,AWLZ,0.060000,0.060000,0,0,0
MD,21622,MARYLAND STATE,AWLZ,0.060000,0.060000,0,0,0
MD,21623,MARYLAND STATE,AWLZ,0.060000,0.060000,0,0,0
MD,21624,MARYLAND STATE,AWLZ,0.060000,0.060000,0,0,0
MD,21625,MARYLAND STATE,AWLZ,0.060000,0.060000,0,0,0
MD,21626,MARYLAND STATE,AWLZ,0.060000,0.060000,0,0,0
MD,21627,MARYLAND STATE,AWLZ,0.060000,0.060000,0,0,0
MD,21628,MARYLAND STATE,AWLZ,0.060000,0.060000,0,0,0
MD,21629,MARYLAND STATE,AWLZ,0.060000,0.060000,0,0,0
MD,21631,MARYLAND STATE,AWLZ,0.060000,0.060000,0,0,0
MD,21632,MARYLAND STATE,AWLZ,0.060000,0.060000,0,0,0
MD,21634,MARYLAND STATE,AWLZ,0.060000,0.060000,0,0,0
MD,21635,MARYLAND STATE,AWLZ,0.060000,0.060000,0,0,0
MD,21636,MARYLAND STATE,AWLZ,0.060000,0.060000,0,0,0
MD,21638,MARYLAND STATE,AWLZ,0.060000,0.060000,0,0,0
MD,21639,MARYLAND STATE,AWLZ,0.060000,0.060000,0,0,0
MD,21640,MARYLAND STATE,AWLZ,0.060000,0.060000,0,0,0
MD,21641,MARYLAND STATE,AWLZ,0.060000,0.060000,0,0,0
MD,21643,MARYLAND STATE,AWLZ,0.060000,0.060000,0,0,0
MD,21644,MARYLAND STATE,AWLZ,0.060000,0.060000,0,0,0
MD,21645,MARYLAND STATE,AWLZ,0.060000,0.060000,0,0,0
MD,21647,MARYLAND STATE,AWLZ,0.060000,0.060000,0,0,0
MD,21648,MARYLAND STATE,AWLZ,0.060000,0.060000,0,0,0
MD,21649,MARYLAND STATE,AWLZ,0.060000,0.060000,0,0,0
MD,21650,MARYLAND STATE,AWLZ,0.060000,0.060000,0,0,0
MD,21651,MARYLAND STATE,AWLZ,0.060000,0.060000,0,0,0
MD,21652,MARYLAND STATE,AWLZ,0.060000,0.060000,0,0,0
MD,21653,MARYLAND STATE,AWLZ,0.060000,0.060000,0,0,0
MD,21654,MARYLAND STATE,AWLZ,0.060000,0.060000,0,0,0
MD,21655,MARYLAND STATE,AWLZ,0.060000,0.060000,0,0,0
MD,21656,MARYLAND STATE,AWLZ,0.060000,0.060000,0,0,0
MD,21657,MARYLAND STATE,AWLZ,0.060000,0.060000,0,0,0
MD,21658,MARYLAND STATE,AWLZ,0.060000,0.060000,0,0,0
MD,21659,MARYLAND STATE,AWLZ,0.060000,0.060000,0,0,0
MD,21660,MARYLAND STATE,AWLZ,0.060000,0.060000,0,0,0
MD,21661,MARYLAND STATE,AWLZ,0.060000,0.060000,0,0,0
MD,21662,MARYLAND STATE,AWLZ,0.060000,0.060000,0,0,0
MD,21663,MARYLAND STATE,AWLZ,0.060000,0.060000,0,0,0
MD,21664,MARYLAND STATE,AWLZ,0.060000,0.060000,0,0,0
MD,21665,MARYLAND STATE,AWLZ,0.060000,0.060000,0,0,0
MD,21666,MARYLAND STATE,AWLZ,0.060000,0.060000,0,0,0
MD,21667,MARYLAND STATE,AWLZ,0.060000,0.060000,0,0,0
MD,21668,MARYLAND STATE,AWLZ,0.060000,0.060000,0,0,0
MD,21669,MARYLAND STATE,AWLZ,0.060000,0.060000,0,0,0
MD,21670,MARYLAND STATE,AWLZ,0.060000,0.060000,0,0,0
MD,21671,MARYLAND STATE,AWLZ,0.060000,0.060000,0,0,0
MD,21672,MARYLAND STATE,AWLZ,0.060000,0.060000,0,0,0
MD,21673,MARYLAND STATE,AWLZ,0.060000,0.060000,0,0,0
MD,21675,MARYLAND STATE,AWLZ,0.060000,0.060000,0,0,0
MD,21676,MARYLAND STATE,AWLZ,0.060000,0.060000,0,0,0
MD,21677,MARYLAND STATE,AWLZ,0.060000,0.060000,0,0,0
MD,21678,MARYLAND STATE,AWLZ,0.060000,0.060000,0,0,0
MD,21679,MARYLAND STATE,AWLZ,0.060000,0.060000,0,0,0
MD,21690,MARYLAND STATE,AWLZ,0.060000,0.060000,0,0,0
MD,21701,MARYLAND STATE,AWLZ,0.060000,0.060000,0,0,0
MD,21702,MARYLAND STATE,AWLZ,0.060000,0.060000,0,0,0
MD,21703,MARYLAND STATE,AWLZ,0.060000,0.060000,0,0,0
MD,21704,MARYLAND STATE,AWLZ,0.060000,0.060000,0,0,0
MD,21705,MARYLAND STATE,AWLZ,0.060000,0.060000,0,0,0
MD,21709,MARYLAND STATE,AWLZ,0.060000,0.060000,0,0,0
MD,21710,MARYLAND STATE,AWLZ,0.060000,0.060000,0,0,0
MD,21711,MARYLAND STATE,AWLZ,0.060000,0.060000,0,0,0
MD,21713,MARYLAND STATE,AWLZ,0.060000,0.060000,0,0,0
MD,21714,MARYLAND STATE,AWLZ,0.060000,0.060000,0,0,0
MD,21715,MARYLAND STATE,AWLZ,0.060000,0.060000,0,0,0
MD,21716,MARYLAND STATE,AWLZ,0.060000,0.060000,0,0,0
MD,21717,MARYLAND STATE,AWLZ,0.060000,0.060000,0,0,0
MD,21718,MARYLAND STATE,AWLZ,0.060000,0.060000,0,0,0
MD,21719,MARYLAND STATE,AWLZ,0.060000,0.060000,0,0,0
MD,21720,MARYLAND STATE,AWLZ,0.060000,0.060000,0,0,0
MD,21721,MARYLAND STATE,AWLZ,0.060000,0.060000,0,0,0
MD,21722,MARYLAND STATE,AWLZ,0.060000,0.060000,0,0,0
MD,21723,MARYLAND STATE,AWLZ,0.060000,0.060000,0,0,0
MD,21727,MARYLAND STATE,AWLZ,0.060000,0.060000,0,0,0
MD,21733,MARYLAND STATE,AWLZ,0.060000,0.060000,0,0,0
MD,21734,MARYLAND STATE,AWLZ,0.060000,0.060000,0,0,0
MD,21737,MARYLAND STATE,AWLZ,0.060000,0.060000,0,0,0
MD,21738,MARYLAND STATE,AWLZ,0.060000,0.060000,0,0,0
MD,21740,MARYLAND STATE,AWLZ,0.060000,0.060000,0,0,0
MD,21741,MARYLAND STATE,AWLZ,0.060000,0.060000,0,0,0
MD,21742,MARYLAND STATE,AWLZ,0.060000,0.060000,0,0,0
MD,21746,MARYLAND STATE,AWLZ,0.060000,0.060000,0,0,0
MD,21747,MARYLAND STATE,AWLZ,0.060000,0.060000,0,0,0
MD,21749,MARYLAND STATE,AWLZ,0.060000,0.060000,0,0,0
MD,21750,MARYLAND STATE,AWLZ,0.060000,0.060000,0,0,0
MD,21754,MARYLAND STATE,AWLZ,0.060000,0.060000,0,0,0
MD,21755,MARYLAND STATE,AWLZ,0.060000,0.060000,0,0,0
MD,21756,MARYLAND STATE,AWLZ,0.060000,0.060000,0,0,0
MD,21757,MARYLAND STATE,AWLZ,0.060000,0.060000,0,0,0
MD,21758,MARYLAND STATE,AWLZ,0.060000,0.060000,0,0,0
MD,21759,MARYLAND STATE,AWLZ,0.060000,0.060000,0,0,0
MD,21762,MARYLAND STATE,AWLZ,0.060000,0.060000,0,0,0
MD,21765,MARYLAND STATE,AWLZ,0.060000,0.060000,0,0,0
MD,21766,MARYLAND STATE,AWLZ,0.060000,0.060000,0,0,0
MD,21767,MARYLAND STATE,AWLZ,0.060000,0.060000,0,0,0
MD,21769,MARYLAND STATE,AWLZ,0.060000,0.060000,0,0,0
MD,21770,MARYLAND STATE,AWLZ,0.060000,0.060000,0,0,0
MD,21771,MARYLAND STATE,AWLZ,0.060000,0.060000,0,0,0
MD,21773,MARYLAND STATE,AWLZ,0.060000,0.060000,0,0,0
MD,21774,MARYLAND STATE,AWLZ,0.060000,0.060000,0,0,0
MD,21775,MARYLAND STATE,AWLZ,0.060000,0.060000,0,0,0
MD,21776,MARYLAND STATE,AWLZ,0.060000,0.060000,0,0,0
MD,21777,MARYLAND STATE,AWLZ,0.060000,0.060000,0,0,0
MD,21778,MARYLAND STATE,AWLZ,0.060000,0.060000,0,0,0
MD,21779,MARYLAND STATE,AWLZ,0.060000,0.060000,0,0,0
MD,21780,MARYLAND STATE,AWLZ,0.060000,0.060000,0,0,0
MD,21781,MARYLAND STATE,AWLZ,0.060000,0.060000,0,0,0
MD,21782,MARYLAND STATE,AWLZ,0.060000,0.060000,0,0,0
MD,21783,MARYLAND STATE,AWLZ,0.060000,0.060000,0,0,0
MD,21784,MARYLAND STATE,AWLZ,0.060000,0.060000,0,0,0
MD,21787,MARYLAND STATE,AWLZ,0.060000,0.060000,0,0,0
MD,21788,MARYLAND STATE,AWLZ,0.060000,0.060000,0,0,0
MD,21790,MARYLAND STATE,AWLZ,0.060000,0.060000,0,0,0
MD,21791,MARYLAND STATE,AWLZ,0.060000,0.060000,0,0,0
MD,21792,MARYLAND STATE,AWLZ,0.060000,0.060000,0,0,0
MD,21793,MARYLAND STATE,AWLZ,0.060000,0.060000,0,0,0
MD,21794,MARYLAND STATE,AWLZ,0.060000,0.060000,0,0,0
MD,21795,MARYLAND STATE,AWLZ,0.060000,0.060000,0,0,0
MD,21797,MARYLAND STATE,AWLZ,0.060000,0.060000,0,0,0
MD,21798,MARYLAND STATE,AWLZ,0.060000,0.060000,0,0,0
MD,21801,MARYLAND STATE,AWLZ,0.060000,0.060000,0,0,0
MD,21802,MARYLAND STATE,AWLZ,0.060000,0.060000,0,0,0
MD,21803,MARYLAND STATE,AWLZ,0.060000,0.060000,0,0,0
MD,21804,MARYLAND STATE,AWLZ,0.060000,0.060000,0,0,0
MD,21810,MARYLAND STATE,AWLZ,0.060000,0.060000,0,0,0
MD,21811,MARYLAND STATE,AWLZ,0.060000,0.060000,0,0,0
MD,21813,MARYLAND STATE,AWLZ,0.060000,0.060000,0,0,0
MD,21814,MARYLAND STATE,AWLZ,0.060000,0.060000,0,0,0
MD,21817,MARYLAND STATE,AWLZ,0.060000,0.060000,0,0,0
MD,21821,MARYLAND STATE,AWLZ,0.060000,0.060000,0,0,0
MD,21822,MARYLAND STATE,AWLZ,0.060000,0.060000,0,0,0
MD,21824,MARYLAND STATE,AWLZ,0.060000,0.060000,0,0,0
MD,21826,MARYLAND STATE,AWLZ,0.060000,0.060000,0,0,0
MD,21829,MARYLAND STATE,AWLZ,0.060000,0.060000,0,0,0
MD,21830,MARYLAND STATE,AWLZ,0.060000,0.060000,0,0,0
MD,21835,MARYLAND STATE,AWLZ,0.060000,0.060000,0,0,0
MD,21836,MARYLAND STATE,AWLZ,0.060000,0.060000,0,0,0
MD,21837,MARYLAND STATE,AWLZ,0.060000,0.060000,0,0,0
MD,21838,MARYLAND STATE,AWLZ,0.060000,0.060000,0,0,0
MD,21840,MARYLAND STATE,AWLZ,0.060000,0.060000,0,0,0
MD,21841,MARYLAND STATE,AWLZ,0.060000,0.060000,0,0,0
MD,21842,MARYLAND STATE,AWLZ,0.060000,0.060000,0,0,0
MD,21843,MARYLAND STATE,AWLZ,0.060000,0.060000,0,0,0
MD,21849,MARYLAND STATE,AWLZ,0.060000,0.060000,0,0,0
MD,21850,MARYLAND STATE,AWLZ,0.060000,0.060000,0,0,0
MD,21851,MARYLAND STATE,AWLZ,0.060000,0.060000,0,0,0
MD,21852,MARYLAND STATE,AWLZ,0.060000,0.060000,0,0,0
MD,21853,MARYLAND STATE,AWLZ,0.060000,0.060000,0,0,0
MD,21856,MARYLAND STATE,AWLZ,0.060000,0.060000,0,0,0
MD,21857,MARYLAND STATE,AWLZ,0.060000,0.060000,0,0,0
MD,21861,MARYLAND STATE,AWLZ,0.060000,0.060000,0,0,0
MD,21862,MARYLAND STATE,AWLZ,0.060000,0.060000,0,0,0
MD,21863,MARYLAND STATE,AWLZ,0.060000,0.060000,0,0,0
MD,21864,MARYLAND STATE,AWLZ,0.060000,0.060000,0,0,0
MD,21865,MARYLAND STATE,AWLZ,0.060000,0.060000,0,0,0
MD,21866,MARYLAND STATE,AWLZ,0.060000,0.060000,0,0,0
MD,21867,MARYLAND STATE,AWLZ,0.060000,0.060000,0,0,0
MD,21869,MARYLAND STATE,AWLZ,0.060000,0.060000,0,0,0
MD,21871,MARYLAND STATE,AWLZ,0.060000,0.060000,0,0,0
MD,21872,MARYLAND STATE,AWLZ,0.060000,0.060000,0,0,0
MD,21874,MARYLAND STATE,AWLZ,0.060000,0.060000,0,0,0
MD,21875,MARYLAND STATE,AWLZ,0.060000,0.060000,0,0,0
MD,21890,MARYLAND STATE,AWLZ,0.060000,0.060000,0,0,0
MD,21901,MARYLAND STATE,AWLZ,0.060000,0.060000,0,0,0
MD,21902,MARYLAND STATE,AWLZ,0.060000,0.060000,0,0,0
MD,21903,MARYLAND STATE,AWLZ,0.060000,0.060000,0,0,0
MD,21904,MARYLAND STATE,AWLZ,0.060000,0.060000,0,0,0
MD,21911,MARYLAND STATE,AWLZ,0.060000,0.060000,0,0,0
MD,21912,MARYLAND STATE,AWLZ,0.060000,0.060000,0,0,0
MD,21913,MARYLAND STATE,AWLZ,0.060000,0.060000,0,0,0
MD,21914,MARYLAND STATE,AWLZ,0.060000,0.060000,0,0,0
MD,21915,MARYLAND STATE,AWLZ,0.060000,0.060000,0,0,0
MD,21916,MARYLAND STATE,AWLZ,0.060000,0.060000,0,0,0
MD,21917,MARYLAND STATE,AWLZ,0.060000,0.060000,0,0,0
MD,21918,MARYLAND STATE,AWLZ,0.060000,0.060000,0,0,0
MD,21919,MARYLAND STATE,AWLZ,0.060000,0.060000,0,0,0
MD,21920,MARYLAND STATE,AWLZ,0.060000,0.060000,0,0,0
MD,21921,MARYLAND STATE,AWLZ,0.060000,0.060000,0,0,0
MD,21922,MARYLAND STATE,AWLZ,0.060000,0.060000,0,0,0
MD,21930,MARYLAND STATE,AWLZ,0.060000,0.060000,0,0,0
