State,ZipCode,TaxRegionName,TaxRegionCode,CombinedRate,StateRate,CountyRate,CityRate,SpecialRate
CT,06001,CONNECTICUT STATE,AKUV,0.063500,0.063500,0,0,0
CT,06002,CONNECTICUT STATE,AKUV,0.063500,0.063500,0,0,0
CT,06006,CONNECTICUT STATE,AKUV,0.063500,0.063500,0,0,0
CT,06010,CONNECTICUT STATE,AKUV,0.063500,0.063500,0,0,0
CT,06011,CONNECTICUT STATE,AKUV,0.063500,0.063500,0,0,0
CT,06013,CONNECTICUT STATE,AKUV,0.063500,0.063500,0,0,0
CT,06016,CONNECTICUT STATE,AKUV,0.063500,0.063500,0,0,0
CT,06018,CONNECTICUT STATE,AKUV,0.063500,0.063500,0,0,0
CT,06019,CONNECTICUT STATE,AKUV,0.063500,0.063500,0,0,0
CT,06020,CONNECTICUT STATE,AKUV,0.063500,0.063500,0,0,0
CT,06021,CONNECTICUT STATE,AKUV,0.063500,0.063500,0,0,0
CT,06022,CONNECTICUT STATE,AKUV,0.063500,0.063500,0,0,0
CT,06023,CONNECTICUT STATE,AKUV,0.063500,0.063500,0,0,0
CT,06024,CONNECTICUT STATE,AKUV,0.063500,0.063500,0,0,0
CT,06025,CONNECTICUT STATE,AKUV,0.063500,0.063500,0,0,0
CT,06026,CONNECTICUT STATE,AKUV,0.063500,0.063500,0,0,0
CT,06027,CONNECTICUT STATE,AKUV,0.063500,0.063500,0,0,0
CT,06028,CONNECTICUT STATE,AKUV,0.063500,0.063500,0,0,0
CT,06029,CONNECTICUT STATE,AKUV,0.063500,0.063500,0,0,0
CT,06030,CONNECTICUT STATE,AKUV,0.063500,0.063500,0,0,0
CT,06031,CONNECTICUT STATE,AKUV,0.063500,0.063500,0,0,0
CT,06032,CONNECTICUT STATE,AKUV,0.063500,0.063500,0,0,0
CT,06033,CONNECTICUT STATE,AKUV,0.063500,0.063500,0,0,0
CT,06034,CONNECTICUT STATE,AKUV,0.063500,0.063500,0,0,0
CT,06035,CONNECTICUT STATE,AKUV,0.063500,0.063500,0,0,0
CT,06037,CONNECTICUT STATE,AKUV,0.063500,0.063500,0,0,0
CT,06039,CONNECTICUT STATE,AKUV,0.063500,0.063500,0,0,0
CT,06040,CONNECTICUT STATE,AKUV,0.063500,0.063500,0,0,0
CT,06041,CONNECTICUT STATE,AKUV,0.063500,0.063500,0,0,0
CT,06042,CONNECTICUT STATE,AKUV,0.063500,0.063500,0,0,0
CT,06043,CONNECTICUT STATE,AKUV,0.063500,0.063500,0,0,0
CT,06045,CONNECTICUT STATE,AKUV,0.063500,0.063500,0,0,0
CT,06050,CONNECTICUT STATE,AKUV,0.063500,0.063500,0,0,0
CT,06051,CONNECTICUT STATE,AKUV,0.063500,0.063500,0,0,0
CT,06052,CONNECTICUT STATE,AKUV,0.063500,0.063500,0,0,0
CT,06053,CONNECTICUT STATE,AKUV,0.063500,0.063500,0,0,0
CT,06057,CONNECTICUT STATE,AKUV,0.063500,0.063500,0,0,0
CT,06058,CONNECTICUT STATE,AKUV,0.063500,0.063500,0,0,0
CT,06059,CONNECTICUT STATE,AKUV,0.063500,0.063500,0,0,0
CT,06060,CONNECTICUT STATE,AKUV,0.063500,0.063500,0,0,0
CT,06061,CONNECTICUT STATE,AKUV,0.063500,0.063500,0,0,0
CT,06062,CONNECTICUT STATE,AKUV,0.063500,0.063500,0,0,0
CT,06063,CONNECTICUT STATE,AKUV,0.063500,0.063500,0,0,0
CT,06064,CONNECTICUT STATE,AKUV,0.063500,0.063500,0,0,0
CT,06065,CONNECTICUT STATE,AKUV,0.063500,0.063500,0,0,0
CT,06066,CONNECTICUT STATE,AKUV,0.063500,0.063500,0,0,0
CT,06067,CONNECTICUT STATE,AKUV,0.063500,0.063500,0,0,0
CT,06068,CONNECTICUT STATE,AKUV,0.063500,0.063500,0,0,0
CT,06069,CONNECTICUT STATE,AKUV,0.063500,0.063500,0,0,0
CT,06070,CONNECTICUT STATE,AKUV,0.063500,0.063500,0,0,0
CT,06071,CONNECTICUT STATE,AKUV,0.063500,0.063500,0,0,0
CT,06072,CONNECTICUT STATE,AKUV,0.063500,0.063500,0,0,0
CT,06073,CONNECTICUT STATE,AKUV,0.063500,0.063500,0,0,0
CT,06074,CONNECTICUT STATE,AKUV,0.063500,0.063500,0,0,0
CT,06075,CONNECTICUT STATE,AKUV,0.063500,0.063500,0,0,0
CT,06076,CONNECTICUT STATE,AKUV,0.063500,0.063500,0,0,0
CT,06077,CONNECTICUT STATE,AKUV,0.063500,0.063500,0,0,0
CT,06078,CONNECTICUT STATE,AKUV,0.063500,0.063500,0,0,0
CT,06079,CONNECTICUT STATE,AKUV,0.063500,0.063500,0,0,0
CT,06080,CONNECTICUT STATE,AKUV,0.063500,0.063500,0,0,0
CT,06081,CONNECTICUT STATE,AKUV,0.063500,0.063500,0,0,0
CT,06082,CONNECTICUT STATE,AKUV,0.063500,0.063500,0,0,0
CT,06083,CONNECTICUT STATE,AKUV,0.063500,0.063500,0,0,0
CT,06084,CONNECTICUT STATE,AKUV,0.063500,0.063500,0,0,0
CT,06085,CONNECTICUT STATE,AKUV,0.063500,0.063500,0,0,0
CT,06087,CONNECTICUT STATE,AKUV,0.063500,0.063500,0,0,0
CT,06088,CONNECTICUT STATE,AKUV,0.063500,0.063500,0,0,0
CT,06089,CONNECTICUT STATE,AKUV,0.063500,0.063500,0,0,0
CT,06090,CONNECTICUT STATE,AKUV,0.063500,0.063500,0,0,0
CT,06091,CONNECTICUT STATE,AKUV,0.063500,0.063500,0,0,0
CT,06092,CONNECTICUT STATE,AKUV,0.063500,0.063500,0,0,0
CT,06093,CONNECTICUT STATE,AKUV,0.063500,0.063500,0,0,0
CT,06094,CONNECTICUT STATE,AKUV,0.063500,0.063500,0,0,0
CT,06095,CONNECTICUT STATE,AKUV,0.063500,0.063500,0,0,0
CT,06096,CONNECTICUT STATE,AKUV,0.063500,0.063500,0,0,0
CT,06098,CONNECTICUT STATE,AKUV,0.063500,0.063500,0,0,0
CT,06101,CONNECTICUT STATE,AKUV,0.063500,0.063500,0,0,0
CT,06102,CONNECTICUT STATE,AKUV,0.063500,0.063500,0,0,0
CT,06103,CONNECTICUT STATE,AKUV,0.063500,0.063500,0,0,0
CT,06104,CONNECTICUT STATE,AKUV,0.063500,0.063500,0,0,0
CT,06105,CONNECTICUT STATE,AKUV,0.063500,0.063500,0,0,0
CT,06106,CONNECTICUT STATE,AKUV,0.063500,0.063500,0,0,0
CT,06107,CONNECTICUT STATE,AKUV,0.063500,0.063500,0,0,0
CT,06108,CONNECTICUT STATE,AKUV,0.063500,0.063500,0,0,0
CT,06109,CONNECTICUT STATE,AKUV,0.063500,0.063500,0,0,0
CT,06110,CONNECTICUT STATE,AKUV,0.063500,0.063500,0,0,0
CT,06111,CONNECTICUT STATE,AKUV,0.063500,0.063500,0,0,0
CT,06112,CONNECTICUT STATE,AKUV,0.063500,0.063500,0,0,0
CT,06114,CONNECTICUT STATE,AKUV,0.063500,0.063500,0,0,0
CT,06115,CONNECTICUT STATE,AKUV,0.063500,0.063500,0,0,0
CT,06117,CONNECTICUT STATE,AKUV,0.063500,0.063500,0,0,0
CT,06118,CONNECTICUT STATE,AKUV,0.063500,0.063500,0,0,0
CT,06119,CONNECTICUT STATE,AKUV,0.063500,0.063500,0,0,0
CT,06120,CONNECTICUT STATE,AKUV,0.063500,0.063500,0,0,0
CT,06123,CONNECTICUT STATE,AKUV,0.063500,0.063500,0,0,0
CT,06126,CONNECTICUT STATE,AKUV,0.063500,0.063500,0,0,0
CT,06127,CONNECTICUT STATE,AKUV,0.063500,0.063500,0,0,0
CT,06128,CONNECTICUT STATE,AKUV,0.063500,0.063500,0,0,0
CT,06129,CONNECTICUT STATE,AKUV,0.063500,0.063500,0,0,0
CT,06131,CONNECTICUT STATE,AKUV,0.063500,0.063500,0,0,0
CT,06132,CONNECTICUT STATE,AKUV,0.063500,0.063500,0,0,0
CT,06133,CONNECTICUT STATE,AKUV,0.063500,0.063500,0,0,0
CT,06134,CONNECTICUT STATE,AKUV,0.063500,0.063500,0,0,0
CT,06137,CONNECTICUT STATE,AKUV,0.063500,0.063500,0,0,0
CT,06138,CONNECTICUT STATE,AKUV,0.063500,0.063500,0,0,0
CT,06140,CONNECTICUT STATE,AKUV,0.063500,0.063500,0,0,0
CT,06141,CONNECTICUT STATE,AKUV,0.063500,0.063500,0,0,0
CT,06142,CONNECTICUT STATE,AKUV,0.063500,0.063500,0,0,0
CT,06143,CONNECTICUT STATE,AKUV,0.063500,0.063500,0,0,0
CT,06144,CONNECTICUT STATE,AKUV,0.063500,0.063500,0,0,0
CT,06145,CONNECTICUT STATE,AKUV,0.063500,0.063500,0,0,0
CT,06146,CONNECTICUT STATE,AKUV,0.063500,0.063500,0,0,0
CT,06147,CONNECTICUT STATE,AKUV,0.063500,0.063500,0,0,0
CT,06150,CONNECTICUT STATE,AKUV,0.063500,0.063500,0,0,0
CT,06151,CONNECTICUT STATE,AKUV,0.063500,0.063500,0,0,0
CT,06152,CONNECTICUT STATE,AKUV,0.063500,0.063500,0,0,0
CT,06153,CONNECTICUT STATE,AKUV,0.063500,0.063500,0,0,0
CT,06154,CONNECTICUT STATE,AKUV,0.063500,0.063500,0,0,0
CT,06155,CONNECTICUT STATE,AKUV,0.063500,0.063500,0,0,0
CT,06156,CONNECTICUT STATE,AKUV,0.063500,0.063500,0,0,0
CT,06160,CONNECTICUT STATE,AKUV,0.063500,0.063500,0,0,0
CT,06161,CONNECTICUT STATE,AKUV,0.063500,0.063500,0,0,0
CT,06167,CONNECTICUT STATE,AKUV,0.063500,0.063500,0,0,0
CT,06176,CONNECTICUT STATE,AKUV,0.063500,0.063500,0,0,0
CT,06180,CONNECTICUT STATE,AKUV,0.063500,0.063500,0,0,0
CT,06183,CONNECTICUT STATE,AKUV,0.063500,0.063500,0,0,0
CT,06199,CONNECTICUT STATE,AKUV,0.063500,0.063500,0,0,0
CT,06226,CONNECTICUT STATE,AKUV,0.063500,0.063500,0,0,0
CT,06230,CONNECTICUT STATE,AKUV,0.063500,0.063500,0,0,0
CT,06231,CONNECTICUT STATE,AKUV,0.063500,0.063500,0,0,0
CT,06232,CONNECTICUT STATE,AKUV,0.063500,0.063500,0,0,0
CT,06233,CONNECTICUT STATE,AKUV,0.063500,0.063500,0,0,0
CT,06234,CONNECTICUT STATE,AKUV,0.063500,0.063500,0,0,0
CT,06235,CONNECTICUT STATE,AKUV,0.063500,0.063500,0,0,0
CT,06237,CONNECTICUT STATE,AKUV,0.063500,0.063500,0,0,0
CT,06238,CONNECTICUT STATE,AKUV,0.063500,0.063500,0,0,0
CT,06239,CONNECTICUT STATE,AKUV,0.063500,0.063500,0,0,0
CT,06241,CONNECTICUT STATE,AKUV,0.063500,0.063500,0,0,0
CT,06242,CONNECTICUT STATE,AKUV,0.063500,0.063500,0,0,0
CT,06243,CONNECTICUT STATE,AKUV,0.063500,0.063500,0,0,0
CT,06244,CONNECTICUT STATE,AKUV,0.063500,0.063500,0,0,0
CT,06245,CONNECTICUT STATE,AKUV,0.063500,0.063500,0,0,0
CT,06246,CONNECTICUT STATE,AKUV,0.063500,0.063500,0,0,0
CT,06247,CONNECTICUT STATE,AKUV,0.063500,0.063500,0,0,0
CT,06248,CONNECTICUT STATE,AKUV,0.063500,0.063500,0,0,0
CT,06249,CONNECTICUT STATE,AKUV,0.063500,0.063500,0,0,0
CT,06250,CONNECTICUT STATE,AKUV,0.063500,0.063500,0,0,0
CT,06251,CONNECTICUT STATE,AKUV,0.063500,0.063500,0,0,0
CT,06254,CONNECTICUT STATE,AKUV,0.063500,0.063500,0,0,0
CT,06255,CONNECTICUT STATE,AKUV,0.063500,0.063500,0,0,0
CT,06256,CONNECTICUT STATE,AKUV,0.063500,0.063500,0,0,0
CT,06258,CONNECTICUT STATE,AKUV,0.063500,0.063500,0,0,0
CT,06259,CONNECTICUT STATE,AKUV,0.063500,0.063500,0,0,0
CT,06260,CONNECTICUT STATE,AKUV,0.063500,0.063500,0,0,0
CT,06262,CONNECTICUT STATE,AKUV,0.063500,0.063500,0,0,0
CT,06263,CONNECTICUT STATE,AKUV,0.063500,0.063500,0,0,0
CT,06264,CONNECTICUT STATE,AKUV,0.063500,0.063500,0,0,0
CT,06265,CONNECTICUT STATE,AKUV,0.063500,0.063500,0,0,0
CT,06266,CONNECTICUT STATE,AKUV,0.063500,0.063500,0,0,0
CT,06267,CONNECTICUT STATE,AKUV,0.063500,0.063500,0,0,0
CT,06268,CONNECTICUT STATE,AKUV,0.063500,0.063500,0,0,0
CT,06269,CONNECTICUT STATE,AKUV,0.063500,0.063500,0,0,0
CT,06277,CONNECTICUT STATE,AKUV,0.063500,0.063500,0,0,0
CT,06278,CONNECTICUT STATE,AKUV,0.063500,0.063500,0,0,0
CT,06279,CONNECTICUT STATE,AKUV,0.063500,0.063500,0,0,0
CT,06280,CONNECTICUT STATE,AKUV,0.063500,0.063500,0,0,0
CT,06281,CONNECTICUT STATE,AKUV,0.063500,0.063500,0,0,0
CT,06282,CONNECTICUT STATE,AKUV,0.063500,0.063500,0,0,0
CT,06320,CONNECTICUT STATE,AKUV,0.063500,0.063500,0,0,0
CT,06330,CONNECTICUT STATE,AKUV,0.063500,0.063500,0,0,0
CT,06331,CONNECTICUT STATE,AKUV,0.063500,0.063500,0,0,0
CT,06332,CONNECTICUT STATE,AKUV,0.063500,0.063500,0,0,0
CT,06333,CONNECTICUT STATE,AKUV,0.063500,0.063500,0,0,0
CT,06334,CONNECTICUT STATE,AKUV,0.063500,0.063500,0,0,0
CT,06335,CONNECTICUT STATE,AKUV,0.063500,0.063500,0,0,0
CT,06336,CONNECTICUT STATE,AKUV,0.063500,0.063500,0,0,0
CT,06338,CONNECTICUT STATE,AKUV,0.063500,0.063500,0,0,0
CT,06339,CONNECTICUT STATE,AKUV,0.063500,0.063500,0,0,0
CT,06340,CONNECTICUT STATE,AKUV,0.063500,0.063500,0,0,0
CT,06349,CONNECTICUT STATE,AKUV,0.063500,0.063500,0,0,0
CT,06350,CONNECTICUT STATE,AKUV,0.063500,0.063500,0,0,0
CT,06351,CONNECTICUT STATE,AKUV,0.063500,0.063500,0,0,0
CT,06353,CONNECTICUT STATE,AKUV,0.063500,0.063500,0,0,0
CT,06354,CONNECTICUT STATE,AKUV,0.063500,0.063500,0,0,0
CT,06355,CONNECTICUT STATE,AKUV,0.063500,0.063500,0,0,0
CT,06357,CONNECTICUT STATE,AKUV,0.063500,0.063500,0,0,0
CT,06359,CONNECTICUT STATE,AKUV,0.063500,0.063500,0,0,0
CT,06360,CONNECTICUT STATE,AKUV,0.063500,0.063500,0,0,0
CT,06365,CONNECTICUT STATE,AKUV,0.063500,0.063500,0,0,0
CT,06370,CONNECTICUT STATE,AKUV,0.063500,0.063500,0,0,0
CT,06371,CONNECTICUT STATE,AKUV,0.063500,0.063500,0,0,0
CT,06372,CONNECTICUT STATE,AKUV,0.063500,0.063500,0,0,0
CT,06373,CONNECTICUT STATE,AKUV,0.063500,0.063500,0,0,0
CT,06374,CONNECTICUT STATE,AKUV,0.063500,0.063500,0,0,0
CT,06375,CONNECTICUT STATE,AKUV,0.063500,0.063500,0,0,0
CT,06376,CONNECTICUT STATE,AKUV,0.063500,0.063500,0,0,0
CT,06377,CONNECTICUT STATE,AKUV,0.063500,0.063500,0,0,0
CT,06378,CONNECTICUT STATE,AKUV,0.063500,0.063500,0,0,0
CT,06379,CONNECTICUT STATE,AKUV,0.063500,0.063500,0,0,0
CT,06380,CONNECTICUT STATE,AKUV,0.063500,0.063500,0,0,0
CT,06382,CONNECTICUT STATE,AKUV,0.063500,0.063500,0,0,0
CT,06383,CONNECTICUT STATE,AKUV,0.063500,0.063500,0,0,0
CT,06384,CONNECTICUT STATE,AKUV,0.063500,0.063500,0,0,0
CT,06385,CONNECTICUT STATE,AKUV,0.063500,0.063500,0,0,0
CT,06387,CONNECTICUT STATE,AKUV,0.063500,0.063500,0,0,0
CT,06388,CONNECTICUT STATE,AKUV,0.063500,0.063500,0,0,0
CT,06389,CONNECTICUT STATE,AKUV,0.063500,0.063500,0,0,0
CT,06401,CONNECTICUT STATE,AKUV,0.063500,0.063500,0,0,0
CT,06403,CONNECTICUT STATE,AKUV,0.063500,0.063500,0,0,0
CT,06404,CONNECTICUT STATE,AKUV,0.063500,0.063500,0,0,0
CT,06405,CONNECTICUT STATE,AKUV,0.063500,0.063500,0,0,0
CT,06408,CONNECTICUT STATE,AKUV,0.063500,0.063500,0,0,0
CT,06409,CONNECTICUT STATE,AKUV,0.063500,0.063500,0,0,0
CT,06410,CONNECTICUT STATE,AKUV,0.063500,0.063500,0,0,0
CT,06411,CONNECTICUT STATE,AKUV,0.063500,0.063500,0,0,0
CT,06412,CONNECTICUT STATE,AKUV,0.063500,0.063500,0,0,0
CT,06413,CONNECTICUT STATE,AKUV,0.063500,0.063500,0,0,0
CT,06414,CONNECTICUT STATE,AKUV,0.063500,0.063500,0,0,0
CT,06415,CONNECTICUT STATE,AKUV,0.063500,0.063500,0,0,0
CT,06416,CONNECTICUT STATE,AKUV,0.063500,0.063500,0,0,0
CT,06417,CONNECTICUT STATE,AKUV,0.063500,0.063500,0,0,0
CT,06418,CONNECTICUT STATE,AKUV,0.063500,0.063500,0,0,0
CT,06419,CONNECTICUT STATE,AKUV,0.063500,0.063500,0,0,0
CT,06420,CONNECTICUT STATE,AKUV,0.063500,0.063500,0,0,0
CT,06422,CONNECTICUT STATE,AKUV,0.063500,0.063500,0,0,0
CT,06423,CONNECTICUT STATE,AKUV,0.063500,0.063500,0,0,0
CT,06424,CONNECTICUT STATE,AKUV,0.063500,0.063500,0,0,0
CT,06426,CONNECTICUT STATE,AKUV,0.063500,0.063500,0,0,0
CT,06437,CONNECTICUT STATE,AKUV,0.063500,0.063500,0,0,0
CT,06438,CONNECTICUT STATE,AKUV,0.063500,0.063500,0,0,0
CT,06439,CONNECTICUT STATE,AKUV,0.063500,0.063500,0,0,0
CT,06440,CONNECTICUT STATE,AKUV,0.063500,0.063500,0,0,0
CT,06441,CONNECTICUT STATE,AKUV,0.063500,0.063500,0,0,0
CT,06442,CONNECTICUT STATE,AKUV,0.063500,0.063500,0,0,0
CT,06443,CONNECTICUT STATE,AKUV,0.063500,0.063500,0,0,0
CT,06444,CONNECTICUT STATE,AKUV,0.063500,0.063500,0,0,0
CT,06447,CONNECTICUT STATE,AKUV,0.063500,0.063500,0,0,0
CT,06450,CONNECTICUT STATE,AKUV,0.063500,0.063500,0,0,0
CT,06451,CONNECTICUT STATE,AKUV,0.063500,0.063500,0,0,0
CT,06455,CONNECTICUT STATE,AKUV,0.063500,0.063500,0,0,0
CT,06456,CONNECTICUT STATE,AKUV,0.063500,0.063500,0,0,0
CT,06457,CONNECTICUT STATE,AKUV,0.063500,0.063500,0,0,0
CT,06459,CONNECTICUT STATE,AKUV,0.063500,0.063500,0,0,0
CT,06460,CONNECTICUT STATE,AKUV,0.063500,0.063500,0,0,0
CT,06461,CONNECTICUT STATE,AKUV,0.063500,0.063500,0,0,0
CT,06467,CONNECTICUT STATE,AKUV,0.063500,0.063500,0,0,0
CT,06468,CONNECTICUT STATE,AKUV,0.063500,0.063500,0,0,0
CT,06469,CONNECTICUT STATE,AKUV,0.063500,0.063500,0,0,0
CT,06470,CONNECTICUT STATE,AKUV,0.063500,0.063500,0,0,0
CT,06471,CONNECTICUT STATE,AKUV,0.063500,0.063500,0,0,0
CT,06472,CONNECTICUT STATE,AKUV,0.063500,0.063500,0,0,0
CT,06473,CONNECTICUT STATE,AKUV,0.063500,0.063500,0,0,0
CT,06474,CONNECTICUT STATE,AKUV,0.063500,0.063500,0,0,0
CT,06475,CONNECTICUT STATE,AKUV,0.063500,0.063500,0,0,0
CT,06477,CONNECTICUT STATE,AKUV,0.063500,0.063500,0,0,0
CT,06478,CONNECTICUT STATE,AKUV,0.063500,0.063500,0,0,0
CT,06479,CONNECTICUT STATE,AKUV,0.063500,0.063500,0,0,0
CT,06480,CONNECTICUT STATE,AKUV,0.063500,0.063500,0,0,0
CT,06481,CONNECTICUT STATE,AKUV,0.063500,0.063500,0,0,0
CT,06482,CONNECTICUT STATE,AKUV,0.063500,0.063500,0,0,0
CT,06483,CONNECTICUT STATE,AKUV,0.063500,0.063500,0,0,0
CT,06484,CONNECTICUT STATE,AKUV,0.063500,0.063500,0,0,0
CT,06487,CONNECTICUT STATE,AKUV,0.063500,0.063500,0,0,0
CT,06488,CONNECTICUT STATE,AKUV,0.063500,0.063500,0,0,0
CT,06489,CONNECTICUT STATE,AKUV,0.063500,0.063500,0,0,0
CT,06491,CONNECTICUT STATE,AKUV,0.063500,0.063500,0,0,0
CT,06492,CONNECTICUT STATE,AKUV,0.063500,0.063500,0,0,0
CT,06493,CONNECTICUT STATE,AKUV,0.063500,0.063500,0,0,0
CT,06494,CONNECTICUT STATE,AKUV,0.063500,0.063500,0,0,0
CT,06495,CONNECTICUT STATE,AKUV,0.063500,0.063500,0,0,0
CT,06498,CONNECTICUT STATE,AKUV,0.063500,0.063500,0,0,0
CT,06501,CONNECTICUT STATE,AKUV,0.063500,0.063500,0,0,0
CT,06502,CONNECTICUT STATE,AKUV,0.063500,0.063500,0,0,0
CT,06503,CONNECTICUT STATE,AKUV,0.063500,0.063500,0,0,0
CT,06504,CONNECTICUT STATE,AKUV,0.063500,0.063500,0,0,0
CT,06505,CONNECTICUT STATE,AKUV,0.063500,0.063500,0,0,0
CT,06506,CONNECTICUT STATE,AKUV,0.063500,0.063500,0,0,0
CT,06507,CONNECTICUT STATE,AKUV,0.063500,0.063500,0,0,0
CT,06508,CONNECTICUT STATE,AKUV,0.063500,0.063500,0,0,0
CT,06509,CONNECTICUT STATE,AKUV,0.063500,0.063500,0,0,0
CT,06510,CONNECTICUT STATE,AKUV,0.063500,0.063500,0,0,0
CT,06511,CONNECTICUT STATE,AKUV,0.063500,0.063500,0,0,0
CT,06512,CONNECTICUT STATE,AKUV,0.063500,0.063500,0,0,0
CT,06513,CONNECTICUT STATE,AKUV,0.063500,0.063500,0,0,0
CT,06514,CONNECTICUT STATE,AKUV,0.063500,0.063500,0,0,0
CT,06515,CONNECTICUT STATE,AKUV,0.063500,0.063500,0,0,0
CT,06516,CONNECTICUT STATE,AKUV,0.063500,0.063500,0,0,0
CT,06517,CONNECTICUT STATE,AKUV,0.063500,0.063500,0,0,0
CT,06518,CONNECTICUT STATE,AKUV,0.063500,0.063500,0,0,0
CT,06519,CONNECTICUT STATE,AKUV,0.063500,0.063500,0,0,0
CT,06520,CONNECTICUT STATE,AKUV,0.063500,0.063500,0,0,0
CT,06521,CONNECTICUT STATE,AKUV,0.063500,0.063500,0,0,0
CT,06524,CONNECTICUT STATE,AKUV,0.063500,0.063500,0,0,0
CT,06525,CONNECTICUT STATE,AKUV,0.063500,0.063500,0,0,0
CT,06530,CONNECTICUT STATE,AKUV,0.063500,0.063500,0,0,0
CT,06531,CONNECTICUT STATE,AKUV,0.063500,0.063500,0,0,0
CT,06532,CONNECTICUT STATE,AKUV,0.063500,0.063500,0,0,0
CT,06533,CONNECTICUT STATE,AKUV,0.063500,0.063500,0,0,0
CT,06534,CONNECTICUT STATE,AKUV,0.063500,0.063500,0,0,0
CT,06535,CONNECTICUT STATE,AKUV,0.063500,0.063500,0,0,0
CT,06536,CONNECTICUT STATE,AKUV,0.063500,0.063500,0,0,0
CT,06537,CONNECTICUT STATE,AKUV,0.063500,0.063500,0,0,0
CT,06538,CONNECTICUT STATE,AKUV,0.063500,0.063500,0,0,0
CT,06540,CONNECTICUT STATE,AKUV,0.063500,0.063500,0,0,0
CT,06601,CONNECTICUT STATE,AKUV,0.063500,0.063500,0,0,0
CT,06602,CONNECTICUT STATE,AKUV,0.063500,0.063500,0,0,0
CT,06604,CONNECTICUT STATE,AKUV,0.063500,0.063500,0,0,0
CT,06605,CONNECTICUT STATE,AKUV,0.063500,0.063500,0,0,0
CT,06606,CONNECTICUT STATE,AKUV,0.063500,0.063500,0,0,0
CT,06607,CONNECTICUT STATE,AKUV,0.063500,0.063500,0,0,0
CT,06608,CONNECTICUT STATE,AKUV,0.063500,0.063500,0,0,0
CT,06610,CONNECTICUT STATE,AKUV,0.063500,0.063500,0,0,0
CT,06611,CONNECTICUT STATE,AKUV,0.063500,0.063500,0,0,0
CT,06612,CONNECTICUT STATE,AKUV,0.063500,0.063500,0,0,0
CT,06614,CONNECTICUT STATE,AKUV,0.063500,0.063500,0,0,0
CT,06615,CONNECTICUT STATE,AKUV,0.063500,0.063500,0,0,0
CT,06650,CONNECTICUT STATE,AKUV,0.063500,0.063500,0,0,0
CT,06673,CONNECTICUT STATE,AKUV,0.063500,0.063500,0,0,0
CT,06699,CONNECTICUT STATE,AKUV,0.063500,0.063500,0,0,0
CT,06701,CONNECTICUT STATE,AKUV,0.063500,0.063500,0,0,0
CT,06702,CONNECTICUT STATE,AKUV,0.063500,0.063500,0,0,0
CT,06703,CONNECTICUT STATE,AKUV,0.063500,0.063500,0,0,0
CT,06704,CONNECTICUT STATE,AKUV,0.063500,0.063500,0,0,0
CT,06705,CONNECTICUT STATE,AKUV,0.063500,0.063500,0,0,0
CT,06706,CONNECTICUT STATE,AKUV,0.063500,0.063500,0,0,0
CT,06708,CONNECTICUT STATE,AKUV,0.063500,0.063500,0,0,0
CT,06710,CONNECTICUT STATE,AKUV,0.063500,0.063500,0,0,0
CT,06712,CONNECTICUT STATE,AKUV,0.063500,0.063500,0,0,0
CT,06716,CONNECTICUT STATE,AKUV,0.063500,0.063500,0,0,0
CT,06720,CONNECTICUT STATE,AKUV,0.063500,0.063500,0,0,0
CT,06721,CONNECTICUT STATE,AKUV,0.063500,0.063500,0,0,0
CT,06722,CONNECTICUT STATE,AKUV,0.063500,0.063500,0,0,0
CT,06723,CONNECTICUT STATE,AKUV,0.063500,0.063500,0,0,0
CT,06724,CONNECTICUT STATE,AKUV,0.063500,0.063500,0,0,0
CT,06725,CONNECTICUT STATE,AKUV,0.063500,0.063500,0,0,0
CT,06726,CONNECTICUT STATE,AKUV,0.063500,0.063500,0,0,0
CT,06749,CONNECTICUT STATE,AKUV,0.063500,0.063500,0,0,0
CT,06750,CONNECTICUT STATE,AKUV,0.063500,0.063500,0,0,0
CT,06751,CONNECTICUT STATE,AKUV,0.063500,0.063500,0,0,0
CT,06752,CONNECTICUT STATE,AKUV,0.063500,0.063500,0,0,0
CT,06753,CONNECTICUT STATE,AKUV,0.063500,0.063500,0,0,0
CT,06754,CONNECTICUT STATE,AKUV,0.063500,0.063500,0,0,0
CT,06755,CONNECTICUT STATE,AKUV,0.063500,0.063500,0,0,0
CT,06756,CONNECTICUT STATE,AKUV,0.063500,0.063500,0,0,0
CT,06757,CONNECTICUT STATE,AKUV,0.063500,0.063500,0,0,0
CT,06758,CONNECTICUT STATE,AKUV,0.063500,0.063500,0,0,0
CT,06759,CONNECTICUT STATE,AKUV,0.063500,0.063500,0,0,0
CT,06762,CONNECTICUT STATE,AKUV,0.063500,0.063500,0,0,0
CT,06763,CONNECTICUT STATE,AKUV,0.063500,0.063500,0,0,0
CT,06770,CONNECTICUT STATE,AKUV,0.063500,0.063500,0,0,0
CT,06776,CONNECTICUT STATE,AKUV,0.063500,0.063500,0,0,0
CT,06777,CONNECTICUT STATE,AKUV,0.063500,0.063500,0,0,0
CT,06778,CONNECTICUT STATE,AKUV,0.063500,0.063500,0,0,0
CT,06779,CONNECTICUT STATE,AKUV,0.063500,0.063500,0,0,0
CT,06781,CONNECTICUT STATE,AKUV,0.063500,0.063500,0,0,0
CT,06782,CONNECTICUT STATE,AKUV,0.063500,0.063500,0,0,0
CT,06783,CONNECTICUT STATE,AKUV,0.063500,0.063500,0,0,0
CT,06784,CONNECTICUT STATE,AKUV,0.063500,0.063500,0,0,0
CT,06785,CONNECTICUT STATE,AKUV,0.063500,0.063500,0,0,0
CT,06786,CONNECTICUT STATE,AKUV,0.063500,0.063500,0,0,0
CT,06787,CONNECTICUT STATE,AKUV,0.063500,0.063500,0,0,0
CT,06790,CONNECTICUT STATE,AKUV,0.063500,0.063500,0,0,0
CT,06791,CONNECTICUT STATE,AKUV,0.063500,0.063500,0,0,0
CT,06792,CONNECTICUT STATE,AKUV,0.063500,0.063500,0,0,0
CT,06793,CONNECTICUT STATE,AKUV,0.063500,0.063500,0,0,0
CT,06794,CONNECTICUT STATE,AKUV,0.063500,0.063500,0,0,0
CT,06795,CONNECTICUT STATE,AKUV,0.063500,0.063500,0,0,0
CT,06796,CONNECTICUT STATE,AKUV,0.063500,0.063500,0,0,0
CT,06798,CONNECTICUT STATE,AKUV,0.063500,0.063500,0,0,0
CT,06801,CONNECTICUT STATE,AKUV,0.063500,0.063500,0,0,0
CT,06804,CONNECTICUT STATE,AKUV,0.063500,0.063500,0,0,0
CT,06807,CONNECTICUT STATE,AKUV,0.063500,0.063500,0,0,0
CT,06810,CONNECTICUT STATE,AKUV,0.063500,0.063500,0,0,0
CT,06811,CONNECTICUT STATE,AKUV,0.063500,0.063500,0,0,0
CT,06812,CONNECTICUT STATE,AKUV,0.063500,0.063500,0,0,0
CT,06813,CONNECTICUT STATE,AKUV,0.063500,0.063500,0,0,0
CT,06814,CONNECTICUT STATE,AKUV,0.063500,0.063500,0,0,0
CT,06816,CONNECTICUT STATE,AKUV,0.063500,0.063500,0,0,0
CT,06817,CONNECTICUT STATE,AKUV,0.063500,0.063500,0,0,0
CT,06820,CONNECTICUT STATE,AKUV,0.063500,0.063500,0,0,0
CT,06824,CONNECTICUT STATE,AKUV,0.063500,0.063500,0,0,0
CT,06825,CONNECTICUT STATE,AKUV,0.063500,0.063500,0,0,0
CT,06828,CONNECTICUT STATE,AKUV,0.063500,0.063500,0,0,0
CT,06829,CONNECTICUT STATE,AKUV,0.063500,0.063500,0,0,0
CT,06830,CONNECTICUT STATE,AKUV,0.063500,0.063500,0,0,0
CT,06831,CONNECTICUT STATE,AKUV,0.063500,0.063500,0,0,0
CT,06836,CONNECTICUT STATE,AKUV,0.063500,0.063500,0,0,0
CT,06838,CONNECTICUT STATE,AKUV,0.063500,0.063500,0,0,0
CT,06840,CONNECTICUT STATE,AKUV,0.063500,0.063500,0,0,0
CT,06850,CONNECTICUT STATE,AKUV,0.063500,0.063500,0,0,0
CT,06851,CONNECTICUT STATE,AKUV,0.063500,0.063500,0,0,0
CT,06852,CONNECTICUT STATE,AKUV,0.063500,0.063500,0,0,0
CT,06853,CONNECTICUT STATE,AKUV,0.063500,0.063500,0,0,0
CT,06854,CONNECTICUT STATE,AKUV,0.063500,0.063500,0,0,0
CT,06855,CONNECTICUT STATE,AKUV,0.063500,0.063500,0,0,0
CT,06856,CONNECTICUT STATE,AKUV,0.063500,0.063500,0,0,0
CT,06857,CONNECTICUT STATE,AKUV,0.063500,0.063500,0,0,0
CT,06858,CONNECTICUT STATE,AKUV,0.063500,0.063500,0,0,0
CT,06860,CONNECTICUT STATE,AKUV,0.063500,0.063500,0,0,0
CT,06870,CONNECTICUT STATE,AKUV,0.063500,0.063500,0,0,0
CT,06875,CONNECTICUT STATE,AKUV,0.063500,0.063500,0,0,0
CT,06876,CONNECTICUT STATE,AKUV,0.063500,0.063500,0,0,0
CT,06877,CONNECTICUT STATE,AKUV,0.063500,0.063500,0,0,0
CT,06878,CONNECTICUT STATE,AKUV,0.063500,0.063500,0,0,0
CT,06879,CONNECTICUT STATE,AKUV,0.063500,0.063500,0,0,0
CT,06880,CONNECTICUT STATE,AKUV,0.063500,0.063500,0,0,0
CT,06881,CONNECTICUT STATE,AKUV,0.063500,0.063500,0,0,0
CT,06883,CONNECTICUT STATE,AKUV,0.063500,0.063500,0,0,0
CT,06888,CONNECTICUT STATE,AKUV,0.063500,0.063500,0,0,0
CT,06889,CONNECTICUT STATE,AKUV,0.063500,0.063500,0,0,0
CT,06890,CONNECTICUT STATE,AKUV,0.063500,0.063500,0,0,0
CT,06896,CONNECTICUT STATE,AKUV,0.063500,0.063500,0,0,0
CT,06897,CONNECTICUT STATE,AKUV,0.063500,0.063500,0,0,0
CT,06901,CONNECTICUT STATE,AKUV,0.063500,0.063500,0,0,0
CT,06902,CONNECTICUT STATE,AKUV,0.063500,0.063500,0,0,0
CT,06903,CONNECTICUT STATE,AKUV,0.063500,0.063500,0,0,0
CT,06904,CONNECTICUT STATE,AKUV,0.063500,0.063500,0,0,0
CT,06905,CONNECTICUT STATE,AKUV,0.063500,0.063500,0,0,0
CT,06906,CONNECTICUT STATE,AKUV,0.063500,0.063500,0,0,0
CT,06907,CONNECTICUT STATE,AKUV,0.063500,0.063500,0,0,0
CT,06910,CONNECTICUT STATE,AKUV,0.063500,0.063500,0,0,0
CT,06911,CONNECTICUT STATE,AKUV,0.063500,0.063500,0,0,0
CT,06912,CONNECTICUT STATE,AKUV,0.063500,0.063500,0,0,0
CT,06913,CONNECTICUT STATE,AKUV,0.063500,0.063500,0,0,0
CT,06914,CONNECTICUT STATE,AKUV,0.063500,0.063500,0,0,0
CT,06920,CONNECTICUT STATE,AKUV,0.063500,0.063500,0,0,0
CT,06921,CONNECTICUT STATE,AKUV,0.063500,0.063500,0,0,0
CT,06922,CONNECTICUT STATE,AKUV,0.063500,0.063500,0,0,0
CT,06925,CONNECTICUT STATE,AKUV,0.063500,0.063500,0,0,0
CT,06926,CONNECTICUT STATE,AKUV,0.063500,0.063500,0,0,0
CT,06927,CONNECTICUT STATE,AKUV,0.063500,0.063500,0,0,0
