State,ZipCode,TaxRegionName,TaxRegionCode,CombinedRate,StateRate,CountyRate,CityRate,SpecialRate
WV,24701,WEST VIRGINIA STATE,BXUW,0.060000,0.060000,0,0,0
WV,24712,WEST VIRGINIA STATE,BXUW,0.060000,0.060000,0,0,0
WV,24714,WEST VIRGINIA STATE,BXUW,0.060000,0.060000,0,0,0
WV,24715,WEST VIRGINIA STATE,BXUW,0.060000,0.060000,0,0,0
WV,24719,WEST VIRGINIA STATE,BXUW,0.060000,0.060000,0,0,0
WV,24724,WEST VIRGINIA STATE,BXUW,0.060000,0.060000,0,0,0
WV,24726,WEST VIRGINIA STATE,BXUW,0.060000,0.060000,0,0,0
WV,24729,WEST VIRGINIA STATE,BXUW,0.060000,0.060000,0,0,0
WV,24731,WEST VIRGINIA STATE,BXUW,0.060000,0.060000,0,0,0
WV,24732,WEST VIRGINIA STATE,BXUW,0.060000,0.060000,0,0,0
WV,24733,WEST VIRGINIA STATE,BXUW,0.060000,0.060000,0,0,0
WV,24736,WEST VIRGINIA STATE,BXUW,0.060000,0.060000,0,0,0
WV,24737,WEST VIRGINIA STATE,BXUW,0.060000,0.060000,0,0,0
WV,24738,WEST VIRGINIA STATE,BXUW,0.060000,0.060000,0,0,0
WV,24739,WEST VIRGINIA STATE,BXUW,0.060000,0.060000,0,0,0
WV,24740,WEST VIRGINIA STATE,BXUW,0.060000,0.060000,0,0,0
WV,24747,WEST VIRGINIA STATE,BXUW,0.060000,0.060000,0,0,0
WV,24751,WEST VIRGINIA STATE,BXUW,0.060000,0.060000,0,0,0
WV,24801,WEST VIRGINIA STATE,BXUW,0.060000,0.060000,0,0,0
WV,24808,WEST VIRGINIA STATE,BXUW,0.060000,0.060000,0,0,0
WV,24811,WEST VIRGINIA STATE,BXUW,0.060000,0.060000,0,0,0
WV,24813,WEST VIRGINIA STATE,BXUW,0.060000,0.060000,0,0,0
WV,24815,WEST VIRGINIA STATE,BXUW,0.060000,0.060000,0,0,0
WV,24816,WEST VIRGINIA STATE,BXUW,0.060000,0.060000,0,0,0
WV,24817,WEST VIRGINIA STATE,BXUW,0.060000,0.060000,0,0,0
WV,24818,WEST VIRGINIA STATE,BXUW,0.060000,0.060000,0,0,0
WV,24822,WEST VIRGINIA STATE,BXUW,0.060000,0.060000,0,0,0
WV,24823,WEST VIRGINIA STATE,BXUW,0.060000,0.060000,0,0,0
WV,24826,WEST VIRGINIA STATE,BXUW,0.060000,0.060000,0,0,0
WV,24827,WEST VIRGINIA STATE,BXUW,0.060000,0.060000,0,0,0
WV,24828,WEST VIRGINIA STATE,BXUW,0.060000,0.060000,0,0,0
WV,24829,WEST VIRGINIA STATE,BXUW,0.060000,0.060000,0,0,0
WV,24830,WEST VIRGINIA STATE,BXUW,0.060000,0.060000,0,0,0
WV,24831,WEST VIRGINIA STATE,BXUW,0.060000,0.060000,0,0,0
WV,24834,WEST VIRGINIA STATE,BXUW,0.060000,0.060000,0,0,0
WV,24836,WEST VIRGINIA STATE,BXUW,0.060000,0.060000,0,0,0
WV,24839,WEST VIRGINIA STATE,BXUW,0.060000,0.060000,0,0,0
WV,24843,WEST VIRGINIA STATE,BXUW,0.060000,0.060000,0,0,0
WV,24844,WEST VIRGINIA STATE,BXUW,0.060000,0.060000,0,0,0
WV,24845,WEST VIRGINIA STATE,BXUW,0.060000,0.060000,0,0,0
WV,24846,WEST VIRGINIA STATE,BXUW,0.060000,0.060000,0,0,0
WV,24847,WEST VIRGINIA STATE,BXUW,0.060000,0.060000,0,0,0
WV,24849,WEST VIRGINIA STATE,BXUW,0.060000,0.060000,0,0,0
WV,24850,WEST VIRGINIA STATE,BXUW,0.060000,0.060000,0,0,0
WV,24853,WEST VIRGINIA STATE,BXUW,0.060000,0.060000,0,0,0
WV,24854,WEST VIRGINIA STATE,BXUW,0.060000,0.060000,0,0,0
WV,24855,WEST VIRGINIA STATE,BXUW,0.060000,0.060000,0,0,0
WV,24857,WEST VIRGINIA STATE,BXUW,0.060000,0.060000,0,0,0
WV,24859,WEST VIRGINIA STATE,BXUW,0.060000,0.060000,0,0,0
WV,24860,WEST VIRGINIA STATE,BXUW,0.060000,0.060000,0,0,0
WV,24861,WEST VIRGINIA STATE,BXUW,0.060000,0.060000,0,0,0
WV,24866,WEST VIRGINIA STATE,BXUW,0.060000,0.060000,0,0,0
WV,24867,WEST VIRGINIA STATE,BXUW,0.060000,0.060000,0,0,0
WV,24868,WEST VIRGINIA STATE,BXUW,0.060000,0.060000,0,0,0
WV,24869,WEST VIRGINIA STATE,BXUW,0.060000,0.060000,0,0,0
WV,24870,WEST VIRGINIA STATE,BXUW,0.060000,0.060000,0,0,0
WV,24872,WEST VIRGINIA STATE,BXUW,0.060000,0.060000,0,0,0
WV,24873,WEST VIRGINIA STATE,BXUW,0.060000,0.060000,0,0,0
WV,24874,WEST VIRGINIA STATE,BXUW,0.060000,0.060000,0,0,0
WV,24878,WEST VIRGINIA STATE,BXUW,0.060000,0.060000,0,0,0
WV,24879,WEST VIRGINIA STATE,BXUW,0.060000,0.060000,0,0,0
WV,24880,WEST VIRGINIA STATE,BXUW,0.060000,0.060000,0,0,0
WV,24881,WEST VIRGINIA STATE,BXUW,0.060000,0.060000,0,0,0
WV,24882,WEST VIRGINIA STATE,BXUW,0.060000,0.060000,0,0,0
WV,24884,WEST VIRGINIA STATE,BXUW,0.060000,0.060000,0,0,0
WV,24887,WEST VIRGINIA STATE,BXUW,0.060000,0.060000,0,0,0
WV,24888,WEST VIRGINIA STATE,BXUW,0.060000,0.060000,0,0,0
WV,24892,WEST VIRGINIA STATE,BXUW,0.060000,0.060000,0,0,0
WV,24894,WEST VIRGINIA STATE,BXUW,0.060000,0.060000,0,0,0
WV,24895,WEST VIRGINIA STATE,BXUW,0.060000,0.060000,0,0,0
WV,24898,WEST VIRGINIA STATE,BXUW,0.060000,0.060000,0,0,0
WV,24901,WEST VIRGINIA STATE,BXUW,0.060000,0.060000,0,0,0
WV,24902,WEST VIRGINIA STATE,BXUW,0.060000,0.060000,0,0,0
WV,24910,WEST VIRGINIA STATE,BXUW,0.060000,0.060000,0,0,0
WV,24915,WEST VIRGINIA STATE,BXUW,0.060000,0.060000,0,0,0
WV,24916,WEST VIRGINIA STATE,BXUW,0.060000,0.060000,0,0,0
WV,24918,WEST VIRGINIA STATE,BXUW,0.060000,0.060000,0,0,0
WV,24920,WEST VIRGINIA STATE,BXUW,0.060000,0.060000,0,0,0
WV,24924,WEST VIRGINIA STATE,BXUW,0.060000,0.060000,0,0,0
WV,24925,WEST VIRGINIA STATE,BXUW,0.060000,0.060000,0,0,0
WV,24927,WEST VIRGINIA STATE,BXUW,0.060000,0.060000,0,0,0
WV,24931,WEST VIRGINIA STATE,BXUW,0.060000,0.060000,0,0,0
WV,24934,WEST VIRGINIA STATE,BXUW,0.060000,0.060000,0,0,0
WV,24935,WEST VIRGINIA STATE,BXUW,0.060000,0.060000,0,0,0
WV,24938,WEST VIRGINIA STATE,BXUW,0.060000,0.060000,0,0,0
WV,24941,WEST VIRGINIA STATE,BXUW,0.060000,0.060000,0,0,0
WV,24943,WEST VIRGINIA STATE,BXUW,0.060000,0.060000,0,0,0
WV,24944,WEST VIRGINIA STATE,BXUW,0.060000,0.060000,0,0,0
WV,24945,WEST VIRGINIA STATE,BXUW,0.060000,0.060000,0,0,0
WV,24946,WEST VIRGINIA STATE,BXUW,0.060000,0.060000,0,0,0
WV,24951,WEST VIRGINIA STATE,BXUW,0.060000,0.060000,0,0,0
WV,24954,WEST VIRGINIA STATE,BXUW,0.060000,0.060000,0,0,0
WV,24957,WEST VIRGINIA STATE,BXUW,0.060000,0.060000,0,0,0
WV,24962,WEST VIRGINIA STATE,BXUW,0.060000,0.060000,0,0,0
WV,24963,WEST VIRGINIA STATE,BXUW,0.060000,0.060000,0,0,0
WV,24966,WEST VIRGINIA STATE,BXUW,0.060000,0.060000,0,0,0
WV,24970,WEST VIRGINIA STATE,BXUW,0.060000,0.060000,0,0,0
WV,24974,WEST VIRGINIA STATE,BXUW,0.060000,0.060000,0,0,0
WV,24976,WEST VIRGINIA STATE,BXUW,0.060000,0.060000,0,0,0
WV,24977,WEST VIRGINIA STATE,BXUW,0.060000,0.060000,0,0,0
WV,24981,WEST VIRGINIA STATE,BXUW,0.060000,0.060000,0,0,0
WV,24983,WEST VIRGINIA STATE,BXUW,0.060000,0.060000,0,0,0
WV,24984,WEST VIRGINIA STATE,BXUW,0.060000,0.060000,0,0,0
WV,24985,WEST VIRGINIA STATE,BXUW,0.060000,0.060000,0,0,0
WV,24986,WEST VIRGINIA STATE,BXUW,0.060000,0.060000,0,0,0
WV,24991,WEST VIRGINIA STATE,BXUW,0.060000,0.060000,0,0,0
WV,24993,WEST VIRGINIA STATE,BXUW,0.060000,0.060000,0,0,0
WV,25002,WEST VIRGINIA STATE,BXUW,0.060000,0.060000,0,0,0
WV,25003,WEST VIRGINIA STATE,BXUW,0.060000,0.060000,0,0,0
WV,25005,WEST VIRGINIA STATE,BXUW,0.060000,0.060000,0,0,0
WV,25007,WEST VIRGINIA STATE,BXUW,0.060000,0.060000,0,0,0
WV,25008,WEST VIRGINIA STATE,BXUW,0.060000,0.060000,0,0,0
WV,25009,WEST VIRGINIA STATE,BXUW,0.060000,0.060000,0,0,0
WV,25011,WEST VIRGINIA STATE,BXUW,0.060000,0.060000,0,0,0
WV,25015,WEST VIRGINIA STATE,BXUW,0.060000,0.060000,0,0,0
WV,25019,WEST VIRGINIA STATE,BXUW,0.060000,0.060000,0,0,0
WV,25021,WEST VIRGINIA STATE,BXUW,0.060000,0.060000,0,0,0
WV,25022,WEST VIRGINIA STATE,BXUW,0.060000,0.060000,0,0,0
WV,25024,WEST VIRGINIA STATE,BXUW,0.060000,0.060000,0,0,0
WV,25025,WEST VIRGINIA STATE,BXUW,0.060000,0.060000,0,0,0
WV,25026,WEST VIRGINIA STATE,BXUW,0.060000,0.060000,0,0,0
WV,25028,WEST VIRGINIA STATE,BXUW,0.060000,0.060000,0,0,0
WV,25030,WEST VIRGINIA STATE,BXUW,0.060000,0.060000,0,0,0
WV,25031,WEST VIRGINIA STATE,BXUW,0.060000,0.060000,0,0,0
WV,25033,WEST VIRGINIA STATE,BXUW,0.060000,0.060000,0,0,0
WV,25035,WEST VIRGINIA STATE,BXUW,0.060000,0.060000,0,0,0
WV,25036,WEST VIRGINIA STATE,BXUW,0.060000,0.060000,0,0,0
WV,25039,WEST VIRGINIA STATE,BXUW,0.060000,0.060000,0,0,0
WV,25040,WEST VIRGINIA STATE,BXUW,0.060000,0.060000,0,0,0
WV,25043,WEST VIRGINIA STATE,BXUW,0.060000,0.060000,0,0,0
WV,25044,WEST VIRGINIA STATE,BXUW,0.060000,0.060000,0,0,0
WV,25045,WEST VIRGINIA STATE,BXUW,0.060000,0.060000,0,0,0
WV,25047,WEST VIRGINIA STATE,BXUW,0.060000,0.060000,0,0,0
WV,25048,WEST VIRGINIA STATE,BXUW,0.060000,0.060000,0,0,0
WV,25049,WEST VIRGINIA STATE,BXUW,0.060000,0.060000,0,0,0
WV,25051,WEST VIRGINIA STATE,BXUW,0.060000,0.060000,0,0,0
WV,25053,WEST VIRGINIA STATE,BXUW,0.060000,0.060000,0,0,0
WV,25054,WEST VIRGINIA STATE,BXUW,0.060000,0.060000,0,0,0
WV,25057,WEST VIRGINIA STATE,BXUW,0.060000,0.060000,0,0,0
WV,25059,WEST VIRGINIA STATE,BXUW,0.060000,0.060000,0,0,0
WV,25060,WEST VIRGINIA STATE,BXUW,0.060000,0.060000,0,0,0
WV,25061,WEST VIRGINIA STATE,BXUW,0.060000,0.060000,0,0,0
WV,25062,WEST VIRGINIA STATE,BXUW,0.060000,0.060000,0,0,0
WV,25063,WEST VIRGINIA STATE,BXUW,0.060000,0.060000,0,0,0
WV,25064,WEST VIRGINIA STATE,BXUW,0.060000,0.060000,0,0,0
WV,25067,WEST VIRGINIA STATE,BXUW,0.060000,0.060000,0,0,0
WV,25070,WEST VIRGINIA STATE,BXUW,0.060000,0.060000,0,0,0
WV,25071,WEST VIRGINIA STATE,BXUW,0.060000,0.060000,0,0,0
WV,25075,WEST VIRGINIA STATE,BXUW,0.060000,0.060000,0,0,0
WV,25076,WEST VIRGINIA STATE,BXUW,0.060000,0.060000,0,0,0
WV,25079,WEST VIRGINIA STATE,BXUW,0.060000,0.060000,0,0,0
WV,25081,WEST VIRGINIA STATE,BXUW,0.060000,0.060000,0,0,0
WV,25082,WEST VIRGINIA STATE,BXUW,0.060000,0.060000,0,0,0
WV,25083,WEST VIRGINIA STATE,BXUW,0.060000,0.060000,0,0,0
WV,25085,WEST VIRGINIA STATE,BXUW,0.060000,0.060000,0,0,0
WV,25086,WEST VIRGINIA STATE,BXUW,0.060000,0.060000,0,0,0
WV,25088,WEST VIRGINIA STATE,BXUW,0.060000,0.060000,0,0,0
WV,25090,WEST VIRGINIA STATE,BXUW,0.060000,0.060000,0,0,0
WV,25093,WEST VIRGINIA STATE,BXUW,0.060000,0.060000,0,0,0
WV,25102,WEST VIRGINIA STATE,BXUW,0.060000,0.060000,0,0,0
WV,25103,WEST VIRGINIA STATE,BXUW,0.060000,0.060000,0,0,0
WV,25106,WEST VIRGINIA STATE,BXUW,0.060000,0.060000,0,0,0
WV,25107,WEST VIRGINIA STATE,BXUW,0.060000,0.060000,0,0,0
WV,25108,WEST VIRGINIA STATE,BXUW,0.060000,0.060000,0,0,0
WV,25109,WEST VIRGINIA STATE,BXUW,0.060000,0.060000,0,0,0
WV,25110,WEST VIRGINIA STATE,BXUW,0.060000,0.060000,0,0,0
WV,25111,WEST VIRGINIA STATE,BXUW,0.060000,0.060000,0,0,0
WV,25112,WEST VIRGINIA STATE,BXUW,0.060000,0.060000,0,0,0
WV,25113,WEST VIRGINIA STATE,BXUW,0.060000,0.060000,0,0,0
WV,25114,WEST VIRGINIA STATE,BXUW,0.060000,0.060000,0,0,0
WV,25115,WEST VIRGINIA STATE,BXUW,0.060000,0.060000,0,0,0
WV,25118,WEST VIRGINIA STATE,BXUW,0.060000,0.060000,0,0,0
WV,25119,WEST VIRGINIA STATE,BXUW,0.060000,0.060000,0,0,0
WV,25121,WEST VIRGINIA STATE,BXUW,0.060000,0.060000,0,0,0
WV,25123,WEST VIRGINIA STATE,BXUW,0.060000,0.060000,0,0,0
WV,25124,WEST VIRGINIA STATE,BXUW,0.060000,0.060000,0,0,0
WV,25125,WEST VIRGINIA STATE,BXUW,0.060000,0.060000,0,0,0
WV,25126,WEST VIRGINIA STATE,BXUW,0.060000,0.060000,0,0,0
WV,25130,WEST VIRGINIA STATE,BXUW,0.060000,0.060000,0,0,0
WV,25132,WEST VIRGINIA STATE,BXUW,0.060000,0.060000,0,0,0
WV,25133,WEST VIRGINIA STATE,BXUW,0.060000,0.060000,0,0,0
WV,25134,WEST VIRGINIA STATE,BXUW,0.060000,0.060000,0,0,0
WV,25136,WEST VIRGINIA STATE,BXUW,0.060000,0.060000,0,0,0
WV,25139,WEST VIRGINIA STATE,BXUW,0.060000,0.060000,0,0,0
WV,25140,WEST VIRGINIA STATE,BXUW,0.060000,0.060000,0,0,0
WV,25141,WEST VIRGINIA STATE,BXUW,0.060000,0.060000,0,0,0
WV,25142,WEST VIRGINIA STATE,BXUW,0.060000,0.060000,0,0,0
WV,25143,WEST VIRGINIA STATE,BXUW,0.060000,0.060000,0,0,0
WV,25148,WEST VIRGINIA STATE,BXUW,0.060000,0.060000,0,0,0
WV,25149,WEST VIRGINIA STATE,BXUW,0.060000,0.060000,0,0,0
WV,25154,WEST VIRGINIA STATE,BXUW,0.060000,0.060000,0,0,0
WV,25156,WEST VIRGINIA STATE,BXUW,0.060000,0.060000,0,0,0
WV,25159,WEST VIRGINIA STATE,BXUW,0.060000,0.060000,0,0,0
WV,25160,WEST VIRGINIA STATE,BXUW,0.060000,0.060000,0,0,0
WV,25161,WEST VIRGINIA STATE,BXUW,0.060000,0.060000,0,0,0
WV,25162,WEST VIRGINIA STATE,BXUW,0.060000,0.060000,0,0,0
WV,25164,WEST VIRGINIA STATE,BXUW,0.060000,0.060000,0,0,0
WV,25165,WEST VIRGINIA STATE,BXUW,0.060000,0.060000,0,0,0
WV,25168,WEST VIRGINIA STATE,BXUW,0.060000,0.060000,0,0,0
WV,25169,WEST VIRGINIA STATE,BXUW,0.060000,0.060000,0,0,0
WV,25173,WEST VIRGINIA STATE,BXUW,0.060000,0.060000,0,0,0
WV,25174,WEST VIRGINIA STATE,BXUW,0.060000,0.060000,0,0,0
WV,25177,WEST VIRGINIA STATE,BXUW,0.060000,0.060000,0,0,0
WV,25180,WEST VIRGINIA STATE,BXUW,0.060000,0.060000,0,0,0
WV,25181,WEST VIRGINIA STATE,BXUW,0.060000,0.060000,0,0,0
WV,25183,WEST VIRGINIA STATE,BXUW,0.060000,0.060000,0,0,0
WV,25185,WEST VIRGINIA STATE,BXUW,0.060000,0.060000,0,0,0
WV,25186,WEST VIRGINIA STATE,BXUW,0.060000,0.060000,0,0,0
WV,25187,WEST VIRGINIA STATE,BXUW,0.060000,0.060000,0,0,0
WV,25193,WEST VIRGINIA STATE,BXUW,0.060000,0.060000,0,0,0
WV,25201,WEST VIRGINIA STATE,BXUW,0.060000,0.060000,0,0,0
WV,25202,WEST VIRGINIA STATE,BXUW,0.060000,0.060000,0,0,0
WV,25203,WEST VIRGINIA STATE,BXUW,0.060000,0.060000,0,0,0
WV,25204,WEST VIRGINIA STATE,BXUW,0.060000,0.060000,0,0,0
WV,25205,WEST VIRGINIA STATE,BXUW,0.060000,0.060000,0,0,0
WV,25206,WEST VIRGINIA STATE,BXUW,0.060000,0.060000,0,0,0
WV,25208,WEST VIRGINIA STATE,BXUW,0.060000,0.060000,0,0,0
WV,25209,WEST VIRGINIA STATE,BXUW,0.060000,0.060000,0,0,0
WV,25211,WEST VIRGINIA STATE,BXUW,0.060000,0.060000,0,0,0
WV,25213,WEST VIRGINIA STATE,BXUW,0.060000,0.060000,0,0,0
WV,25214,WEST VIRGINIA STATE,BXUW,0.060000,0.060000,0,0,0
WV,25231,WEST VIRGINIA STATE,BXUW,0.060000,0.060000,0,0,0
WV,25234,WEST VIRGINIA STATE,BXUW,0.060000,0.060000,0,0,0
WV,25235,WEST VIRGINIA STATE,BXUW,0.060000,0.060000,0,0,0
WV,25239,WEST VIRGINIA STATE,BXUW,0.060000,0.060000,0,0,0
WV,25241,WEST VIRGINIA STATE,BXUW,0.060000,0.060000,0,0,0
WV,25243,WEST VIRGINIA STATE,BXUW,0.060000,0.060000,0,0,0
WV,25244,WEST VIRGINIA STATE,BXUW,0.060000,0.060000,0,0,0
WV,25245,WEST VIRGINIA STATE,BXUW,0.060000,0.060000,0,0,0
WV,25247,WEST VIRGINIA STATE,BXUW,0.060000,0.060000,0,0,0
WV,25248,WEST VIRGINIA STATE,BXUW,0.060000,0.060000,0,0,0
WV,25251,WEST VIRGINIA STATE,BXUW,0.060000,0.060000,0,0,0
WV,25252,WEST VIRGINIA STATE,BXUW,0.060000,0.060000,0,0,0
WV,25253,WEST VIRGINIA STATE,BXUW,0.060000,0.060000,0,0,0
WV,25259,WEST VIRGINIA STATE,BXUW,0.060000,0.060000,0,0,0
WV,25260,WEST VIRGINIA STATE,BXUW,0.060000,0.060000,0,0,0
WV,25261,WEST VIRGINIA STATE,BXUW,0.060000,0.060000,0,0,0
WV,25262,WEST VIRGINIA STATE,BXUW,0.060000,0.060000,0,0,0
WV,25264,WEST VIRGINIA STATE,BXUW,0.060000,0.060000,0,0,0
WV,25265,WEST VIRGINIA STATE,BXUW,0.060000,0.060000,0,0,0
WV,25266,WEST VIRGINIA STATE,BXUW,0.060000,0.060000,0,0,0
WV,25267,WEST VIRGINIA STATE,BXUW,0.060000,0.060000,0,0,0
WV,25268,WEST VIRGINIA STATE,BXUW,0.060000,0.060000,0,0,0
WV,25270,WEST VIRGINIA STATE,BXUW,0.060000,0.060000,0,0,0
WV,25271,WEST VIRGINIA STATE,BXUW,0.060000,0.060000,0,0,0
WV,25275,WEST VIRGINIA STATE,BXUW,0.060000,0.060000,0,0,0
WV,25276,WEST VIRGINIA STATE,BXUW,0.060000,0.060000,0,0,0
WV,25285,WEST VIRGINIA STATE,BXUW,0.060000,0.060000,0,0,0
WV,25286,WEST VIRGINIA STATE,BXUW,0.060000,0.060000,0,0,0
WV,25287,WEST VIRGINIA STATE,BXUW,0.060000,0.060000,0,0,0
WV,25301,CHARLESTON,CTDK,0.065000,0.060000,0,0.005000,0
WV,25302,CHARLESTON,CTDK,0.065000,0.060000,0,0.005000,0
WV,25303,WEST VIRGINIA STATE,BXUW,0.060000,0.060000,0,0,0
WV,25304,CHARLESTON,CTDK,0.065000,0.060000,0,0.005000,0
WV,25305,CHARLESTON,CTDK,0.065000,0.060000,0,0.005000,0
WV,25306,WEST VIRGINIA STATE,BXUW,0.060000,0.060000,0,0,0
WV,25309,WEST VIRGINIA STATE,BXUW,0.060000,0.060000,0,0,0
WV,25311,CHARLESTON,CTDK,0.065000,0.060000,0,0.005000,0
WV,25312,WEST VIRGINIA STATE,BXUW,0.060000,0.060000,0,0,0
WV,25313,WEST VIRGINIA STATE,BXUW,0.060000,0.060000,0,0,0
WV,25314,CHARLESTON,CTDK,0.065000,0.060000,0,0.005000,0
WV,25315,WEST VIRGINIA STATE,BXUW,0.060000,0.060000,0,0,0
WV,25317,CHARLESTON,CTDK,0.065000,0.060000,0,0.005000,0
WV,25320,WEST VIRGINIA STATE,BXUW,0.060000,0.060000,0,0,0
WV,25321,CHARLESTON,CTDK,0.065000,0.060000,0,0.005000,0
WV,25322,CHARLESTON,CTDK,0.065000,0.060000,0,0.005000,0
WV,25323,CHARLESTON,CTDK,0.065000,0.060000,0,0.005000,0
WV,25324,CHARLESTON,CTDK,0.065000,0.060000,0,0.005000,0
WV,25325,CHARLESTON,CTDK,0.065000,0.060000,0,0.005000,0
WV,25326,CHARLESTON,CTDK,0.065000,0.060000,0,0.005000,0
WV,25327,CHARLESTON,CTDK,0.065000,0.060000,0,0.005000,0
WV,25328,CHARLESTON,CTDK,0.065000,0.060000,0,0.005000,0
WV,25329,CHARLESTON,CTDK,0.065000,0.060000,0,0.005000,0
WV,25330,CHARLESTON,CTDK,0.065000,0.060000,0,0.005000,0
WV,25331,CHARLESTON,CTDK,0.065000,0.060000,0,0.005000,0
WV,25332,CHARLESTON,CTDK,0.065000,0.060000,0,0.005000,0
WV,25333,CHARLESTON,CTDK,0.065000,0.060000,0,0.005000,0
WV,25334,CHARLESTON,CTDK,0.065000,0.060000,0,0.005000,0
WV,25335,CHARLESTON,CTDK,0.065000,0.060000,0,0.005000,0
WV,25336,CHARLESTON,CTDK,0.065000,0.060000,0,0.005000,0
WV,25337,CHARLESTON,CTDK,0.065000,0.060000,0,0.005000,0
WV,25338,CHARLESTON,CTDK,0.065000,0.060000,0,0.005000,0
WV,25339,CHARLESTON,CTDK,0.065000,0.060000,0,0.005000,0
WV,25350,CHARLESTON,CTDK,0.065000,0.060000,0,0.005000,0
WV,25356,WEST VIRGINIA STATE,BXUW,0.060000,0.060000,0,0,0
WV,25357,CHARLESTON,CTDK,0.065000,0.060000,0,0.005000,0
WV,25358,CHARLESTON,CTDK,0.065000,0.060000,0,0.005000,0
WV,25360,WEST VIRGINIA STATE,BXUW,0.060000,0.060000,0,0,0
WV,25361,CHARLESTON,CTDK,0.065000,0.060000,0,0.005000,0
WV,25362,CHARLESTON,CTDK,0.065000,0.060000,0,0.005000,0
WV,25364,CHARLESTON,CTDK,0.065000,0.060000,0,0.005000,0
WV,25365,WEST VIRGINIA STATE,BXUW,0.060000,0.060000,0,0,0
WV,25375,CHARLESTON,CTDK,0.065000,0.060000,0,0.005000,0
WV,25387,CHARLESTON,CTDK,0.065000,0.060000,0,0.005000,0
WV,25389,CHARLESTON,CTDK,0.065000,0.060000,0,0.005000,0
WV,25392,CHARLESTON,CTDK,0.065000,0.060000,0,0.005000,0
WV,25396,CHARLESTON,CTDK,0.065000,0.060000,0,0.005000,0
WV,25401,WEST VIRGINIA STATE,BXUW,0.060000,0.060000,0,0,0
WV,25402,WEST VIRGINIA STATE,BXUW,0.060000,0.060000,0,0,0
WV,25403,WEST VIRGINIA STATE,BXUW,0.060000,0.060000,0,0,0
WV,25404,WEST VIRGINIA STATE,BXUW,0.060000,0.060000,0,0,0
WV,25405,WEST VIRGINIA STATE,BXUW,0.060000,0.060000,0,0,0
WV,25410,WEST VIRGINIA STATE,BXUW,0.060000,0.060000,0,0,0
WV,25411,WEST VIRGINIA STATE,BXUW,0.060000,0.060000,0,0,0
WV,25413,WEST VIRGINIA STATE,BXUW,0.060000,0.060000,0,0,0
WV,25414,WEST VIRGINIA STATE,BXUW,0.060000,0.060000,0,0,0
WV,25419,WEST VIRGINIA STATE,BXUW,0.060000,0.060000,0,0,0
WV,25420,WEST VIRGINIA STATE,BXUW,0.060000,0.060000,0,0,0
WV,25421,WEST VIRGINIA STATE,BXUW,0.060000,0.060000,0,0,0
WV,25422,WEST VIRGINIA STATE,BXUW,0.060000,0.060000,0,0,0
WV,25423,WEST VIRGINIA STATE,BXUW,0.060000,0.060000,0,0,0
WV,25425,WEST VIRGINIA STATE,BXUW,0.060000,0.060000,0,0,0
WV,25427,WEST VIRGINIA STATE,BXUW,0.060000,0.060000,0,0,0
WV,25428,WEST VIRGINIA STATE,BXUW,0.060000,0.060000,0,0,0
WV,25430,WEST VIRGINIA STATE,BXUW,0.060000,0.060000,0,0,0
WV,25431,WEST VIRGINIA STATE,BXUW,0.060000,0.060000,0,0,0
WV,25432,WEST VIRGINIA STATE,BXUW,0.060000,0.060000,0,0,0
WV,25434,WEST VIRGINIA STATE,BXUW,0.060000,0.060000,0,0,0
WV,25437,WEST VIRGINIA STATE,BXUW,0.060000,0.060000,0,0,0
WV,25438,WEST VIRGINIA STATE,BXUW,0.060000,0.060000,0,0,0
WV,25440,WEST VIRGINIA STATE,BXUW,0.060000,0.060000,0,0,0
WV,25441,WEST VIRGINIA STATE,BXUW,0.060000,0.060000,0,0,0
WV,25442,WEST VIRGINIA STATE,BXUW,0.060000,0.060000,0,0,0
WV,25443,WEST VIRGINIA STATE,BXUW,0.060000,0.060000,0,0,0
WV,25444,WEST VIRGINIA STATE,BXUW,0.060000,0.060000,0,0,0
WV,25446,WEST VIRGINIA STATE,BXUW,0.060000,0.060000,0,0,0
WV,25501,WEST VIRGINIA STATE,BXUW,0.060000,0.060000,0,0,0
WV,25502,WEST VIRGINIA STATE,BXUW,0.060000,0.060000,0,0,0
WV,25503,WEST VIRGINIA STATE,BXUW,0.060000,0.060000,0,0,0
WV,25504,WEST VIRGINIA STATE,BXUW,0.060000,0.060000,0,0,0
WV,25505,WEST VIRGINIA STATE,BXUW,0.060000,0.060000,0,0,0
WV,25506,WEST VIRGINIA STATE,BXUW,0.060000,0.060000,0,0,0
WV,25507,WEST VIRGINIA STATE,BXUW,0.060000,0.060000,0,0,0
WV,25508,WEST VIRGINIA STATE,BXUW,0.060000,0.060000,0,0,0
WV,25510,WEST VIRGINIA STATE,BXUW,0.060000,0.060000,0,0,0
WV,25511,WEST VIRGINIA STATE,BXUW,0.060000,0.060000,0,0,0
WV,25512,WEST VIRGINIA STATE,BXUW,0.060000,0.060000,0,0,0
WV,25514,WEST VIRGINIA STATE,BXUW,0.060000,0.060000,0,0,0
WV,25515,WEST VIRGINIA STATE,BXUW,0.060000,0.060000,0,0,0
WV,25517,WEST VIRGINIA STATE,BXUW,0.060000,0.060000,0,0,0
WV,25520,WEST VIRGINIA STATE,BXUW,0.060000,0.060000,0,0,0
WV,25521,WEST VIRGINIA STATE,BXUW,0.060000,0.060000,0,0,0
WV,25523,WEST VIRGINIA STATE,BXUW,0.060000,0.060000,0,0,0
WV,25524,WEST VIRGINIA STATE,BXUW,0.060000,0.060000,0,0,0
WV,25526,WEST VIRGINIA STATE,BXUW,0.060000,0.060000,0,0,0
WV,25529,WEST VIRGINIA STATE,BXUW,0.060000,0.060000,0,0,0
WV,25530,WEST VIRGINIA STATE,BXUW,0.060000,0.060000,0,0,0
WV,25534,WEST VIRGINIA STATE,BXUW,0.060000,0.060000,0,0,0
WV,25535,WEST VIRGINIA STATE,BXUW,0.060000,0.060000,0,0,0
WV,25537,WEST VIRGINIA STATE,BXUW,0.060000,0.060000,0,0,0
WV,25540,WEST VIRGINIA STATE,BXUW,0.060000,0.060000,0,0,0
WV,25541,WEST VIRGINIA STATE,BXUW,0.060000,0.060000,0,0,0
WV,25544,WEST VIRGINIA STATE,BXUW,0.060000,0.060000,0,0,0
WV,25545,WEST VIRGINIA STATE,BXUW,0.060000,0.060000,0,0,0
WV,25547,WEST VIRGINIA STATE,BXUW,0.060000,0.060000,0,0,0
WV,25550,WEST VIRGINIA STATE,BXUW,0.060000,0.060000,0,0,0
WV,25555,WEST VIRGINIA STATE,BXUW,0.060000,0.060000,0,0,0
WV,25557,WEST VIRGINIA STATE,BXUW,0.060000,0.060000,0,0,0
WV,25559,WEST VIRGINIA STATE,BXUW,0.060000,0.060000,0,0,0
WV,25560,WEST VIRGINIA STATE,BXUW,0.060000,0.060000,0,0,0
WV,25562,WEST VIRGINIA STATE,BXUW,0.060000,0.060000,0,0,0
WV,25564,WEST VIRGINIA STATE,BXUW,0.060000,0.060000,0,0,0
WV,25565,WEST VIRGINIA STATE,BXUW,0.060000,0.060000,0,0,0
WV,25567,WEST VIRGINIA STATE,BXUW,0.060000,0.060000,0,0,0
WV,25569,WEST VIRGINIA STATE,BXUW,0.060000,0.060000,0,0,0
WV,25570,WEST VIRGINIA STATE,BXUW,0.060000,0.060000,0,0,0
WV,25571,WEST VIRGINIA STATE,BXUW,0.060000,0.060000,0,0,0
WV,25572,WEST VIRGINIA STATE,BXUW,0.060000,0.060000,0,0,0
WV,25573,WEST VIRGINIA STATE,BXUW,0.060000,0.060000,0,0,0
WV,25601,WEST VIRGINIA STATE,BXUW,0.060000,0.060000,0,0,0
WV,25606,WEST VIRGINIA STATE,BXUW,0.060000,0.060000,0,0,0
WV,25607,WEST VIRGINIA STATE,BXUW,0.060000,0.060000,0,0,0
WV,25608,WEST VIRGINIA STATE,BXUW,0.060000,0.060000,0,0,0
WV,25611,WEST VIRGINIA STATE,BXUW,0.060000,0.060000,0,0,0
WV,25612,WEST VIRGINIA STATE,BXUW,0.060000,0.060000,0,0,0
WV,25614,WEST VIRGINIA STATE,BXUW,0.060000,0.060000,0,0,0
WV,25617,WEST VIRGINIA STATE,BXUW,0.060000,0.060000,0,0,0
WV,25621,WEST VIRGINIA STATE,BXUW,0.060000,0.060000,0,0,0
WV,25624,WEST VIRGINIA STATE,BXUW,0.060000,0.060000,0,0,0
WV,25625,WEST VIRGINIA STATE,BXUW,0.060000,0.060000,0,0,0
WV,25628,WEST VIRGINIA STATE,BXUW,0.060000,0.060000,0,0,0
WV,25630,WEST VIRGINIA STATE,BXUW,0.060000,0.060000,0,0,0
WV,25632,WEST VIRGINIA STATE,BXUW,0.060000,0.060000,0,0,0
WV,25634,WEST VIRGINIA STATE,BXUW,0.060000,0.060000,0,0,0
WV,25635,WEST VIRGINIA STATE,BXUW,0.060000,0.060000,0,0,0
WV,25637,WEST VIRGINIA STATE,BXUW,0.060000,0.060000,0,0,0
WV,25638,WEST VIRGINIA STATE,BXUW,0.060000,0.060000,0,0,0
WV,25639,WEST VIRGINIA STATE,BXUW,0.060000,0.060000,0,0,0
WV,25644,WEST VIRGINIA STATE,BXUW,0.060000,0.060000,0,0,0
WV,25646,WEST VIRGINIA STATE,BXUW,0.060000,0.060000,0,0,0
WV,25647,WEST VIRGINIA STATE,BXUW,0.060000,0.060000,0,0,0
WV,25649,WEST VIRGINIA STATE,BXUW,0.060000,0.060000,0,0,0
WV,25650,WEST VIRGINIA STATE,BXUW,0.060000,0.060000,0,0,0
WV,25651,WEST VIRGINIA STATE,BXUW,0.060000,0.060000,0,0,0
WV,25652,WEST VIRGINIA STATE,BXUW,0.060000,0.060000,0,0,0
WV,25653,WEST VIRGINIA STATE,BXUW,0.060000,0.060000,0,0,0
WV,25654,WEST VIRGINIA STATE,BXUW,0.060000,0.060000,0,0,0
WV,25661,WEST VIRGINIA STATE,BXUW,0.060000,0.060000,0,0,0
WV,25665,WEST VIRGINIA STATE,BXUW,0.060000,0.060000,0,0,0
WV,25666,WEST VIRGINIA STATE,BXUW,0.060000,0.060000,0,0,0
WV,25667,WEST VIRGINIA STATE,BXUW,0.060000,0.060000,0,0,0
WV,25669,WEST VIRGINIA STATE,BXUW,0.060000,0.060000,0,0,0
WV,25670,WEST VIRGINIA STATE,BXUW,0.060000,0.060000,0,0,0
WV,25671,WEST VIRGINIA STATE,BXUW,0.060000,0.060000,0,0,0
WV,25672,WEST VIRGINIA STATE,BXUW,0.060000,0.060000,0,0,0
WV,25674,WEST VIRGINIA STATE,BXUW,0.060000,0.060000,0,0,0
WV,25676,WEST VIRGINIA STATE,BXUW,0.060000,0.060000,0,0,0
WV,25678,WEST VIRGINIA STATE,BXUW,0.060000,0.060000,0,0,0
WV,25685,WEST VIRGINIA STATE,BXUW,0.060000,0.060000,0,0,0
WV,25686,WEST VIRGINIA STATE,BXUW,0.060000,0.060000,0,0,0
WV,25688,WEST VIRGINIA STATE,BXUW,0.060000,0.060000,0,0,0
WV,25690,WEST VIRGINIA STATE,BXUW,0.060000,0.060000,0,0,0
WV,25691,WEST VIRGINIA STATE,BXUW,0.060000,0.060000,0,0,0
WV,25692,WEST VIRGINIA STATE,BXUW,0.060000,0.060000,0,0,0
WV,25699,WEST VIRGINIA STATE,BXUW,0.060000,0.060000,0,0,0
WV,25701,HUNTINGTON,CUCV,0.070000,0.060000,0,0.010000,0
WV,25702,HUNTINGTON,CUCV,0.070000,0.060000,0,0.010000,0
WV,25703,HUNTINGTON,CUCV,0.070000,0.060000,0,0.010000,0
WV,25704,HUNTINGTON,CUCV,0.070000,0.060000,0,0.010000,0
WV,25705,WEST VIRGINIA STATE,BXUW,0.060000,0.060000,0,0,0
WV,25706,HUNTINGTON,CUCV,0.070000,0.060000,0,0.010000,0
WV,25707,HUNTINGTON,CUCV,0.070000,0.060000,0,0.010000,0
WV,25708,HUNTINGTON,CUCV,0.070000,0.060000,0,0.010000,0
WV,25709,HUNTINGTON,CUCV,0.070000,0.060000,0,0.010000,0
WV,25710,HUNTINGTON,CUCV,0.070000,0.060000,0,0.010000,0
WV,25711,HUNTINGTON,CUCV,0.070000,0.060000,0,0.010000,0
WV,25712,HUNTINGTON,CUCV,0.070000,0.060000,0,0.010000,0
WV,25713,HUNTINGTON,CUCV,0.070000,0.060000,0,0.010000,0
WV,25714,HUNTINGTON,CUCV,0.070000,0.060000,0,0.010000,0
WV,25715,HUNTINGTON,CUCV,0.070000,0.060000,0,0.010000,0
WV,25716,HUNTINGTON,CUCV,0.070000,0.060000,0,0.010000,0
WV,25717,HUNTINGTON,CUCV,0.070000,0.060000,0,0.010000,0
WV,25718,HUNTINGTON,CUCV,0.070000,0.060000,0,0.010000,0
WV,25719,HUNTINGTON,CUCV,0.070000,0.060000,0,0.010000,0
WV,25720,HUNTINGTON,CUCV,0.070000,0.060000,0,0.010000,0
WV,25721,HUNTINGTON,CUCV,0.070000,0.060000,0,0.010000,0
WV,25722,HUNTINGTON,CUCV,0.070000,0.060000,0,0.010000,0
WV,25723,HUNTINGTON,CUCV,0.070000,0.060000,0,0.010000,0
WV,25724,HUNTINGTON,CUCV,0.070000,0.060000,0,0.010000,0
WV,25725,HUNTINGTON,CUCV,0.070000,0.060000,0,0.010000,0
WV,25726,HUNTINGTON,CUCV,0.070000,0.060000,0,0.010000,0
WV,25727,HUNTINGTON,CUCV,0.070000,0.060000,0,0.010000,0
WV,25728,HUNTINGTON,CUCV,0.070000,0.060000,0,0.010000,0
WV,25729,HUNTINGTON,CUCV,0.070000,0.060000,0,0.010000,0
WV,25755,HUNTINGTON,CUCV,0.070000,0.060000,0,0.010000,0
WV,25770,HUNTINGTON,CUCV,0.070000,0.060000,0,0.010000,0
WV,25771,HUNTINGTON,CUCV,0.070000,0.060000,0,0.010000,0
WV,25772,HUNTINGTON,CUCV,0.070000,0.060000,0,0.010000,0
WV,25773,HUNTINGTON,CUCV,0.070000,0.060000,0,0.010000,0
WV,25774,HUNTINGTON,CUCV,0.070000,0.060000,0,0.010000,0
WV,25775,HUNTINGTON,CUCV,0.070000,0.060000,0,0.010000,0
WV,25776,HUNTINGTON,CUCV,0.070000,0.060000,0,0.010000,0
WV,25777,HUNTINGTON,CUCV,0.070000,0.060000,0,0.010000,0
WV,25778,HUNTINGTON,CUCV,0.070000,0.060000,0,0.010000,0
WV,25779,HUNTINGTON,CUCV,0.070000,0.060000,0,0.010000,0
WV,25801,WEST VIRGINIA STATE,BXUW,0.060000,0.060000,0,0,0
WV,25802,WEST VIRGINIA STATE,BXUW,0.060000,0.060000,0,0,0
WV,25810,WEST VIRGINIA STATE,BXUW,0.060000,0.060000,0,0,0
WV,25811,WEST VIRGINIA STATE,BXUW,0.060000,0.060000,0,0,0
WV,25812,WEST VIRGINIA STATE,BXUW,0.060000,0.060000,0,0,0
WV,25813,WEST VIRGINIA STATE,BXUW,0.060000,0.060000,0,0,0
WV,25817,WEST VIRGINIA STATE,BXUW,0.060000,0.060000,0,0,0
WV,25818,WEST VIRGINIA STATE,BXUW,0.060000,0.060000,0,0,0
WV,25820,WEST VIRGINIA STATE,BXUW,0.060000,0.060000,0,0,0
WV,25823,WEST VIRGINIA STATE,BXUW,0.060000,0.060000,0,0,0
WV,25825,WEST VIRGINIA STATE,BXUW,0.060000,0.060000,0,0,0
WV,25826,WEST VIRGINIA STATE,BXUW,0.060000,0.060000,0,0,0
WV,25827,WEST VIRGINIA STATE,BXUW,0.060000,0.060000,0,0,0
WV,25831,WEST VIRGINIA STATE,BXUW,0.060000,0.060000,0,0,0
WV,25832,WEST VIRGINIA STATE,BXUW,0.060000,0.060000,0,0,0
WV,25833,WEST VIRGINIA STATE,BXUW,0.060000,0.060000,0,0,0
WV,25836,WEST VIRGINIA STATE,BXUW,0.060000,0.060000,0,0,0
WV,25837,WEST VIRGINIA STATE,BXUW,0.060000,0.060000,0,0,0
WV,25839,WEST VIRGINIA STATE,BXUW,0.060000,0.060000,0,0,0
WV,25840,WEST VIRGINIA STATE,BXUW,0.060000,0.060000,0,0,0
WV,25841,WEST VIRGINIA STATE,BXUW,0.060000,0.060000,0,0,0
WV,25843,WEST VIRGINIA STATE,BXUW,0.060000,0.060000,0,0,0
WV,25844,WEST VIRGINIA STATE,BXUW,0.060000,0.060000,0,0,0
WV,25845,WEST VIRGINIA STATE,BXUW,0.060000,0.060000,0,0,0
WV,25846,WEST VIRGINIA STATE,BXUW,0.060000,0.060000,0,0,0
WV,25848,WEST VIRGINIA STATE,BXUW,0.060000,0.060000,0,0,0
WV,25849,WEST VIRGINIA STATE,BXUW,0.060000,0.060000,0,0,0
WV,25851,WEST VIRGINIA STATE,BXUW,0.060000,0.060000,0,0,0
WV,25853,WEST VIRGINIA STATE,BXUW,0.060000,0.060000,0,0,0
WV,25854,WEST VIRGINIA STATE,BXUW,0.060000,0.060000,0,0,0
WV,25857,WEST VIRGINIA STATE,BXUW,0.060000,0.060000,0,0,0
WV,25860,WEST VIRGINIA STATE,BXUW,0.060000,0.060000,0,0,0
WV,25862,WEST VIRGINIA STATE,BXUW,0.060000,0.060000,0,0,0
WV,25864,WEST VIRGINIA STATE,BXUW,0.060000,0.060000,0,0,0
WV,25865,WEST VIRGINIA STATE,BXUW,0.060000,0.060000,0,0,0
WV,25866,WEST VIRGINIA STATE,BXUW,0.060000,0.060000,0,0,0
WV,25868,WEST VIRGINIA STATE,BXUW,0.060000,0.060000,0,0,0
WV,25870,WEST VIRGINIA STATE,BXUW,0.060000,0.060000,0,0,0
WV,25871,WEST VIRGINIA STATE,BXUW,0.060000,0.060000,0,0,0
WV,25873,WEST VIRGINIA STATE,BXUW,0.060000,0.060000,0,0,0
WV,25875,WEST VIRGINIA STATE,BXUW,0.060000,0.060000,0,0,0
WV,25876,WEST VIRGINIA STATE,BXUW,0.060000,0.060000,0,0,0
WV,25878,WEST VIRGINIA STATE,BXUW,0.060000,0.060000,0,0,0
WV,25879,WEST VIRGINIA STATE,BXUW,0.060000,0.060000,0,0,0
WV,25880,WEST VIRGINIA STATE,BXUW,0.060000,0.060000,0,0,0
WV,25882,WEST VIRGINIA STATE,BXUW,0.060000,0.060000,0,0,0
WV,25901,WEST VIRGINIA STATE,BXUW,0.060000,0.060000,0,0,0
WV,25902,WEST VIRGINIA STATE,BXUW,0.060000,0.060000,0,0,0
WV,25904,WEST VIRGINIA STATE,BXUW,0.060000,0.060000,0,0,0
WV,25906,WEST VIRGINIA STATE,BXUW,0.060000,0.060000,0,0,0
WV,25907,WEST VIRGINIA STATE,BXUW,0.060000,0.060000,0,0,0
WV,25908,WEST VIRGINIA STATE,BXUW,0.060000,0.060000,0,0,0
WV,25909,WEST VIRGINIA STATE,BXUW,0.060000,0.060000,0,0,0
WV,25911,WEST VIRGINIA STATE,BXUW,0.060000,0.060000,0,0,0
WV,25913,WEST VIRGINIA STATE,BXUW,0.060000,0.060000,0,0,0
WV,25915,WEST VIRGINIA STATE,BXUW,0.060000,0.060000,0,0,0
WV,25916,WEST VIRGINIA STATE,BXUW,0.060000,0.060000,0,0,0
WV,25917,WEST VIRGINIA STATE,BXUW,0.060000,0.060000,0,0,0
WV,25918,WEST VIRGINIA STATE,BXUW,0.060000,0.060000,0,0,0
WV,25919,WEST VIRGINIA STATE,BXUW,0.060000,0.060000,0,0,0
WV,25920,WEST VIRGINIA STATE,BXUW,0.060000,0.060000,0,0,0
WV,25921,WEST VIRGINIA STATE,BXUW,0.060000,0.060000,0,0,0
WV,25922,WEST VIRGINIA STATE,BXUW,0.060000,0.060000,0,0,0
WV,25927,WEST VIRGINIA STATE,BXUW,0.060000,0.060000,0,0,0
WV,25928,WEST VIRGINIA STATE,BXUW,0.060000,0.060000,0,0,0
WV,25932,WEST VIRGINIA STATE,BXUW,0.060000,0.060000,0,0,0
WV,25936,WEST VIRGINIA STATE,BXUW,0.060000,0.060000,0,0,0
WV,25938,WEST VIRGINIA STATE,BXUW,0.060000,0.060000,0,0,0
WV,25942,WEST VIRGINIA STATE,BXUW,0.060000,0.060000,0,0,0
WV,25943,WEST VIRGINIA STATE,BXUW,0.060000,0.060000,0,0,0
WV,25951,WEST VIRGINIA STATE,BXUW,0.060000,0.060000,0,0,0
WV,25958,WEST VIRGINIA STATE,BXUW,0.060000,0.060000,0,0,0
WV,25962,WEST VIRGINIA STATE,BXUW,0.060000,0.060000,0,0,0
WV,25966,WEST VIRGINIA STATE,BXUW,0.060000,0.060000,0,0,0
WV,25969,WEST VIRGINIA STATE,BXUW,0.060000,0.060000,0,0,0
WV,25971,WEST VIRGINIA STATE,BXUW,0.060000,0.060000,0,0,0
WV,25972,WEST VIRGINIA STATE,BXUW,0.060000,0.060000,0,0,0
WV,25976,WEST VIRGINIA STATE,BXUW,0.060000,0.060000,0,0,0
WV,25977,WEST VIRGINIA STATE,BXUW,0.060000,0.060000,0,0,0
WV,25978,WEST VIRGINIA STATE,BXUW,0.060000,0.060000,0,0,0
WV,25979,WEST VIRGINIA STATE,BXUW,0.060000,0.060000,0,0,0
WV,25981,WEST VIRGINIA STATE,BXUW,0.060000,0.060000,0,0,0
WV,25984,RUPERT,CSYU,0.070000,0.060000,0,0.010000,0
WV,25985,WEST VIRGINIA STATE,BXUW,0.060000,0.060000,0,0,0
WV,25986,WEST VIRGINIA STATE,BXUW,0.060000,0.060000,0,0,0
WV,25989,WEST VIRGINIA STATE,BXUW,0.060000,0.060000,0,0,0
WV,26003,WHEELING,CTSR,0.065000,0.060000,0,0.005000,0
WV,26030,WEST VIRGINIA STATE,BXUW,0.060000,0.060000,0,0,0
WV,26031,WEST VIRGINIA STATE,BXUW,0.060000,0.060000,0,0,0
WV,26032,WEST VIRGINIA STATE,BXUW,0.060000,0.060000,0,0,0
WV,26033,WEST VIRGINIA STATE,BXUW,0.060000,0.060000,0,0,0
WV,26034,WEST VIRGINIA STATE,BXUW,0.060000,0.060000,0,0,0
WV,26035,WEST VIRGINIA STATE,BXUW,0.060000,0.060000,0,0,0
WV,26036,WEST VIRGINIA STATE,BXUW,0.060000,0.060000,0,0,0
WV,26037,WEST VIRGINIA STATE,BXUW,0.060000,0.060000,0,0,0
WV,26038,WEST VIRGINIA STATE,BXUW,0.060000,0.060000,0,0,0
WV,26039,WEST VIRGINIA STATE,BXUW,0.060000,0.060000,0,0,0
WV,26040,WEST VIRGINIA STATE,BXUW,0.060000,0.060000,0,0,0
WV,26041,WEST VIRGINIA STATE,BXUW,0.060000,0.060000,0,0,0
WV,26047,WEST VIRGINIA STATE,BXUW,0.060000,0.060000,0,0,0
WV,26050,WEST VIRGINIA STATE,BXUW,0.060000,0.060000,0,0,0
WV,26055,WEST VIRGINIA STATE,BXUW,0.060000,0.060000,0,0,0
WV,26056,WEST VIRGINIA STATE,BXUW,0.060000,0.060000,0,0,0
WV,26058,WEST VIRGINIA STATE,BXUW,0.060000,0.060000,0,0,0
WV,26059,WEST VIRGINIA STATE,BXUW,0.060000,0.060000,0,0,0
WV,26060,WEST VIRGINIA STATE,BXUW,0.060000,0.060000,0,0,0
WV,26062,WEST VIRGINIA STATE,BXUW,0.060000,0.060000,0,0,0
WV,26070,WEST VIRGINIA STATE,BXUW,0.060000,0.060000,0,0,0
WV,26074,WEST VIRGINIA STATE,BXUW,0.060000,0.060000,0,0,0
WV,26075,WEST VIRGINIA STATE,BXUW,0.060000,0.060000,0,0,0
WV,26101,WEST VIRGINIA STATE,BXUW,0.060000,0.060000,0,0,0
WV,26102,WEST VIRGINIA STATE,BXUW,0.060000,0.060000,0,0,0
WV,26103,WEST VIRGINIA STATE,BXUW,0.060000,0.060000,0,0,0
WV,26104,WEST VIRGINIA STATE,BXUW,0.060000,0.060000,0,0,0
WV,26105,WEST VIRGINIA STATE,BXUW,0.060000,0.060000,0,0,0
WV,26106,WEST VIRGINIA STATE,BXUW,0.060000,0.060000,0,0,0
WV,26120,WEST VIRGINIA STATE,BXUW,0.060000,0.060000,0,0,0
WV,26121,WEST VIRGINIA STATE,BXUW,0.060000,0.060000,0,0,0
WV,26133,WEST VIRGINIA STATE,BXUW,0.060000,0.060000,0,0,0
WV,26134,WEST VIRGINIA STATE,BXUW,0.060000,0.060000,0,0,0
WV,26136,WEST VIRGINIA STATE,BXUW,0.060000,0.060000,0,0,0
WV,26137,WEST VIRGINIA STATE,BXUW,0.060000,0.060000,0,0,0
WV,26138,WEST VIRGINIA STATE,BXUW,0.060000,0.060000,0,0,0
WV,26141,WEST VIRGINIA STATE,BXUW,0.060000,0.060000,0,0,0
WV,26142,WEST VIRGINIA STATE,BXUW,0.060000,0.060000,0,0,0
WV,26143,WEST VIRGINIA STATE,BXUW,0.060000,0.060000,0,0,0
WV,26146,WEST VIRGINIA STATE,BXUW,0.060000,0.060000,0,0,0
WV,26147,WEST VIRGINIA STATE,BXUW,0.060000,0.060000,0,0,0
WV,26148,WEST VIRGINIA STATE,BXUW,0.060000,0.060000,0,0,0
WV,26149,WEST VIRGINIA STATE,BXUW,0.060000,0.060000,0,0,0
WV,26150,WEST VIRGINIA STATE,BXUW,0.060000,0.060000,0,0,0
WV,26151,WEST VIRGINIA STATE,BXUW,0.060000,0.060000,0,0,0
WV,26152,WEST VIRGINIA STATE,BXUW,0.060000,0.060000,0,0,0
WV,26155,WEST VIRGINIA STATE,BXUW,0.060000,0.060000,0,0,0
WV,26159,WEST VIRGINIA STATE,BXUW,0.060000,0.060000,0,0,0
WV,26160,WEST VIRGINIA STATE,BXUW,0.060000,0.060000,0,0,0
WV,26161,WEST VIRGINIA STATE,BXUW,0.060000,0.060000,0,0,0
WV,26164,WEST VIRGINIA STATE,BXUW,0.060000,0.060000,0,0,0
WV,26167,WEST VIRGINIA STATE,BXUW,0.060000,0.060000,0,0,0
WV,26169,WEST VIRGINIA STATE,BXUW,0.060000,0.060000,0,0,0
WV,26170,WEST VIRGINIA STATE,BXUW,0.060000,0.060000,0,0,0
WV,26175,WEST VIRGINIA STATE,BXUW,0.060000,0.060000,0,0,0
WV,26178,WEST VIRGINIA STATE,BXUW,0.060000,0.060000,0,0,0
WV,26180,WEST VIRGINIA STATE,BXUW,0.060000,0.060000,0,0,0
WV,26181,WEST VIRGINIA STATE,BXUW,0.060000,0.060000,0,0,0
WV,26184,WEST VIRGINIA STATE,BXUW,0.060000,0.060000,0,0,0
WV,26187,WEST VIRGINIA STATE,BXUW,0.060000,0.060000,0,0,0
WV,26201,WEST VIRGINIA STATE,BXUW,0.060000,0.060000,0,0,0
WV,26202,WEST VIRGINIA STATE,BXUW,0.060000,0.060000,0,0,0
WV,26203,WEST VIRGINIA STATE,BXUW,0.060000,0.060000,0,0,0
WV,26205,WEST VIRGINIA STATE,BXUW,0.060000,0.060000,0,0,0
WV,26206,WEST VIRGINIA STATE,BXUW,0.060000,0.060000,0,0,0
WV,26208,WEST VIRGINIA STATE,BXUW,0.060000,0.060000,0,0,0
WV,26210,WEST VIRGINIA STATE,BXUW,0.060000,0.060000,0,0,0
WV,26215,WEST VIRGINIA STATE,BXUW,0.060000,0.060000,0,0,0
WV,26217,WEST VIRGINIA STATE,BXUW,0.060000,0.060000,0,0,0
WV,26218,WEST VIRGINIA STATE,BXUW,0.060000,0.060000,0,0,0
WV,26219,WEST VIRGINIA STATE,BXUW,0.060000,0.060000,0,0,0
WV,26222,WEST VIRGINIA STATE,BXUW,0.060000,0.060000,0,0,0
WV,26224,WEST VIRGINIA STATE,BXUW,0.060000,0.060000,0,0,0
WV,26228,WEST VIRGINIA STATE,BXUW,0.060000,0.060000,0,0,0
WV,26229,WEST VIRGINIA STATE,BXUW,0.060000,0.060000,0,0,0
WV,26230,WEST VIRGINIA STATE,BXUW,0.060000,0.060000,0,0,0
WV,26234,WEST VIRGINIA STATE,BXUW,0.060000,0.060000,0,0,0
WV,26237,WEST VIRGINIA STATE,BXUW,0.060000,0.060000,0,0,0
WV,26238,WEST VIRGINIA STATE,BXUW,0.060000,0.060000,0,0,0
WV,26241,WEST VIRGINIA STATE,BXUW,0.060000,0.060000,0,0,0
WV,26250,WEST VIRGINIA STATE,BXUW,0.060000,0.060000,0,0,0
WV,26253,WEST VIRGINIA STATE,BXUW,0.060000,0.060000,0,0,0
WV,26254,WEST VIRGINIA STATE,BXUW,0.060000,0.060000,0,0,0
WV,26257,WEST VIRGINIA STATE,BXUW,0.060000,0.060000,0,0,0
WV,26259,WEST VIRGINIA STATE,BXUW,0.060000,0.060000,0,0,0
WV,26260,WEST VIRGINIA STATE,BXUW,0.060000,0.060000,0,0,0
WV,26261,WEST VIRGINIA STATE,BXUW,0.060000,0.060000,0,0,0
WV,26263,WEST VIRGINIA STATE,BXUW,0.060000,0.060000,0,0,0
WV,26264,WEST VIRGINIA STATE,BXUW,0.060000,0.060000,0,0,0
WV,26266,WEST VIRGINIA STATE,BXUW,0.060000,0.060000,0,0,0
WV,26267,WEST VIRGINIA STATE,BXUW,0.060000,0.060000,0,0,0
WV,26268,WEST VIRGINIA STATE,BXUW,0.060000,0.060000,0,0,0
WV,26269,WEST VIRGINIA STATE,BXUW,0.060000,0.060000,0,0,0
WV,26270,WEST VIRGINIA STATE,BXUW,0.060000,0.060000,0,0,0
WV,26271,WEST VIRGINIA STATE,BXUW,0.060000,0.060000,0,0,0
WV,26273,WEST VIRGINIA STATE,BXUW,0.060000,0.060000,0,0,0
WV,26275,WEST VIRGINIA STATE,BXUW,0.060000,0.060000,0,0,0
WV,26276,WEST VIRGINIA STATE,BXUW,0.060000,0.060000,0,0,0
WV,26278,WEST VIRGINIA STATE,BXUW,0.060000,0.060000,0,0,0
WV,26280,WEST VIRGINIA STATE,BXUW,0.060000,0.060000,0,0,0
WV,26283,WEST VIRGINIA STATE,BXUW,0.060000,0.060000,0,0,0
WV,26285,WEST VIRGINIA STATE,BXUW,0.060000,0.060000,0,0,0
WV,26287,WEST VIRGINIA STATE,BXUW,0.060000,0.060000,0,0,0
WV,26288,WEST VIRGINIA STATE,BXUW,0.060000,0.060000,0,0,0
WV,26289,WEST VIRGINIA STATE,BXUW,0.060000,0.060000,0,0,0
WV,26291,WEST VIRGINIA STATE,BXUW,0.060000,0.060000,0,0,0
WV,26292,WEST VIRGINIA STATE,BXUW,0.060000,0.060000,0,0,0
WV,26293,WEST VIRGINIA STATE,BXUW,0.060000,0.060000,0,0,0
WV,26294,WEST VIRGINIA STATE,BXUW,0.060000,0.060000,0,0,0
WV,26298,WEST VIRGINIA STATE,BXUW,0.060000,0.060000,0,0,0
WV,26301,WEST VIRGINIA STATE,BXUW,0.060000,0.060000,0,0,0
WV,26302,WEST VIRGINIA STATE,BXUW,0.060000,0.060000,0,0,0
WV,26306,WEST VIRGINIA STATE,BXUW,0.060000,0.060000,0,0,0
WV,26320,WEST VIRGINIA STATE,BXUW,0.060000,0.060000,0,0,0
WV,26321,WEST VIRGINIA STATE,BXUW,0.060000,0.060000,0,0,0
WV,26323,WEST VIRGINIA STATE,BXUW,0.060000,0.060000,0,0,0
WV,26325,WEST VIRGINIA STATE,BXUW,0.060000,0.060000,0,0,0
WV,26327,WEST VIRGINIA STATE,BXUW,0.060000,0.060000,0,0,0
WV,26330,WEST VIRGINIA STATE,BXUW,0.060000,0.060000,0,0,0
WV,26335,WEST VIRGINIA STATE,BXUW,0.060000,0.060000,0,0,0
WV,26337,WEST VIRGINIA STATE,BXUW,0.060000,0.060000,0,0,0
WV,26338,WEST VIRGINIA STATE,BXUW,0.060000,0.060000,0,0,0
WV,26339,WEST VIRGINIA STATE,BXUW,0.060000,0.060000,0,0,0
WV,26342,WEST VIRGINIA STATE,BXUW,0.060000,0.060000,0,0,0
WV,26343,WEST VIRGINIA STATE,BXUW,0.060000,0.060000,0,0,0
WV,26346,WEST VIRGINIA STATE,BXUW,0.060000,0.060000,0,0,0
WV,26347,WEST VIRGINIA STATE,BXUW,0.060000,0.060000,0,0,0
WV,26348,WEST VIRGINIA STATE,BXUW,0.060000,0.060000,0,0,0
WV,26349,WEST VIRGINIA STATE,BXUW,0.060000,0.060000,0,0,0
WV,26351,WEST VIRGINIA STATE,BXUW,0.060000,0.060000,0,0,0
WV,26354,WEST VIRGINIA STATE,BXUW,0.060000,0.060000,0,0,0
WV,26361,WEST VIRGINIA STATE,BXUW,0.060000,0.060000,0,0,0
WV,26362,HARRISVILLE,CTZF,0.070000,0.060000,0,0.010000,0
WV,26366,WEST VIRGINIA STATE,BXUW,0.060000,0.060000,0,0,0
WV,26372,WEST VIRGINIA STATE,BXUW,0.060000,0.060000,0,0,0
WV,26374,WEST VIRGINIA STATE,BXUW,0.060000,0.060000,0,0,0
WV,26376,WEST VIRGINIA STATE,BXUW,0.060000,0.060000,0,0,0
WV,26377,WEST VIRGINIA STATE,BXUW,0.060000,0.060000,0,0,0
WV,26378,WEST VIRGINIA STATE,BXUW,0.060000,0.060000,0,0,0
WV,26384,WEST VIRGINIA STATE,BXUW,0.060000,0.060000,0,0,0
WV,26385,WEST VIRGINIA STATE,BXUW,0.060000,0.060000,0,0,0
WV,26386,WEST VIRGINIA STATE,BXUW,0.060000,0.060000,0,0,0
WV,26404,WEST VIRGINIA STATE,BXUW,0.060000,0.060000,0,0,0
WV,26405,WEST VIRGINIA STATE,BXUW,0.060000,0.060000,0,0,0
WV,26408,WEST VIRGINIA STATE,BXUW,0.060000,0.060000,0,0,0
WV,26410,WEST VIRGINIA STATE,BXUW,0.060000,0.060000,0,0,0
WV,26411,WEST VIRGINIA STATE,BXUW,0.060000,0.060000,0,0,0
WV,26412,WEST VIRGINIA STATE,BXUW,0.060000,0.060000,0,0,0
WV,26415,WEST VIRGINIA STATE,BXUW,0.060000,0.060000,0,0,0
WV,26416,WEST VIRGINIA STATE,BXUW,0.060000,0.060000,0,0,0
WV,26419,WEST VIRGINIA STATE,BXUW,0.060000,0.060000,0,0,0
WV,26421,WEST VIRGINIA STATE,BXUW,0.060000,0.060000,0,0,0
WV,26422,WEST VIRGINIA STATE,BXUW,0.060000,0.060000,0,0,0
WV,26424,WEST VIRGINIA STATE,BXUW,0.060000,0.060000,0,0,0
WV,26425,WEST VIRGINIA STATE,BXUW,0.060000,0.060000,0,0,0
WV,26426,WEST VIRGINIA STATE,BXUW,0.060000,0.060000,0,0,0
WV,26430,WEST VIRGINIA STATE,BXUW,0.060000,0.060000,0,0,0
WV,26431,WEST VIRGINIA STATE,BXUW,0.060000,0.060000,0,0,0
WV,26434,WEST VIRGINIA STATE,BXUW,0.060000,0.060000,0,0,0
WV,26435,WEST VIRGINIA STATE,BXUW,0.060000,0.060000,0,0,0
WV,26436,WEST VIRGINIA STATE,BXUW,0.060000,0.060000,0,0,0
WV,26437,WEST VIRGINIA STATE,BXUW,0.060000,0.060000,0,0,0
WV,26440,WEST VIRGINIA STATE,BXUW,0.060000,0.060000,0,0,0
WV,26443,WEST VIRGINIA STATE,BXUW,0.060000,0.060000,0,0,0
WV,26444,WEST VIRGINIA STATE,BXUW,0.060000,0.060000,0,0,0
WV,26447,WEST VIRGINIA STATE,BXUW,0.060000,0.060000,0,0,0
WV,26448,WEST VIRGINIA STATE,BXUW,0.060000,0.060000,0,0,0
WV,26451,WEST VIRGINIA STATE,BXUW,0.060000,0.060000,0,0,0
WV,26452,WEST VIRGINIA STATE,BXUW,0.060000,0.060000,0,0,0
WV,26456,WEST VIRGINIA STATE,BXUW,0.060000,0.060000,0,0,0
WV,26463,WEST VIRGINIA STATE,BXUW,0.060000,0.060000,0,0,0
WV,26501,WEST VIRGINIA STATE,BXUW,0.060000,0.060000,0,0,0
WV,26502,WEST VIRGINIA STATE,BXUW,0.060000,0.060000,0,0,0
WV,26504,WEST VIRGINIA STATE,BXUW,0.060000,0.060000,0,0,0
WV,26505,WEST VIRGINIA STATE,BXUW,0.060000,0.060000,0,0,0
WV,26506,WEST VIRGINIA STATE,BXUW,0.060000,0.060000,0,0,0
WV,26507,WEST VIRGINIA STATE,BXUW,0.060000,0.060000,0,0,0
WV,26508,WEST VIRGINIA STATE,BXUW,0.060000,0.060000,0,0,0
WV,26519,WEST VIRGINIA STATE,BXUW,0.060000,0.060000,0,0,0
WV,26520,WEST VIRGINIA STATE,BXUW,0.060000,0.060000,0,0,0
WV,26521,WEST VIRGINIA STATE,BXUW,0.060000,0.060000,0,0,0
WV,26524,WEST VIRGINIA STATE,BXUW,0.060000,0.060000,0,0,0
WV,26525,WEST VIRGINIA STATE,BXUW,0.060000,0.060000,0,0,0
WV,26527,WEST VIRGINIA STATE,BXUW,0.060000,0.060000,0,0,0
WV,26531,WEST VIRGINIA STATE,BXUW,0.060000,0.060000,0,0,0
WV,26534,WEST VIRGINIA STATE,BXUW,0.060000,0.060000,0,0,0
WV,26537,WEST VIRGINIA STATE,BXUW,0.060000,0.060000,0,0,0
WV,26541,WEST VIRGINIA STATE,BXUW,0.060000,0.060000,0,0,0
WV,26542,WEST VIRGINIA STATE,BXUW,0.060000,0.060000,0,0,0
WV,26543,WEST VIRGINIA STATE,BXUW,0.060000,0.060000,0,0,0
WV,26544,WEST VIRGINIA STATE,BXUW,0.060000,0.060000,0,0,0
WV,26546,WEST VIRGINIA STATE,BXUW,0.060000,0.060000,0,0,0
WV,26547,WEST VIRGINIA STATE,BXUW,0.060000,0.060000,0,0,0
WV,26554,WEST VIRGINIA STATE,BXUW,0.060000,0.060000,0,0,0
WV,26555,WEST VIRGINIA STATE,BXUW,0.060000,0.060000,0,0,0
WV,26559,WEST VIRGINIA STATE,BXUW,0.060000,0.060000,0,0,0
WV,26560,WEST VIRGINIA STATE,BXUW,0.060000,0.060000,0,0,0
WV,26562,WEST VIRGINIA STATE,BXUW,0.060000,0.060000,0,0,0
WV,26563,WEST VIRGINIA STATE,BXUW,0.060000,0.060000,0,0,0
WV,26566,WEST VIRGINIA STATE,BXUW,0.060000,0.060000,0,0,0
WV,26568,WEST VIRGINIA STATE,BXUW,0.060000,0.060000,0,0,0
WV,26570,WEST VIRGINIA STATE,BXUW,0.060000,0.060000,0,0,0
WV,26571,WEST VIRGINIA STATE,BXUW,0.060000,0.060000,0,0,0
WV,26572,WEST VIRGINIA STATE,BXUW,0.060000,0.060000,0,0,0
WV,26574,WEST VIRGINIA STATE,BXUW,0.060000,0.060000,0,0,0
WV,26575,WEST VIRGINIA STATE,BXUW,0.060000,0.060000,0,0,0
WV,26578,WEST VIRGINIA STATE,BXUW,0.060000,0.060000,0,0,0
WV,26581,WEST VIRGINIA STATE,BXUW,0.060000,0.060000,0,0,0
WV,26582,WEST VIRGINIA STATE,BXUW,0.060000,0.060000,0,0,0
WV,26585,WEST VIRGINIA STATE,BXUW,0.060000,0.060000,0,0,0
WV,26586,WEST VIRGINIA STATE,BXUW,0.060000,0.060000,0,0,0
WV,26587,WEST VIRGINIA STATE,BXUW,0.060000,0.060000,0,0,0
WV,26588,WEST VIRGINIA STATE,BXUW,0.060000,0.060000,0,0,0
WV,26590,WEST VIRGINIA STATE,BXUW,0.060000,0.060000,0,0,0
WV,26591,WEST VIRGINIA STATE,BXUW,0.060000,0.060000,0,0,0
WV,26601,WEST VIRGINIA STATE,BXUW,0.060000,0.060000,0,0,0
WV,26610,WEST VIRGINIA STATE,BXUW,0.060000,0.060000,0,0,0
WV,26611,WEST VIRGINIA STATE,BXUW,0.060000,0.060000,0,0,0
WV,26615,WEST VIRGINIA STATE,BXUW,0.060000,0.060000,0,0,0
WV,26617,WEST VIRGINIA STATE,BXUW,0.060000,0.060000,0,0,0
WV,26619,WEST VIRGINIA STATE,BXUW,0.060000,0.060000,0,0,0
WV,26621,WEST VIRGINIA STATE,BXUW,0.060000,0.060000,0,0,0
WV,26623,WEST VIRGINIA STATE,BXUW,0.060000,0.060000,0,0,0
WV,26624,WEST VIRGINIA STATE,BXUW,0.060000,0.060000,0,0,0
WV,26627,WEST VIRGINIA STATE,BXUW,0.060000,0.060000,0,0,0
WV,26629,WEST VIRGINIA STATE,BXUW,0.060000,0.060000,0,0,0
WV,26631,WEST VIRGINIA STATE,BXUW,0.060000,0.060000,0,0,0
WV,26636,WEST VIRGINIA STATE,BXUW,0.060000,0.060000,0,0,0
WV,26638,WEST VIRGINIA STATE,BXUW,0.060000,0.060000,0,0,0
WV,26651,WEST VIRGINIA STATE,BXUW,0.060000,0.060000,0,0,0
WV,26656,WEST VIRGINIA STATE,BXUW,0.060000,0.060000,0,0,0
WV,26660,WEST VIRGINIA STATE,BXUW,0.060000,0.060000,0,0,0
WV,26662,WEST VIRGINIA STATE,BXUW,0.060000,0.060000,0,0,0
WV,26667,WEST VIRGINIA STATE,BXUW,0.060000,0.060000,0,0,0
WV,26671,WEST VIRGINIA STATE,BXUW,0.060000,0.060000,0,0,0
WV,26675,WEST VIRGINIA STATE,BXUW,0.060000,0.060000,0,0,0
WV,26676,WEST VIRGINIA STATE,BXUW,0.060000,0.060000,0,0,0
WV,26678,WEST VIRGINIA STATE,BXUW,0.060000,0.060000,0,0,0
WV,26679,WEST VIRGINIA STATE,BXUW,0.060000,0.060000,0,0,0
WV,26680,WEST VIRGINIA STATE,BXUW,0.060000,0.060000,0,0,0
WV,26681,WEST VIRGINIA STATE,BXUW,0.060000,0.060000,0,0,0
WV,26684,WEST VIRGINIA STATE,BXUW,0.060000,0.060000,0,0,0
WV,26690,WEST VIRGINIA STATE,BXUW,0.060000,0.060000,0,0,0
WV,26691,WEST VIRGINIA STATE,BXUW,0.060000,0.060000,0,0,0
WV,26704,WEST VIRGINIA STATE,BXUW,0.060000,0.060000,0,0,0
WV,26705,WEST VIRGINIA STATE,BXUW,0.060000,0.060000,0,0,0
WV,26707,WEST VIRGINIA STATE,BXUW,0.060000,0.060000,0,0,0
WV,26710,WEST VIRGINIA STATE,BXUW,0.060000,0.060000,0,0,0
WV,26711,WEST VIRGINIA STATE,BXUW,0.060000,0.060000,0,0,0
WV,26714,WEST VIRGINIA STATE,BXUW,0.060000,0.060000,0,0,0
WV,26716,WEST VIRGINIA STATE,BXUW,0.060000,0.060000,0,0,0
WV,26717,WEST VIRGINIA STATE,BXUW,0.060000,0.060000,0,0,0
WV,26719,WEST VIRGINIA STATE,BXUW,0.060000,0.060000,0,0,0
WV,26720,WEST VIRGINIA STATE,BXUW,0.060000,0.060000,0,0,0
WV,26722,WEST VIRGINIA STATE,BXUW,0.060000,0.060000,0,0,0
WV,26726,WEST VIRGINIA STATE,BXUW,0.060000,0.060000,0,0,0
WV,26731,WEST VIRGINIA STATE,BXUW,0.060000,0.060000,0,0,0
WV,26739,WEST VIRGINIA STATE,BXUW,0.060000,0.060000,0,0,0
WV,26743,WEST VIRGINIA STATE,BXUW,0.060000,0.060000,0,0,0
WV,26750,WEST VIRGINIA STATE,BXUW,0.060000,0.060000,0,0,0
WV,26753,WEST VIRGINIA STATE,BXUW,0.060000,0.060000,0,0,0
WV,26755,WEST VIRGINIA STATE,BXUW,0.060000,0.060000,0,0,0
WV,26757,WEST VIRGINIA STATE,BXUW,0.060000,0.060000,0,0,0
WV,26761,WEST VIRGINIA STATE,BXUW,0.060000,0.060000,0,0,0
WV,26763,WEST VIRGINIA STATE,BXUW,0.060000,0.060000,0,0,0
WV,26764,WEST VIRGINIA STATE,BXUW,0.060000,0.060000,0,0,0
WV,26767,WEST VIRGINIA STATE,BXUW,0.060000,0.060000,0,0,0
WV,26801,WEST VIRGINIA STATE,BXUW,0.060000,0.060000,0,0,0
WV,26802,WEST VIRGINIA STATE,BXUW,0.060000,0.060000,0,0,0
WV,26804,WEST VIRGINIA STATE,BXUW,0.060000,0.060000,0,0,0
WV,26807,WEST VIRGINIA STATE,BXUW,0.060000,0.060000,0,0,0
WV,26808,WEST VIRGINIA STATE,BXUW,0.060000,0.060000,0,0,0
WV,26810,WEST VIRGINIA STATE,BXUW,0.060000,0.060000,0,0,0
WV,26812,WEST VIRGINIA STATE,BXUW,0.060000,0.060000,0,0,0
WV,26814,WEST VIRGINIA STATE,BXUW,0.060000,0.060000,0,0,0
WV,26815,WEST VIRGINIA STATE,BXUW,0.060000,0.060000,0,0,0
WV,26817,WEST VIRGINIA STATE,BXUW,0.060000,0.060000,0,0,0
WV,26818,WEST VIRGINIA STATE,BXUW,0.060000,0.060000,0,0,0
WV,26833,WEST VIRGINIA STATE,BXUW,0.060000,0.060000,0,0,0
WV,26836,WEST VIRGINIA STATE,BXUW,0.060000,0.060000,0,0,0
WV,26838,WEST VIRGINIA STATE,BXUW,0.060000,0.060000,0,0,0
WV,26845,WEST VIRGINIA STATE,BXUW,0.060000,0.060000,0,0,0
WV,26847,WEST VIRGINIA STATE,BXUW,0.060000,0.060000,0,0,0
WV,26851,WEST VIRGINIA STATE,BXUW,0.060000,0.060000,0,0,0
WV,26852,WEST VIRGINIA STATE,BXUW,0.060000,0.060000,0,0,0
WV,26855,WEST VIRGINIA STATE,BXUW,0.060000,0.060000,0,0,0
WV,26865,WEST VIRGINIA STATE,BXUW,0.060000,0.060000,0,0,0
WV,26866,WEST VIRGINIA STATE,BXUW,0.060000,0.060000,0,0,0
WV,26884,WEST VIRGINIA STATE,BXUW,0.060000,0.060000,0,0,0
WV,26886,WEST VIRGINIA STATE,BXUW,0.060000,0.060000,0,0,0
