State,ZipCode,TaxRegionName,TaxRegionCode,CombinedRate,StateRate,CountyRate,CityRate,SpecialRate
KY,40003,KENTUCKY STATE,AVNA,0.060000,0.060000,0,0,0
KY,40004,KENTUCKY STATE,AVNA,0.060000,0.060000,0,0,0
KY,40006,KENTUCKY STATE,AVNA,0.060000,0.060000,0,0,0
KY,40007,KENTUCKY STATE,AVNA,0.060000,0.060000,0,0,0
KY,40008,KENTUCKY STATE,AVNA,0.060000,0.060000,0,0,0
KY,40009,KENTUCKY STATE,AVNA,0.060000,0.060000,0,0,0
KY,40010,KENTUCKY STATE,AVNA,0.060000,0.060000,0,0,0
KY,40011,KENTUCKY STATE,AVNA,0.060000,0.060000,0,0,0
KY,40012,KENTUCKY STATE,AVNA,0.060000,0.060000,0,0,0
KY,40013,KENTUCKY STATE,AVNA,0.060000,0.060000,0,0,0
KY,40014,KENTUCKY STATE,AVNA,0.060000,0.060000,0,0,0
KY,40018,KENTUCKY STATE,AVNA,0.060000,0.060000,0,0,0
KY,40019,KENTUCKY STATE,AVNA,0.060000,0.060000,0,0,0
KY,40020,KENTUCKY STATE,AVNA,0.060000,0.060000,0,0,0
KY,40022,KENTUCKY STATE,AVNA,0.060000,0.060000,0,0,0
KY,40023,KENTUCKY STATE,AVNA,0.060000,0.060000,0,0,0
KY,40025,KENTUCKY STATE,AVNA,0.060000,0.060000,0,0,0
KY,40026,KENTUCKY STATE,AVNA,0.060000,0.060000,0,0,0
KY,40027,KENTUCKY STATE,AVNA,0.060000,0.060000,0,0,0
KY,40031,KENTUCKY STATE,AVNA,0.060000,0.060000,0,0,0
KY,40032,KENTUCKY STATE,AVNA,0.060000,0.060000,0,0,0
KY,40033,KENTUCKY STATE,AVNA,0.060000,0.060000,0,0,0
KY,40036,KENTUCKY STATE,AVNA,0.060000,0.060000,0,0,0
KY,40037,KENTUCKY STATE,AVNA,0.060000,0.060000,0,0,0
KY,40040,KENTUCKY STATE,AVNA,0.060000,0.060000,0,0,0
KY,40041,KENTUCKY STATE,AVNA,0.060000,0.060000,0,0,0
KY,40045,KENTUCKY STATE,AVNA,0.060000,0.060000,0,0,0
KY,40046,KENTUCKY STATE,AVNA,0.060000,0.060000,0,0,0
KY,40047,KENTUCKY STATE,AVNA,0.060000,0.060000,0,0,0
KY,40048,KENTUCKY STATE,AVNA,0.060000,0.060000,0,0,0
KY,40049,KENTUCKY STATE,AVNA,0.060000,0.060000,0,0,0
KY,40050,KENTUCKY STATE,AVNA,0.060000,0.060000,0,0,0
KY,40051,KENTUCKY STATE,AVNA,0.060000,0.060000,0,0,0
KY,40052,KENTUCKY STATE,AVNA,0.060000,0.060000,0,0,0
KY,40055,KENTUCKY STATE,AVNA,0.060000,0.060000,0,0,0
KY,40056,KENTUCKY STATE,AVNA,0.060000,0.060000,0,0,0
KY,40057,KENTUCKY STATE,AVNA,0.060000,0.060000,0,0,0
KY,40058,KENTUCKY STATE,AVNA,0.060000,0.060000,0,0,0
KY,40059,KENTUCKY STATE,AVNA,0.060000,0.060000,0,0,0
KY,40060,KENTUCKY STATE,AVNA,0.060000,0.060000,0,0,0
KY,40061,KENTUCKY STATE,AVNA,0.060000,0.060000,0,0,0
KY,40062,KENTUCKY STATE,AVNA,0.060000,0.060000,0,0,0
KY,40063,KENTUCKY STATE,AVNA,0.060000,0.060000,0,0,0
KY,40065,KENTUCKY STATE,AVNA,0.060000,0.060000,0,0,0
KY,40066,KENTUCKY STATE,AVNA,0.060000,0.060000,0,0,0
KY,40067,KENTUCKY STATE,AVNA,0.060000,0.060000,0,0,0
KY,40068,KENTUCKY STATE,AVNA,0.060000,0.060000,0,0,0
KY,40069,KENTUCKY STATE,AVNA,0.060000,0.060000,0,0,0
KY,40070,KENTUCKY STATE,AVNA,0.060000,0.060000,0,0,0
KY,40071,KENTUCKY STATE,AVNA,0.060000,0.060000,0,0,0
KY,40075,KENTUCKY STATE,AVNA,0.060000,0.060000,0,0,0
KY,40076,KENTUCKY STATE,AVNA,0.060000,0.060000,0,0,0
KY,40077,KENTUCKY STATE,AVNA,0.060000,0.060000,0,0,0
KY,40078,KENTUCKY STATE,AVNA,0.060000,0.060000,0,0,0
KY,40104,KENTUCKY STATE,AVNA,0.060000,0.060000,0,0,0
KY,40107,KENTUCKY STATE,AVNA,0.060000,0.060000,0,0,0
KY,40108,KENTUCKY STATE,AVNA,0.060000,0.060000,0,0,0
KY,40109,KENTUCKY STATE,AVNA,0.060000,0.060000,0,0,0
KY,40110,KENTUCKY STATE,AVNA,0.060000,0.060000,0,0,0
KY,40111,KENTUCKY STATE,AVNA,0.060000,0.060000,0,0,0
KY,40115,KENTUCKY STATE,AVNA,0.060000,0.060000,0,0,0
KY,40117,KENTUCKY STATE,AVNA,0.060000,0.060000,0,0,0
KY,40118,KENTUCKY STATE,AVNA,0.060000,0.060000,0,0,0
KY,40119,KENTUCKY STATE,AVNA,0.060000,0.060000,0,0,0
KY,40121,KENTUCKY STATE,AVNA,0.060000,0.060000,0,0,0
KY,40122,KENTUCKY STATE,AVNA,0.060000,0.060000,0,0,0
KY,40129,KENTUCKY STATE,AVNA,0.060000,0.060000,0,0,0
KY,40140,KENTUCKY STATE,AVNA,0.060000,0.060000,0,0,0
KY,40142,KENTUCKY STATE,AVNA,0.060000,0.060000,0,0,0
KY,40143,KENTUCKY STATE,AVNA,0.060000,0.060000,0,0,0
KY,40144,KENTUCKY STATE,AVNA,0.060000,0.060000,0,0,0
KY,40145,KENTUCKY STATE,AVNA,0.060000,0.060000,0,0,0
KY,40146,KENTUCKY STATE,AVNA,0.060000,0.060000,0,0,0
KY,40150,KENTUCKY STATE,AVNA,0.060000,0.060000,0,0,0
KY,40152,KENTUCKY STATE,AVNA,0.060000,0.060000,0,0,0
KY,40153,KENTUCKY STATE,AVNA,0.060000,0.060000,0,0,0
KY,40155,KENTUCKY STATE,AVNA,0.060000,0.060000,0,0,0
KY,40157,KENTUCKY STATE,AVNA,0.060000,0.060000,0,0,0
KY,40159,KENTUCKY STATE,AVNA,0.060000,0.060000,0,0,0
KY,40160,KENTUCKY STATE,AVNA,0.060000,0.060000,0,0,0
KY,40161,KENTUCKY STATE,AVNA,0.060000,0.060000,0,0,0
KY,40162,KENTUCKY STATE,AVNA,0.060000,0.060000,0,0,0
KY,40165,KENTUCKY STATE,AVNA,0.060000,0.060000,0,0,0
KY,40166,KENTUCKY STATE,AVNA,0.060000,0.060000,0,0,0
KY,40170,KENTUCKY STATE,AVNA,0.060000,0.060000,0,0,0
KY,40171,KENTUCKY STATE,AVNA,0.060000,0.060000,0,0,0
KY,40175,KENTUCKY STATE,AVNA,0.060000,0.060000,0,0,0
KY,40176,KENTUCKY STATE,AVNA,0.060000,0.060000,0,0,0
KY,40177,KENTUCKY STATE,AVNA,0.060000,0.060000,0,0,0
KY,40178,KENTUCKY STATE,AVNA,0.060000,0.060000,0,0,0
KY,40201,KENTUCKY STATE,AVNA,0.060000,0.060000,0,0,0
KY,40202,KENTUCKY STATE,AVNA,0.060000,0.060000,0,0,0
KY,40203,KENTUCKY STATE,AVNA,0.060000,0.060000,0,0,0
KY,40204,KENTUCKY STATE,AVNA,0.060000,0.060000,0,0,0
KY,40205,KENTUCKY STATE,AVNA,0.060000,0.060000,0,0,0
KY,40206,KENTUCKY STATE,AVNA,0.060000,0.060000,0,0,0
KY,40207,KENTUCKY STATE,AVNA,0.060000,0.060000,0,0,0
KY,40208,KENTUCKY STATE,AVNA,0.060000,0.060000,0,0,0
KY,40209,KENTUCKY STATE,AVNA,0.060000,0.060000,0,0,0
KY,40210,KENTUCKY STATE,AVNA,0.060000,0.060000,0,0,0
KY,40211,KENTUCKY STATE,AVNA,0.060000,0.060000,0,0,0
KY,40212,KENTUCKY STATE,AVNA,0.060000,0.060000,0,0,0
KY,40213,KENTUCKY STATE,AVNA,0.060000,0.060000,0,0,0
KY,40214,KENTUCKY STATE,AVNA,0.060000,0.060000,0,0,0
KY,40215,KENTUCKY STATE,AVNA,0.060000,0.060000,0,0,0
KY,40216,KENTUCKY STATE,AVNA,0.060000,0.060000,0,0,0
KY,40217,KENTUCKY STATE,AVNA,0.060000,0.060000,0,0,0
KY,40218,KENTUCKY STATE,AVNA,0.060000,0.060000,0,0,0
KY,40219,KENTUCKY STATE,AVNA,0.060000,0.060000,0,0,0
KY,40220,KENTUCKY STATE,AVNA,0.060000,0.060000,0,0,0
KY,40221,KENTUCKY STATE,AVNA,0.060000,0.060000,0,0,0
KY,40222,KENTUCKY STATE,AVNA,0.060000,0.060000,0,0,0
KY,40223,KENTUCKY STATE,AVNA,0.060000,0.060000,0,0,0
KY,40224,KENTUCKY STATE,AVNA,0.060000,0.060000,0,0,0
KY,40225,KENTUCKY STATE,AVNA,0.060000,0.060000,0,0,0
KY,40228,KENTUCKY STATE,AVNA,0.060000,0.060000,0,0,0
KY,40229,KENTUCKY STATE,AVNA,0.060000,0.060000,0,0,0
KY,40231,KENTUCKY STATE,AVNA,0.060000,0.060000,0,0,0
KY,40232,KENTUCKY STATE,AVNA,0.060000,0.060000,0,0,0
KY,40233,KENTUCKY STATE,AVNA,0.060000,0.060000,0,0,0
KY,40241,KENTUCKY STATE,AVNA,0.060000,0.060000,0,0,0
KY,40242,KENTUCKY STATE,AVNA,0.060000,0.060000,0,0,0
KY,40243,KENTUCKY STATE,AVNA,0.060000,0.060000,0,0,0
KY,40245,KENTUCKY STATE,AVNA,0.060000,0.060000,0,0,0
KY,40250,KENTUCKY STATE,AVNA,0.060000,0.060000,0,0,0
KY,40251,KENTUCKY STATE,AVNA,0.060000,0.060000,0,0,0
KY,40252,KENTUCKY STATE,AVNA,0.060000,0.060000,0,0,0
KY,40253,KENTUCKY STATE,AVNA,0.060000,0.060000,0,0,0
KY,40255,KENTUCKY STATE,AVNA,0.060000,0.060000,0,0,0
KY,40256,KENTUCKY STATE,AVNA,0.060000,0.060000,0,0,0
KY,40257,KENTUCKY STATE,AVNA,0.060000,0.060000,0,0,0
KY,40258,KENTUCKY STATE,AVNA,0.060000,0.060000,0,0,0
KY,40259,KENTUCKY STATE,AVNA,0.060000,0.060000,0,0,0
KY,40261,KENTUCKY STATE,AVNA,0.060000,0.060000,0,0,0
KY,40266,KENTUCKY STATE,AVNA,0.060000,0.060000,0,0,0
KY,40268,KENTUCKY STATE,AVNA,0.060000,0.060000,0,0,0
KY,40269,KENTUCKY STATE,AVNA,0.060000,0.060000,0,0,0
KY,40270,KENTUCKY STATE,AVNA,0.060000,0.060000,0,0,0
KY,40272,KENTUCKY STATE,AVNA,0.060000,0.060000,0,0,0
KY,40280,KENTUCKY STATE,AVNA,0.060000,0.060000,0,0,0
KY,40281,KENTUCKY STATE,AVNA,0.060000,0.060000,0,0,0
KY,40282,KENTUCKY STATE,AVNA,0.060000,0.060000,0,0,0
KY,40283,KENTUCKY STATE,AVNA,0.060000,0.060000,0,0,0
KY,40285,KENTUCKY STATE,AVNA,0.060000,0.060000,0,0,0
KY,40287,KENTUCKY STATE,AVNA,0.060000,0.060000,0,0,0
KY,40289,KENTUCKY STATE,AVNA,0.060000,0.060000,0,0,0
KY,40290,KENTUCKY STATE,AVNA,0.060000,0.060000,0,0,0
KY,40291,KENTUCKY STATE,AVNA,0.060000,0.060000,0,0,0
KY,40292,KENTUCKY STATE,AVNA,0.060000,0.060000,0,0,0
KY,40293,KENTUCKY STATE,AVNA,0.060000,0.060000,0,0,0
KY,40294,KENTUCKY STATE,AVNA,0.060000,0.060000,0,0,0
KY,40295,KENTUCKY STATE,AVNA,0.060000,0.060000,0,0,0
KY,40296,KENTUCKY STATE,AVNA,0.060000,0.060000,0,0,0
KY,40297,KENTUCKY STATE,AVNA,0.060000,0.060000,0,0,0
KY,40298,KENTUCKY STATE,AVNA,0.060000,0.060000,0,0,0
KY,40299,KENTUCKY STATE,AVNA,0.060000,0.060000,0,0,0
KY,40310,KENTUCKY STATE,AVNA,0.060000,0.060000,0,0,0
KY,40311,KENTUCKY STATE,AVNA,0.060000,0.060000,0,0,0
KY,40312,KENTUCKY STATE,AVNA,0.060000,0.060000,0,0,0
KY,40313,KENTUCKY STATE,AVNA,0.060000,0.060000,0,0,0
KY,40316,KENTUCKY STATE,AVNA,0.060000,0.060000,0,0,0
KY,40317,KENTUCKY STATE,AVNA,0.060000,0.060000,0,0,0
KY,40319,KENTUCKY STATE,AVNA,0.060000,0.060000,0,0,0
KY,40322,KENTUCKY STATE,AVNA,0.060000,0.060000,0,0,0
KY,40324,KENTUCKY STATE,AVNA,0.060000,0.060000,0,0,0
KY,40328,KENTUCKY STATE,AVNA,0.060000,0.060000,0,0,0
KY,40330,KENTUCKY STATE,AVNA,0.060000,0.060000,0,0,0
KY,40334,KENTUCKY STATE,AVNA,0.060000,0.060000,0,0,0
KY,40336,KENTUCKY STATE,AVNA,0.060000,0.060000,0,0,0
KY,40337,KENTUCKY STATE,AVNA,0.060000,0.060000,0,0,0
KY,40339,KENTUCKY STATE,AVNA,0.060000,0.060000,0,0,0
KY,40340,KENTUCKY STATE,AVNA,0.060000,0.060000,0,0,0
KY,40342,KENTUCKY STATE,AVNA,0.060000,0.060000,0,0,0
KY,40346,KENTUCKY STATE,AVNA,0.060000,0.060000,0,0,0
KY,40347,KENTUCKY STATE,AVNA,0.060000,0.060000,0,0,0
KY,40348,KENTUCKY STATE,AVNA,0.060000,0.060000,0,0,0
KY,40350,KENTUCKY STATE,AVNA,0.060000,0.060000,0,0,0
KY,40351,KENTUCKY STATE,AVNA,0.060000,0.060000,0,0,0
KY,40353,KENTUCKY STATE,AVNA,0.060000,0.060000,0,0,0
KY,40355,KENTUCKY STATE,AVNA,0.060000,0.060000,0,0,0
KY,40356,KENTUCKY STATE,AVNA,0.060000,0.060000,0,0,0
KY,40357,KENTUCKY STATE,AVNA,0.060000,0.060000,0,0,0
KY,40358,KENTUCKY STATE,AVNA,0.060000,0.060000,0,0,0
KY,40359,KENTUCKY STATE,AVNA,0.060000,0.060000,0,0,0
KY,40360,KENTUCKY STATE,AVNA,0.060000,0.060000,0,0,0
KY,40361,KENTUCKY STATE,AVNA,0.060000,0.060000,0,0,0
KY,40362,KENTUCKY STATE,AVNA,0.060000,0.060000,0,0,0
KY,40363,KENTUCKY STATE,AVNA,0.060000,0.060000,0,0,0
KY,40366,KENTUCKY STATE,AVNA,0.060000,0.060000,0,0,0
KY,40370,KENTUCKY STATE,AVNA,0.060000,0.060000,0,0,0
KY,40371,KENTUCKY STATE,AVNA,0.060000,0.060000,0,0,0
KY,40372,KENTUCKY STATE,AVNA,0.060000,0.060000,0,0,0
KY,40374,KENTUCKY STATE,AVNA,0.060000,0.060000,0,0,0
KY,40376,KENTUCKY STATE,AVNA,0.060000,0.060000,0,0,0
KY,40379,KENTUCKY STATE,AVNA,0.060000,0.060000,0,0,0
KY,40380,KENTUCKY STATE,AVNA,0.060000,0.060000,0,0,0
KY,40383,KENTUCKY STATE,AVNA,0.060000,0.060000,0,0,0
KY,40384,KENTUCKY STATE,AVNA,0.060000,0.060000,0,0,0
KY,40385,KENTUCKY STATE,AVNA,0.060000,0.060000,0,0,0
KY,40387,KENTUCKY STATE,AVNA,0.060000,0.060000,0,0,0
KY,40390,KENTUCKY STATE,AVNA,0.060000,0.060000,0,0,0
KY,40391,KENTUCKY STATE,AVNA,0.060000,0.060000,0,0,0
KY,40392,KENTUCKY STATE,AVNA,0.060000,0.060000,0,0,0
KY,40402,KENTUCKY STATE,AVNA,0.060000,0.060000,0,0,0
KY,40403,KENTUCKY STATE,AVNA,0.060000,0.060000,0,0,0
KY,40404,KENTUCKY STATE,AVNA,0.060000,0.060000,0,0,0
KY,40405,KENTUCKY STATE,AVNA,0.060000,0.060000,0,0,0
KY,40409,KENTUCKY STATE,AVNA,0.060000,0.060000,0,0,0
KY,40410,KENTUCKY STATE,AVNA,0.060000,0.060000,0,0,0
KY,40419,KENTUCKY STATE,AVNA,0.060000,0.060000,0,0,0
KY,40422,KENTUCKY STATE,AVNA,0.060000,0.060000,0,0,0
KY,40423,KENTUCKY STATE,AVNA,0.060000,0.060000,0,0,0
KY,40434,KENTUCKY STATE,AVNA,0.060000,0.060000,0,0,0
KY,40437,KENTUCKY STATE,AVNA,0.060000,0.060000,0,0,0
KY,40440,KENTUCKY STATE,AVNA,0.060000,0.060000,0,0,0
KY,40442,KENTUCKY STATE,AVNA,0.060000,0.060000,0,0,0
KY,40444,KENTUCKY STATE,AVNA,0.060000,0.060000,0,0,0
KY,40445,KENTUCKY STATE,AVNA,0.060000,0.060000,0,0,0
KY,40446,KENTUCKY STATE,AVNA,0.060000,0.060000,0,0,0
KY,40447,KENTUCKY STATE,AVNA,0.060000,0.060000,0,0,0
KY,40448,KENTUCKY STATE,AVNA,0.060000,0.060000,0,0,0
KY,40452,KENTUCKY STATE,AVNA,0.060000,0.060000,0,0,0
KY,40456,KENTUCKY STATE,AVNA,0.060000,0.060000,0,0,0
KY,40460,KENTUCKY STATE,AVNA,0.060000,0.060000,0,0,0
KY,40461,KENTUCKY STATE,AVNA,0.060000,0.060000,0,0,0
KY,40464,KENTUCKY STATE,AVNA,0.060000,0.060000,0,0,0
KY,40468,KENTUCKY STATE,AVNA,0.060000,0.060000,0,0,0
KY,40472,KENTUCKY STATE,AVNA,0.060000,0.060000,0,0,0
KY,40473,KENTUCKY STATE,AVNA,0.060000,0.060000,0,0,0
KY,40475,KENTUCKY STATE,AVNA,0.060000,0.060000,0,0,0
KY,40476,KENTUCKY STATE,AVNA,0.060000,0.060000,0,0,0
KY,40481,KENTUCKY STATE,AVNA,0.060000,0.060000,0,0,0
KY,40484,KENTUCKY STATE,AVNA,0.060000,0.060000,0,0,0
KY,40486,KENTUCKY STATE,AVNA,0.060000,0.060000,0,0,0
KY,40488,KENTUCKY STATE,AVNA,0.060000,0.060000,0,0,0
KY,40489,KENTUCKY STATE,AVNA,0.060000,0.060000,0,0,0
KY,40492,KENTUCKY STATE,AVNA,0.060000,0.060000,0,0,0
KY,40502,KENTUCKY STATE,AVNA,0.060000,0.060000,0,0,0
KY,40503,KENTUCKY STATE,AVNA,0.060000,0.060000,0,0,0
KY,40504,KENTUCKY STATE,AVNA,0.060000,0.060000,0,0,0
KY,40505,KENTUCKY STATE,AVNA,0.060000,0.060000,0,0,0
KY,40506,KENTUCKY STATE,AVNA,0.060000,0.060000,0,0,0
KY,40507,KENTUCKY STATE,AVNA,0.060000,0.060000,0,0,0
KY,40508,KENTUCKY STATE,AVNA,0.060000,0.060000,0,0,0
KY,40509,KENTUCKY STATE,AVNA,0.060000,0.060000,0,0,0
KY,40510,KENTUCKY STATE,AVNA,0.060000,0.060000,0,0,0
KY,40511,KENTUCKY STATE,AVNA,0.060000,0.060000,0,0,0
KY,40512,KENTUCKY STATE,AVNA,0.060000,0.060000,0,0,0
KY,40513,KENTUCKY STATE,AVNA,0.060000,0.060000,0,0,0
KY,40514,KENTUCKY STATE,AVNA,0.060000,0.060000,0,0,0
KY,40515,KENTUCKY STATE,AVNA,0.060000,0.060000,0,0,0
KY,40516,KENTUCKY STATE,AVNA,0.060000,0.060000,0,0,0
KY,40517,KENTUCKY STATE,AVNA,0.060000,0.060000,0,0,0
KY,40522,KENTUCKY STATE,AVNA,0.060000,0.060000,0,0,0
KY,40523,KENTUCKY STATE,AVNA,0.060000,0.060000,0,0,0
KY,40524,KENTUCKY STATE,AVNA,0.060000,0.060000,0,0,0
KY,40526,KENTUCKY STATE,AVNA,0.060000,0.060000,0,0,0
KY,40533,KENTUCKY STATE,AVNA,0.060000,0.060000,0,0,0
KY,40536,KENTUCKY STATE,AVNA,0.060000,0.060000,0,0,0
KY,40544,KENTUCKY STATE,AVNA,0.060000,0.060000,0,0,0
KY,40546,KENTUCKY STATE,AVNA,0.060000,0.060000,0,0,0
KY,40550,KENTUCKY STATE,AVNA,0.060000,0.060000,0,0,0
KY,40555,KENTUCKY STATE,AVNA,0.060000,0.060000,0,0,0
KY,40574,KENTUCKY STATE,AVNA,0.060000,0.060000,0,0,0
KY,40575,KENTUCKY STATE,AVNA,0.060000,0.060000,0,0,0
KY,40576,KENTUCKY STATE,AVNA,0.060000,0.060000,0,0,0
KY,40577,KENTUCKY STATE,AVNA,0.060000,0.060000,0,0,0
KY,40578,KENTUCKY STATE,AVNA,0.060000,0.060000,0,0,0
KY,40579,KENTUCKY STATE,AVNA,0.060000,0.060000,0,0,0
KY,40580,KENTUCKY STATE,AVNA,0.060000,0.060000,0,0,0
KY,40581,KENTUCKY STATE,AVNA,0.060000,0.060000,0,0,0
KY,40582,KENTUCKY STATE,AVNA,0.060000,0.060000,0,0,0
KY,40583,KENTUCKY STATE,AVNA,0.060000,0.060000,0,0,0
KY,40588,KENTUCKY STATE,AVNA,0.060000,0.060000,0,0,0
KY,40591,KENTUCKY STATE,AVNA,0.060000,0.060000,0,0,0
KY,40598,KENTUCKY STATE,AVNA,0.060000,0.060000,0,0,0
KY,40601,KENTUCKY STATE,AVNA,0.060000,0.060000,0,0,0
KY,40602,KENTUCKY STATE,AVNA,0.060000,0.060000,0,0,0
KY,40603,KENTUCKY STATE,AVNA,0.060000,0.060000,0,0,0
KY,40604,KENTUCKY STATE,AVNA,0.060000,0.060000,0,0,0
KY,40618,KENTUCKY STATE,AVNA,0.060000,0.060000,0,0,0
KY,40619,KENTUCKY STATE,AVNA,0.060000,0.060000,0,0,0
KY,40620,KENTUCKY STATE,AVNA,0.060000,0.060000,0,0,0
KY,40621,KENTUCKY STATE,AVNA,0.060000,0.060000,0,0,0
KY,40622,KENTUCKY STATE,AVNA,0.060000,0.060000,0,0,0
KY,40701,KENTUCKY STATE,AVNA,0.060000,0.060000,0,0,0
KY,40702,KENTUCKY STATE,AVNA,0.060000,0.060000,0,0,0
KY,40724,KENTUCKY STATE,AVNA,0.060000,0.060000,0,0,0
KY,40729,KENTUCKY STATE,AVNA,0.060000,0.060000,0,0,0
KY,40730,KENTUCKY STATE,AVNA,0.060000,0.060000,0,0,0
KY,40734,KENTUCKY STATE,AVNA,0.060000,0.060000,0,0,0
KY,40737,KENTUCKY STATE,AVNA,0.060000,0.060000,0,0,0
KY,40740,KENTUCKY STATE,AVNA,0.060000,0.060000,0,0,0
KY,40741,KENTUCKY STATE,AVNA,0.060000,0.060000,0,0,0
KY,40742,KENTUCKY STATE,AVNA,0.060000,0.060000,0,0,0
KY,40743,KENTUCKY STATE,AVNA,0.060000,0.060000,0,0,0
KY,40744,KENTUCKY STATE,AVNA,0.060000,0.060000,0,0,0
KY,40745,KENTUCKY STATE,AVNA,0.060000,0.060000,0,0,0
KY,40750,KENTUCKY STATE,AVNA,0.060000,0.060000,0,0,0
KY,40755,KENTUCKY STATE,AVNA,0.060000,0.060000,0,0,0
KY,40759,KENTUCKY STATE,AVNA,0.060000,0.060000,0,0,0
KY,40763,KENTUCKY STATE,AVNA,0.060000,0.060000,0,0,0
KY,40769,KENTUCKY STATE,AVNA,0.060000,0.060000,0,0,0
KY,40771,KENTUCKY STATE,AVNA,0.060000,0.060000,0,0,0
KY,40801,KENTUCKY STATE,AVNA,0.060000,0.060000,0,0,0
KY,40803,KENTUCKY STATE,AVNA,0.060000,0.060000,0,0,0
KY,40806,KENTUCKY STATE,AVNA,0.060000,0.060000,0,0,0
KY,40807,KENTUCKY STATE,AVNA,0.060000,0.060000,0,0,0
KY,40808,KENTUCKY STATE,AVNA,0.060000,0.060000,0,0,0
KY,40810,KENTUCKY STATE,AVNA,0.060000,0.060000,0,0,0
KY,40813,KENTUCKY STATE,AVNA,0.060000,0.060000,0,0,0
KY,40815,KENTUCKY STATE,AVNA,0.060000,0.060000,0,0,0
KY,40816,KENTUCKY STATE,AVNA,0.060000,0.060000,0,0,0
KY,40818,KENTUCKY STATE,AVNA,0.060000,0.060000,0,0,0
KY,40819,KENTUCKY STATE,AVNA,0.060000,0.060000,0,0,0
KY,40820,KENTUCKY STATE,AVNA,0.060000,0.060000,0,0,0
KY,40823,KENTUCKY STATE,AVNA,0.060000,0.060000,0,0,0
KY,40824,KENTUCKY STATE,AVNA,0.060000,0.060000,0,0,0
KY,40826,KENTUCKY STATE,AVNA,0.060000,0.060000,0,0,0
KY,40827,KENTUCKY STATE,AVNA,0.060000,0.060000,0,0,0
KY,40828,KENTUCKY STATE,AVNA,0.060000,0.060000,0,0,0
KY,40829,KENTUCKY STATE,AVNA,0.060000,0.060000,0,0,0
KY,40830,KENTUCKY STATE,AVNA,0.060000,0.060000,0,0,0
KY,40831,KENTUCKY STATE,AVNA,0.060000,0.060000,0,0,0
KY,40840,KENTUCKY STATE,AVNA,0.060000,0.060000,0,0,0
KY,40843,KENTUCKY STATE,AVNA,0.060000,0.060000,0,0,0
KY,40844,KENTUCKY STATE,AVNA,0.060000,0.060000,0,0,0
KY,40845,KENTUCKY STATE,AVNA,0.060000,0.060000,0,0,0
KY,40847,KENTUCKY STATE,AVNA,0.060000,0.060000,0,0,0
KY,40849,KENTUCKY STATE,AVNA,0.060000,0.060000,0,0,0
KY,40854,KENTUCKY STATE,AVNA,0.060000,0.060000,0,0,0
KY,40855,KENTUCKY STATE,AVNA,0.060000,0.060000,0,0,0
KY,40856,KENTUCKY STATE,AVNA,0.060000,0.060000,0,0,0
KY,40858,KENTUCKY STATE,AVNA,0.060000,0.060000,0,0,0
KY,40862,KENTUCKY STATE,AVNA,0.060000,0.060000,0,0,0
KY,40863,KENTUCKY STATE,AVNA,0.060000,0.060000,0,0,0
KY,40865,KENTUCKY STATE,AVNA,0.060000,0.060000,0,0,0
KY,40868,KENTUCKY STATE,AVNA,0.060000,0.060000,0,0,0
KY,40870,KENTUCKY STATE,AVNA,0.060000,0.060000,0,0,0
KY,40873,KENTUCKY STATE,AVNA,0.060000,0.060000,0,0,0
KY,40874,KENTUCKY STATE,AVNA,0.060000,0.060000,0,0,0
KY,40902,KENTUCKY STATE,AVNA,0.060000,0.060000,0,0,0
KY,40903,KENTUCKY STATE,AVNA,0.060000,0.060000,0,0,0
KY,40906,KENTUCKY STATE,AVNA,0.060000,0.060000,0,0,0
KY,40913,KENTUCKY STATE,AVNA,0.060000,0.060000,0,0,0
KY,40914,KENTUCKY STATE,AVNA,0.060000,0.060000,0,0,0
KY,40915,KENTUCKY STATE,AVNA,0.060000,0.060000,0,0,0
KY,40921,KENTUCKY STATE,AVNA,0.060000,0.060000,0,0,0
KY,40923,KENTUCKY STATE,AVNA,0.060000,0.060000,0,0,0
KY,40927,KENTUCKY STATE,AVNA,0.060000,0.060000,0,0,0
KY,40930,KENTUCKY STATE,AVNA,0.060000,0.060000,0,0,0
KY,40932,KENTUCKY STATE,AVNA,0.060000,0.060000,0,0,0
KY,40935,KENTUCKY STATE,AVNA,0.060000,0.060000,0,0,0
KY,40939,KENTUCKY STATE,AVNA,0.060000,0.060000,0,0,0
KY,40940,KENTUCKY STATE,AVNA,0.060000,0.060000,0,0,0
KY,40941,KENTUCKY STATE,AVNA,0.060000,0.060000,0,0,0
KY,40943,KENTUCKY STATE,AVNA,0.060000,0.060000,0,0,0
KY,40944,KENTUCKY STATE,AVNA,0.060000,0.060000,0,0,0
KY,40946,KENTUCKY STATE,AVNA,0.060000,0.060000,0,0,0
KY,40949,KENTUCKY STATE,AVNA,0.060000,0.060000,0,0,0
KY,40951,KENTUCKY STATE,AVNA,0.060000,0.060000,0,0,0
KY,40953,KENTUCKY STATE,AVNA,0.060000,0.060000,0,0,0
KY,40955,KENTUCKY STATE,AVNA,0.060000,0.060000,0,0,0
KY,40958,KENTUCKY STATE,AVNA,0.060000,0.060000,0,0,0
KY,40962,KENTUCKY STATE,AVNA,0.060000,0.060000,0,0,0
KY,40964,KENTUCKY STATE,AVNA,0.060000,0.060000,0,0,0
KY,40965,KENTUCKY STATE,AVNA,0.060000,0.060000,0,0,0
KY,40972,KENTUCKY STATE,AVNA,0.060000,0.060000,0,0,0
KY,40977,KENTUCKY STATE,AVNA,0.060000,0.060000,0,0,0
KY,40979,KENTUCKY STATE,AVNA,0.060000,0.060000,0,0,0
KY,40982,KENTUCKY STATE,AVNA,0.060000,0.060000,0,0,0
KY,40983,KENTUCKY STATE,AVNA,0.060000,0.060000,0,0,0
KY,40988,KENTUCKY STATE,AVNA,0.060000,0.060000,0,0,0
KY,40995,KENTUCKY STATE,AVNA,0.060000,0.060000,0,0,0
KY,40997,KENTUCKY STATE,AVNA,0.060000,0.060000,0,0,0
KY,41001,KENTUCKY STATE,AVNA,0.060000,0.060000,0,0,0
KY,41002,KENTUCKY STATE,AVNA,0.060000,0.060000,0,0,0
KY,41003,KENTUCKY STATE,AVNA,0.060000,0.060000,0,0,0
KY,41004,KENTUCKY STATE,AVNA,0.060000,0.060000,0,0,0
KY,41005,KENTUCKY STATE,AVNA,0.060000,0.060000,0,0,0
KY,41006,KENTUCKY STATE,AVNA,0.060000,0.060000,0,0,0
KY,41007,KENTUCKY STATE,AVNA,0.060000,0.060000,0,0,0
KY,41008,KENTUCKY STATE,AVNA,0.060000,0.060000,0,0,0
KY,41010,KENTUCKY STATE,AVNA,0.060000,0.060000,0,0,0
KY,41011,KENTUCKY STATE,AVNA,0.060000,0.060000,0,0,0
KY,41012,KENTUCKY STATE,AVNA,0.060000,0.060000,0,0,0
KY,41014,KENTUCKY STATE,AVNA,0.060000,0.060000,0,0,0
KY,41015,KENTUCKY STATE,AVNA,0.060000,0.060000,0,0,0
KY,41016,KENTUCKY STATE,AVNA,0.060000,0.060000,0,0,0
KY,41017,KENTUCKY STATE,AVNA,0.060000,0.060000,0,0,0
KY,41018,KENTUCKY STATE,AVNA,0.060000,0.060000,0,0,0
KY,41019,KENTUCKY STATE,AVNA,0.060000,0.060000,0,0,0
KY,41021,KENTUCKY STATE,AVNA,0.060000,0.060000,0,0,0
KY,41022,KENTUCKY STATE,AVNA,0.060000,0.060000,0,0,0
KY,41025,KENTUCKY STATE,AVNA,0.060000,0.060000,0,0,0
KY,41030,KENTUCKY STATE,AVNA,0.060000,0.060000,0,0,0
KY,41031,KENTUCKY STATE,AVNA,0.060000,0.060000,0,0,0
KY,41033,KENTUCKY STATE,AVNA,0.060000,0.060000,0,0,0
KY,41034,KENTUCKY STATE,AVNA,0.060000,0.060000,0,0,0
KY,41035,KENTUCKY STATE,AVNA,0.060000,0.060000,0,0,0
KY,41037,KENTUCKY STATE,AVNA,0.060000,0.060000,0,0,0
KY,41039,KENTUCKY STATE,AVNA,0.060000,0.060000,0,0,0
KY,41040,KENTUCKY STATE,AVNA,0.060000,0.060000,0,0,0
KY,41041,KENTUCKY STATE,AVNA,0.060000,0.060000,0,0,0
KY,41042,KENTUCKY STATE,AVNA,0.060000,0.060000,0,0,0
KY,41043,KENTUCKY STATE,AVNA,0.060000,0.060000,0,0,0
KY,41044,KENTUCKY STATE,AVNA,0.060000,0.060000,0,0,0
KY,41045,KENTUCKY STATE,AVNA,0.060000,0.060000,0,0,0
KY,41046,KENTUCKY STATE,AVNA,0.060000,0.060000,0,0,0
KY,41048,KENTUCKY STATE,AVNA,0.060000,0.060000,0,0,0
KY,41049,KENTUCKY STATE,AVNA,0.060000,0.060000,0,0,0
KY,41051,KENTUCKY STATE,AVNA,0.060000,0.060000,0,0,0
KY,41052,KENTUCKY STATE,AVNA,0.060000,0.060000,0,0,0
KY,41053,KENTUCKY STATE,AVNA,0.060000,0.060000,0,0,0
KY,41055,KENTUCKY STATE,AVNA,0.060000,0.060000,0,0,0
KY,41056,KENTUCKY STATE,AVNA,0.060000,0.060000,0,0,0
KY,41059,KENTUCKY STATE,AVNA,0.060000,0.060000,0,0,0
KY,41061,KENTUCKY STATE,AVNA,0.060000,0.060000,0,0,0
KY,41062,KENTUCKY STATE,AVNA,0.060000,0.060000,0,0,0
KY,41063,KENTUCKY STATE,AVNA,0.060000,0.060000,0,0,0
KY,41064,KENTUCKY STATE,AVNA,0.060000,0.060000,0,0,0
KY,41065,KENTUCKY STATE,AVNA,0.060000,0.060000,0,0,0
KY,41071,KENTUCKY STATE,AVNA,0.060000,0.060000,0,0,0
KY,41072,KENTUCKY STATE,AVNA,0.060000,0.060000,0,0,0
KY,41073,KENTUCKY STATE,AVNA,0.060000,0.060000,0,0,0
KY,41074,KENTUCKY STATE,AVNA,0.060000,0.060000,0,0,0
KY,41075,KENTUCKY STATE,AVNA,0.060000,0.060000,0,0,0
KY,41076,KENTUCKY STATE,AVNA,0.060000,0.060000,0,0,0
KY,41080,KENTUCKY STATE,AVNA,0.060000,0.060000,0,0,0
KY,41081,KENTUCKY STATE,AVNA,0.060000,0.060000,0,0,0
KY,41083,KENTUCKY STATE,AVNA,0.060000,0.060000,0,0,0
KY,41085,KENTUCKY STATE,AVNA,0.060000,0.060000,0,0,0
KY,41086,KENTUCKY STATE,AVNA,0.060000,0.060000,0,0,0
KY,41091,KENTUCKY STATE,AVNA,0.060000,0.060000,0,0,0
KY,41092,KENTUCKY STATE,AVNA,0.060000,0.060000,0,0,0
KY,41093,KENTUCKY STATE,AVNA,0.060000,0.060000,0,0,0
KY,41094,KENTUCKY STATE,AVNA,0.060000,0.060000,0,0,0
KY,41095,KENTUCKY STATE,AVNA,0.060000,0.060000,0,0,0
KY,41096,KENTUCKY STATE,AVNA,0.060000,0.060000,0,0,0
KY,41097,KENTUCKY STATE,AVNA,0.060000,0.060000,0,0,0
KY,41098,KENTUCKY STATE,AVNA,0.060000,0.060000,0,0,0
KY,41099,KENTUCKY STATE,AVNA,0.060000,0.060000,0,0,0
KY,41101,KENTUCKY STATE,AVNA,0.060000,0.060000,0,0,0
KY,41102,KENTUCKY STATE,AVNA,0.060000,0.060000,0,0,0
KY,41105,KENTUCKY STATE,AVNA,0.060000,0.060000,0,0,0
KY,41114,KENTUCKY STATE,AVNA,0.060000,0.060000,0,0,0
KY,41121,KENTUCKY STATE,AVNA,0.060000,0.060000,0,0,0
KY,41124,KENTUCKY STATE,AVNA,0.060000,0.060000,0,0,0
KY,41128,KENTUCKY STATE,AVNA,0.060000,0.060000,0,0,0
KY,41129,KENTUCKY STATE,AVNA,0.060000,0.060000,0,0,0
KY,41132,KENTUCKY STATE,AVNA,0.060000,0.060000,0,0,0
KY,41135,KENTUCKY STATE,AVNA,0.060000,0.060000,0,0,0
KY,41139,KENTUCKY STATE,AVNA,0.060000,0.060000,0,0,0
KY,41141,KENTUCKY STATE,AVNA,0.060000,0.060000,0,0,0
KY,41142,KENTUCKY STATE,AVNA,0.060000,0.060000,0,0,0
KY,41143,KENTUCKY STATE,AVNA,0.060000,0.060000,0,0,0
KY,41144,KENTUCKY STATE,AVNA,0.060000,0.060000,0,0,0
KY,41146,KENTUCKY STATE,AVNA,0.060000,0.060000,0,0,0
KY,41149,KENTUCKY STATE,AVNA,0.060000,0.060000,0,0,0
KY,41159,KENTUCKY STATE,AVNA,0.060000,0.060000,0,0,0
KY,41160,KENTUCKY STATE,AVNA,0.060000,0.060000,0,0,0
KY,41164,KENTUCKY STATE,AVNA,0.060000,0.060000,0,0,0
KY,41166,KENTUCKY STATE,AVNA,0.060000,0.060000,0,0,0
KY,41168,KENTUCKY STATE,AVNA,0.060000,0.060000,0,0,0
KY,41169,KENTUCKY STATE,AVNA,0.060000,0.060000,0,0,0
KY,41171,KENTUCKY STATE,AVNA,0.060000,0.060000,0,0,0
KY,41173,KENTUCKY STATE,AVNA,0.060000,0.060000,0,0,0
KY,41174,KENTUCKY STATE,AVNA,0.060000,0.060000,0,0,0
KY,41175,KENTUCKY STATE,AVNA,0.060000,0.060000,0,0,0
KY,41179,KENTUCKY STATE,AVNA,0.060000,0.060000,0,0,0
KY,41180,KENTUCKY STATE,AVNA,0.060000,0.060000,0,0,0
KY,41181,KENTUCKY STATE,AVNA,0.060000,0.060000,0,0,0
KY,41183,KENTUCKY STATE,AVNA,0.060000,0.060000,0,0,0
KY,41189,KENTUCKY STATE,AVNA,0.060000,0.060000,0,0,0
KY,41201,KENTUCKY STATE,AVNA,0.060000,0.060000,0,0,0
KY,41203,KENTUCKY STATE,AVNA,0.060000,0.060000,0,0,0
KY,41204,KENTUCKY STATE,AVNA,0.060000,0.060000,0,0,0
KY,41214,KENTUCKY STATE,AVNA,0.060000,0.060000,0,0,0
KY,41216,KENTUCKY STATE,AVNA,0.060000,0.060000,0,0,0
KY,41219,KENTUCKY STATE,AVNA,0.060000,0.060000,0,0,0
KY,41222,KENTUCKY STATE,AVNA,0.060000,0.060000,0,0,0
KY,41224,KENTUCKY STATE,AVNA,0.060000,0.060000,0,0,0
KY,41226,KENTUCKY STATE,AVNA,0.060000,0.060000,0,0,0
KY,41230,KENTUCKY STATE,AVNA,0.060000,0.060000,0,0,0
KY,41231,KENTUCKY STATE,AVNA,0.060000,0.060000,0,0,0
KY,41232,KENTUCKY STATE,AVNA,0.060000,0.060000,0,0,0
KY,41234,KENTUCKY STATE,AVNA,0.060000,0.060000,0,0,0
KY,41238,KENTUCKY STATE,AVNA,0.060000,0.060000,0,0,0
KY,41240,KENTUCKY STATE,AVNA,0.060000,0.060000,0,0,0
KY,41250,KENTUCKY STATE,AVNA,0.060000,0.060000,0,0,0
KY,41254,KENTUCKY STATE,AVNA,0.060000,0.060000,0,0,0
KY,41255,KENTUCKY STATE,AVNA,0.060000,0.060000,0,0,0
KY,41256,KENTUCKY STATE,AVNA,0.060000,0.060000,0,0,0
KY,41257,KENTUCKY STATE,AVNA,0.060000,0.060000,0,0,0
KY,41260,KENTUCKY STATE,AVNA,0.060000,0.060000,0,0,0
KY,41262,KENTUCKY STATE,AVNA,0.060000,0.060000,0,0,0
KY,41263,KENTUCKY STATE,AVNA,0.060000,0.060000,0,0,0
KY,41264,KENTUCKY STATE,AVNA,0.060000,0.060000,0,0,0
KY,41265,KENTUCKY STATE,AVNA,0.060000,0.060000,0,0,0
KY,41267,KENTUCKY STATE,AVNA,0.060000,0.060000,0,0,0
KY,41268,KENTUCKY STATE,AVNA,0.060000,0.060000,0,0,0
KY,41271,KENTUCKY STATE,AVNA,0.060000,0.060000,0,0,0
KY,41274,KENTUCKY STATE,AVNA,0.060000,0.060000,0,0,0
KY,41301,KENTUCKY STATE,AVNA,0.060000,0.060000,0,0,0
KY,41307,KENTUCKY STATE,AVNA,0.060000,0.060000,0,0,0
KY,41310,KENTUCKY STATE,AVNA,0.060000,0.060000,0,0,0
KY,41311,KENTUCKY STATE,AVNA,0.060000,0.060000,0,0,0
KY,41314,KENTUCKY STATE,AVNA,0.060000,0.060000,0,0,0
KY,41317,KENTUCKY STATE,AVNA,0.060000,0.060000,0,0,0
KY,41332,KENTUCKY STATE,AVNA,0.060000,0.060000,0,0,0
KY,41333,KENTUCKY STATE,AVNA,0.060000,0.060000,0,0,0
KY,41339,KENTUCKY STATE,AVNA,0.060000,0.060000,0,0,0
KY,41347,KENTUCKY STATE,AVNA,0.060000,0.060000,0,0,0
KY,41348,KENTUCKY STATE,AVNA,0.060000,0.060000,0,0,0
KY,41351,KENTUCKY STATE,AVNA,0.060000,0.060000,0,0,0
KY,41352,KENTUCKY STATE,AVNA,0.060000,0.060000,0,0,0
KY,41360,KENTUCKY STATE,AVNA,0.060000,0.060000,0,0,0
KY,41364,KENTUCKY STATE,AVNA,0.060000,0.060000,0,0,0
KY,41365,KENTUCKY STATE,AVNA,0.060000,0.060000,0,0,0
KY,41366,KENTUCKY STATE,AVNA,0.060000,0.060000,0,0,0
KY,41367,KENTUCKY STATE,AVNA,0.060000,0.060000,0,0,0
KY,41385,KENTUCKY STATE,AVNA,0.060000,0.060000,0,0,0
KY,41386,KENTUCKY STATE,AVNA,0.060000,0.060000,0,0,0
KY,41390,KENTUCKY STATE,AVNA,0.060000,0.060000,0,0,0
KY,41397,KENTUCKY STATE,AVNA,0.060000,0.060000,0,0,0
KY,41408,KENTUCKY STATE,AVNA,0.060000,0.060000,0,0,0
KY,41413,KENTUCKY STATE,AVNA,0.060000,0.060000,0,0,0
KY,41421,KENTUCKY STATE,AVNA,0.060000,0.060000,0,0,0
KY,41425,KENTUCKY STATE,AVNA,0.060000,0.060000,0,0,0
KY,41426,KENTUCKY STATE,AVNA,0.060000,0.060000,0,0,0
KY,41451,KENTUCKY STATE,AVNA,0.060000,0.060000,0,0,0
KY,41459,KENTUCKY STATE,AVNA,0.060000,0.060000,0,0,0
KY,41464,KENTUCKY STATE,AVNA,0.060000,0.060000,0,0,0
KY,41465,KENTUCKY STATE,AVNA,0.060000,0.060000,0,0,0
KY,41472,KENTUCKY STATE,AVNA,0.060000,0.060000,0,0,0
KY,41501,KENTUCKY STATE,AVNA,0.060000,0.060000,0,0,0
KY,41502,KENTUCKY STATE,AVNA,0.060000,0.060000,0,0,0
KY,41503,KENTUCKY STATE,AVNA,0.060000,0.060000,0,0,0
KY,41512,KENTUCKY STATE,AVNA,0.060000,0.060000,0,0,0
KY,41513,KENTUCKY STATE,AVNA,0.060000,0.060000,0,0,0
KY,41514,KENTUCKY STATE,AVNA,0.060000,0.060000,0,0,0
KY,41517,KENTUCKY STATE,AVNA,0.060000,0.060000,0,0,0
KY,41519,KENTUCKY STATE,AVNA,0.060000,0.060000,0,0,0
KY,41520,KENTUCKY STATE,AVNA,0.060000,0.060000,0,0,0
KY,41522,KENTUCKY STATE,AVNA,0.060000,0.060000,0,0,0
KY,41524,KENTUCKY STATE,AVNA,0.060000,0.060000,0,0,0
KY,41526,KENTUCKY STATE,AVNA,0.060000,0.060000,0,0,0
KY,41527,KENTUCKY STATE,AVNA,0.060000,0.060000,0,0,0
KY,41528,KENTUCKY STATE,AVNA,0.060000,0.060000,0,0,0
KY,41531,KENTUCKY STATE,AVNA,0.060000,0.060000,0,0,0
KY,41534,KENTUCKY STATE,AVNA,0.060000,0.060000,0,0,0
KY,41535,KENTUCKY STATE,AVNA,0.060000,0.060000,0,0,0
KY,41537,KENTUCKY STATE,AVNA,0.060000,0.060000,0,0,0
KY,41538,KENTUCKY STATE,AVNA,0.060000,0.060000,0,0,0
KY,41539,KENTUCKY STATE,AVNA,0.060000,0.060000,0,0,0
KY,41540,KENTUCKY STATE,AVNA,0.060000,0.060000,0,0,0
KY,41542,KENTUCKY STATE,AVNA,0.060000,0.060000,0,0,0
KY,41543,KENTUCKY STATE,AVNA,0.060000,0.060000,0,0,0
KY,41544,KENTUCKY STATE,AVNA,0.060000,0.060000,0,0,0
KY,41547,KENTUCKY STATE,AVNA,0.060000,0.060000,0,0,0
KY,41548,KENTUCKY STATE,AVNA,0.060000,0.060000,0,0,0
KY,41553,KENTUCKY STATE,AVNA,0.060000,0.060000,0,0,0
KY,41554,KENTUCKY STATE,AVNA,0.060000,0.060000,0,0,0
KY,41555,KENTUCKY STATE,AVNA,0.060000,0.060000,0,0,0
KY,41557,KENTUCKY STATE,AVNA,0.060000,0.060000,0,0,0
KY,41558,KENTUCKY STATE,AVNA,0.060000,0.060000,0,0,0
KY,41559,KENTUCKY STATE,AVNA,0.060000,0.060000,0,0,0
KY,41560,KENTUCKY STATE,AVNA,0.060000,0.060000,0,0,0
KY,41561,KENTUCKY STATE,AVNA,0.060000,0.060000,0,0,0
KY,41562,KENTUCKY STATE,AVNA,0.060000,0.060000,0,0,0
KY,41563,KENTUCKY STATE,AVNA,0.060000,0.060000,0,0,0
KY,41564,KENTUCKY STATE,AVNA,0.060000,0.060000,0,0,0
KY,41566,KENTUCKY STATE,AVNA,0.060000,0.060000,0,0,0
KY,41567,KENTUCKY STATE,AVNA,0.060000,0.060000,0,0,0
KY,41568,KENTUCKY STATE,AVNA,0.060000,0.060000,0,0,0
KY,41571,KENTUCKY STATE,AVNA,0.060000,0.060000,0,0,0
KY,41572,KENTUCKY STATE,AVNA,0.060000,0.060000,0,0,0
KY,41601,KENTUCKY STATE,AVNA,0.060000,0.060000,0,0,0
KY,41602,KENTUCKY STATE,AVNA,0.060000,0.060000,0,0,0
KY,41603,KENTUCKY STATE,AVNA,0.060000,0.060000,0,0,0
KY,41604,KENTUCKY STATE,AVNA,0.060000,0.060000,0,0,0
KY,41605,KENTUCKY STATE,AVNA,0.060000,0.060000,0,0,0
KY,41606,KENTUCKY STATE,AVNA,0.060000,0.060000,0,0,0
KY,41607,KENTUCKY STATE,AVNA,0.060000,0.060000,0,0,0
KY,41612,KENTUCKY STATE,AVNA,0.060000,0.060000,0,0,0
KY,41615,KENTUCKY STATE,AVNA,0.060000,0.060000,0,0,0
KY,41616,KENTUCKY STATE,AVNA,0.060000,0.060000,0,0,0
KY,41619,KENTUCKY STATE,AVNA,0.060000,0.060000,0,0,0
KY,41621,KENTUCKY STATE,AVNA,0.060000,0.060000,0,0,0
KY,41622,KENTUCKY STATE,AVNA,0.060000,0.060000,0,0,0
KY,41630,KENTUCKY STATE,AVNA,0.060000,0.060000,0,0,0
KY,41631,KENTUCKY STATE,AVNA,0.060000,0.060000,0,0,0
KY,41635,KENTUCKY STATE,AVNA,0.060000,0.060000,0,0,0
KY,41636,KENTUCKY STATE,AVNA,0.060000,0.060000,0,0,0
KY,41640,KENTUCKY STATE,AVNA,0.060000,0.060000,0,0,0
KY,41642,KENTUCKY STATE,AVNA,0.060000,0.060000,0,0,0
KY,41643,KENTUCKY STATE,AVNA,0.060000,0.060000,0,0,0
KY,41645,KENTUCKY STATE,AVNA,0.060000,0.060000,0,0,0
KY,41647,KENTUCKY STATE,AVNA,0.060000,0.060000,0,0,0
KY,41649,KENTUCKY STATE,AVNA,0.060000,0.060000,0,0,0
KY,41650,KENTUCKY STATE,AVNA,0.060000,0.060000,0,0,0
KY,41651,KENTUCKY STATE,AVNA,0.060000,0.060000,0,0,0
KY,41653,KENTUCKY STATE,AVNA,0.060000,0.060000,0,0,0
KY,41655,KENTUCKY STATE,AVNA,0.060000,0.060000,0,0,0
KY,41659,KENTUCKY STATE,AVNA,0.060000,0.060000,0,0,0
KY,41660,KENTUCKY STATE,AVNA,0.060000,0.060000,0,0,0
KY,41663,KENTUCKY STATE,AVNA,0.060000,0.060000,0,0,0
KY,41666,KENTUCKY STATE,AVNA,0.060000,0.060000,0,0,0
KY,41667,KENTUCKY STATE,AVNA,0.060000,0.060000,0,0,0
KY,41669,KENTUCKY STATE,AVNA,0.060000,0.060000,0,0,0
KY,41701,KENTUCKY STATE,AVNA,0.060000,0.060000,0,0,0
KY,41702,KENTUCKY STATE,AVNA,0.060000,0.060000,0,0,0
KY,41712,KENTUCKY STATE,AVNA,0.060000,0.060000,0,0,0
KY,41714,KENTUCKY STATE,AVNA,0.060000,0.060000,0,0,0
KY,41719,KENTUCKY STATE,AVNA,0.060000,0.060000,0,0,0
KY,41721,KENTUCKY STATE,AVNA,0.060000,0.060000,0,0,0
KY,41722,KENTUCKY STATE,AVNA,0.060000,0.060000,0,0,0
KY,41723,KENTUCKY STATE,AVNA,0.060000,0.060000,0,0,0
KY,41725,KENTUCKY STATE,AVNA,0.060000,0.060000,0,0,0
KY,41727,KENTUCKY STATE,AVNA,0.060000,0.060000,0,0,0
KY,41729,KENTUCKY STATE,AVNA,0.060000,0.060000,0,0,0
KY,41731,KENTUCKY STATE,AVNA,0.060000,0.060000,0,0,0
KY,41735,KENTUCKY STATE,AVNA,0.060000,0.060000,0,0,0
KY,41736,KENTUCKY STATE,AVNA,0.060000,0.060000,0,0,0
KY,41739,KENTUCKY STATE,AVNA,0.060000,0.060000,0,0,0
KY,41740,KENTUCKY STATE,AVNA,0.060000,0.060000,0,0,0
KY,41743,KENTUCKY STATE,AVNA,0.060000,0.060000,0,0,0
KY,41745,KENTUCKY STATE,AVNA,0.060000,0.060000,0,0,0
KY,41746,KENTUCKY STATE,AVNA,0.060000,0.060000,0,0,0
KY,41749,KENTUCKY STATE,AVNA,0.060000,0.060000,0,0,0
KY,41751,KENTUCKY STATE,AVNA,0.060000,0.060000,0,0,0
KY,41754,KENTUCKY STATE,AVNA,0.060000,0.060000,0,0,0
KY,41759,KENTUCKY STATE,AVNA,0.060000,0.060000,0,0,0
KY,41760,KENTUCKY STATE,AVNA,0.060000,0.060000,0,0,0
KY,41762,KENTUCKY STATE,AVNA,0.060000,0.060000,0,0,0
KY,41763,KENTUCKY STATE,AVNA,0.060000,0.060000,0,0,0
KY,41764,KENTUCKY STATE,AVNA,0.060000,0.060000,0,0,0
KY,41766,KENTUCKY STATE,AVNA,0.060000,0.060000,0,0,0
KY,41772,KENTUCKY STATE,AVNA,0.060000,0.060000,0,0,0
KY,41773,KENTUCKY STATE,AVNA,0.060000,0.060000,0,0,0
KY,41774,KENTUCKY STATE,AVNA,0.060000,0.060000,0,0,0
KY,41775,KENTUCKY STATE,AVNA,0.060000,0.060000,0,0,0
KY,41776,KENTUCKY STATE,AVNA,0.060000,0.060000,0,0,0
KY,41777,KENTUCKY STATE,AVNA,0.060000,0.060000,0,0,0
KY,41778,KENTUCKY STATE,AVNA,0.060000,0.060000,0,0,0
KY,41804,KENTUCKY STATE,AVNA,0.060000,0.060000,0,0,0
KY,41810,KENTUCKY STATE,AVNA,0.060000,0.060000,0,0,0
KY,41812,KENTUCKY STATE,AVNA,0.060000,0.060000,0,0,0
KY,41815,KENTUCKY STATE,AVNA,0.060000,0.060000,0,0,0
KY,41817,KENTUCKY STATE,AVNA,0.060000,0.060000,0,0,0
KY,41819,KENTUCKY STATE,AVNA,0.060000,0.060000,0,0,0
KY,41821,KENTUCKY STATE,AVNA,0.060000,0.060000,0,0,0
KY,41822,KENTUCKY STATE,AVNA,0.060000,0.060000,0,0,0
KY,41824,KENTUCKY STATE,AVNA,0.060000,0.060000,0,0,0
KY,41825,KENTUCKY STATE,AVNA,0.060000,0.060000,0,0,0
KY,41826,KENTUCKY STATE,AVNA,0.060000,0.060000,0,0,0
KY,41828,KENTUCKY STATE,AVNA,0.060000,0.060000,0,0,0
KY,41831,KENTUCKY STATE,AVNA,0.060000,0.060000,0,0,0
KY,41832,KENTUCKY STATE,AVNA,0.060000,0.060000,0,0,0
KY,41833,KENTUCKY STATE,AVNA,0.060000,0.060000,0,0,0
KY,41834,KENTUCKY STATE,AVNA,0.060000,0.060000,0,0,0
KY,41835,KENTUCKY STATE,AVNA,0.060000,0.060000,0,0,0
KY,41836,KENTUCKY STATE,AVNA,0.060000,0.060000,0,0,0
KY,41837,KENTUCKY STATE,AVNA,0.060000,0.060000,0,0,0
KY,41838,KENTUCKY STATE,AVNA,0.060000,0.060000,0,0,0
KY,41839,KENTUCKY STATE,AVNA,0.060000,0.060000,0,0,0
KY,41840,KENTUCKY STATE,AVNA,0.060000,0.060000,0,0,0
KY,41843,KENTUCKY STATE,AVNA,0.060000,0.060000,0,0,0
KY,41844,KENTUCKY STATE,AVNA,0.060000,0.060000,0,0,0
KY,41845,KENTUCKY STATE,AVNA,0.060000,0.060000,0,0,0
KY,41847,KENTUCKY STATE,AVNA,0.060000,0.060000,0,0,0
KY,41848,KENTUCKY STATE,AVNA,0.060000,0.060000,0,0,0
KY,41849,KENTUCKY STATE,AVNA,0.060000,0.060000,0,0,0
KY,41855,KENTUCKY STATE,AVNA,0.060000,0.060000,0,0,0
KY,41858,KENTUCKY STATE,AVNA,0.060000,0.060000,0,0,0
KY,41859,KENTUCKY STATE,AVNA,0.060000,0.060000,0,0,0
KY,41861,KENTUCKY STATE,AVNA,0.060000,0.060000,0,0,0
KY,41862,KENTUCKY STATE,AVNA,0.060000,0.060000,0,0,0
KY,42001,KENTUCKY STATE,AVNA,0.060000,0.060000,0,0,0
KY,42002,KENTUCKY STATE,AVNA,0.060000,0.060000,0,0,0
KY,42003,KENTUCKY STATE,AVNA,0.060000,0.060000,0,0,0
KY,42020,KENTUCKY STATE,AVNA,0.060000,0.060000,0,0,0
KY,42021,KENTUCKY STATE,AVNA,0.060000,0.060000,0,0,0
KY,42022,KENTUCKY STATE,AVNA,0.060000,0.060000,0,0,0
KY,42023,KENTUCKY STATE,AVNA,0.060000,0.060000,0,0,0
KY,42024,KENTUCKY STATE,AVNA,0.060000,0.060000,0,0,0
KY,42025,KENTUCKY STATE,AVNA,0.060000,0.060000,0,0,0
KY,42027,KENTUCKY STATE,AVNA,0.060000,0.060000,0,0,0
KY,42028,KENTUCKY STATE,AVNA,0.060000,0.060000,0,0,0
KY,42029,KENTUCKY STATE,AVNA,0.060000,0.060000,0,0,0
KY,42031,KENTUCKY STATE,AVNA,0.060000,0.060000,0,0,0
KY,42032,KENTUCKY STATE,AVNA,0.060000,0.060000,0,0,0
KY,42033,KENTUCKY STATE,AVNA,0.060000,0.060000,0,0,0
KY,42035,KENTUCKY STATE,AVNA,0.060000,0.060000,0,0,0
KY,42036,KENTUCKY STATE,AVNA,0.060000,0.060000,0,0,0
KY,42037,KENTUCKY STATE,AVNA,0.060000,0.060000,0,0,0
KY,42038,KENTUCKY STATE,AVNA,0.060000,0.060000,0,0,0
KY,42039,KENTUCKY STATE,AVNA,0.060000,0.060000,0,0,0
KY,42040,KENTUCKY STATE,AVNA,0.060000,0.060000,0,0,0
KY,42041,KENTUCKY STATE,AVNA,0.060000,0.060000,0,0,0
KY,42044,KENTUCKY STATE,AVNA,0.060000,0.060000,0,0,0
KY,42045,KENTUCKY STATE,AVNA,0.060000,0.060000,0,0,0
KY,42047,KENTUCKY STATE,AVNA,0.060000,0.060000,0,0,0
KY,42048,KENTUCKY STATE,AVNA,0.060000,0.060000,0,0,0
KY,42049,KENTUCKY STATE,AVNA,0.060000,0.060000,0,0,0
KY,42050,KENTUCKY STATE,AVNA,0.060000,0.060000,0,0,0
KY,42051,KENTUCKY STATE,AVNA,0.060000,0.060000,0,0,0
KY,42053,KENTUCKY STATE,AVNA,0.060000,0.060000,0,0,0
KY,42054,KENTUCKY STATE,AVNA,0.060000,0.060000,0,0,0
KY,42055,KENTUCKY STATE,AVNA,0.060000,0.060000,0,0,0
KY,42056,KENTUCKY STATE,AVNA,0.060000,0.060000,0,0,0
KY,42058,KENTUCKY STATE,AVNA,0.060000,0.060000,0,0,0
KY,42060,KENTUCKY STATE,AVNA,0.060000,0.060000,0,0,0
KY,42061,KENTUCKY STATE,AVNA,0.060000,0.060000,0,0,0
KY,42063,KENTUCKY STATE,AVNA,0.060000,0.060000,0,0,0
KY,42064,KENTUCKY STATE,AVNA,0.060000,0.060000,0,0,0
KY,42066,KENTUCKY STATE,AVNA,0.060000,0.060000,0,0,0
KY,42069,KENTUCKY STATE,AVNA,0.060000,0.060000,0,0,0
KY,42070,KENTUCKY STATE,AVNA,0.060000,0.060000,0,0,0
KY,42071,KENTUCKY STATE,AVNA,0.060000,0.060000,0,0,0
KY,42076,KENTUCKY STATE,AVNA,0.060000,0.060000,0,0,0
KY,42078,KENTUCKY STATE,AVNA,0.060000,0.060000,0,0,0
KY,42079,KENTUCKY STATE,AVNA,0.060000,0.060000,0,0,0
KY,42081,KENTUCKY STATE,AVNA,0.060000,0.060000,0,0,0
KY,42082,KENTUCKY STATE,AVNA,0.060000,0.060000,0,0,0
KY,42083,KENTUCKY STATE,AVNA,0.060000,0.060000,0,0,0
KY,42084,KENTUCKY STATE,AVNA,0.060000,0.060000,0,0,0
KY,42085,KENTUCKY STATE,AVNA,0.060000,0.060000,0,0,0
KY,42086,KENTUCKY STATE,AVNA,0.060000,0.060000,0,0,0
KY,42087,KENTUCKY STATE,AVNA,0.060000,0.060000,0,0,0
KY,42088,KENTUCKY STATE,AVNA,0.060000,0.060000,0,0,0
KY,42101,KENTUCKY STATE,AVNA,0.060000,0.060000,0,0,0
KY,42102,KENTUCKY STATE,AVNA,0.060000,0.060000,0,0,0
KY,42103,KENTUCKY STATE,AVNA,0.060000,0.060000,0,0,0
KY,42104,KENTUCKY STATE,AVNA,0.060000,0.060000,0,0,0
KY,42120,KENTUCKY STATE,AVNA,0.060000,0.060000,0,0,0
KY,42122,KENTUCKY STATE,AVNA,0.060000,0.060000,0,0,0
KY,42123,KENTUCKY STATE,AVNA,0.060000,0.060000,0,0,0
KY,42124,KENTUCKY STATE,AVNA,0.060000,0.060000,0,0,0
KY,42127,KENTUCKY STATE,AVNA,0.060000,0.060000,0,0,0
KY,42128,KENTUCKY STATE,AVNA,0.060000,0.060000,0,0,0
KY,42129,KENTUCKY STATE,AVNA,0.060000,0.060000,0,0,0
KY,42130,KENTUCKY STATE,AVNA,0.060000,0.060000,0,0,0
KY,42131,KENTUCKY STATE,AVNA,0.060000,0.060000,0,0,0
KY,42133,KENTUCKY STATE,AVNA,0.060000,0.060000,0,0,0
KY,42134,KENTUCKY STATE,AVNA,0.060000,0.060000,0,0,0
KY,42135,KENTUCKY STATE,AVNA,0.060000,0.060000,0,0,0
KY,42140,KENTUCKY STATE,AVNA,0.060000,0.060000,0,0,0
KY,42141,KENTUCKY STATE,AVNA,0.060000,0.060000,0,0,0
KY,42142,KENTUCKY STATE,AVNA,0.060000,0.060000,0,0,0
KY,42151,KENTUCKY STATE,AVNA,0.060000,0.060000,0,0,0
KY,42152,KENTUCKY STATE,AVNA,0.060000,0.060000,0,0,0
KY,42153,KENTUCKY STATE,AVNA,0.060000,0.060000,0,0,0
KY,42154,KENTUCKY STATE,AVNA,0.060000,0.060000,0,0,0
KY,42156,KENTUCKY STATE,AVNA,0.060000,0.060000,0,0,0
KY,42157,KENTUCKY STATE,AVNA,0.060000,0.060000,0,0,0
KY,42159,KENTUCKY STATE,AVNA,0.060000,0.060000,0,0,0
KY,42160,KENTUCKY STATE,AVNA,0.060000,0.060000,0,0,0
KY,42163,KENTUCKY STATE,AVNA,0.060000,0.060000,0,0,0
KY,42164,KENTUCKY STATE,AVNA,0.060000,0.060000,0,0,0
KY,42166,KENTUCKY STATE,AVNA,0.060000,0.060000,0,0,0
KY,42167,KENTUCKY STATE,AVNA,0.060000,0.060000,0,0,0
KY,42170,KENTUCKY STATE,AVNA,0.060000,0.060000,0,0,0
KY,42171,KENTUCKY STATE,AVNA,0.060000,0.060000,0,0,0
KY,42201,KENTUCKY STATE,AVNA,0.060000,0.060000,0,0,0
KY,42202,KENTUCKY STATE,AVNA,0.060000,0.060000,0,0,0
KY,42204,KENTUCKY STATE,AVNA,0.060000,0.060000,0,0,0
KY,42206,KENTUCKY STATE,AVNA,0.060000,0.060000,0,0,0
KY,42207,KENTUCKY STATE,AVNA,0.060000,0.060000,0,0,0
KY,42210,KENTUCKY STATE,AVNA,0.060000,0.060000,0,0,0
KY,42211,KENTUCKY STATE,AVNA,0.060000,0.060000,0,0,0
KY,42214,KENTUCKY STATE,AVNA,0.060000,0.060000,0,0,0
KY,42215,KENTUCKY STATE,AVNA,0.060000,0.060000,0,0,0
KY,42216,KENTUCKY STATE,AVNA,0.060000,0.060000,0,0,0
KY,42217,KENTUCKY STATE,AVNA,0.060000,0.060000,0,0,0
KY,42219,KENTUCKY STATE,AVNA,0.060000,0.060000,0,0,0
KY,42220,KENTUCKY STATE,AVNA,0.060000,0.060000,0,0,0
KY,42221,KENTUCKY STATE,AVNA,0.060000,0.060000,0,0,0
KY,42223,KENTUCKY STATE,AVNA,0.060000,0.060000,0,0,0
KY,42232,KENTUCKY STATE,AVNA,0.060000,0.060000,0,0,0
KY,42234,KENTUCKY STATE,AVNA,0.060000,0.060000,0,0,0
KY,42236,KENTUCKY STATE,AVNA,0.060000,0.060000,0,0,0
KY,42240,KENTUCKY STATE,AVNA,0.060000,0.060000,0,0,0
KY,42241,KENTUCKY STATE,AVNA,0.060000,0.060000,0,0,0
KY,42252,KENTUCKY STATE,AVNA,0.060000,0.060000,0,0,0
KY,42254,KENTUCKY STATE,AVNA,0.060000,0.060000,0,0,0
KY,42256,KENTUCKY STATE,AVNA,0.060000,0.060000,0,0,0
KY,42259,KENTUCKY STATE,AVNA,0.060000,0.060000,0,0,0
KY,42261,KENTUCKY STATE,AVNA,0.060000,0.060000,0,0,0
KY,42262,KENTUCKY STATE,AVNA,0.060000,0.060000,0,0,0
KY,42265,KENTUCKY STATE,AVNA,0.060000,0.060000,0,0,0
KY,42266,KENTUCKY STATE,AVNA,0.060000,0.060000,0,0,0
KY,42273,KENTUCKY STATE,AVNA,0.060000,0.060000,0,0,0
KY,42274,KENTUCKY STATE,AVNA,0.060000,0.060000,0,0,0
KY,42275,KENTUCKY STATE,AVNA,0.060000,0.060000,0,0,0
KY,42276,KENTUCKY STATE,AVNA,0.060000,0.060000,0,0,0
KY,42280,KENTUCKY STATE,AVNA,0.060000,0.060000,0,0,0
KY,42285,KENTUCKY STATE,AVNA,0.060000,0.060000,0,0,0
KY,42286,KENTUCKY STATE,AVNA,0.060000,0.060000,0,0,0
KY,42288,KENTUCKY STATE,AVNA,0.060000,0.060000,0,0,0
KY,42301,KENTUCKY STATE,AVNA,0.060000,0.060000,0,0,0
KY,42302,KENTUCKY STATE,AVNA,0.060000,0.060000,0,0,0
KY,42303,KENTUCKY STATE,AVNA,0.060000,0.060000,0,0,0
KY,42304,KENTUCKY STATE,AVNA,0.060000,0.060000,0,0,0
KY,42320,KENTUCKY STATE,AVNA,0.060000,0.060000,0,0,0
KY,42321,KENTUCKY STATE,AVNA,0.060000,0.060000,0,0,0
KY,42322,KENTUCKY STATE,AVNA,0.060000,0.060000,0,0,0
KY,42323,KENTUCKY STATE,AVNA,0.060000,0.060000,0,0,0
KY,42324,KENTUCKY STATE,AVNA,0.060000,0.060000,0,0,0
KY,42325,KENTUCKY STATE,AVNA,0.060000,0.060000,0,0,0
KY,42326,KENTUCKY STATE,AVNA,0.060000,0.060000,0,0,0
KY,42327,KENTUCKY STATE,AVNA,0.060000,0.060000,0,0,0
KY,42328,KENTUCKY STATE,AVNA,0.060000,0.060000,0,0,0
KY,42330,KENTUCKY STATE,AVNA,0.060000,0.060000,0,0,0
KY,42332,KENTUCKY STATE,AVNA,0.060000,0.060000,0,0,0
KY,42333,KENTUCKY STATE,AVNA,0.060000,0.060000,0,0,0
KY,42334,KENTUCKY STATE,AVNA,0.060000,0.060000,0,0,0
KY,42337,KENTUCKY STATE,AVNA,0.060000,0.060000,0,0,0
KY,42338,KENTUCKY STATE,AVNA,0.060000,0.060000,0,0,0
KY,42339,KENTUCKY STATE,AVNA,0.060000,0.060000,0,0,0
KY,42343,KENTUCKY STATE,AVNA,0.060000,0.060000,0,0,0
KY,42344,KENTUCKY STATE,AVNA,0.060000,0.060000,0,0,0
KY,42345,KENTUCKY STATE,AVNA,0.060000,0.060000,0,0,0
KY,42347,KENTUCKY STATE,AVNA,0.060000,0.060000,0,0,0
KY,42348,KENTUCKY STATE,AVNA,0.060000,0.060000,0,0,0
KY,42349,KENTUCKY STATE,AVNA,0.060000,0.060000,0,0,0
KY,42350,KENTUCKY STATE,AVNA,0.060000,0.060000,0,0,0
KY,42351,KENTUCKY STATE,AVNA,0.060000,0.060000,0,0,0
KY,42352,KENTUCKY STATE,AVNA,0.060000,0.060000,0,0,0
KY,42354,KENTUCKY STATE,AVNA,0.060000,0.060000,0,0,0
KY,42355,KENTUCKY STATE,AVNA,0.060000,0.060000,0,0,0
KY,42356,KENTUCKY STATE,AVNA,0.060000,0.060000,0,0,0
KY,42361,KENTUCKY STATE,AVNA,0.060000,0.060000,0,0,0
KY,42364,KENTUCKY STATE,AVNA,0.060000,0.060000,0,0,0
KY,42366,KENTUCKY STATE,AVNA,0.060000,0.060000,0,0,0
KY,42367,KENTUCKY STATE,AVNA,0.060000,0.060000,0,0,0
KY,42368,KENTUCKY STATE,AVNA,0.060000,0.060000,0,0,0
KY,42369,KENTUCKY STATE,AVNA,0.060000,0.060000,0,0,0
KY,42370,KENTUCKY STATE,AVNA,0.060000,0.060000,0,0,0
KY,42371,KENTUCKY STATE,AVNA,0.060000,0.060000,0,0,0
KY,42372,KENTUCKY STATE,AVNA,0.060000,0.060000,0,0,0
KY,42374,KENTUCKY STATE,AVNA,0.060000,0.060000,0,0,0
KY,42376,KENTUCKY STATE,AVNA,0.060000,0.060000,0,0,0
KY,42378,KENTUCKY STATE,AVNA,0.060000,0.060000,0,0,0
KY,42402,KENTUCKY STATE,AVNA,0.060000,0.060000,0,0,0
KY,42404,KENTUCKY STATE,AVNA,0.060000,0.060000,0,0,0
KY,42406,KENTUCKY STATE,AVNA,0.060000,0.060000,0,0,0
KY,42408,KENTUCKY STATE,AVNA,0.060000,0.060000,0,0,0
KY,42409,KENTUCKY STATE,AVNA,0.060000,0.060000,0,0,0
KY,42410,KENTUCKY STATE,AVNA,0.060000,0.060000,0,0,0
KY,42411,KENTUCKY STATE,AVNA,0.060000,0.060000,0,0,0
KY,42413,KENTUCKY STATE,AVNA,0.060000,0.060000,0,0,0
KY,42419,KENTUCKY STATE,AVNA,0.060000,0.060000,0,0,0
KY,42420,KENTUCKY STATE,AVNA,0.060000,0.060000,0,0,0
KY,42431,KENTUCKY STATE,AVNA,0.060000,0.060000,0,0,0
KY,42436,KENTUCKY STATE,AVNA,0.060000,0.060000,0,0,0
KY,42437,KENTUCKY STATE,AVNA,0.060000,0.060000,0,0,0
KY,42440,KENTUCKY STATE,AVNA,0.060000,0.060000,0,0,0
KY,42441,KENTUCKY STATE,AVNA,0.060000,0.060000,0,0,0
KY,42442,KENTUCKY STATE,AVNA,0.060000,0.060000,0,0,0
KY,42444,KENTUCKY STATE,AVNA,0.060000,0.060000,0,0,0
KY,42445,KENTUCKY STATE,AVNA,0.060000,0.060000,0,0,0
KY,42450,KENTUCKY STATE,AVNA,0.060000,0.060000,0,0,0
KY,42451,KENTUCKY STATE,AVNA,0.060000,0.060000,0,0,0
KY,42452,KENTUCKY STATE,AVNA,0.060000,0.060000,0,0,0
KY,42453,KENTUCKY STATE,AVNA,0.060000,0.060000,0,0,0
KY,42455,KENTUCKY STATE,AVNA,0.060000,0.060000,0,0,0
KY,42456,KENTUCKY STATE,AVNA,0.060000,0.060000,0,0,0
KY,42457,KENTUCKY STATE,AVNA,0.060000,0.060000,0,0,0
KY,42458,KENTUCKY STATE,AVNA,0.060000,0.060000,0,0,0
KY,42459,KENTUCKY STATE,AVNA,0.060000,0.060000,0,0,0
KY,42460,KENTUCKY STATE,AVNA,0.060000,0.060000,0,0,0
KY,42461,KENTUCKY STATE,AVNA,0.060000,0.060000,0,0,0
KY,42462,KENTUCKY STATE,AVNA,0.060000,0.060000,0,0,0
KY,42463,KENTUCKY STATE,AVNA,0.060000,0.060000,0,0,0
KY,42464,KENTUCKY STATE,AVNA,0.060000,0.060000,0,0,0
KY,42501,KENTUCKY STATE,AVNA,0.060000,0.060000,0,0,0
KY,42502,KENTUCKY STATE,AVNA,0.060000,0.060000,0,0,0
KY,42503,KENTUCKY STATE,AVNA,0.060000,0.060000,0,0,0
KY,42516,KENTUCKY STATE,AVNA,0.060000,0.060000,0,0,0
KY,42518,KENTUCKY STATE,AVNA,0.060000,0.060000,0,0,0
KY,42519,KENTUCKY STATE,AVNA,0.060000,0.060000,0,0,0
KY,42528,KENTUCKY STATE,AVNA,0.060000,0.060000,0,0,0
KY,42533,KENTUCKY STATE,AVNA,0.060000,0.060000,0,0,0
KY,42539,KENTUCKY STATE,AVNA,0.060000,0.060000,0,0,0
KY,42541,KENTUCKY STATE,AVNA,0.060000,0.060000,0,0,0
KY,42544,KENTUCKY STATE,AVNA,0.060000,0.060000,0,0,0
KY,42553,KENTUCKY STATE,AVNA,0.060000,0.060000,0,0,0
KY,42558,KENTUCKY STATE,AVNA,0.060000,0.060000,0,0,0
KY,42564,KENTUCKY STATE,AVNA,0.060000,0.060000,0,0,0
KY,42565,KENTUCKY STATE,AVNA,0.060000,0.060000,0,0,0
KY,42566,KENTUCKY STATE,AVNA,0.060000,0.060000,0,0,0
KY,42567,KENTUCKY STATE,AVNA,0.060000,0.060000,0,0,0
KY,42602,KENTUCKY STATE,AVNA,0.060000,0.060000,0,0,0
KY,42603,KENTUCKY STATE,AVNA,0.060000,0.060000,0,0,0
KY,42629,KENTUCKY STATE,AVNA,0.060000,0.060000,0,0,0
KY,42631,KENTUCKY STATE,AVNA,0.060000,0.060000,0,0,0
KY,42633,KENTUCKY STATE,AVNA,0.060000,0.060000,0,0,0
KY,42634,KENTUCKY STATE,AVNA,0.060000,0.060000,0,0,0
KY,42635,KENTUCKY STATE,AVNA,0.060000,0.060000,0,0,0
KY,42638,KENTUCKY STATE,AVNA,0.060000,0.060000,0,0,0
KY,42642,KENTUCKY STATE,AVNA,0.060000,0.060000,0,0,0
KY,42647,KENTUCKY STATE,AVNA,0.060000,0.060000,0,0,0
KY,42649,KENTUCKY STATE,AVNA,0.060000,0.060000,0,0,0
KY,42653,KENTUCKY STATE,AVNA,0.060000,0.060000,0,0,0
KY,42701,KENTUCKY STATE,AVNA,0.060000,0.060000,0,0,0
KY,42702,KENTUCKY STATE,AVNA,0.060000,0.060000,0,0,0
KY,42712,KENTUCKY STATE,AVNA,0.060000,0.060000,0,0,0
KY,42713,KENTUCKY STATE,AVNA,0.060000,0.060000,0,0,0
KY,42715,KENTUCKY STATE,AVNA,0.060000,0.060000,0,0,0
KY,42716,KENTUCKY STATE,AVNA,0.060000,0.060000,0,0,0
KY,42717,KENTUCKY STATE,AVNA,0.060000,0.060000,0,0,0
KY,42718,KENTUCKY STATE,AVNA,0.060000,0.060000,0,0,0
KY,42719,KENTUCKY STATE,AVNA,0.060000,0.060000,0,0,0
KY,42720,KENTUCKY STATE,AVNA,0.060000,0.060000,0,0,0
KY,42721,KENTUCKY STATE,AVNA,0.060000,0.060000,0,0,0
KY,42722,KENTUCKY STATE,AVNA,0.060000,0.060000,0,0,0
KY,42724,KENTUCKY STATE,AVNA,0.060000,0.060000,0,0,0
KY,42726,KENTUCKY STATE,AVNA,0.060000,0.060000,0,0,0
KY,42728,KENTUCKY STATE,AVNA,0.060000,0.060000,0,0,0
KY,42729,KENTUCKY STATE,AVNA,0.060000,0.060000,0,0,0
KY,42731,KENTUCKY STATE,AVNA,0.060000,0.060000,0,0,0
KY,42732,KENTUCKY STATE,AVNA,0.060000,0.060000,0,0,0
KY,42733,KENTUCKY STATE,AVNA,0.060000,0.060000,0,0,0
KY,42740,KENTUCKY STATE,AVNA,0.060000,0.060000,0,0,0
KY,42741,KENTUCKY STATE,AVNA,0.060000,0.060000,0,0,0
KY,42742,KENTUCKY STATE,AVNA,0.060000,0.060000,0,0,0
KY,42743,KENTUCKY STATE,AVNA,0.060000,0.060000,0,0,0
KY,42746,KENTUCKY STATE,AVNA,0.060000,0.060000,0,0,0
KY,42748,KENTUCKY STATE,AVNA,0.060000,0.060000,0,0,0
KY,42749,KENTUCKY STATE,AVNA,0.060000,0.060000,0,0,0
KY,42753,KENTUCKY STATE,AVNA,0.060000,0.060000,0,0,0
KY,42754,KENTUCKY STATE,AVNA,0.060000,0.060000,0,0,0
KY,42755,KENTUCKY STATE,AVNA,0.060000,0.060000,0,0,0
KY,42757,KENTUCKY STATE,AVNA,0.060000,0.060000,0,0,0
KY,42758,KENTUCKY STATE,AVNA,0.060000,0.060000,0,0,0
KY,42759,KENTUCKY STATE,AVNA,0.060000,0.060000,0,0,0
KY,42762,KENTUCKY STATE,AVNA,0.060000,0.060000,0,0,0
KY,42764,KENTUCKY STATE,AVNA,0.060000,0.060000,0,0,0
KY,42765,KENTUCKY STATE,AVNA,0.060000,0.060000,0,0,0
KY,42776,KENTUCKY STATE,AVNA,0.060000,0.060000,0,0,0
KY,42782,KENTUCKY STATE,AVNA,0.060000,0.060000,0,0,0
KY,42784,KENTUCKY STATE,AVNA,0.060000,0.060000,0,0,0
KY,42788,KENTUCKY STATE,AVNA,0.060000,0.060000,0,0,0
