State,ZipCode,TaxRegionName,TaxRegionCode,CombinedRate,StateRate,CountyRate,CityRate,SpecialRate
ID,83201,IDAHO STATE,APOM,0.060000,0.060000,0,0,0
ID,83202,IDAHO STATE,APOM,0.060000,0.060000,0,0,0
ID,83203,IDAHO STATE,APOM,0.060000,0.060000,0,0,0
ID,83204,IDAHO STATE,APOM,0.060000,0.060000,0,0,0
ID,83205,IDAHO STATE,APOM,0.060000,0.060000,0,0,0
ID,83206,IDAHO STATE,APOM,0.060000,0.060000,0,0,0
ID,83209,IDAHO STATE,APOM,0.060000,0.060000,0,0,0
ID,83210,IDAHO STATE,APOM,0.060000,0.060000,0,0,0
ID,83211,IDAHO STATE,APOM,0.060000,0.060000,0,0,0
ID,83212,IDAHO STATE,APOM,0.060000,0.060000,0,0,0
ID,83213,IDAHO STATE,APOM,0.060000,0.060000,0,0,0
ID,83214,IDAHO STATE,APOM,0.060000,0.060000,0,0,0
ID,83215,IDAHO STATE,APOM,0.060000,0.060000,0,0,0
ID,83217,IDAHO STATE,APOM,0.060000,0.060000,0,0,0
ID,83218,IDAHO STATE,APOM,0.060000,0.060000,0,0,0
ID,83220,IDAHO STATE,APOM,0.060000,0.060000,0,0,0
ID,83221,IDAHO STATE,APOM,0.060000,0.060000,0,0,0
ID,83223,IDAHO STATE,APOM,0.060000,0.060000,0,0,0
ID,83226,IDAHO STATE,APOM,0.060000,0.060000,0,0,0
ID,83227,IDAHO STATE,APOM,0.060000,0.060000,0,0,0
ID,83228,IDAHO STATE,APOM,0.060000,0.060000,0,0,0
ID,83232,IDAHO STATE,APOM,0.060000,0.060000,0,0,0
ID,83233,IDAHO STATE,APOM,0.060000,0.060000,0,0,0
ID,83234,IDAHO STATE,APOM,0.060000,0.060000,0,0,0
ID,83235,IDAHO STATE,APOM,0.060000,0.060000,0,0,0
ID,83236,IDAHO STATE,APOM,0.060000,0.060000,0,0,0
ID,83237,IDAHO STATE,APOM,0.060000,0.060000,0,0,0
ID,83238,IDAHO STATE,APOM,0.060000,0.060000,0,0,0
ID,83239,IDAHO STATE,APOM,0.060000,0.060000,0,0,0
ID,83241,IDAHO STATE,APOM,0.060000,0.060000,0,0,0
ID,83243,IDAHO STATE,APOM,0.060000,0.060000,0,0,0
ID,83244,IDAHO STATE,APOM,0.060000,0.060000,0,0,0
ID,83245,IDAHO STATE,APOM,0.060000,0.060000,0,0,0
ID,83246,IDAHO STATE,APOM,0.060000,0.060000,0,0,0
ID,83250,IDAHO STATE,APOM,0.060000,0.060000,0,0,0
ID,83251,IDAHO STATE,APOM,0.060000,0.060000,0,0,0
ID,83252,IDAHO STATE,APOM,0.060000,0.060000,0,0,0
ID,83253,IDAHO STATE,APOM,0.060000,0.060000,0,0,0
ID,83254,IDAHO STATE,APOM,0.060000,0.060000,0,0,0
ID,83255,IDAHO STATE,APOM,0.060000,0.060000,0,0,0
ID,83256,IDAHO STATE,APOM,0.060000,0.060000,0,0,0
ID,83261,IDAHO STATE,APOM,0.060000,0.060000,0,0,0
ID,83262,IDAHO STATE,APOM,0.060000,0.060000,0,0,0
ID,83263,IDAHO STATE,APOM,0.060000,0.060000,0,0,0
ID,83271,IDAHO STATE,APOM,0.060000,0.060000,0,0,0
ID,83272,IDAHO STATE,APOM,0.060000,0.060000,0,0,0
ID,83274,IDAHO STATE,APOM,0.060000,0.060000,0,0,0
ID,83276,IDAHO STATE,APOM,0.060000,0.060000,0,0,0
ID,83277,IDAHO STATE,APOM,0.060000,0.060000,0,0,0
ID,83278,STANLEY,APTZ,0.085000,0.060000,0,0.025000,0
ID,83281,IDAHO STATE,APOM,0.060000,0.060000,0,0,0
ID,83283,IDAHO STATE,APOM,0.060000,0.060000,0,0,0
ID,83285,IDAHO STATE,APOM,0.060000,0.060000,0,0,0
ID,83286,IDAHO STATE,APOM,0.060000,0.060000,0,0,0
ID,83287,IDAHO STATE,APOM,0.060000,0.060000,0,0,0
ID,83301,IDAHO STATE,APOM,0.060000,0.060000,0,0,0
ID,83302,IDAHO STATE,APOM,0.060000,0.060000,0,0,0
ID,83303,IDAHO STATE,APOM,0.060000,0.060000,0,0,0
ID,83311,IDAHO STATE,APOM,0.060000,0.060000,0,0,0
ID,83312,IDAHO STATE,APOM,0.060000,0.060000,0,0,0
ID,83313,IDAHO STATE,APOM,0.060000,0.060000,0,0,0
ID,83314,IDAHO STATE,APOM,0.060000,0.060000,0,0,0
ID,83316,IDAHO STATE,APOM,0.060000,0.060000,0,0,0
ID,83318,IDAHO STATE,APOM,0.060000,0.060000,0,0,0
ID,83320,IDAHO STATE,APOM,0.060000,0.060000,0,0,0
ID,83321,IDAHO STATE,APOM,0.060000,0.060000,0,0,0
ID,83322,IDAHO STATE,APOM,0.060000,0.060000,0,0,0
ID,83323,IDAHO STATE,APOM,0.060000,0.060000,0,0,0
ID,83324,IDAHO STATE,APOM,0.060000,0.060000,0,0,0
ID,83325,IDAHO STATE,APOM,0.060000,0.060000,0,0,0
ID,83327,IDAHO STATE,APOM,0.060000,0.060000,0,0,0
ID,83328,IDAHO STATE,APOM,0.060000,0.060000,0,0,0
ID,83330,IDAHO STATE,APOM,0.060000,0.060000,0,0,0
ID,83332,IDAHO STATE,APOM,0.060000,0.060000,0,0,0
ID,83333,HAILEY,APQN,0.060000,0.060000,0,0.000000,0
ID,83334,IDAHO STATE,APOM,0.060000,0.060000,0,0,0
ID,83335,IDAHO STATE,APOM,0.060000,0.060000,0,0,0
ID,83336,IDAHO STATE,APOM,0.060000,0.060000,0,0,0
ID,83337,IDAHO STATE,APOM,0.060000,0.060000,0,0,0
ID,83338,IDAHO STATE,APOM,0.060000,0.060000,0,0,0
ID,83340,KETCHUM,APQO,0.080000,0.060000,0,0.020000,0
ID,83341,IDAHO STATE,APOM,0.060000,0.060000,0,0,0
ID,83342,IDAHO STATE,APOM,0.060000,0.060000,0,0,0
ID,83343,IDAHO STATE,APOM,0.060000,0.060000,0,0,0
ID,83344,IDAHO STATE,APOM,0.060000,0.060000,0,0,0
ID,83346,IDAHO STATE,APOM,0.060000,0.060000,0,0,0
ID,83347,IDAHO STATE,APOM,0.060000,0.060000,0,0,0
ID,83348,IDAHO STATE,APOM,0.060000,0.060000,0,0,0
ID,83349,IDAHO STATE,APOM,0.060000,0.060000,0,0,0
ID,83350,IDAHO STATE,APOM,0.060000,0.060000,0,0,0
ID,83352,IDAHO STATE,APOM,0.060000,0.060000,0,0,0
ID,83353,SUN VALLEY,APQQ,0.090000,0.060000,0,0.030000,0
ID,83354,SUN VALLEY,APQQ,0.090000,0.060000,0,0.030000,0
ID,83355,IDAHO STATE,APOM,0.060000,0.060000,0,0,0
ID,83401,IDAHO STATE,APOM,0.060000,0.060000,0,0,0
ID,83402,IDAHO STATE,APOM,0.060000,0.060000,0,0,0
ID,83403,IDAHO STATE,APOM,0.060000,0.060000,0,0,0
ID,83404,IDAHO STATE,APOM,0.060000,0.060000,0,0,0
ID,83405,IDAHO STATE,APOM,0.060000,0.060000,0,0,0
ID,83406,IDAHO STATE,APOM,0.060000,0.060000,0,0,0
ID,83415,IDAHO STATE,APOM,0.060000,0.060000,0,0,0
ID,83420,IDAHO STATE,APOM,0.060000,0.060000,0,0,0
ID,83421,IDAHO STATE,APOM,0.060000,0.060000,0,0,0
ID,83422,IDAHO STATE,APOM,0.060000,0.060000,0,0,0
ID,83423,IDAHO STATE,APOM,0.060000,0.060000,0,0,0
ID,83424,IDAHO STATE,APOM,0.060000,0.060000,0,0,0
ID,83425,IDAHO STATE,APOM,0.060000,0.060000,0,0,0
ID,83427,IDAHO STATE,APOM,0.060000,0.060000,0,0,0
ID,83428,IDAHO STATE,APOM,0.060000,0.060000,0,0,0
ID,83429,IDAHO STATE,APOM,0.060000,0.060000,0,0,0
ID,83431,IDAHO STATE,APOM,0.060000,0.060000,0,0,0
ID,83433,IDAHO STATE,APOM,0.060000,0.060000,0,0,0
ID,83434,IDAHO STATE,APOM,0.060000,0.060000,0,0,0
ID,83435,IDAHO STATE,APOM,0.060000,0.060000,0,0,0
ID,83436,IDAHO STATE,APOM,0.060000,0.060000,0,0,0
ID,83438,IDAHO STATE,APOM,0.060000,0.060000,0,0,0
ID,83440,IDAHO STATE,APOM,0.060000,0.060000,0,0,0
ID,83441,IDAHO STATE,APOM,0.060000,0.060000,0,0,0
ID,83442,IDAHO STATE,APOM,0.060000,0.060000,0,0,0
ID,83443,IDAHO STATE,APOM,0.060000,0.060000,0,0,0
ID,83444,IDAHO STATE,APOM,0.060000,0.060000,0,0,0
ID,83445,IDAHO STATE,APOM,0.060000,0.060000,0,0,0
ID,83446,IDAHO STATE,APOM,0.060000,0.060000,0,0,0
ID,83448,IDAHO STATE,APOM,0.060000,0.060000,0,0,0
ID,83449,IDAHO STATE,APOM,0.060000,0.060000,0,0,0
ID,83450,IDAHO STATE,APOM,0.060000,0.060000,0,0,0
ID,83451,IDAHO STATE,APOM,0.060000,0.060000,0,0,0
ID,83452,IDAHO STATE,APOM,0.060000,0.060000,0,0,0
ID,83454,IDAHO STATE,APOM,0.060000,0.060000,0,0,0
ID,83455,IDAHO STATE,APOM,0.060000,0.060000,0,0,0
ID,83460,IDAHO STATE,APOM,0.060000,0.060000,0,0,0
ID,83462,IDAHO STATE,APOM,0.060000,0.060000,0,0,0
ID,83463,IDAHO STATE,APOM,0.060000,0.060000,0,0,0
ID,83464,IDAHO STATE,APOM,0.060000,0.060000,0,0,0
ID,83465,IDAHO STATE,APOM,0.060000,0.060000,0,0,0
ID,83466,IDAHO STATE,APOM,0.060000,0.060000,0,0,0
ID,83467,SALMON,APXP,0.060000,0.060000,0,0.000000,0
ID,83468,IDAHO STATE,APOM,0.060000,0.060000,0,0,0
ID,83469,IDAHO STATE,APOM,0.060000,0.060000,0,0,0
ID,83501,IDAHO STATE,APOM,0.060000,0.060000,0,0,0
ID,83520,IDAHO STATE,APOM,0.060000,0.060000,0,0,0
ID,83522,IDAHO STATE,APOM,0.060000,0.060000,0,0,0
ID,83523,IDAHO STATE,APOM,0.060000,0.060000,0,0,0
ID,83524,IDAHO STATE,APOM,0.060000,0.060000,0,0,0
ID,83525,IDAHO STATE,APOM,0.060000,0.060000,0,0,0
ID,83526,IDAHO STATE,APOM,0.060000,0.060000,0,0,0
ID,83530,IDAHO STATE,APOM,0.060000,0.060000,0,0,0
ID,83531,IDAHO STATE,APOM,0.060000,0.060000,0,0,0
ID,83533,IDAHO STATE,APOM,0.060000,0.060000,0,0,0
ID,83535,IDAHO STATE,APOM,0.060000,0.060000,0,0,0
ID,83536,IDAHO STATE,APOM,0.060000,0.060000,0,0,0
ID,83537,IDAHO STATE,APOM,0.060000,0.060000,0,0,0
ID,83539,IDAHO STATE,APOM,0.060000,0.060000,0,0,0
ID,83540,IDAHO STATE,APOM,0.060000,0.060000,0,0,0
ID,83541,IDAHO STATE,APOM,0.060000,0.060000,0,0,0
ID,83542,IDAHO STATE,APOM,0.060000,0.060000,0,0,0
ID,83543,IDAHO STATE,APOM,0.060000,0.060000,0,0,0
ID,83544,IDAHO STATE,APOM,0.060000,0.060000,0,0,0
ID,83545,IDAHO STATE,APOM,0.060000,0.060000,0,0,0
ID,83546,IDAHO STATE,APOM,0.060000,0.060000,0,0,0
ID,83547,IDAHO STATE,APOM,0.060000,0.060000,0,0,0
ID,83548,IDAHO STATE,APOM,0.060000,0.060000,0,0,0
ID,83549,IDAHO STATE,APOM,0.060000,0.060000,0,0,0
ID,83552,IDAHO STATE,APOM,0.060000,0.060000,0,0,0
ID,83553,IDAHO STATE,APOM,0.060000,0.060000,0,0,0
ID,83554,IDAHO STATE,APOM,0.060000,0.060000,0,0,0
ID,83555,IDAHO STATE,APOM,0.060000,0.060000,0,0,0
ID,83601,IDAHO STATE,APOM,0.060000,0.060000,0,0,0
ID,83602,IDAHO STATE,APOM,0.060000,0.060000,0,0,0
ID,83604,IDAHO STATE,APOM,0.060000,0.060000,0,0,0
ID,83605,IDAHO STATE,APOM,0.060000,0.060000,0,0,0
ID,83606,IDAHO STATE,APOM,0.060000,0.060000,0,0,0
ID,83607,IDAHO STATE,APOM,0.060000,0.060000,0,0,0
ID,83610,IDAHO STATE,APOM,0.060000,0.060000,0,0,0
ID,83611,IDAHO STATE,APOM,0.060000,0.060000,0,0,0
ID,83612,IDAHO STATE,APOM,0.060000,0.060000,0,0,0
ID,83615,IDAHO STATE,APOM,0.060000,0.060000,0,0,0
ID,83616,IDAHO STATE,APOM,0.060000,0.060000,0,0,0
ID,83617,IDAHO STATE,APOM,0.060000,0.060000,0,0,0
ID,83619,IDAHO STATE,APOM,0.060000,0.060000,0,0,0
ID,83622,IDAHO STATE,APOM,0.060000,0.060000,0,0,0
ID,83623,IDAHO STATE,APOM,0.060000,0.060000,0,0,0
ID,83624,IDAHO STATE,APOM,0.060000,0.060000,0,0,0
ID,83626,IDAHO STATE,APOM,0.060000,0.060000,0,0,0
ID,83627,IDAHO STATE,APOM,0.060000,0.060000,0,0,0
ID,83628,IDAHO STATE,APOM,0.060000,0.060000,0,0,0
ID,83629,IDAHO STATE,APOM,0.060000,0.060000,0,0,0
ID,83630,IDAHO STATE,APOM,0.060000,0.060000,0,0,0
ID,83631,IDAHO STATE,APOM,0.060000,0.060000,0,0,0
ID,83632,IDAHO STATE,APOM,0.060000,0.060000,0,0,0
ID,83633,IDAHO STATE,APOM,0.060000,0.060000,0,0,0
ID,83634,IDAHO STATE,APOM,0.060000,0.060000,0,0,0
ID,83635,MCCALL,AQAN,0.060000,0.060000,0,0.000000,0
ID,83636,IDAHO STATE,APOM,0.060000,0.060000,0,0,0
ID,83637,IDAHO STATE,APOM,0.060000,0.060000,0,0,0
ID,83638,MCCALL,AQAN,0.060000,0.060000,0,0.000000,0
ID,83639,IDAHO STATE,APOM,0.060000,0.060000,0,0,0
ID,83641,IDAHO STATE,APOM,0.060000,0.060000,0,0,0
ID,83642,IDAHO STATE,APOM,0.060000,0.060000,0,0,0
ID,83643,IDAHO STATE,APOM,0.060000,0.060000,0,0,0
ID,83644,IDAHO STATE,APOM,0.060000,0.060000,0,0,0
ID,83645,IDAHO STATE,APOM,0.060000,0.060000,0,0,0
ID,83646,IDAHO STATE,APOM,0.060000,0.060000,0,0,0
ID,83647,IDAHO STATE,APOM,0.060000,0.060000,0,0,0
ID,83648,IDAHO STATE,APOM,0.060000,0.060000,0,0,0
ID,83650,IDAHO STATE,APOM,0.060000,0.060000,0,0,0
ID,83651,IDAHO STATE,APOM,0.060000,0.060000,0,0,0
ID,83652,IDAHO STATE,APOM,0.060000,0.060000,0,0,0
ID,83653,IDAHO STATE,APOM,0.060000,0.060000,0,0,0
ID,83654,IDAHO STATE,APOM,0.060000,0.060000,0,0,0
ID,83655,IDAHO STATE,APOM,0.060000,0.060000,0,0,0
ID,83656,IDAHO STATE,APOM,0.060000,0.060000,0,0,0
ID,83657,IDAHO STATE,APOM,0.060000,0.060000,0,0,0
ID,83660,IDAHO STATE,APOM,0.060000,0.060000,0,0,0
ID,83661,IDAHO STATE,APOM,0.060000,0.060000,0,0,0
ID,83666,IDAHO STATE,APOM,0.060000,0.060000,0,0,0
ID,83669,IDAHO STATE,APOM,0.060000,0.060000,0,0,0
ID,83670,IDAHO STATE,APOM,0.060000,0.060000,0,0,0
ID,83671,MCCALL,AQAN,0.060000,0.060000,0,0.000000,0
ID,83672,IDAHO STATE,APOM,0.060000,0.060000,0,0,0
ID,83676,IDAHO STATE,APOM,0.060000,0.060000,0,0,0
ID,83677,IDAHO STATE,APOM,0.060000,0.060000,0,0,0
ID,83680,IDAHO STATE,APOM,0.060000,0.060000,0,0,0
ID,83686,IDAHO STATE,APOM,0.060000,0.060000,0,0,0
ID,83687,IDAHO STATE,APOM,0.060000,0.060000,0,0,0
ID,83701,IDAHO STATE,APOM,0.060000,0.060000,0,0,0
ID,83702,IDAHO STATE,APOM,0.060000,0.060000,0,0,0
ID,83703,IDAHO STATE,APOM,0.060000,0.060000,0,0,0
ID,83704,IDAHO STATE,APOM,0.060000,0.060000,0,0,0
ID,83705,IDAHO STATE,APOM,0.060000,0.060000,0,0,0
ID,83706,IDAHO STATE,APOM,0.060000,0.060000,0,0,0
ID,83707,IDAHO STATE,APOM,0.060000,0.060000,0,0,0
ID,83708,IDAHO STATE,APOM,0.060000,0.060000,0,0,0
ID,83709,IDAHO STATE,APOM,0.060000,0.060000,0,0,0
ID,83711,IDAHO STATE,APOM,0.060000,0.060000,0,0,0
ID,83712,IDAHO STATE,APOM,0.060000,0.060000,0,0,0
ID,83713,IDAHO STATE,APOM,0.060000,0.060000,0,0,0
ID,83714,IDAHO STATE,APOM,0.060000,0.060000,0,0,0
ID,83715,IDAHO STATE,APOM,0.060000,0.060000,0,0,0
ID,83716,IDAHO STATE,APOM,0.060000,0.060000,0,0,0
ID,83717,IDAHO STATE,APOM,0.060000,0.060000,0,0,0
ID,83719,IDAHO STATE,APOM,0.060000,0.060000,0,0,0
ID,83720,IDAHO STATE,APOM,0.060000,0.060000,0,0,0
ID,83722,IDAHO STATE,APOM,0.060000,0.060000,0,0,0
ID,83724,IDAHO STATE,APOM,0.060000,0.060000,0,0,0
ID,83725,IDAHO STATE,APOM,0.060000,0.060000,0,0,0
ID,83726,IDAHO STATE,APOM,0.060000,0.060000,0,0,0
ID,83728,IDAHO STATE,APOM,0.060000,0.060000,0,0,0
ID,83729,IDAHO STATE,APOM,0.060000,0.060000,0,0,0
ID,83732,IDAHO STATE,APOM,0.060000,0.060000,0,0,0
ID,83735,IDAHO STATE,APOM,0.060000,0.060000,0,0,0
ID,83756,IDAHO STATE,APOM,0.060000,0.060000,0,0,0
ID,83799,IDAHO STATE,APOM,0.060000,0.060000,0,0,0
ID,83801,IDAHO STATE,APOM,0.060000,0.060000,0,0,0
ID,83802,IDAHO STATE,APOM,0.060000,0.060000,0,0,0
ID,83803,IDAHO STATE,APOM,0.060000,0.060000,0,0,0
ID,83804,IDAHO STATE,APOM,0.060000,0.060000,0,0,0
ID,83805,IDAHO STATE,APOM,0.060000,0.060000,0,0,0
ID,83806,IDAHO STATE,APOM,0.060000,0.060000,0,0,0
ID,83808,IDAHO STATE,APOM,0.060000,0.060000,0,0,0
ID,83809,IDAHO STATE,APOM,0.060000,0.060000,0,0,0
ID,83810,IDAHO STATE,APOM,0.060000,0.060000,0,0,0
ID,83811,IDAHO STATE,APOM,0.060000,0.060000,0,0,0
ID,83812,IDAHO STATE,APOM,0.060000,0.060000,0,0,0
ID,83813,IDAHO STATE,APOM,0.060000,0.060000,0,0,0
ID,83814,IDAHO STATE,APOM,0.060000,0.060000,0,0,0
ID,83815,IDAHO STATE,APOM,0.060000,0.060000,0,0,0
ID,83816,IDAHO STATE,APOM,0.060000,0.060000,0,0,0
ID,83821,IDAHO STATE,APOM,0.060000,0.060000,0,0,0
ID,83822,IDAHO STATE,APOM,0.060000,0.060000,0,0,0
ID,83823,IDAHO STATE,APOM,0.060000,0.060000,0,0,0
ID,83824,IDAHO STATE,APOM,0.060000,0.060000,0,0,0
ID,83825,IDAHO STATE,APOM,0.060000,0.060000,0,0,0
ID,83826,IDAHO STATE,APOM,0.060000,0.060000,0,0,0
ID,83827,IDAHO STATE,APOM,0.060000,0.060000,0,0,0
ID,83830,IDAHO STATE,APOM,0.060000,0.060000,0,0,0
ID,83832,IDAHO STATE,APOM,0.060000,0.060000,0,0,0
ID,83833,IDAHO STATE,APOM,0.060000,0.060000,0,0,0
ID,83834,IDAHO STATE,APOM,0.060000,0.060000,0,0,0
ID,83835,IDAHO STATE,APOM,0.060000,0.060000,0,0,0
ID,83836,IDAHO STATE,APOM,0.060000,0.060000,0,0,0
ID,83837,IDAHO STATE,APOM,0.060000,0.060000,0,0,0
ID,83839,IDAHO STATE,APOM,0.060000,0.060000,0,0,0
ID,83840,IDAHO STATE,APOM,0.060000,0.060000,0,0,0
ID,83841,IDAHO STATE,APOM,0.060000,0.060000,0,0,0
ID,83842,IDAHO STATE,APOM,0.060000,0.060000,0,0,0
ID,83843,IDAHO STATE,APOM,0.060000,0.060000,0,0,0
ID,83844,IDAHO STATE,APOM,0.060000,0.060000,0,0,0
ID,83845,IDAHO STATE,APOM,0.060000,0.060000,0,0,0
ID,83846,IDAHO STATE,APOM,0.060000,0.060000,0,0,0
ID,83847,IDAHO STATE,APOM,0.060000,0.060000,0,0,0
ID,83848,IDAHO STATE,APOM,0.060000,0.060000,0,0,0
ID,83849,IDAHO STATE,APOM,0.060000,0.060000,0,0,0
ID,83850,IDAHO STATE,APOM,0.060000,0.060000,0,0,0
ID,83851,IDAHO STATE,APOM,0.060000,0.060000,0,0,0
ID,83852,IDAHO STATE,APOM,0.060000,0.060000,0,0,0
ID,83853,IDAHO STATE,APOM,0.060000,0.060000,0,0,0
ID,83854,IDAHO STATE,APOM,0.060000,0.060000,0,0,0
ID,83855,IDAHO STATE,APOM,0.060000,0.060000,0,0,0
ID,83856,IDAHO STATE,APOM,0.060000,0.060000,0,0,0
ID,83857,IDAHO STATE,APOM,0.060000,0.060000,0,0,0
ID,83858,IDAHO STATE,APOM,0.060000,0.060000,0,0,0
ID,83860,IDAHO STATE,APOM,0.060000,0.060000,0,0,0
ID,83861,IDAHO STATE,APOM,0.060000,0.060000,0,0,0
ID,83864,IDAHO STATE,APOM,0.060000,0.060000,0,0,0
ID,83865,IDAHO STATE,APOM,0.060000,0.060000,0,0,0
ID,83866,IDAHO STATE,APOM,0.060000,0.060000,0,0,0
ID,83867,IDAHO STATE,APOM,0.060000,0.060000,0,0,0
ID,83868,IDAHO STATE,APOM,0.060000,0.060000,0,0,0
ID,83869,IDAHO STATE,APOM,0.060000,0.060000,0,0,0
ID,83870,IDAHO STATE,APOM,0.060000,0.060000,0,0,0
ID,83871,IDAHO STATE,APOM,0.060000,0.060000,0,0,0
ID,83872,IDAHO STATE,APOM,0.060000,0.060000,0,0,0
ID,83873,IDAHO STATE,APOM,0.060000,0.060000,0,0,0
ID,83874,IDAHO STATE,APOM,0.060000,0.060000,0,0,0
ID,83876,IDAHO STATE,APOM,0.060000,0.060000,0,0,0
ID,83877,IDAHO STATE,APOM,0.060000,0.060000,0,0,0
