State,ZipCode,TaxRegionName,TaxRegionCode,CombinedRate,StateRate,CountyRate,CityRate,SpecialRate
WI,53001,WISCONSIN STATE,BWMU,0.050000,0.050000,0,0,0
WI,53002,WASHINGTON COUNTY,BXRH,0.056000,0.050000,0.005000,0,0.001000
WI,53003,DODGE COUNTY,BWSU,0.055000,0.050000,0.005000,0,0
WI,53004,OZAUKEE COUNTY,BXHL,0.056000,0.050000,0.005000,0,0.001000
WI,53005,WAUKESHA COUNTY,BXRU,0.051000,0.050000,0,0,0.001000
WI,53006,DODGE COUNTY,BWSU,0.055000,0.050000,0.005000,0,0
WI,53007,WAUKESHA COUNTY,BXRU,0.051000,0.050000,0,0,0.001000
WI,53008,WAUKESHA COUNTY,BXRU,0.051000,0.050000,0,0,0.001000
WI,53010,FOND DU LAC COUNTY,BWVL,0.055000,0.050000,0.005000,0,0
WI,53011,WISCONSIN STATE,BWMU,0.050000,0.050000,0,0,0
WI,53012,OZAUKEE COUNTY,BXHL,0.056000,0.050000,0.005000,0,0.001000
WI,53013,WISCONSIN STATE,BWMU,0.050000,0.050000,0,0,0
WI,53014,WISCONSIN STATE,BWMU,0.050000,0.050000,0,0,0
WI,53015,WISCONSIN STATE,BWMU,0.050000,0.050000,0,0,0
WI,53016,DODGE COUNTY,BWSU,0.055000,0.050000,0.005000,0,0
WI,53017,WASHINGTON COUNTY,BXRH,0.056000,0.050000,0.005000,0,0.001000
WI,53018,WAUKESHA COUNTY,BXRU,0.051000,0.050000,0,0,0.001000
WI,53019,FOND DU LAC COUNTY,BWVL,0.055000,0.050000,0.005000,0,0
WI,53020,WISCONSIN STATE,BWMU,0.050000,0.050000,0,0,0
WI,53021,OZAUKEE COUNTY,BXHL,0.056000,0.050000,0.005000,0,0.001000
WI,53022,WASHINGTON COUNTY,BXRH,0.056000,0.050000,0.005000,0,0.001000
WI,53023,WISCONSIN STATE,BWMU,0.050000,0.050000,0,0,0
WI,53024,OZAUKEE COUNTY,BXHL,0.056000,0.050000,0.005000,0,0.001000
WI,53026,WISCONSIN STATE,BWMU,0.050000,0.050000,0,0,0
WI,53027,WASHINGTON COUNTY,BXRH,0.056000,0.050000,0.005000,0,0.001000
WI,53029,WAUKESHA COUNTY,BXRU,0.051000,0.050000,0,0,0.001000
WI,53031,WISCONSIN STATE,BWMU,0.050000,0.050000,0,0,0
WI,53032,DODGE COUNTY,BWSU,0.055000,0.050000,0.005000,0,0
WI,53033,WASHINGTON COUNTY,BXRH,0.056000,0.050000,0.005000,0,0.001000
WI,53034,DODGE COUNTY,BWSU,0.055000,0.050000,0.005000,0,0
WI,53035,DODGE COUNTY,BWSU,0.055000,0.050000,0.005000,0,0
WI,53036,JEFFERSON COUNTY,BWZE,0.055000,0.050000,0.005000,0,0
WI,53037,WASHINGTON COUNTY,BXRH,0.056000,0.050000,0.005000,0,0.001000
WI,53038,JEFFERSON COUNTY,BWZE,0.055000,0.050000,0.005000,0,0
WI,53039,DODGE COUNTY,BWSU,0.055000,0.050000,0.005000,0,0
WI,53040,WASHINGTON COUNTY,BXRH,0.056000,0.050000,0.005000,0,0.001000
WI,53042,WISCONSIN STATE,BWMU,0.050000,0.050000,0,0,0
WI,53044,WISCONSIN STATE,BWMU,0.050000,0.050000,0,0,0
WI,53045,WAUKESHA COUNTY,BXRU,0.051000,0.050000,0,0,0.001000
WI,53046,WAUKESHA COUNTY,BXRU,0.051000,0.050000,0,0,0.001000
WI,53047,DODGE COUNTY,BWSU,0.055000,0.050000,0.005000,0,0
WI,53048,DODGE COUNTY,BWSU,0.055000,0.050000,0.005000,0,0
WI,53049,FOND DU LAC COUNTY,BWVL,0.055000,0.050000,0.005000,0,0
WI,53050,DODGE COUNTY,BWSU,0.055000,0.050000,0.005000,0,0
WI,53051,WAUKESHA COUNTY,BXRU,0.051000,0.050000,0,0,0.001000
WI,53052,WAUKESHA COUNTY,BXRU,0.051000,0.050000,0,0,0.001000
WI,53056,WAUKESHA COUNTY,BXRU,0.051000,0.050000,0,0,0.001000
WI,53057,FOND DU LAC COUNTY,BWVL,0.055000,0.050000,0.005000,0,0
WI,53058,WAUKESHA COUNTY,BXRU,0.051000,0.050000,0,0,0.001000
WI,53059,DODGE COUNTY,BWSU,0.055000,0.050000,0.005000,0,0
WI,53060,WASHINGTON COUNTY,BXRH,0.056000,0.050000,0.005000,0,0.001000
WI,53061,WISCONSIN STATE,BWMU,0.050000,0.050000,0,0,0
WI,53062,WISCONSIN STATE,BWMU,0.050000,0.050000,0,0,0
WI,53063,WISCONSIN STATE,BWMU,0.050000,0.050000,0,0,0
WI,53064,WAUKESHA COUNTY,BXRU,0.051000,0.050000,0,0,0.001000
WI,53065,FOND DU LAC COUNTY,BWVL,0.055000,0.050000,0.005000,0,0
WI,53066,WAUKESHA COUNTY,BXRU,0.051000,0.050000,0,0,0.001000
WI,53069,WAUKESHA COUNTY,BXRU,0.051000,0.050000,0,0,0.001000
WI,53070,WISCONSIN STATE,BWMU,0.050000,0.050000,0,0,0
WI,53072,WAUKESHA COUNTY,BXRU,0.051000,0.050000,0,0,0.001000
WI,53073,WISCONSIN STATE,BWMU,0.050000,0.050000,0,0,0
WI,53074,OZAUKEE COUNTY,BXHL,0.056000,0.050000,0.005000,0,0.001000
WI,53075,WISCONSIN STATE,BWMU,0.050000,0.050000,0,0,0
WI,53076,WASHINGTON COUNTY,BXRH,0.056000,0.050000,0.005000,0,0.001000
WI,53078,DODGE COUNTY,BWSU,0.055000,0.050000,0.005000,0,0
WI,53079,FOND DU LAC COUNTY,BWVL,0.055000,0.050000,0.005000,0,0
WI,53080,OZAUKEE COUNTY,BXHL,0.056000,0.050000,0.005000,0,0.001000
WI,53081,WISCONSIN STATE,BWMU,0.050000,0.050000,0,0,0
WI,53082,WISCONSIN STATE,BWMU,0.050000,0.050000,0,0,0
WI,53083,WISCONSIN STATE,BWMU,0.050000,0.050000,0,0,0
WI,53085,WISCONSIN STATE,BWMU,0.050000,0.050000,0,0,0
WI,53086,WASHINGTON COUNTY,BXRH,0.056000,0.050000,0.005000,0,0.001000
WI,53088,WISCONSIN STATE,BWMU,0.050000,0.050000,0,0,0
WI,53089,WAUKESHA COUNTY,BXRU,0.051000,0.050000,0,0,0.001000
WI,53090,WASHINGTON COUNTY,BXRH,0.056000,0.050000,0.005000,0,0.001000
WI,53091,DODGE COUNTY,BWSU,0.055000,0.050000,0.005000,0,0
WI,53092,OZAUKEE COUNTY,BXHL,0.056000,0.050000,0.005000,0,0.001000
WI,53093,WISCONSIN STATE,BWMU,0.050000,0.050000,0,0,0
WI,53094,JEFFERSON COUNTY,BWZE,0.055000,0.050000,0.005000,0,0
WI,53095,WASHINGTON COUNTY,BXRH,0.056000,0.050000,0.005000,0,0.001000
WI,53097,OZAUKEE COUNTY,BXHL,0.056000,0.050000,0.005000,0,0.001000
WI,53098,DODGE COUNTY,BWSU,0.055000,0.050000,0.005000,0,0
WI,53099,DODGE COUNTY,BWSU,0.055000,0.050000,0.005000,0,0
WI,53101,KENOSHA COUNTY,BXAF,0.055000,0.050000,0.005000,0,0
WI,53102,KENOSHA COUNTY,BXAF,0.055000,0.050000,0.005000,0,0
WI,53103,WAUKESHA COUNTY,BXRU,0.051000,0.050000,0,0,0.001000
WI,53104,KENOSHA COUNTY,BXAF,0.055000,0.050000,0.005000,0,0
WI,53105,RACINE COUNTY,BXJX,0.051000,0.050000,0,0,0.001000
WI,53108,RACINE COUNTY,BXJX,0.051000,0.050000,0,0,0.001000
WI,53109,KENOSHA COUNTY,BXAF,0.055000,0.050000,0.005000,0,0
WI,53110,MILWAUKEE COUNTY,BXFA,0.056000,0.050000,0.005000,0,0.001000
WI,53114,WALWORTH COUNTY,BXQF,0.055000,0.050000,0.005000,0,0
WI,53115,WALWORTH COUNTY,BXQF,0.055000,0.050000,0.005000,0,0
WI,53118,WAUKESHA COUNTY,BXRU,0.051000,0.050000,0,0,0.001000
WI,53119,WAUKESHA COUNTY,BXRU,0.051000,0.050000,0,0,0.001000
WI,53120,WALWORTH COUNTY,BXQF,0.055000,0.050000,0.005000,0,0
WI,53121,WALWORTH COUNTY,BXQF,0.055000,0.050000,0.005000,0,0
WI,53122,WAUKESHA COUNTY,BXRU,0.051000,0.050000,0,0,0.001000
WI,53125,WALWORTH COUNTY,BXQF,0.055000,0.050000,0.005000,0,0
WI,53126,RACINE COUNTY,BXJX,0.051000,0.050000,0,0,0.001000
WI,53127,WAUKESHA COUNTY,BXRU,0.051000,0.050000,0,0,0.001000
WI,53128,WALWORTH COUNTY,BXQF,0.055000,0.050000,0.005000,0,0
WI,53129,MILWAUKEE COUNTY,BXFA,0.056000,0.050000,0.005000,0,0.001000
WI,53130,MILWAUKEE COUNTY,BXFA,0.056000,0.050000,0.005000,0,0.001000
WI,53132,MILWAUKEE COUNTY,BXFA,0.056000,0.050000,0.005000,0,0.001000
WI,53137,JEFFERSON COUNTY,BWZE,0.055000,0.050000,0.005000,0,0
WI,53138,WALWORTH COUNTY,BXQF,0.055000,0.050000,0.005000,0,0
WI,53139,RACINE COUNTY,BXJX,0.051000,0.050000,0,0,0.001000
WI,53140,KENOSHA COUNTY,BXAF,0.055000,0.050000,0.005000,0,0
WI,53141,KENOSHA COUNTY,BXAF,0.055000,0.050000,0.005000,0,0
WI,53142,KENOSHA COUNTY,BXAF,0.055000,0.050000,0.005000,0,0
WI,53143,KENOSHA COUNTY,BXAF,0.055000,0.050000,0.005000,0,0
WI,53144,KENOSHA COUNTY,BXAF,0.055000,0.050000,0.005000,0,0
WI,53146,WAUKESHA COUNTY,BXRU,0.051000,0.050000,0,0,0.001000
WI,53147,WALWORTH COUNTY,BXQF,0.055000,0.050000,0.005000,0,0
WI,53148,WALWORTH COUNTY,BXQF,0.055000,0.050000,0.005000,0,0
WI,53149,WAUKESHA COUNTY,BXRU,0.051000,0.050000,0,0,0.001000
WI,53150,WAUKESHA COUNTY,BXRU,0.051000,0.050000,0,0,0.001000
WI,53151,WAUKESHA COUNTY,BXRU,0.051000,0.050000,0,0,0.001000
WI,53152,KENOSHA COUNTY,BXAF,0.055000,0.050000,0.005000,0,0
WI,53153,WAUKESHA COUNTY,BXRU,0.051000,0.050000,0,0,0.001000
WI,53154,MILWAUKEE COUNTY,BXFA,0.056000,0.050000,0.005000,0,0.001000
WI,53156,JEFFERSON COUNTY,BWZE,0.055000,0.050000,0.005000,0,0
WI,53157,WALWORTH COUNTY,BXQF,0.055000,0.050000,0.005000,0,0
WI,53158,KENOSHA COUNTY,BXAF,0.055000,0.050000,0.005000,0,0
WI,53159,KENOSHA COUNTY,BXAF,0.055000,0.050000,0.005000,0,0
WI,53167,RACINE COUNTY,BXJX,0.051000,0.050000,0,0,0.001000
WI,53168,KENOSHA COUNTY,BXAF,0.055000,0.050000,0.005000,0,0
WI,53170,KENOSHA COUNTY,BXAF,0.055000,0.050000,0.005000,0,0
WI,53171,KENOSHA COUNTY,BXAF,0.055000,0.050000,0.005000,0,0
WI,53172,MILWAUKEE COUNTY,BXFA,0.056000,0.050000,0.005000,0,0.001000
WI,53176,WALWORTH COUNTY,BXQF,0.055000,0.050000,0.005000,0,0
WI,53177,RACINE COUNTY,BXJX,0.051000,0.050000,0,0,0.001000
WI,53178,JEFFERSON COUNTY,BWZE,0.055000,0.050000,0.005000,0,0
WI,53179,KENOSHA COUNTY,BXAF,0.055000,0.050000,0.005000,0,0
WI,53181,KENOSHA COUNTY,BXAF,0.055000,0.050000,0.005000,0,0
WI,53182,RACINE COUNTY,BXJX,0.051000,0.050000,0,0,0.001000
WI,53183,WAUKESHA COUNTY,BXRU,0.051000,0.050000,0,0,0.001000
WI,53184,WALWORTH COUNTY,BXQF,0.055000,0.050000,0.005000,0,0
WI,53185,RACINE COUNTY,BXJX,0.051000,0.050000,0,0,0.001000
WI,53186,WAUKESHA COUNTY,BXRU,0.051000,0.050000,0,0,0.001000
WI,53187,WAUKESHA COUNTY,BXRU,0.051000,0.050000,0,0,0.001000
WI,53188,WAUKESHA COUNTY,BXRU,0.051000,0.050000,0,0,0.001000
WI,53189,WAUKESHA COUNTY,BXRU,0.051000,0.050000,0,0,0.001000
WI,53190,WALWORTH COUNTY,BXQF,0.055000,0.050000,0.005000,0,0
WI,53191,WALWORTH COUNTY,BXQF,0.055000,0.050000,0.005000,0,0
WI,53192,KENOSHA COUNTY,BXAF,0.055000,0.050000,0.005000,0,0
WI,53194,KENOSHA COUNTY,BXAF,0.055000,0.050000,0.005000,0,0
WI,53195,WALWORTH COUNTY,BXQF,0.055000,0.050000,0.005000,0,0
WI,53201,MILWAUKEE COUNTY,BXFA,0.056000,0.050000,0.005000,0,0.001000
WI,53202,MILWAUKEE COUNTY,BXFA,0.056000,0.050000,0.005000,0,0.001000
WI,53203,MILWAUKEE COUNTY,BXFA,0.056000,0.050000,0.005000,0,0.001000
WI,53204,MILWAUKEE COUNTY,BXFA,0.056000,0.050000,0.005000,0,0.001000
WI,53205,MILWAUKEE COUNTY,BXFA,0.056000,0.050000,0.005000,0,0.001000
WI,53206,MILWAUKEE COUNTY,BXFA,0.056000,0.050000,0.005000,0,0.001000
WI,53207,MILWAUKEE COUNTY,BXFA,0.056000,0.050000,0.005000,0,0.001000
WI,53208,MILWAUKEE COUNTY,BXFA,0.056000,0.050000,0.005000,0,0.001000
WI,53209,MILWAUKEE COUNTY,BXFA,0.056000,0.050000,0.005000,0,0.001000
WI,53210,MILWAUKEE COUNTY,BXFA,0.056000,0.050000,0.005000,0,0.001000
WI,53211,MILWAUKEE COUNTY,BXFA,0.056000,0.050000,0.005000,0,0.001000
WI,53212,MILWAUKEE COUNTY,BXFA,0.056000,0.050000,0.005000,0,0.001000
WI,53213,MILWAUKEE COUNTY,BXFA,0.056000,0.050000,0.005000,0,0.001000
WI,53214,MILWAUKEE COUNTY,BXFA,0.056000,0.050000,0.005000,0,0.001000
WI,53215,MILWAUKEE COUNTY,BXFA,0.056000,0.050000,0.005000,0,0.001000
WI,53216,MILWAUKEE COUNTY,BXFA,0.056000,0.050000,0.005000,0,0.001000
WI,53217,MILWAUKEE COUNTY,BXFA,0.056000,0.050000,0.005000,0,0.001000
WI,53218,MILWAUKEE COUNTY,BXFA,0.056000,0.050000,0.005000,0,0.001000
WI,53219,MILWAUKEE COUNTY,BXFA,0.056000,0.050000,0.005000,0,0.001000
WI,53220,MILWAUKEE COUNTY,BXFA,0.056000,0.050000,0.005000,0,0.001000
WI,53221,MILWAUKEE COUNTY,BXFA,0.056000,0.050000,0.005000,0,0.001000
WI,53222,MILWAUKEE COUNTY,BXFA,0.056000,0.050000,0.005000,0,0.001000
WI,53223,MILWAUKEE COUNTY,BXFA,0.056000,0.050000,0.005000,0,0.001000
WI,53224,MILWAUKEE COUNTY,BXFA,0.056000,0.050000,0.005000,0,0.001000
WI,53225,MILWAUKEE COUNTY,BXFA,0.056000,0.050000,0.005000,0,0.001000
WI,53226,MILWAUKEE COUNTY,BXFA,0.056000,0.050000,0.005000,0,0.001000
WI,53227,MILWAUKEE COUNTY,BXFA,0.056000,0.050000,0.005000,0,0.001000
WI,53228,MILWAUKEE COUNTY,BXFA,0.056000,0.050000,0.005000,0,0.001000
WI,53233,MILWAUKEE COUNTY,BXFA,0.056000,0.050000,0.005000,0,0.001000
WI,53234,MILWAUKEE COUNTY,BXFA,0.056000,0.050000,0.005000,0,0.001000
WI,53235,MILWAUKEE COUNTY,BXFA,0.056000,0.050000,0.005000,0,0.001000
WI,53237,MILWAUKEE COUNTY,BXFA,0.056000,0.050000,0.005000,0,0.001000
WI,53259,MILWAUKEE COUNTY,BXFA,0.056000,0.050000,0.005000,0,0.001000
WI,53263,MILWAUKEE COUNTY,BXFA,0.056000,0.050000,0.005000,0,0.001000
WI,53267,MILWAUKEE COUNTY,BXFA,0.056000,0.050000,0.005000,0,0.001000
WI,53268,MILWAUKEE COUNTY,BXFA,0.056000,0.050000,0.005000,0,0.001000
WI,53274,MILWAUKEE COUNTY,BXFA,0.056000,0.050000,0.005000,0,0.001000
WI,53278,MILWAUKEE COUNTY,BXFA,0.056000,0.050000,0.005000,0,0.001000
WI,53288,MILWAUKEE COUNTY,BXFA,0.056000,0.050000,0.005000,0,0.001000
WI,53290,MILWAUKEE COUNTY,BXFA,0.056000,0.050000,0.005000,0,0.001000
WI,53293,MILWAUKEE COUNTY,BXFA,0.056000,0.050000,0.005000,0,0.001000
WI,53295,MILWAUKEE COUNTY,BXFA,0.056000,0.050000,0.005000,0,0.001000
WI,53401,RACINE COUNTY,BXJX,0.051000,0.050000,0,0,0.001000
WI,53402,RACINE COUNTY,BXJX,0.051000,0.050000,0,0,0.001000
WI,53403,RACINE COUNTY,BXJX,0.051000,0.050000,0,0,0.001000
WI,53404,RACINE COUNTY,BXJX,0.051000,0.050000,0,0,0.001000
WI,53405,RACINE COUNTY,BXJX,0.051000,0.050000,0,0,0.001000
WI,53406,RACINE COUNTY,BXJX,0.051000,0.050000,0,0,0.001000
WI,53407,RACINE COUNTY,BXJX,0.051000,0.050000,0,0,0.001000
WI,53408,RACINE COUNTY,BXJX,0.051000,0.050000,0,0,0.001000
WI,53501,ROCK COUNTY,BXKO,0.055000,0.050000,0.005000,0,0
WI,53502,GREEN COUNTY,BWXF,0.055000,0.050000,0.005000,0,0
WI,53503,IOWA COUNTY,BWXX,0.055000,0.050000,0.005000,0,0
WI,53504,LAFAYETTE COUNTY,BXBL,0.055000,0.050000,0.005000,0,0
WI,53505,ROCK COUNTY,BXKO,0.055000,0.050000,0.005000,0,0
WI,53506,IOWA COUNTY,BWXX,0.055000,0.050000,0.005000,0,0
WI,53507,IOWA COUNTY,BWXX,0.055000,0.050000,0.005000,0,0
WI,53508,DANE COUNTY,BWRW,0.055000,0.050000,0.005000,0,0
WI,53510,LAFAYETTE COUNTY,BXBL,0.055000,0.050000,0.005000,0,0
WI,53511,ROCK COUNTY,BXKO,0.055000,0.050000,0.005000,0,0
WI,53512,ROCK COUNTY,BXKO,0.055000,0.050000,0.005000,0,0
WI,53515,DANE COUNTY,BWRW,0.055000,0.050000,0.005000,0,0
WI,53516,LAFAYETTE COUNTY,BXBL,0.055000,0.050000,0.005000,0,0
WI,53517,DANE COUNTY,BWRW,0.055000,0.050000,0.005000,0,0
WI,53518,RICHLAND COUNTY,BXKH,0.055000,0.050000,0.005000,0,0
WI,53520,GREEN COUNTY,BWXF,0.055000,0.050000,0.005000,0,0
WI,53521,GREEN COUNTY,BWXF,0.055000,0.050000,0.005000,0,0
WI,53522,GREEN COUNTY,BWXF,0.055000,0.050000,0.005000,0,0
WI,53523,DANE COUNTY,BWRW,0.055000,0.050000,0.005000,0,0
WI,53525,ROCK COUNTY,BXKO,0.055000,0.050000,0.005000,0,0
WI,53526,IOWA COUNTY,BWXX,0.055000,0.050000,0.005000,0,0
WI,53527,DANE COUNTY,BWRW,0.055000,0.050000,0.005000,0,0
WI,53528,DANE COUNTY,BWRW,0.055000,0.050000,0.005000,0,0
WI,53529,DANE COUNTY,BWRW,0.055000,0.050000,0.005000,0,0
WI,53530,LAFAYETTE COUNTY,BXBL,0.055000,0.050000,0.005000,0,0
WI,53531,DANE COUNTY,BWRW,0.055000,0.050000,0.005000,0,0
WI,53532,DANE COUNTY,BWRW,0.055000,0.050000,0.005000,0,0
WI,53533,IOWA COUNTY,BWXX,0.055000,0.050000,0.005000,0,0
WI,53534,ROCK COUNTY,BXKO,0.055000,0.050000,0.005000,0,0
WI,53535,IOWA COUNTY,BWXX,0.055000,0.050000,0.005000,0,0
WI,53536,ROCK COUNTY,BXKO,0.055000,0.050000,0.005000,0,0
WI,53537,ROCK COUNTY,BXKO,0.055000,0.050000,0.005000,0,0
WI,53538,JEFFERSON COUNTY,BWZE,0.055000,0.050000,0.005000,0,0
WI,53540,RICHLAND COUNTY,BXKH,0.055000,0.050000,0.005000,0,0
WI,53541,LAFAYETTE COUNTY,BXBL,0.055000,0.050000,0.005000,0,0
WI,53542,ROCK COUNTY,BXKO,0.055000,0.050000,0.005000,0,0
WI,53543,IOWA COUNTY,BWXX,0.055000,0.050000,0.005000,0,0
WI,53544,IOWA COUNTY,BWXX,0.055000,0.050000,0.005000,0,0
WI,53545,ROCK COUNTY,BXKO,0.055000,0.050000,0.005000,0,0
WI,53546,ROCK COUNTY,BXKO,0.055000,0.050000,0.005000,0,0
WI,53547,ROCK COUNTY,BXKO,0.055000,0.050000,0.005000,0,0
WI,53548,ROCK COUNTY,BXKO,0.055000,0.050000,0.005000,0,0
WI,53549,JEFFERSON COUNTY,BWZE,0.055000,0.050000,0.005000,0,0
WI,53550,GREEN COUNTY,BWXF,0.055000,0.050000,0.005000,0,0
WI,53551,JEFFERSON COUNTY,BWZE,0.055000,0.050000,0.005000,0,0
WI,53553,IOWA COUNTY,BWXX,0.055000,0.050000,0.005000,0,0
WI,53554,GRANT COUNTY,BWWH,0.055000,0.050000,0.005000,0,0
WI,53555,COLUMBIA COUNTY,BWQW,0.055000,0.050000,0.005000,0,0
WI,53556,RICHLAND COUNTY,BXKH,0.055000,0.050000,0.005000,0,0
WI,53557,DODGE COUNTY,BWSU,0.055000,0.050000,0.005000,0,0
WI,53558,DANE COUNTY,BWRW,0.055000,0.050000,0.005000,0,0
WI,53559,DANE COUNTY,BWRW,0.055000,0.050000,0.005000,0,0
WI,53560,DANE COUNTY,BWRW,0.055000,0.050000,0.005000,0,0
WI,53561,SAUK COUNTY,BXLJ,0.055000,0.050000,0.005000,0,0
WI,53562,DANE COUNTY,BWRW,0.055000,0.050000,0.005000,0,0
WI,53563,ROCK COUNTY,BXKO,0.055000,0.050000,0.005000,0,0
WI,53565,IOWA COUNTY,BWXX,0.055000,0.050000,0.005000,0,0
WI,53566,GREEN COUNTY,BWXF,0.055000,0.050000,0.005000,0,0
WI,53569,GRANT COUNTY,BWWH,0.055000,0.050000,0.005000,0,0
WI,53570,GREEN COUNTY,BWXF,0.055000,0.050000,0.005000,0,0
WI,53571,DANE COUNTY,BWRW,0.055000,0.050000,0.005000,0,0
WI,53572,DANE COUNTY,BWRW,0.055000,0.050000,0.005000,0,0
WI,53573,GRANT COUNTY,BWWH,0.055000,0.050000,0.005000,0,0
WI,53574,GREEN COUNTY,BWXF,0.055000,0.050000,0.005000,0,0
WI,53575,DANE COUNTY,BWRW,0.055000,0.050000,0.005000,0,0
WI,53576,ROCK COUNTY,BXKO,0.055000,0.050000,0.005000,0,0
WI,53577,SAUK COUNTY,BXLJ,0.055000,0.050000,0.005000,0,0
WI,53578,SAUK COUNTY,BXLJ,0.055000,0.050000,0.005000,0,0
WI,53579,DODGE COUNTY,BWSU,0.055000,0.050000,0.005000,0,0
WI,53580,IOWA COUNTY,BWXX,0.055000,0.050000,0.005000,0,0
WI,53581,RICHLAND COUNTY,BXKH,0.055000,0.050000,0.005000,0,0
WI,53582,IOWA COUNTY,BWXX,0.055000,0.050000,0.005000,0,0
WI,53583,SAUK COUNTY,BXLJ,0.055000,0.050000,0.005000,0,0
WI,53584,RICHLAND COUNTY,BXKH,0.055000,0.050000,0.005000,0,0
WI,53585,WALWORTH COUNTY,BXQF,0.055000,0.050000,0.005000,0,0
WI,53586,LAFAYETTE COUNTY,BXBL,0.055000,0.050000,0.005000,0,0
WI,53587,LAFAYETTE COUNTY,BXBL,0.055000,0.050000,0.005000,0,0
WI,53588,SAUK COUNTY,BXLJ,0.055000,0.050000,0.005000,0,0
WI,53589,DANE COUNTY,BWRW,0.055000,0.050000,0.005000,0,0
WI,53590,DANE COUNTY,BWRW,0.055000,0.050000,0.005000,0,0
WI,53593,DANE COUNTY,BWRW,0.055000,0.050000,0.005000,0,0
WI,53594,JEFFERSON COUNTY,BWZE,0.055000,0.050000,0.005000,0,0
WI,53595,IOWA COUNTY,BWXX,0.055000,0.050000,0.005000,0,0
WI,53596,DANE COUNTY,BWRW,0.055000,0.050000,0.005000,0,0
WI,53597,DANE COUNTY,BWRW,0.055000,0.050000,0.005000,0,0
WI,53598,DANE COUNTY,BWRW,0.055000,0.050000,0.005000,0,0
WI,53599,LAFAYETTE COUNTY,BXBL,0.055000,0.050000,0.005000,0,0
WI,53701,DANE COUNTY,BWRW,0.055000,0.050000,0.005000,0,0
WI,53702,DANE COUNTY,BWRW,0.055000,0.050000,0.005000,0,0
WI,53703,DANE COUNTY,BWRW,0.055000,0.050000,0.005000,0,0
WI,53704,DANE COUNTY,BWRW,0.055000,0.050000,0.005000,0,0
WI,53705,DANE COUNTY,BWRW,0.055000,0.050000,0.005000,0,0
WI,53706,DANE COUNTY,BWRW,0.055000,0.050000,0.005000,0,0
WI,53707,DANE COUNTY,BWRW,0.055000,0.050000,0.005000,0,0
WI,53708,DANE COUNTY,BWRW,0.055000,0.050000,0.005000,0,0
WI,53711,DANE COUNTY,BWRW,0.055000,0.050000,0.005000,0,0
WI,53713,DANE COUNTY,BWRW,0.055000,0.050000,0.005000,0,0
WI,53714,DANE COUNTY,BWRW,0.055000,0.050000,0.005000,0,0
WI,53715,DANE COUNTY,BWRW,0.055000,0.050000,0.005000,0,0
WI,53716,DANE COUNTY,BWRW,0.055000,0.050000,0.005000,0,0
WI,53717,DANE COUNTY,BWRW,0.055000,0.050000,0.005000,0,0
WI,53718,DANE COUNTY,BWRW,0.055000,0.050000,0.005000,0,0
WI,53719,DANE COUNTY,BWRW,0.055000,0.050000,0.005000,0,0
WI,53725,DANE COUNTY,BWRW,0.055000,0.050000,0.005000,0,0
WI,53726,DANE COUNTY,BWRW,0.055000,0.050000,0.005000,0,0
WI,53744,DANE COUNTY,BWRW,0.055000,0.050000,0.005000,0,0
WI,53774,DANE COUNTY,BWRW,0.055000,0.050000,0.005000,0,0
WI,53777,DANE COUNTY,BWRW,0.055000,0.050000,0.005000,0,0
WI,53778,DANE COUNTY,BWRW,0.055000,0.050000,0.005000,0,0
WI,53779,DANE COUNTY,BWRW,0.055000,0.050000,0.005000,0,0
WI,53782,DANE COUNTY,BWRW,0.055000,0.050000,0.005000,0,0
WI,53783,DANE COUNTY,BWRW,0.055000,0.050000,0.005000,0,0
WI,53784,DANE COUNTY,BWRW,0.055000,0.050000,0.005000,0,0
WI,53785,DANE COUNTY,BWRW,0.055000,0.050000,0.005000,0,0
WI,53786,DANE COUNTY,BWRW,0.055000,0.050000,0.005000,0,0
WI,53788,DANE COUNTY,BWRW,0.055000,0.050000,0.005000,0,0
WI,53789,DANE COUNTY,BWRW,0.055000,0.050000,0.005000,0,0
WI,53790,DANE COUNTY,BWRW,0.055000,0.050000,0.005000,0,0
WI,53791,DANE COUNTY,BWRW,0.055000,0.050000,0.005000,0,0
WI,53792,DANE COUNTY,BWRW,0.055000,0.050000,0.005000,0,0
WI,53793,DANE COUNTY,BWRW,0.055000,0.050000,0.005000,0,0
WI,53794,DANE COUNTY,BWRW,0.055000,0.050000,0.005000,0,0
WI,53801,GRANT COUNTY,BWWH,0.055000,0.050000,0.005000,0,0
WI,53802,GRANT COUNTY,BWWH,0.055000,0.050000,0.005000,0,0
WI,53803,LAFAYETTE COUNTY,BXBL,0.055000,0.050000,0.005000,0,0
WI,53804,GRANT COUNTY,BWWH,0.055000,0.050000,0.005000,0,0
WI,53805,GRANT COUNTY,BWWH,0.055000,0.050000,0.005000,0,0
WI,53806,GRANT COUNTY,BWWH,0.055000,0.050000,0.005000,0,0
WI,53807,GRANT COUNTY,BWWH,0.055000,0.050000,0.005000,0,0
WI,53808,GRANT COUNTY,BWWH,0.055000,0.050000,0.005000,0,0
WI,53809,GRANT COUNTY,BWWH,0.055000,0.050000,0.005000,0,0
WI,53810,GRANT COUNTY,BWWH,0.055000,0.050000,0.005000,0,0
WI,53811,GRANT COUNTY,BWWH,0.055000,0.050000,0.005000,0,0
WI,53812,GRANT COUNTY,BWWH,0.055000,0.050000,0.005000,0,0
WI,53813,GRANT COUNTY,BWWH,0.055000,0.050000,0.005000,0,0
WI,53816,GRANT COUNTY,BWWH,0.055000,0.050000,0.005000,0,0
WI,53817,GRANT COUNTY,BWWH,0.055000,0.050000,0.005000,0,0
WI,53818,GRANT COUNTY,BWWH,0.055000,0.050000,0.005000,0,0
WI,53820,GRANT COUNTY,BWWH,0.055000,0.050000,0.005000,0,0
WI,53821,CRAWFORD COUNTY,BWRL,0.055000,0.050000,0.005000,0,0
WI,53824,GRANT COUNTY,BWWH,0.055000,0.050000,0.005000,0,0
WI,53825,GRANT COUNTY,BWWH,0.055000,0.050000,0.005000,0,0
WI,53826,CRAWFORD COUNTY,BWRL,0.055000,0.050000,0.005000,0,0
WI,53827,GRANT COUNTY,BWWH,0.055000,0.050000,0.005000,0,0
WI,53901,COLUMBIA COUNTY,BWQW,0.055000,0.050000,0.005000,0,0
WI,53910,ADAMS COUNTY,BWMV,0.055000,0.050000,0.005000,0,0
WI,53911,COLUMBIA COUNTY,BWQW,0.055000,0.050000,0.005000,0,0
WI,53913,SAUK COUNTY,BXLJ,0.055000,0.050000,0.005000,0,0
WI,53916,DODGE COUNTY,BWSU,0.055000,0.050000,0.005000,0,0
WI,53919,FOND DU LAC COUNTY,BWVL,0.055000,0.050000,0.005000,0,0
WI,53920,MARQUETTE COUNTY,BXEP,0.055000,0.050000,0.005000,0,0
WI,53922,DODGE COUNTY,BWSU,0.055000,0.050000,0.005000,0,0
WI,53923,COLUMBIA COUNTY,BWQW,0.055000,0.050000,0.005000,0,0
WI,53924,RICHLAND COUNTY,BXKH,0.055000,0.050000,0.005000,0,0
WI,53925,COLUMBIA COUNTY,BWQW,0.055000,0.050000,0.005000,0,0
WI,53926,GREEN LAKE COUNTY,BWXO,0.055000,0.050000,0.005000,0,0
WI,53928,COLUMBIA COUNTY,BWQW,0.055000,0.050000,0.005000,0,0
WI,53929,JUNEAU COUNTY,BWZR,0.055000,0.050000,0.005000,0,0
WI,53930,MARQUETTE COUNTY,BXEP,0.055000,0.050000,0.005000,0,0
WI,53931,FOND DU LAC COUNTY,BWVL,0.055000,0.050000,0.005000,0,0
WI,53932,COLUMBIA COUNTY,BWQW,0.055000,0.050000,0.005000,0,0
WI,53933,DODGE COUNTY,BWSU,0.055000,0.050000,0.005000,0,0
WI,53934,ADAMS COUNTY,BWMV,0.055000,0.050000,0.005000,0,0
WI,53935,COLUMBIA COUNTY,BWQW,0.055000,0.050000,0.005000,0,0
WI,53936,ADAMS COUNTY,BWMV,0.055000,0.050000,0.005000,0,0
WI,53937,SAUK COUNTY,BXLJ,0.055000,0.050000,0.005000,0,0
WI,53939,GREEN LAKE COUNTY,BWXO,0.055000,0.050000,0.005000,0,0
WI,53940,SAUK COUNTY,BXLJ,0.055000,0.050000,0.005000,0,0
WI,53941,SAUK COUNTY,BXLJ,0.055000,0.050000,0.005000,0,0
WI,53942,SAUK COUNTY,BXLJ,0.055000,0.050000,0.005000,0,0
WI,53943,SAUK COUNTY,BXLJ,0.055000,0.050000,0.005000,0,0
WI,53944,JUNEAU COUNTY,BWZR,0.055000,0.050000,0.005000,0,0
WI,53946,GREEN LAKE COUNTY,BWXO,0.055000,0.050000,0.005000,0,0
WI,53947,GREEN LAKE COUNTY,BWXO,0.055000,0.050000,0.005000,0,0
WI,53948,JUNEAU COUNTY,BWZR,0.055000,0.050000,0.005000,0,0
WI,53949,MARQUETTE COUNTY,BXEP,0.055000,0.050000,0.005000,0,0
WI,53950,JUNEAU COUNTY,BWZR,0.055000,0.050000,0.005000,0,0
WI,53951,SAUK COUNTY,BXLJ,0.055000,0.050000,0.005000,0,0
WI,53952,ADAMS COUNTY,BWMV,0.055000,0.050000,0.005000,0,0
WI,53953,MARQUETTE COUNTY,BXEP,0.055000,0.050000,0.005000,0,0
WI,53954,COLUMBIA COUNTY,BWQW,0.055000,0.050000,0.005000,0,0
WI,53955,COLUMBIA COUNTY,BWQW,0.055000,0.050000,0.005000,0,0
WI,53956,DODGE COUNTY,BWSU,0.055000,0.050000,0.005000,0,0
WI,53957,DODGE COUNTY,BWSU,0.055000,0.050000,0.005000,0,0
WI,53958,SAUK COUNTY,BXLJ,0.055000,0.050000,0.005000,0,0
WI,53959,SAUK COUNTY,BXLJ,0.055000,0.050000,0.005000,0,0
WI,53960,COLUMBIA COUNTY,BWQW,0.055000,0.050000,0.005000,0,0
WI,53961,SAUK COUNTY,BXLJ,0.055000,0.050000,0.005000,0,0
WI,53962,JUNEAU COUNTY,BWZR,0.055000,0.050000,0.005000,0,0
WI,53963,DODGE COUNTY,BWSU,0.055000,0.050000,0.005000,0,0
WI,53964,MARQUETTE COUNTY,BXEP,0.055000,0.050000,0.005000,0,0
WI,53965,SAUK COUNTY,BXLJ,0.055000,0.050000,0.005000,0,0
WI,53968,JUNEAU COUNTY,BWZR,0.055000,0.050000,0.005000,0,0
WI,53969,COLUMBIA COUNTY,BWQW,0.055000,0.050000,0.005000,0,0
WI,54001,POLK COUNTY,BXIM,0.055000,0.050000,0.005000,0,0
WI,54002,ST. CROIX COUNTY,BXNV,0.055000,0.050000,0.005000,0,0
WI,54003,PIERCE COUNTY,BXIA,0.055000,0.050000,0.005000,0,0
WI,54004,POLK COUNTY,BXIM,0.055000,0.050000,0.005000,0,0
WI,54005,POLK COUNTY,BXIM,0.055000,0.050000,0.005000,0,0
WI,54006,POLK COUNTY,BXIM,0.055000,0.050000,0.005000,0,0
WI,54007,ST. CROIX COUNTY,BXNV,0.055000,0.050000,0.005000,0,0
WI,54009,POLK COUNTY,BXIM,0.055000,0.050000,0.005000,0,0
WI,54010,PIERCE COUNTY,BXIA,0.055000,0.050000,0.005000,0,0
WI,54011,PIERCE COUNTY,BXIA,0.055000,0.050000,0.005000,0,0
WI,54013,ST. CROIX COUNTY,BXNV,0.055000,0.050000,0.005000,0,0
WI,54014,PIERCE COUNTY,BXIA,0.055000,0.050000,0.005000,0,0
WI,54015,ST. CROIX COUNTY,BXNV,0.055000,0.050000,0.005000,0,0
WI,54016,ST. CROIX COUNTY,BXNV,0.055000,0.050000,0.005000,0,0
WI,54017,ST. CROIX COUNTY,BXNV,0.055000,0.050000,0.005000,0,0
WI,54020,POLK COUNTY,BXIM,0.055000,0.050000,0.005000,0,0
WI,54021,PIERCE COUNTY,BXIA,0.055000,0.050000,0.005000,0,0
WI,54022,PIERCE COUNTY,BXIA,0.055000,0.050000,0.005000,0,0
WI,54023,ST. CROIX COUNTY,BXNV,0.055000,0.050000,0.005000,0,0
WI,54024,POLK COUNTY,BXIM,0.055000,0.050000,0.005000,0,0
WI,54025,ST. CROIX COUNTY,BXNV,0.055000,0.050000,0.005000,0,0
WI,54026,POLK COUNTY,BXIM,0.055000,0.050000,0.005000,0,0
WI,54027,ST. CROIX COUNTY,BXNV,0.055000,0.050000,0.005000,0,0
WI,54028,ST. CROIX COUNTY,BXNV,0.055000,0.050000,0.005000,0,0
WI,54082,ST. CROIX COUNTY,BXNV,0.055000,0.050000,0.005000,0,0
WI,54101,OCONTO COUNTY,BXFU,0.055000,0.050000,0.005000,0,0
WI,54102,MARINETTE COUNTY,BXEB,0.055000,0.050000,0.005000,0,0
WI,54103,FOREST COUNTY,BWWB,0.055000,0.050000,0.005000,0,0
WI,54104,MARINETTE COUNTY,BXEB,0.055000,0.050000,0.005000,0,0
WI,54106,WISCONSIN STATE,BWMU,0.050000,0.050000,0,0,0
WI,54107,SHAWANO COUNTY,BXMO,0.055000,0.050000,0.005000,0,0
WI,54110,WISCONSIN STATE,BWMU,0.050000,0.050000,0,0,0
WI,54111,SHAWANO COUNTY,BXMO,0.055000,0.050000,0.005000,0,0
WI,54112,MARINETTE COUNTY,BXEB,0.055000,0.050000,0.005000,0,0
WI,54113,WISCONSIN STATE,BWMU,0.050000,0.050000,0,0,0
WI,54114,MARINETTE COUNTY,BXEB,0.055000,0.050000,0.005000,0,0
WI,54115,BROWN COUNTY,BWOR,0.055000,0.050000,0,0,0.005000
WI,54119,MARINETTE COUNTY,BXEB,0.055000,0.050000,0.005000,0,0
WI,54120,FLORENCE COUNTY,BWVH,0.055000,0.050000,0.005000,0,0
WI,54121,FLORENCE COUNTY,BWVH,0.055000,0.050000,0.005000,0,0
WI,54123,WISCONSIN STATE,BWMU,0.050000,0.050000,0,0,0
WI,54124,OCONTO COUNTY,BXFU,0.055000,0.050000,0.005000,0,0
WI,54125,MARINETTE COUNTY,BXEB,0.055000,0.050000,0.005000,0,0
WI,54126,BROWN COUNTY,BWOR,0.055000,0.050000,0,0,0.005000
WI,54127,SHAWANO COUNTY,BXMO,0.055000,0.050000,0.005000,0,0
WI,54128,SHAWANO COUNTY,BXMO,0.055000,0.050000,0.005000,0,0
WI,54129,WISCONSIN STATE,BWMU,0.050000,0.050000,0,0,0
WI,54130,WISCONSIN STATE,BWMU,0.050000,0.050000,0,0,0
WI,54131,WISCONSIN STATE,BWMU,0.050000,0.050000,0,0,0
WI,54135,WISCONSIN STATE,BWMU,0.050000,0.050000,0,0,0
WI,54136,WISCONSIN STATE,BWMU,0.050000,0.050000,0,0,0
WI,54137,SHAWANO COUNTY,BXMO,0.055000,0.050000,0.005000,0,0
WI,54138,OCONTO COUNTY,BXFU,0.055000,0.050000,0.005000,0,0
WI,54139,OCONTO COUNTY,BXFU,0.055000,0.050000,0.005000,0,0
WI,54140,WISCONSIN STATE,BWMU,0.050000,0.050000,0,0,0
WI,54141,OCONTO COUNTY,BXFU,0.055000,0.050000,0.005000,0,0
WI,54143,MARINETTE COUNTY,BXEB,0.055000,0.050000,0.005000,0,0
WI,54149,OCONTO COUNTY,BXFU,0.055000,0.050000,0.005000,0,0
WI,54150,WISCONSIN STATE,BWMU,0.050000,0.050000,0,0,0
WI,54151,MARINETTE COUNTY,BXEB,0.055000,0.050000,0.005000,0,0
WI,54152,WISCONSIN STATE,BWMU,0.050000,0.050000,0,0,0
WI,54153,OCONTO COUNTY,BXFU,0.055000,0.050000,0.005000,0,0
WI,54154,OCONTO COUNTY,BXFU,0.055000,0.050000,0.005000,0,0
WI,54155,BROWN COUNTY,BWOR,0.055000,0.050000,0,0,0.005000
WI,54156,MARINETTE COUNTY,BXEB,0.055000,0.050000,0.005000,0,0
WI,54157,MARINETTE COUNTY,BXEB,0.055000,0.050000,0.005000,0,0
WI,54159,MARINETTE COUNTY,BXEB,0.055000,0.050000,0.005000,0,0
WI,54160,WISCONSIN STATE,BWMU,0.050000,0.050000,0,0,0
WI,54161,MARINETTE COUNTY,BXEB,0.055000,0.050000,0.005000,0,0
WI,54162,SHAWANO COUNTY,BXMO,0.055000,0.050000,0.005000,0,0
WI,54165,WISCONSIN STATE,BWMU,0.050000,0.050000,0,0,0
WI,54166,SHAWANO COUNTY,BXMO,0.055000,0.050000,0.005000,0,0
WI,54169,WISCONSIN STATE,BWMU,0.050000,0.050000,0,0,0
WI,54170,WISCONSIN STATE,BWMU,0.050000,0.050000,0,0,0
WI,54171,OCONTO COUNTY,BXFU,0.055000,0.050000,0.005000,0,0
WI,54173,BROWN COUNTY,BWOR,0.055000,0.050000,0,0,0.005000
WI,54174,OCONTO COUNTY,BXFU,0.055000,0.050000,0.005000,0,0
WI,54175,OCONTO COUNTY,BXFU,0.055000,0.050000,0.005000,0,0
WI,54177,MARINETTE COUNTY,BXEB,0.055000,0.050000,0.005000,0,0
WI,54180,BROWN COUNTY,BWOR,0.055000,0.050000,0,0,0.005000
WI,54182,SHAWANO COUNTY,BXMO,0.055000,0.050000,0.005000,0,0
WI,54201,WISCONSIN STATE,BWMU,0.050000,0.050000,0,0,0
WI,54202,DOOR COUNTY,BWTQ,0.055000,0.050000,0.005000,0,0
WI,54204,DOOR COUNTY,BWTQ,0.055000,0.050000,0.005000,0,0
WI,54205,WISCONSIN STATE,BWMU,0.050000,0.050000,0,0,0
WI,54207,WISCONSIN STATE,BWMU,0.050000,0.050000,0,0,0
WI,54208,BROWN COUNTY,BWOR,0.055000,0.050000,0,0,0.005000
WI,54209,DOOR COUNTY,BWTQ,0.055000,0.050000,0.005000,0,0
WI,54210,DOOR COUNTY,BWTQ,0.055000,0.050000,0.005000,0,0
WI,54211,DOOR COUNTY,BWTQ,0.055000,0.050000,0.005000,0,0
WI,54212,DOOR COUNTY,BWTQ,0.055000,0.050000,0.005000,0,0
WI,54213,DOOR COUNTY,BWTQ,0.055000,0.050000,0.005000,0,0
WI,54214,WISCONSIN STATE,BWMU,0.050000,0.050000,0,0,0
WI,54215,WISCONSIN STATE,BWMU,0.050000,0.050000,0,0,0
WI,54216,WISCONSIN STATE,BWMU,0.050000,0.050000,0,0,0
WI,54217,WISCONSIN STATE,BWMU,0.050000,0.050000,0,0,0
WI,54220,WISCONSIN STATE,BWMU,0.050000,0.050000,0,0,0
WI,54221,WISCONSIN STATE,BWMU,0.050000,0.050000,0,0,0
WI,54226,DOOR COUNTY,BWTQ,0.055000,0.050000,0.005000,0,0
WI,54227,WISCONSIN STATE,BWMU,0.050000,0.050000,0,0,0
WI,54228,WISCONSIN STATE,BWMU,0.050000,0.050000,0,0,0
WI,54229,BROWN COUNTY,BWOR,0.055000,0.050000,0,0,0.005000
WI,54230,WISCONSIN STATE,BWMU,0.050000,0.050000,0,0,0
WI,54232,WISCONSIN STATE,BWMU,0.050000,0.050000,0,0,0
WI,54234,DOOR COUNTY,BWTQ,0.055000,0.050000,0.005000,0,0
WI,54235,DOOR COUNTY,BWTQ,0.055000,0.050000,0.005000,0,0
WI,54241,WISCONSIN STATE,BWMU,0.050000,0.050000,0,0,0
WI,54245,WISCONSIN STATE,BWMU,0.050000,0.050000,0,0,0
WI,54246,DOOR COUNTY,BWTQ,0.055000,0.050000,0.005000,0,0
WI,54247,WISCONSIN STATE,BWMU,0.050000,0.050000,0,0,0
WI,54301,BROWN COUNTY,BWOR,0.055000,0.050000,0,0,0.005000
WI,54302,BROWN COUNTY,BWOR,0.055000,0.050000,0,0,0.005000
WI,54303,BROWN COUNTY,BWOR,0.055000,0.050000,0,0,0.005000
WI,54304,BROWN COUNTY,BWOR,0.055000,0.050000,0,0,0.005000
WI,54305,BROWN COUNTY,BWOR,0.055000,0.050000,0,0,0.005000
WI,54306,BROWN COUNTY,BWOR,0.055000,0.050000,0,0,0.005000
WI,54307,BROWN COUNTY,BWOR,0.055000,0.050000,0,0,0.005000
WI,54308,BROWN COUNTY,BWOR,0.055000,0.050000,0,0,0.005000
WI,54311,BROWN COUNTY,BWOR,0.055000,0.050000,0,0,0.005000
WI,54313,BROWN COUNTY,BWOR,0.055000,0.050000,0,0,0.005000
WI,54324,BROWN COUNTY,BWOR,0.055000,0.050000,0,0,0.005000
WI,54344,BROWN COUNTY,BWOR,0.055000,0.050000,0,0,0.005000
WI,54401,MARATHON COUNTY,BXDH,0.055000,0.050000,0.005000,0,0
WI,54402,MARATHON COUNTY,BXDH,0.055000,0.050000,0.005000,0,0
WI,54403,MARATHON COUNTY,BXDH,0.055000,0.050000,0.005000,0,0
WI,54404,WOOD COUNTY,BXUI,0.055000,0.050000,0.005000,0,0
WI,54405,CLARK COUNTY,BWQH,0.055000,0.050000,0.005000,0,0
WI,54406,PORTAGE COUNTY,BXJC,0.055000,0.050000,0.005000,0,0
WI,54407,PORTAGE COUNTY,BXJC,0.055000,0.050000,0.005000,0,0
WI,54408,MARATHON COUNTY,BXDH,0.055000,0.050000,0.005000,0,0
WI,54409,LANGLADE COUNTY,BXBV,0.055000,0.050000,0.005000,0,0
WI,54410,WOOD COUNTY,BXUI,0.055000,0.050000,0.005000,0,0
WI,54411,MARATHON COUNTY,BXDH,0.055000,0.050000,0.005000,0,0
WI,54412,WOOD COUNTY,BXUI,0.055000,0.050000,0.005000,0,0
WI,54413,WOOD COUNTY,BXUI,0.055000,0.050000,0.005000,0,0
WI,54414,SHAWANO COUNTY,BXMO,0.055000,0.050000,0.005000,0,0
WI,54415,WOOD COUNTY,BXUI,0.055000,0.050000,0.005000,0,0
WI,54416,SHAWANO COUNTY,BXMO,0.055000,0.050000,0.005000,0,0
WI,54417,MARATHON COUNTY,BXDH,0.055000,0.050000,0.005000,0,0
WI,54418,LANGLADE COUNTY,BXBV,0.055000,0.050000,0.005000,0,0
WI,54420,CLARK COUNTY,BWQH,0.055000,0.050000,0.005000,0,0
WI,54421,CLARK COUNTY,BWQH,0.055000,0.050000,0.005000,0,0
WI,54422,CLARK COUNTY,BWQH,0.055000,0.050000,0.005000,0,0
WI,54423,PORTAGE COUNTY,BXJC,0.055000,0.050000,0.005000,0,0
WI,54424,LANGLADE COUNTY,BXBV,0.055000,0.050000,0.005000,0,0
WI,54425,CLARK COUNTY,BWQH,0.055000,0.050000,0.005000,0,0
WI,54426,MARATHON COUNTY,BXDH,0.055000,0.050000,0.005000,0,0
WI,54427,MARATHON COUNTY,BXDH,0.055000,0.050000,0.005000,0,0
WI,54428,LANGLADE COUNTY,BXBV,0.055000,0.050000,0.005000,0,0
WI,54429,SHAWANO COUNTY,BXMO,0.055000,0.050000,0.005000,0,0
WI,54430,LANGLADE COUNTY,BXBV,0.055000,0.050000,0.005000,0,0
WI,54432,SHAWANO COUNTY,BXMO,0.055000,0.050000,0.005000,0,0
WI,54433,TAYLOR COUNTY,BXOJ,0.055000,0.050000,0.005000,0,0
WI,54434,TAYLOR COUNTY,BXOJ,0.055000,0.050000,0.005000,0,0
WI,54435,LINCOLN COUNTY,BXCJ,0.055000,0.050000,0.005000,0,0
WI,54436,CLARK COUNTY,BWQH,0.055000,0.050000,0.005000,0,0
WI,54437,CLARK COUNTY,BWQH,0.055000,0.050000,0.005000,0,0
WI,54439,TAYLOR COUNTY,BXOJ,0.055000,0.050000,0.005000,0,0
WI,54440,MARATHON COUNTY,BXDH,0.055000,0.050000,0.005000,0,0
WI,54441,WOOD COUNTY,BXUI,0.055000,0.050000,0.005000,0,0
WI,54442,LINCOLN COUNTY,BXCJ,0.055000,0.050000,0.005000,0,0
WI,54443,PORTAGE COUNTY,BXJC,0.055000,0.050000,0.005000,0,0
WI,54446,CLARK COUNTY,BWQH,0.055000,0.050000,0.005000,0,0
WI,54447,TAYLOR COUNTY,BXOJ,0.055000,0.050000,0.005000,0,0
WI,54448,MARATHON COUNTY,BXDH,0.055000,0.050000,0.005000,0,0
WI,54449,WOOD COUNTY,BXUI,0.055000,0.050000,0.005000,0,0
WI,54450,SHAWANO COUNTY,BXMO,0.055000,0.050000,0.005000,0,0
WI,54451,TAYLOR COUNTY,BXOJ,0.055000,0.050000,0.005000,0,0
WI,54452,LINCOLN COUNTY,BXCJ,0.055000,0.050000,0.005000,0,0
WI,54454,WOOD COUNTY,BXUI,0.055000,0.050000,0.005000,0,0
WI,54455,MARATHON COUNTY,BXDH,0.055000,0.050000,0.005000,0,0
WI,54456,CLARK COUNTY,BWQH,0.055000,0.050000,0.005000,0,0
WI,54457,WOOD COUNTY,BXUI,0.055000,0.050000,0.005000,0,0
WI,54458,PORTAGE COUNTY,BXJC,0.055000,0.050000,0.005000,0,0
WI,54459,PRICE COUNTY,BXJO,0.055000,0.050000,0.005000,0,0
WI,54460,CLARK COUNTY,BWQH,0.055000,0.050000,0.005000,0,0
WI,54462,LANGLADE COUNTY,BXBV,0.055000,0.050000,0.005000,0,0
WI,54463,ONEIDA COUNTY,BXGI,0.055000,0.050000,0.005000,0,0
WI,54464,LANGLADE COUNTY,BXBV,0.055000,0.050000,0.005000,0,0
WI,54465,LANGLADE COUNTY,BXBV,0.055000,0.050000,0.005000,0,0
WI,54466,WOOD COUNTY,BXUI,0.055000,0.050000,0.005000,0,0
WI,54467,PORTAGE COUNTY,BXJC,0.055000,0.050000,0.005000,0,0
WI,54469,WOOD COUNTY,BXUI,0.055000,0.050000,0.005000,0,0
WI,54470,TAYLOR COUNTY,BXOJ,0.055000,0.050000,0.005000,0,0
WI,54471,MARATHON COUNTY,BXDH,0.055000,0.050000,0.005000,0,0
WI,54472,WOOD COUNTY,BXUI,0.055000,0.050000,0.005000,0,0
WI,54473,PORTAGE COUNTY,BXJC,0.055000,0.050000,0.005000,0,0
WI,54474,MARATHON COUNTY,BXDH,0.055000,0.050000,0.005000,0,0
WI,54475,WOOD COUNTY,BXUI,0.055000,0.050000,0.005000,0,0
WI,54476,MARATHON COUNTY,BXDH,0.055000,0.050000,0.005000,0,0
WI,54479,MARATHON COUNTY,BXDH,0.055000,0.050000,0.005000,0,0
WI,54480,TAYLOR COUNTY,BXOJ,0.055000,0.050000,0.005000,0,0
WI,54481,PORTAGE COUNTY,BXJC,0.055000,0.050000,0.005000,0,0
WI,54482,PORTAGE COUNTY,BXJC,0.055000,0.050000,0.005000,0,0
WI,54484,MARATHON COUNTY,BXDH,0.055000,0.050000,0.005000,0,0
WI,54485,LANGLADE COUNTY,BXBV,0.055000,0.050000,0.005000,0,0
WI,54486,SHAWANO COUNTY,BXMO,0.055000,0.050000,0.005000,0,0
WI,54487,LINCOLN COUNTY,BXCJ,0.055000,0.050000,0.005000,0,0
WI,54488,CLARK COUNTY,BWQH,0.055000,0.050000,0.005000,0,0
WI,54489,WOOD COUNTY,BXUI,0.055000,0.050000,0.005000,0,0
WI,54490,TAYLOR COUNTY,BXOJ,0.055000,0.050000,0.005000,0,0
WI,54491,LANGLADE COUNTY,BXBV,0.055000,0.050000,0.005000,0,0
WI,54492,PORTAGE COUNTY,BXJC,0.055000,0.050000,0.005000,0,0
WI,54493,CLARK COUNTY,BWQH,0.055000,0.050000,0.005000,0,0
WI,54494,WOOD COUNTY,BXUI,0.055000,0.050000,0.005000,0,0
WI,54495,WOOD COUNTY,BXUI,0.055000,0.050000,0.005000,0,0
WI,54498,CLARK COUNTY,BWQH,0.055000,0.050000,0.005000,0,0
WI,54499,SHAWANO COUNTY,BXMO,0.055000,0.050000,0.005000,0,0
WI,54501,ONEIDA COUNTY,BXGI,0.055000,0.050000,0.005000,0,0
WI,54511,FOREST COUNTY,BWWB,0.055000,0.050000,0.005000,0,0
WI,54512,VILAS COUNTY,BXPT,0.055000,0.050000,0.005000,0,0
WI,54513,PRICE COUNTY,BXJO,0.055000,0.050000,0.005000,0,0
WI,54514,ASHLAND COUNTY,BWND,0.055000,0.050000,0.005000,0,0
WI,54515,PRICE COUNTY,BXJO,0.055000,0.050000,0.005000,0,0
WI,54517,ASHLAND COUNTY,BWND,0.055000,0.050000,0.005000,0,0
WI,54519,VILAS COUNTY,BXPT,0.055000,0.050000,0.005000,0,0
WI,54520,FOREST COUNTY,BWWB,0.055000,0.050000,0.005000,0,0
WI,54521,VILAS COUNTY,BXPT,0.055000,0.050000,0.005000,0,0
WI,54524,PRICE COUNTY,BXJO,0.055000,0.050000,0.005000,0,0
WI,54525,IRON COUNTY,BWYN,0.055000,0.050000,0.005000,0,0
WI,54526,RUSK COUNTY,BXLA,0.055000,0.050000,0.005000,0,0
WI,54527,ASHLAND COUNTY,BWND,0.055000,0.050000,0.005000,0,0
WI,54529,ONEIDA COUNTY,BXGI,0.055000,0.050000,0.005000,0,0
WI,54530,RUSK COUNTY,BXLA,0.055000,0.050000,0.005000,0,0
WI,54531,ONEIDA COUNTY,BXGI,0.055000,0.050000,0.005000,0,0
WI,54532,LINCOLN COUNTY,BXCJ,0.055000,0.050000,0.005000,0,0
WI,54534,IRON COUNTY,BWYN,0.055000,0.050000,0.005000,0,0
WI,54536,IRON COUNTY,BWYN,0.055000,0.050000,0.005000,0,0
WI,54537,PRICE COUNTY,BXJO,0.055000,0.050000,0.005000,0,0
WI,54538,VILAS COUNTY,BXPT,0.055000,0.050000,0.005000,0,0
WI,54539,ONEIDA COUNTY,BXGI,0.055000,0.050000,0.005000,0,0
WI,54540,VILAS COUNTY,BXPT,0.055000,0.050000,0.005000,0,0
WI,54541,FOREST COUNTY,BWWB,0.055000,0.050000,0.005000,0,0
WI,54542,FLORENCE COUNTY,BWVH,0.055000,0.050000,0.005000,0,0
WI,54543,ONEIDA COUNTY,BXGI,0.055000,0.050000,0.005000,0,0
WI,54545,VILAS COUNTY,BXPT,0.055000,0.050000,0.005000,0,0
WI,54546,ASHLAND COUNTY,BWND,0.055000,0.050000,0.005000,0,0
WI,54547,IRON COUNTY,BWYN,0.055000,0.050000,0.005000,0,0
WI,54548,ONEIDA COUNTY,BXGI,0.055000,0.050000,0.005000,0,0
WI,54550,IRON COUNTY,BWYN,0.055000,0.050000,0.005000,0,0
WI,54552,PRICE COUNTY,BXJO,0.055000,0.050000,0.005000,0,0
WI,54554,VILAS COUNTY,BXPT,0.055000,0.050000,0.005000,0,0
WI,54555,PRICE COUNTY,BXJO,0.055000,0.050000,0.005000,0,0
WI,54556,PRICE COUNTY,BXJO,0.055000,0.050000,0.005000,0,0
WI,54557,VILAS COUNTY,BXPT,0.055000,0.050000,0.005000,0,0
WI,54558,VILAS COUNTY,BXPT,0.055000,0.050000,0.005000,0,0
WI,54559,IRON COUNTY,BWYN,0.055000,0.050000,0.005000,0,0
WI,54560,VILAS COUNTY,BXPT,0.055000,0.050000,0.005000,0,0
WI,54561,VILAS COUNTY,BXPT,0.055000,0.050000,0.005000,0,0
WI,54562,ONEIDA COUNTY,BXGI,0.055000,0.050000,0.005000,0,0
WI,54563,RUSK COUNTY,BXLA,0.055000,0.050000,0.005000,0,0
WI,54564,ONEIDA COUNTY,BXGI,0.055000,0.050000,0.005000,0,0
WI,54565,IRON COUNTY,BWYN,0.055000,0.050000,0.005000,0,0
WI,54566,FOREST COUNTY,BWWB,0.055000,0.050000,0.005000,0,0
WI,54568,VILAS COUNTY,BXPT,0.055000,0.050000,0.005000,0,0
WI,54601,LA CROSSE COUNTY,BXBC,0.055000,0.050000,0.005000,0,0
WI,54602,LA CROSSE COUNTY,BXBC,0.055000,0.050000,0.005000,0,0
WI,54603,LA CROSSE COUNTY,BXBC,0.055000,0.050000,0.005000,0,0
WI,54610,BUFFALO COUNTY,BWPA,0.055000,0.050000,0.005000,0,0
WI,54611,JACKSON COUNTY,BWYW,0.055000,0.050000,0.005000,0,0
WI,54612,TREMPEALEAU COUNTY,BXOT,0.055000,0.050000,0.005000,0,0
WI,54613,ADAMS COUNTY,BWMV,0.055000,0.050000,0.005000,0,0
WI,54614,LA CROSSE COUNTY,BXBC,0.055000,0.050000,0.005000,0,0
WI,54615,JACKSON COUNTY,BWYW,0.055000,0.050000,0.005000,0,0
WI,54616,TREMPEALEAU COUNTY,BXOT,0.055000,0.050000,0.005000,0,0
WI,54618,JUNEAU COUNTY,BWZR,0.055000,0.050000,0.005000,0,0
WI,54619,MONROE COUNTY,BXFJ,0.055000,0.050000,0.005000,0,0
WI,54620,MONROE COUNTY,BXFJ,0.055000,0.050000,0.005000,0,0
WI,54621,VERNON COUNTY,BXPG,0.055000,0.050000,0.005000,0,0
WI,54622,BUFFALO COUNTY,BWPA,0.055000,0.050000,0.005000,0,0
WI,54623,VERNON COUNTY,BXPG,0.055000,0.050000,0.005000,0,0
WI,54624,VERNON COUNTY,BXPG,0.055000,0.050000,0.005000,0,0
WI,54625,TREMPEALEAU COUNTY,BXOT,0.055000,0.050000,0.005000,0,0
WI,54626,CRAWFORD COUNTY,BWRL,0.055000,0.050000,0.005000,0,0
WI,54627,TREMPEALEAU COUNTY,BXOT,0.055000,0.050000,0.005000,0,0
WI,54628,CRAWFORD COUNTY,BWRL,0.055000,0.050000,0.005000,0,0
WI,54629,BUFFALO COUNTY,BWPA,0.055000,0.050000,0.005000,0,0
WI,54630,TREMPEALEAU COUNTY,BXOT,0.055000,0.050000,0.005000,0,0
WI,54631,CRAWFORD COUNTY,BWRL,0.055000,0.050000,0.005000,0,0
WI,54632,VERNON COUNTY,BXPG,0.055000,0.050000,0.005000,0,0
WI,54634,VERNON COUNTY,BXPG,0.055000,0.050000,0.005000,0,0
WI,54635,JACKSON COUNTY,BWYW,0.055000,0.050000,0.005000,0,0
WI,54636,LA CROSSE COUNTY,BXBC,0.055000,0.050000,0.005000,0,0
WI,54637,JUNEAU COUNTY,BWZR,0.055000,0.050000,0.005000,0,0
WI,54638,MONROE COUNTY,BXFJ,0.055000,0.050000,0.005000,0,0
WI,54639,VERNON COUNTY,BXPG,0.055000,0.050000,0.005000,0,0
WI,54640,CRAWFORD COUNTY,BWRL,0.055000,0.050000,0.005000,0,0
WI,54641,MONROE COUNTY,BXFJ,0.055000,0.050000,0.005000,0,0
WI,54642,JACKSON COUNTY,BWYW,0.055000,0.050000,0.005000,0,0
WI,54643,JACKSON COUNTY,BWYW,0.055000,0.050000,0.005000,0,0
WI,54644,LA CROSSE COUNTY,BXBC,0.055000,0.050000,0.005000,0,0
WI,54645,CRAWFORD COUNTY,BWRL,0.055000,0.050000,0.005000,0,0
WI,54646,JUNEAU COUNTY,BWZR,0.055000,0.050000,0.005000,0,0
WI,54648,MONROE COUNTY,BXFJ,0.055000,0.050000,0.005000,0,0
WI,54649,MONROE COUNTY,BXFJ,0.055000,0.050000,0.005000,0,0
WI,54650,LA CROSSE COUNTY,BXBC,0.055000,0.050000,0.005000,0,0
WI,54651,VERNON COUNTY,BXPG,0.055000,0.050000,0.005000,0,0
WI,54652,VERNON COUNTY,BXPG,0.055000,0.050000,0.005000,0,0
WI,54653,LA CROSSE COUNTY,BXBC,0.055000,0.050000,0.005000,0,0
WI,54654,CRAWFORD COUNTY,BWRL,0.055000,0.050000,0.005000,0,0
WI,54655,CRAWFORD COUNTY,BWRL,0.055000,0.050000,0.005000,0,0
WI,54656,MONROE COUNTY,BXFJ,0.055000,0.050000,0.005000,0,0
WI,54657,CRAWFORD COUNTY,BWRL,0.055000,0.050000,0.005000,0,0
WI,54658,VERNON COUNTY,BXPG,0.055000,0.050000,0.005000,0,0
WI,54659,JACKSON COUNTY,BWYW,0.055000,0.050000,0.005000,0,0
WI,54660,MONROE COUNTY,BXFJ,0.055000,0.050000,0.005000,0,0
WI,54661,TREMPEALEAU COUNTY,BXOT,0.055000,0.050000,0.005000,0,0
WI,54662,MONROE COUNTY,BXFJ,0.055000,0.050000,0.005000,0,0
WI,54664,RICHLAND COUNTY,BXKH,0.055000,0.050000,0.005000,0,0
WI,54665,VERNON COUNTY,BXPG,0.055000,0.050000,0.005000,0,0
WI,54666,MONROE COUNTY,BXFJ,0.055000,0.050000,0.005000,0,0
WI,54667,VERNON COUNTY,BXPG,0.055000,0.050000,0.005000,0,0
WI,54669,LA CROSSE COUNTY,BXBC,0.055000,0.050000,0.005000,0,0
WI,54670,MONROE COUNTY,BXFJ,0.055000,0.050000,0.005000,0,0
WI,54701,EAU CLAIRE COUNTY,BWVB,0.055000,0.050000,0.005000,0,0
WI,54702,EAU CLAIRE COUNTY,BWVB,0.055000,0.050000,0.005000,0,0
WI,54703,EAU CLAIRE COUNTY,BWVB,0.055000,0.050000,0.005000,0,0
WI,54720,EAU CLAIRE COUNTY,BWVB,0.055000,0.050000,0.005000,0,0
WI,54721,PEPIN COUNTY,BXHV,0.055000,0.050000,0.005000,0,0
WI,54722,EAU CLAIRE COUNTY,BWVB,0.055000,0.050000,0.005000,0,0
WI,54723,PIERCE COUNTY,BXIA,0.055000,0.050000,0.005000,0,0
WI,54724,CHIPPEWA COUNTY,BWPW,0.055000,0.050000,0.005000,0,0
WI,54725,DUNN COUNTY,BWUO,0.055000,0.050000,0.005000,0,0
WI,54726,CHIPPEWA COUNTY,BWPW,0.055000,0.050000,0.005000,0,0
WI,54727,CHIPPEWA COUNTY,BWPW,0.055000,0.050000,0.005000,0,0
WI,54728,BARRON COUNTY,BWNN,0.055000,0.050000,0.005000,0,0
WI,54729,CHIPPEWA COUNTY,BWPW,0.055000,0.050000,0.005000,0,0
WI,54730,DUNN COUNTY,BWUO,0.055000,0.050000,0.005000,0,0
WI,54731,RUSK COUNTY,BXLA,0.055000,0.050000,0.005000,0,0
WI,54732,CHIPPEWA COUNTY,BWPW,0.055000,0.050000,0.005000,0,0
WI,54733,BARRON COUNTY,BWNN,0.055000,0.050000,0.005000,0,0
WI,54734,DUNN COUNTY,BWUO,0.055000,0.050000,0.005000,0,0
WI,54735,DUNN COUNTY,BWUO,0.055000,0.050000,0.005000,0,0
WI,54736,PEPIN COUNTY,BXHV,0.055000,0.050000,0.005000,0,0
WI,54737,DUNN COUNTY,BWUO,0.055000,0.050000,0.005000,0,0
WI,54738,EAU CLAIRE COUNTY,BWVB,0.055000,0.050000,0.005000,0,0
WI,54739,DUNN COUNTY,BWUO,0.055000,0.050000,0.005000,0,0
WI,54740,PIERCE COUNTY,BXIA,0.055000,0.050000,0.005000,0,0
WI,54741,EAU CLAIRE COUNTY,BWVB,0.055000,0.050000,0.005000,0,0
WI,54742,EAU CLAIRE COUNTY,BWVB,0.055000,0.050000,0.005000,0,0
WI,54743,BUFFALO COUNTY,BWPA,0.055000,0.050000,0.005000,0,0
WI,54745,CHIPPEWA COUNTY,BWPW,0.055000,0.050000,0.005000,0,0
WI,54746,CLARK COUNTY,BWQH,0.055000,0.050000,0.005000,0,0
WI,54747,TREMPEALEAU COUNTY,BXOT,0.055000,0.050000,0.005000,0,0
WI,54748,CHIPPEWA COUNTY,BWPW,0.055000,0.050000,0.005000,0,0
WI,54749,DUNN COUNTY,BWUO,0.055000,0.050000,0.005000,0,0
WI,54750,PIERCE COUNTY,BXIA,0.055000,0.050000,0.005000,0,0
WI,54751,DUNN COUNTY,BWUO,0.055000,0.050000,0.005000,0,0
WI,54754,JACKSON COUNTY,BWYW,0.055000,0.050000,0.005000,0,0
WI,54755,BUFFALO COUNTY,BWPA,0.055000,0.050000,0.005000,0,0
WI,54756,BUFFALO COUNTY,BWPA,0.055000,0.050000,0.005000,0,0
WI,54757,CHIPPEWA COUNTY,BWPW,0.055000,0.050000,0.005000,0,0
WI,54758,TREMPEALEAU COUNTY,BXOT,0.055000,0.050000,0.005000,0,0
WI,54759,PEPIN COUNTY,BXHV,0.055000,0.050000,0.005000,0,0
WI,54760,TREMPEALEAU COUNTY,BXOT,0.055000,0.050000,0.005000,0,0
WI,54761,PIERCE COUNTY,BXIA,0.055000,0.050000,0.005000,0,0
WI,54762,BARRON COUNTY,BWNN,0.055000,0.050000,0.005000,0,0
WI,54763,DUNN COUNTY,BWUO,0.055000,0.050000,0.005000,0,0
WI,54764,BUFFALO COUNTY,BWPA,0.055000,0.050000,0.005000,0,0
WI,54765,DUNN COUNTY,BWUO,0.055000,0.050000,0.005000,0,0
WI,54766,RUSK COUNTY,BXLA,0.055000,0.050000,0.005000,0,0
WI,54767,PIERCE COUNTY,BXIA,0.055000,0.050000,0.005000,0,0
WI,54768,CHIPPEWA COUNTY,BWPW,0.055000,0.050000,0.005000,0,0
WI,54769,PEPIN COUNTY,BXHV,0.055000,0.050000,0.005000,0,0
WI,54770,TREMPEALEAU COUNTY,BXOT,0.055000,0.050000,0.005000,0,0
WI,54771,CLARK COUNTY,BWQH,0.055000,0.050000,0.005000,0,0
WI,54772,DUNN COUNTY,BWUO,0.055000,0.050000,0.005000,0,0
WI,54773,TREMPEALEAU COUNTY,BXOT,0.055000,0.050000,0.005000,0,0
WI,54774,CHIPPEWA COUNTY,BWPW,0.055000,0.050000,0.005000,0,0
WI,54801,WASHBURN COUNTY,BXQX,0.055000,0.050000,0.005000,0,0
WI,54805,BARRON COUNTY,BWNN,0.055000,0.050000,0.005000,0,0
WI,54806,ASHLAND COUNTY,BWND,0.055000,0.050000,0.005000,0,0
WI,54810,POLK COUNTY,BXIM,0.055000,0.050000,0.005000,0,0
WI,54812,BARRON COUNTY,BWNN,0.055000,0.050000,0.005000,0,0
WI,54813,BARRON COUNTY,BWNN,0.055000,0.050000,0.005000,0,0
WI,54814,BAYFIELD COUNTY,BWOF,0.055000,0.050000,0.005000,0,0
WI,54816,BAYFIELD COUNTY,BWOF,0.055000,0.050000,0.005000,0,0
WI,54817,WASHBURN COUNTY,BXQX,0.055000,0.050000,0.005000,0,0
WI,54818,BARRON COUNTY,BWNN,0.055000,0.050000,0.005000,0,0
WI,54819,RUSK COUNTY,BXLA,0.055000,0.050000,0.005000,0,0
WI,54820,DOUGLAS COUNTY,BWUC,0.055000,0.050000,0.005000,0,0
WI,54821,BAYFIELD COUNTY,BWOF,0.055000,0.050000,0.005000,0,0
WI,54822,BARRON COUNTY,BWNN,0.055000,0.050000,0.005000,0,0
WI,54824,POLK COUNTY,BXIM,0.055000,0.050000,0.005000,0,0
WI,54826,BARRON COUNTY,BWNN,0.055000,0.050000,0.005000,0,0
WI,54827,BAYFIELD COUNTY,BWOF,0.055000,0.050000,0.005000,0,0
WI,54828,SAWYER COUNTY,BXMF,0.055000,0.050000,0.005000,0,0
WI,54829,BARRON COUNTY,BWNN,0.055000,0.050000,0.005000,0,0
WI,54830,BURNETT COUNTY,BWPH,0.055000,0.050000,0.005000,0,0
WI,54832,BAYFIELD COUNTY,BWOF,0.055000,0.050000,0.005000,0,0
WI,54834,WASHBURN COUNTY,BXQX,0.055000,0.050000,0.005000,0,0
WI,54835,SAWYER COUNTY,BXMF,0.055000,0.050000,0.005000,0,0
WI,54836,DOUGLAS COUNTY,BWUC,0.055000,0.050000,0.005000,0,0
WI,54837,POLK COUNTY,BXIM,0.055000,0.050000,0.005000,0,0
WI,54838,DOUGLAS COUNTY,BWUC,0.055000,0.050000,0.005000,0,0
WI,54839,BAYFIELD COUNTY,BWOF,0.055000,0.050000,0.005000,0,0
WI,54840,BURNETT COUNTY,BWPH,0.055000,0.050000,0.005000,0,0
WI,54841,BARRON COUNTY,BWNN,0.055000,0.050000,0.005000,0,0
WI,54842,DOUGLAS COUNTY,BWUC,0.055000,0.050000,0.005000,0,0
WI,54843,SAWYER COUNTY,BXMF,0.055000,0.050000,0.005000,0,0
WI,54844,BAYFIELD COUNTY,BWOF,0.055000,0.050000,0.005000,0,0
WI,54845,BURNETT COUNTY,BWPH,0.055000,0.050000,0.005000,0,0
WI,54846,ASHLAND COUNTY,BWND,0.055000,0.050000,0.005000,0,0
WI,54847,BAYFIELD COUNTY,BWOF,0.055000,0.050000,0.005000,0,0
WI,54848,RUSK COUNTY,BXLA,0.055000,0.050000,0.005000,0,0
WI,54849,DOUGLAS COUNTY,BWUC,0.055000,0.050000,0.005000,0,0
WI,54850,BAYFIELD COUNTY,BWOF,0.055000,0.050000,0.005000,0,0
WI,54853,POLK COUNTY,BXIM,0.055000,0.050000,0.005000,0,0
WI,54854,DOUGLAS COUNTY,BWUC,0.055000,0.050000,0.005000,0,0
WI,54855,ASHLAND COUNTY,BWND,0.055000,0.050000,0.005000,0,0
WI,54856,BAYFIELD COUNTY,BWOF,0.055000,0.050000,0.005000,0,0
WI,54857,WASHBURN COUNTY,BXQX,0.055000,0.050000,0.005000,0,0
WI,54858,POLK COUNTY,BXIM,0.055000,0.050000,0.005000,0,0
WI,54859,WASHBURN COUNTY,BXQX,0.055000,0.050000,0.005000,0,0
WI,54861,ASHLAND COUNTY,BWND,0.055000,0.050000,0.005000,0,0
WI,54862,SAWYER COUNTY,BXMF,0.055000,0.050000,0.005000,0,0
WI,54864,DOUGLAS COUNTY,BWUC,0.055000,0.050000,0.005000,0,0
WI,54865,BAYFIELD COUNTY,BWOF,0.055000,0.050000,0.005000,0,0
WI,54867,SAWYER COUNTY,BXMF,0.055000,0.050000,0.005000,0,0
WI,54868,BARRON COUNTY,BWNN,0.055000,0.050000,0.005000,0,0
WI,54870,WASHBURN COUNTY,BXQX,0.055000,0.050000,0.005000,0,0
WI,54871,WASHBURN COUNTY,BXQX,0.055000,0.050000,0.005000,0,0
WI,54872,BURNETT COUNTY,BWPH,0.055000,0.050000,0.005000,0,0
WI,54873,DOUGLAS COUNTY,BWUC,0.055000,0.050000,0.005000,0,0
WI,54874,DOUGLAS COUNTY,BWUC,0.055000,0.050000,0.005000,0,0
WI,54875,WASHBURN COUNTY,BXQX,0.055000,0.050000,0.005000,0,0
WI,54876,SAWYER COUNTY,BXMF,0.055000,0.050000,0.005000,0,0
WI,54880,DOUGLAS COUNTY,BWUC,0.055000,0.050000,0.005000,0,0
WI,54888,WASHBURN COUNTY,BXQX,0.055000,0.050000,0.005000,0,0
WI,54889,BARRON COUNTY,BWNN,0.055000,0.050000,0.005000,0,0
WI,54890,WASHBURN COUNTY,BXQX,0.055000,0.050000,0.005000,0,0
WI,54891,BAYFIELD COUNTY,BWOF,0.055000,0.050000,0.005000,0,0
WI,54893,BURNETT COUNTY,BWPH,0.055000,0.050000,0.005000,0,0
WI,54895,RUSK COUNTY,BXLA,0.055000,0.050000,0.005000,0,0
WI,54896,SAWYER COUNTY,BXMF,0.055000,0.050000,0.005000,0,0
WI,54901,WISCONSIN STATE,BWMU,0.050000,0.050000,0,0,0
WI,54902,WISCONSIN STATE,BWMU,0.050000,0.050000,0,0,0
WI,54903,WISCONSIN STATE,BWMU,0.050000,0.050000,0,0,0
WI,54904,WISCONSIN STATE,BWMU,0.050000,0.050000,0,0,0
WI,54906,WISCONSIN STATE,BWMU,0.050000,0.050000,0,0,0
WI,54909,PORTAGE COUNTY,BXJC,0.055000,0.050000,0.005000,0,0
WI,54911,WISCONSIN STATE,BWMU,0.050000,0.050000,0,0,0
WI,54912,WISCONSIN STATE,BWMU,0.050000,0.050000,0,0,0
WI,54913,WISCONSIN STATE,BWMU,0.050000,0.050000,0,0,0
WI,54914,WISCONSIN STATE,BWMU,0.050000,0.050000,0,0,0
WI,54915,WISCONSIN STATE,BWMU,0.050000,0.050000,0,0,0
WI,54919,WISCONSIN STATE,BWMU,0.050000,0.050000,0,0,0
WI,54921,PORTAGE COUNTY,BXJC,0.055000,0.050000,0.005000,0,0
WI,54922,WISCONSIN STATE,BWMU,0.050000,0.050000,0,0,0
WI,54923,GREEN LAKE COUNTY,BWXO,0.055000,0.050000,0.005000,0,0
WI,54926,WAUPACA COUNTY,BXSU,0.055000,0.050000,0.005000,0,0
WI,54927,WISCONSIN STATE,BWMU,0.050000,0.050000,0,0,0
WI,54928,SHAWANO COUNTY,BXMO,0.055000,0.050000,0.005000,0,0
WI,54929,WAUPACA COUNTY,BXSU,0.055000,0.050000,0.005000,0,0
WI,54930,WAUSHARA COUNTY,BXTL,0.055000,0.050000,0.005000,0,0
WI,54931,WISCONSIN STATE,BWMU,0.050000,0.050000,0,0,0
WI,54932,FOND DU LAC COUNTY,BWVL,0.055000,0.050000,0.005000,0,0
WI,54933,WAUPACA COUNTY,BXSU,0.055000,0.050000,0.005000,0,0
WI,54934,WISCONSIN STATE,BWMU,0.050000,0.050000,0,0,0
WI,54935,FOND DU LAC COUNTY,BWVL,0.055000,0.050000,0.005000,0,0
WI,54936,FOND DU LAC COUNTY,BWVL,0.055000,0.050000,0.005000,0,0
WI,54937,FOND DU LAC COUNTY,BWVL,0.055000,0.050000,0.005000,0,0
WI,54940,WAUPACA COUNTY,BXSU,0.055000,0.050000,0.005000,0,0
WI,54941,GREEN LAKE COUNTY,BWXO,0.055000,0.050000,0.005000,0,0
WI,54942,WISCONSIN STATE,BWMU,0.050000,0.050000,0,0,0
WI,54943,WAUSHARA COUNTY,BXTL,0.055000,0.050000,0.005000,0,0
WI,54944,WISCONSIN STATE,BWMU,0.050000,0.050000,0,0,0
WI,54945,WAUPACA COUNTY,BXSU,0.055000,0.050000,0.005000,0,0
WI,54946,WAUPACA COUNTY,BXSU,0.055000,0.050000,0.005000,0,0
WI,54947,WISCONSIN STATE,BWMU,0.050000,0.050000,0,0,0
WI,54948,SHAWANO COUNTY,BXMO,0.055000,0.050000,0.005000,0,0
WI,54949,WAUPACA COUNTY,BXSU,0.055000,0.050000,0.005000,0,0
WI,54950,WAUPACA COUNTY,BXSU,0.055000,0.050000,0.005000,0,0
WI,54952,WISCONSIN STATE,BWMU,0.050000,0.050000,0,0,0
WI,54956,WISCONSIN STATE,BWMU,0.050000,0.050000,0,0,0
WI,54957,WISCONSIN STATE,BWMU,0.050000,0.050000,0,0,0
WI,54960,MARQUETTE COUNTY,BXEP,0.055000,0.050000,0.005000,0,0
WI,54961,WAUPACA COUNTY,BXSU,0.055000,0.050000,0.005000,0,0
WI,54962,WAUPACA COUNTY,BXSU,0.055000,0.050000,0.005000,0,0
WI,54963,WISCONSIN STATE,BWMU,0.050000,0.050000,0,0,0
WI,54964,WISCONSIN STATE,BWMU,0.050000,0.050000,0,0,0
WI,54965,WAUSHARA COUNTY,BXTL,0.055000,0.050000,0.005000,0,0
WI,54966,WAUSHARA COUNTY,BXTL,0.055000,0.050000,0.005000,0,0
WI,54967,WAUSHARA COUNTY,BXTL,0.055000,0.050000,0.005000,0,0
WI,54968,GREEN LAKE COUNTY,BWXO,0.055000,0.050000,0.005000,0,0
WI,54969,WAUPACA COUNTY,BXSU,0.055000,0.050000,0.005000,0,0
WI,54970,WAUSHARA COUNTY,BXTL,0.055000,0.050000,0.005000,0,0
WI,54971,FOND DU LAC COUNTY,BWVL,0.055000,0.050000,0.005000,0,0
WI,54974,FOND DU LAC COUNTY,BWVL,0.055000,0.050000,0.005000,0,0
WI,54976,WAUSHARA COUNTY,BXTL,0.055000,0.050000,0.005000,0,0
WI,54977,WAUPACA COUNTY,BXSU,0.055000,0.050000,0.005000,0,0
WI,54978,SHAWANO COUNTY,BXMO,0.055000,0.050000,0.005000,0,0
WI,54979,FOND DU LAC COUNTY,BWVL,0.055000,0.050000,0.005000,0,0
WI,54980,WISCONSIN STATE,BWMU,0.050000,0.050000,0,0,0
WI,54981,WAUPACA COUNTY,BXSU,0.055000,0.050000,0.005000,0,0
WI,54982,WAUSHARA COUNTY,BXTL,0.055000,0.050000,0.005000,0,0
WI,54983,WAUPACA COUNTY,BXSU,0.055000,0.050000,0.005000,0,0
WI,54984,WAUSHARA COUNTY,BXTL,0.055000,0.050000,0.005000,0,0
WI,54985,WISCONSIN STATE,BWMU,0.050000,0.050000,0,0,0
WI,54986,WISCONSIN STATE,BWMU,0.050000,0.050000,0,0,0
WI,54990,WAUPACA COUNTY,BXSU,0.055000,0.050000,0.005000,0,0
