State,ZipCode,TaxRegionName,TaxRegionCode,CombinedRate,StateRate,CountyRate,CityRate,SpecialRate
WY,82001,LARAMIE COUNTY,BXYM,0.060000,0.040000,0.020000,0,0
WY,82002,LARAMIE COUNTY,BXYM,0.060000,0.040000,0.020000,0,0
WY,82003,LARAMIE COUNTY,BXYM,0.060000,0.040000,0.020000,0,0
WY,82005,LARAMIE COUNTY,BXYM,0.060000,0.040000,0.020000,0,0
WY,82006,LARAMIE COUNTY,BXYM,0.060000,0.040000,0.020000,0,0
WY,82007,LARAMIE COUNTY,BXYM,0.060000,0.040000,0.020000,0,0
WY,82008,LARAMIE COUNTY,BXYM,0.060000,0.040000,0.020000,0,0
WY,82009,LARAMIE COUNTY,BXYM,0.060000,0.040000,0.020000,0,0
WY,82010,LARAMIE COUNTY,BXYM,0.060000,0.040000,0.020000,0,0
WY,82050,LARAMIE COUNTY,BXYM,0.060000,0.040000,0.020000,0,0
WY,82051,ALBANY COUNTY,BXUY,0.060000,0.040000,0.020000,0,0
WY,82052,ALBANY COUNTY,BXUY,0.060000,0.040000,0.020000,0,0
WY,82053,LARAMIE COUNTY,BXYM,0.060000,0.040000,0.020000,0,0
WY,82054,LARAMIE COUNTY,BXYM,0.060000,0.040000,0.020000,0,0
WY,82055,ALBANY COUNTY,BXUY,0.060000,0.040000,0.020000,0,0
WY,82058,ALBANY COUNTY,BXUY,0.060000,0.040000,0.020000,0,0
WY,82059,LARAMIE COUNTY,BXYM,0.060000,0.040000,0.020000,0,0
WY,82060,LARAMIE COUNTY,BXYM,0.060000,0.040000,0.020000,0,0
WY,82061,LARAMIE COUNTY,BXYM,0.060000,0.040000,0.020000,0,0
WY,82063,ALBANY COUNTY,BXUY,0.060000,0.040000,0.020000,0,0
WY,82070,ALBANY COUNTY,BXUY,0.060000,0.040000,0.020000,0,0
WY,82071,ALBANY COUNTY,BXUY,0.060000,0.040000,0.020000,0,0
WY,82072,ALBANY COUNTY,BXUY,0.060000,0.040000,0.020000,0,0
WY,82073,ALBANY COUNTY,BXUY,0.060000,0.040000,0.020000,0,0
WY,82081,LARAMIE COUNTY,BXYM,0.060000,0.040000,0.020000,0,0
WY,82082,LARAMIE COUNTY,BXYM,0.060000,0.040000,0.020000,0,0
WY,82083,ALBANY COUNTY,BXUY,0.060000,0.040000,0.020000,0,0
WY,82084,ALBANY COUNTY,BXUY,0.060000,0.040000,0.020000,0,0
WY,82190,PARK COUNTY,BYAG,0.040000,0.040000,0.000000,0,0
WY,82201,PLATTE COUNTY,BYAO,0.060000,0.040000,0.020000,0,0
WY,82210,PLATTE COUNTY,BYAO,0.060000,0.040000,0.020000,0,0
WY,82212,GOSHEN COUNTY,BXXT,0.052500,0.040000,0.012500,0,0
WY,82213,PLATTE COUNTY,BYAO,0.060000,0.040000,0.020000,0,0
WY,82214,PLATTE COUNTY,BYAO,0.060000,0.040000,0.020000,0,0
WY,82215,PLATTE COUNTY,BYAO,0.060000,0.040000,0.020000,0,0
WY,82217,GOSHEN COUNTY,BXXT,0.052500,0.040000,0.012500,0,0
WY,82218,GOSHEN COUNTY,BXXT,0.052500,0.040000,0.012500,0,0
WY,82219,GOSHEN COUNTY,BXXT,0.052500,0.040000,0.012500,0,0
WY,82221,GOSHEN COUNTY,BXXT,0.052500,0.040000,0.012500,0,0
WY,82222,NIOBRARA COUNTY,BYAA,0.060000,0.040000,0.020000,0,0
WY,82223,GOSHEN COUNTY,BXXT,0.052500,0.040000,0.012500,0,0
WY,82224,CONVERSE COUNTY,BXWP,0.060000,0.040000,0.020000,0,0
WY,82225,NIOBRARA COUNTY,BYAA,0.060000,0.040000,0.020000,0,0
WY,82227,NIOBRARA COUNTY,BYAA,0.060000,0.040000,0.020000,0,0
WY,82229,CONVERSE COUNTY,BXWP,0.060000,0.040000,0.020000,0,0
WY,82240,GOSHEN COUNTY,BXXT,0.052500,0.040000,0.012500,0,0
WY,82242,NIOBRARA COUNTY,BYAA,0.060000,0.040000,0.020000,0,0
WY,82243,GOSHEN COUNTY,BXXT,0.052500,0.040000,0.012500,0,0
WY,82244,GOSHEN COUNTY,BXXT,0.052500,0.040000,0.012500,0,0
WY,82301,CARBON COUNTY,BXWA,0.060000,0.040000,0.020000,0,0
WY,82310,CARBON COUNTY,BXWA,0.060000,0.040000,0.020000,0,0
WY,82321,CARBON COUNTY,BXWA,0.060000,0.040000,0.020000,0,0
WY,82322,SWEETWATER COUNTY,BYBO,0.060000,0.040000,0.020000,0,0
WY,82323,CARBON COUNTY,BXWA,0.060000,0.040000,0.020000,0,0
WY,82324,CARBON COUNTY,BXWA,0.060000,0.040000,0.020000,0,0
WY,82325,CARBON COUNTY,BXWA,0.060000,0.040000,0.020000,0,0
WY,82327,CARBON COUNTY,BXWA,0.060000,0.040000,0.020000,0,0
WY,82329,ALBANY COUNTY,BXUY,0.060000,0.040000,0.020000,0,0
WY,82331,CARBON COUNTY,BXWA,0.060000,0.040000,0.020000,0,0
WY,82332,CARBON COUNTY,BXWA,0.060000,0.040000,0.020000,0,0
WY,82334,CARBON COUNTY,BXWA,0.060000,0.040000,0.020000,0,0
WY,82335,CARBON COUNTY,BXWA,0.060000,0.040000,0.020000,0,0
WY,82336,SWEETWATER COUNTY,BYBO,0.060000,0.040000,0.020000,0,0
WY,82401,WASHAKIE COUNTY,BYCQ,0.050000,0.040000,0.010000,0,0
WY,82410,BIG HORN COUNTY,BXVH,0.050000,0.040000,0.010000,0,0
WY,82411,BIG HORN COUNTY,BXVH,0.050000,0.040000,0.010000,0,0
WY,82412,BIG HORN COUNTY,BXVH,0.050000,0.040000,0.010000,0,0
WY,82414,PARK COUNTY,BYAG,0.040000,0.040000,0.000000,0,0
WY,82420,BIG HORN COUNTY,BXVH,0.050000,0.040000,0.010000,0,0
WY,82421,BIG HORN COUNTY,BXVH,0.050000,0.040000,0.010000,0,0
WY,82422,BIG HORN COUNTY,BXVH,0.050000,0.040000,0.010000,0,0
WY,82423,PARK COUNTY,BYAG,0.040000,0.040000,0.000000,0,0
WY,82426,BIG HORN COUNTY,BXVH,0.050000,0.040000,0.010000,0,0
WY,82428,BIG HORN COUNTY,BXVH,0.050000,0.040000,0.010000,0,0
WY,82430,HOT SPRINGS COUNTY,BXYD,0.050000,0.040000,0.010000,0,0
WY,82431,BIG HORN COUNTY,BXVH,0.050000,0.040000,0.010000,0,0
WY,82432,BIG HORN COUNTY,BXVH,0.050000,0.040000,0.010000,0,0
WY,82433,PARK COUNTY,BYAG,0.040000,0.040000,0.000000,0,0
WY,82434,BIG HORN COUNTY,BXVH,0.050000,0.040000,0.010000,0,0
WY,82435,PARK COUNTY,BYAG,0.040000,0.040000,0.000000,0,0
WY,82440,PARK COUNTY,BYAG,0.040000,0.040000,0.000000,0,0
WY,82441,BIG HORN COUNTY,BXVH,0.050000,0.040000,0.010000,0,0
WY,82442,WASHAKIE COUNTY,BYCQ,0.050000,0.040000,0.010000,0,0
WY,82443,HOT SPRINGS COUNTY,BXYD,0.050000,0.040000,0.010000,0,0
WY,82450,PARK COUNTY,BYAG,0.040000,0.040000,0.000000,0,0
WY,82501,FREMONT COUNTY,BXXF,0.050000,0.040000,0.010000,0,0
WY,82510,FREMONT COUNTY,BXXF,0.050000,0.040000,0.010000,0,0
WY,82512,FREMONT COUNTY,BXXF,0.050000,0.040000,0.010000,0,0
WY,82513,FREMONT COUNTY,BXXF,0.050000,0.040000,0.010000,0,0
WY,82514,FREMONT COUNTY,BXXF,0.050000,0.040000,0.010000,0,0
WY,82515,FREMONT COUNTY,BXXF,0.050000,0.040000,0.010000,0,0
WY,82516,FREMONT COUNTY,BXXF,0.050000,0.040000,0.010000,0,0
WY,82520,FREMONT COUNTY,BXXF,0.050000,0.040000,0.010000,0,0
WY,82523,FREMONT COUNTY,BXXF,0.050000,0.040000,0.010000,0,0
WY,82524,FREMONT COUNTY,BXXF,0.050000,0.040000,0.010000,0,0
WY,82601,NATRONA COUNTY,BXZO,0.050000,0.040000,0.010000,0,0
WY,82602,NATRONA COUNTY,BXZO,0.050000,0.040000,0.010000,0,0
WY,82604,NATRONA COUNTY,BXZO,0.050000,0.040000,0.010000,0,0
WY,82605,NATRONA COUNTY,BXZO,0.050000,0.040000,0.010000,0,0
WY,82609,NATRONA COUNTY,BXZO,0.050000,0.040000,0.010000,0,0
WY,82620,NATRONA COUNTY,BXZO,0.050000,0.040000,0.010000,0,0
WY,82630,NATRONA COUNTY,BXZO,0.050000,0.040000,0.010000,0,0
WY,82633,CONVERSE COUNTY,BXWP,0.060000,0.040000,0.020000,0,0
WY,82635,NATRONA COUNTY,BXZO,0.050000,0.040000,0.010000,0,0
WY,82636,NATRONA COUNTY,BXZO,0.050000,0.040000,0.010000,0,0
WY,82637,CONVERSE COUNTY,BXWP,0.060000,0.040000,0.020000,0,0
WY,82638,FREMONT COUNTY,BXXF,0.050000,0.040000,0.010000,0,0
WY,82639,JOHNSON COUNTY,BXYH,0.050000,0.040000,0.010000,0,0
WY,82640,JOHNSON COUNTY,BXYH,0.050000,0.040000,0.010000,0,0
WY,82642,FREMONT COUNTY,BXXF,0.050000,0.040000,0.010000,0,0
WY,82643,NATRONA COUNTY,BXZO,0.050000,0.040000,0.010000,0,0
WY,82644,NATRONA COUNTY,BXZO,0.050000,0.040000,0.010000,0,0
WY,82646,NATRONA COUNTY,BXZO,0.050000,0.040000,0.010000,0,0
WY,82648,NATRONA COUNTY,BXZO,0.050000,0.040000,0.010000,0,0
WY,82649,FREMONT COUNTY,BXXF,0.050000,0.040000,0.010000,0,0
WY,82701,WESTON COUNTY,BYCT,0.050000,0.040000,0.010000,0,0
WY,82710,CROOK COUNTY,BXWV,0.050000,0.040000,0.010000,0,0
WY,82711,CROOK COUNTY,BXWV,0.050000,0.040000,0.010000,0,0
WY,82712,CROOK COUNTY,BXWV,0.050000,0.040000,0.010000,0,0
WY,82714,CROOK COUNTY,BXWV,0.050000,0.040000,0.010000,0,0
WY,82715,WESTON COUNTY,BYCT,0.050000,0.040000,0.010000,0,0
WY,82716,CAMPBELL COUNTY,BXVU,0.060000,0.040000,0.020000,0,0
WY,82717,CAMPBELL COUNTY,BXVU,0.060000,0.040000,0.020000,0,0
WY,82718,CAMPBELL COUNTY,BXVU,0.060000,0.040000,0.020000,0,0
WY,82720,CROOK COUNTY,BXWV,0.050000,0.040000,0.010000,0,0
WY,82721,CROOK COUNTY,BXWV,0.050000,0.040000,0.010000,0,0
WY,82723,WESTON COUNTY,BYCT,0.050000,0.040000,0.010000,0,0
WY,82725,CAMPBELL COUNTY,BXVU,0.060000,0.040000,0.020000,0,0
WY,82727,CAMPBELL COUNTY,BXVU,0.060000,0.040000,0.020000,0,0
WY,82729,CROOK COUNTY,BXWV,0.050000,0.040000,0.010000,0,0
WY,82730,WESTON COUNTY,BYCT,0.050000,0.040000,0.010000,0,0
WY,82731,CAMPBELL COUNTY,BXVU,0.060000,0.040000,0.020000,0,0
WY,82732,CAMPBELL COUNTY,BXVU,0.060000,0.040000,0.020000,0,0
WY,82801,SHERIDAN COUNTY,BYAU,0.060000,0.040000,0.020000,0,0
WY,82831,SHERIDAN COUNTY,BYAU,0.060000,0.040000,0.020000,0,0
WY,82832,SHERIDAN COUNTY,BYAU,0.060000,0.040000,0.020000,0,0
WY,82833,SHERIDAN COUNTY,BYAU,0.060000,0.040000,0.020000,0,0
WY,82834,JOHNSON COUNTY,BXYH,0.050000,0.040000,0.010000,0,0
WY,82835,SHERIDAN COUNTY,BYAU,0.060000,0.040000,0.020000,0,0
WY,82836,SHERIDAN COUNTY,BYAU,0.060000,0.040000,0.020000,0,0
WY,82837,SHERIDAN COUNTY,BYAU,0.060000,0.040000,0.020000,0,0
WY,82838,SHERIDAN COUNTY,BYAU,0.060000,0.040000,0.020000,0,0
WY,82839,SHERIDAN COUNTY,BYAU,0.060000,0.040000,0.020000,0,0
WY,82840,JOHNSON COUNTY,BXYH,0.050000,0.040000,0.010000,0,0
WY,82842,SHERIDAN COUNTY,BYAU,0.060000,0.040000,0.020000,0,0
WY,82844,SHERIDAN COUNTY,BYAU,0.060000,0.040000,0.020000,0,0
WY,82845,SHERIDAN COUNTY,BYAU,0.060000,0.040000,0.020000,0,0
WY,82901,SWEETWATER COUNTY,BYBO,0.060000,0.040000,0.020000,0,0
WY,82902,SWEETWATER COUNTY,BYBO,0.060000,0.040000,0.020000,0,0
WY,82922,SUBLETTE COUNTY,BYBH,0.040000,0.040000,0.000000,0,0
WY,82923,SUBLETTE COUNTY,BYBH,0.040000,0.040000,0.000000,0,0
WY,82925,SUBLETTE COUNTY,BYBH,0.040000,0.040000,0.000000,0,0
WY,82929,SWEETWATER COUNTY,BYBO,0.060000,0.040000,0.020000,0,0
WY,82930,UINTA COUNTY,BYCJ,0.050000,0.040000,0.010000,0,0
WY,82931,UINTA COUNTY,BYCJ,0.050000,0.040000,0.010000,0,0
WY,82932,SWEETWATER COUNTY,BYBO,0.060000,0.040000,0.020000,0,0
WY,82933,UINTA COUNTY,BYCJ,0.050000,0.040000,0.010000,0,0
WY,82934,SWEETWATER COUNTY,BYBO,0.060000,0.040000,0.020000,0,0
WY,82935,SWEETWATER COUNTY,BYBO,0.060000,0.040000,0.020000,0,0
WY,82936,UINTA COUNTY,BYCJ,0.050000,0.040000,0.010000,0,0
WY,82937,UINTA COUNTY,BYCJ,0.050000,0.040000,0.010000,0,0
WY,82938,SWEETWATER COUNTY,BYBO,0.060000,0.040000,0.020000,0,0
WY,82939,UINTA COUNTY,BYCJ,0.050000,0.040000,0.010000,0,0
WY,82941,SUBLETTE COUNTY,BYBH,0.040000,0.040000,0.000000,0,0
WY,82942,SWEETWATER COUNTY,BYBO,0.060000,0.040000,0.020000,0,0
WY,82943,SWEETWATER COUNTY,BYBO,0.060000,0.040000,0.020000,0,0
WY,82944,UINTA COUNTY,BYCJ,0.050000,0.040000,0.010000,0,0
WY,82945,SWEETWATER COUNTY,BYBO,0.060000,0.040000,0.020000,0,0
WY,83001,TETON COUNTY,BYCB,0.060000,0.040000,0.020000,0,0
WY,83002,TETON COUNTY,BYCB,0.060000,0.040000,0.020000,0,0
WY,83011,TETON COUNTY,BYCB,0.060000,0.040000,0.020000,0,0
WY,83012,TETON COUNTY,BYCB,0.060000,0.040000,0.020000,0,0
WY,83013,TETON COUNTY,BYCB,0.060000,0.040000,0.020000,0,0
WY,83014,TETON COUNTY,BYCB,0.060000,0.040000,0.020000,0,0
WY,83025,TETON COUNTY,BYCB,0.060000,0.040000,0.020000,0,0
WY,83101,LINCOLN COUNTY,BXYX,0.050000,0.040000,0.010000,0,0
WY,83110,LINCOLN COUNTY,BXYX,0.050000,0.040000,0.010000,0,0
WY,83111,LINCOLN COUNTY,BXYX,0.050000,0.040000,0.010000,0,0
WY,83112,LINCOLN COUNTY,BXYX,0.050000,0.040000,0.010000,0,0
WY,83113,SUBLETTE COUNTY,BYBH,0.040000,0.040000,0.000000,0,0
WY,83114,LINCOLN COUNTY,BXYX,0.050000,0.040000,0.010000,0,0
WY,83115,SUBLETTE COUNTY,BYBH,0.040000,0.040000,0.000000,0,0
WY,83116,LINCOLN COUNTY,BXYX,0.050000,0.040000,0.010000,0,0
WY,83118,LINCOLN COUNTY,BXYX,0.050000,0.040000,0.010000,0,0
WY,83119,LINCOLN COUNTY,BXYX,0.050000,0.040000,0.010000,0,0
WY,83120,LINCOLN COUNTY,BXYX,0.050000,0.040000,0.010000,0,0
WY,83121,LINCOLN COUNTY,BXYX,0.050000,0.040000,0.010000,0,0
WY,83122,LINCOLN COUNTY,BXYX,0.050000,0.040000,0.010000,0,0
WY,83123,LINCOLN COUNTY,BXYX,0.050000,0.040000,0.010000,0,0
WY,83124,LINCOLN COUNTY,BXYX,0.050000,0.040000,0.010000,0,0
WY,83126,LINCOLN COUNTY,BXYX,0.050000,0.040000,0.010000,0,0
WY,83127,LINCOLN COUNTY,BXYX,0.050000,0.040000,0.010000,0,0
WY,83128,LINCOLN COUNTY,BXYX,0.050000,0.040000,0.010000,0,0
WY,83414,TETON COUNTY,BYCB,0.060000,0.040000,0.020000,0,0
