State,ZipCode,TaxRegionName,TaxRegionCode,CombinedRate,StateRate,CountyRate,CityRate,SpecialRate
MA,01001,MASSACHUSETTS STATE,AWLY,0.062500,0.062500,0,0,0
MA,01002,MASSACHUSETTS STATE,AWLY,0.062500,0.062500,0,0,0
MA,01003,MASSACHUSETTS STATE,AWLY,0.062500,0.062500,0,0,0
MA,01004,MASSACHUSETTS STATE,AWLY,0.062500,0.062500,0,0,0
MA,01005,MASSACHUSETTS STATE,AWLY,0.062500,0.062500,0,0,0
MA,01007,MASSACHUSETTS STATE,AWLY,0.062500,0.062500,0,0,0
MA,01008,MASSACHUSETTS STATE,AWLY,0.062500,0.062500,0,0,0
MA,01009,MASSACHUSETTS STATE,AWLY,0.062500,0.062500,0,0,0
MA,01010,MASSACHUSETTS STATE,AWLY,0.062500,0.062500,0,0,0
MA,01011,MASSACHUSETTS STATE,AWLY,0.062500,0.062500,0,0,0
MA,01012,MASSACHUSETTS STATE,AWLY,0.062500,0.062500,0,0,0
MA,01013,MASSACHUSETTS STATE,AWLY,0.062500,0.062500,0,0,0
MA,01014,MASSACHUSETTS STATE,AWLY,0.062500,0.062500,0,0,0
MA,01020,MASSACHUSETTS STATE,AWLY,0.062500,0.062500,0,0,0
MA,01021,MASSACHUSETTS STATE,AWLY,0.062500,0.062500,0,0,0
MA,01022,MASSACHUSETTS STATE,AWLY,0.062500,0.062500,0,0,0
MA,01026,MASSACHUSETTS STATE,AWLY,0.062500,0.062500,0,0,0
MA,01027,MASSACHUSETTS STATE,AWLY,0.062500,0.062500,0,0,0
MA,01028,MASSACHUSETTS STATE,AWLY,0.062500,0.062500,0,0,0
MA,01029,MASSACHUSETTS STATE,AWLY,0.062500,0.062500,0,0,0
MA,01030,MASSACHUSETTS STATE,AWLY,0.062500,0.062500,0,0,0
MA,01031,MASSACHUSETTS STATE,AWLY,0.062500,0.062500,0,0,0
MA,01032,MASSACHUSETTS STATE,AWLY,0.062500,0.062500,0,0,0
MA,01033,MASSACHUSETTS STATE,AWLY,0.062500,0.062500,0,0,0
MA,01034,MASSACHUSETTS STATE,AWLY,0.062500,0.062500,0,0,0
MA,01035,MASSACHUSETTS STATE,AWLY,0.062500,0.062500,0,0,0
MA,01036,MASSACHUSETTS STATE,AWLY,0.062500,0.062500,0,0,0
MA,01037,MASSACHUSETTS STATE,AWLY,0.062500,0.062500,0,0,0
MA,01038,MASSACHUSETTS STATE,AWLY,0.062500,0.062500,0,0,0
MA,01039,MASSACHUSETTS STATE,AWLY,0.062500,0.062500,0,0,0
MA,01040,MASSACHUSETTS STATE,AWLY,0.062500,0.062500,0,0,0
MA,01041,MASSACHUSETTS STATE,AWLY,0.062500,0.062500,0,0,0
MA,01050,MASSACHUSETTS STATE,AWLY,0.062500,0.062500,0,0,0
MA,01053,MASSACHUSETTS STATE,AWLY,0.062500,0.062500,0,0,0
MA,01054,MASSACHUSETTS STATE,AWLY,0.062500,0.062500,0,0,0
MA,01056,MASSACHUSETTS STATE,AWLY,0.062500,0.062500,0,0,0
MA,01057,MASSACHUSETTS STATE,AWLY,0.062500,0.062500,0,0,0
MA,01059,MASSACHUSETTS STATE,AWLY,0.062500,0.062500,0,0,0
MA,01060,MASSACHUSETTS STATE,AWLY,0.062500,0.062500,0,0,0
MA,01061,MASSACHUSETTS STATE,AWLY,0.062500,0.062500,0,0,0
MA,01062,MASSACHUSETTS STATE,AWLY,0.062500,0.062500,0,0,0
MA,01063,MASSACHUSETTS STATE,AWLY,0.062500,0.062500,0,0,0
MA,01066,MASSACHUSETTS STATE,AWLY,0.062500,0.062500,0,0,0
MA,01068,MASSACHUSETTS STATE,AWLY,0.062500,0.062500,0,0,0
MA,01069,MASSACHUSETTS STATE,AWLY,0.062500,0.062500,0,0,0
MA,01070,MASSACHUSETTS STATE,AWLY,0.062500,0.062500,0,0,0
MA,01071,MASSACHUSETTS STATE,AWLY,0.062500,0.062500,0,0,0
MA,01072,MASSACHUSETTS STATE,AWLY,0.062500,0.062500,0,0,0
MA,01073,MASSACHUSETTS STATE,AWLY,0.062500,0.062500,0,0,0
MA,01074,MASSACHUSETTS STATE,AWLY,0.062500,0.062500,0,0,0
MA,01075,MASSACHUSETTS STATE,AWLY,0.062500,0.062500,0,0,0
MA,01077,MASSACHUSETTS STATE,AWLY,0.062500,0.062500,0,0,0
MA,01079,MASSACHUSETTS STATE,AWLY,0.062500,0.062500,0,0,0
MA,01080,MASSACHUSETTS STATE,AWLY,0.062500,0.062500,0,0,0
MA,01081,MASSACHUSETTS STATE,AWLY,0.062500,0.062500,0,0,0
MA,01082,MASSACHUSETTS STATE,AWLY,0.062500,0.062500,0,0,0
MA,01083,MASSACHUSETTS STATE,AWLY,0.062500,0.062500,0,0,0
MA,01084,MASSACHUSETTS STATE,AWLY,0.062500,0.062500,0,0,0
MA,01085,MASSACHUSETTS STATE,AWLY,0.062500,0.062500,0,0,0
MA,01086,MASSACHUSETTS STATE,AWLY,0.062500,0.062500,0,0,0
MA,01088,MASSACHUSETTS STATE,AWLY,0.062500,0.062500,0,0,0
MA,01089,MASSACHUSETTS STATE,AWLY,0.062500,0.062500,0,0,0
MA,01090,MASSACHUSETTS STATE,AWLY,0.062500,0.062500,0,0,0
MA,01092,MASSACHUSETTS STATE,AWLY,0.062500,0.062500,0,0,0
MA,01093,MASSACHUSETTS STATE,AWLY,0.062500,0.062500,0,0,0
MA,01094,MASSACHUSETTS STATE,AWLY,0.062500,0.062500,0,0,0
MA,01095,MASSACHUSETTS STATE,AWLY,0.062500,0.062500,0,0,0
MA,01096,MASSACHUSETTS STATE,AWLY,0.062500,0.062500,0,0,0
MA,01097,MASSACHUSETTS STATE,AWLY,0.062500,0.062500,0,0,0
MA,01098,MASSACHUSETTS STATE,AWLY,0.062500,0.062500,0,0,0
MA,01101,MASSACHUSETTS STATE,AWLY,0.062500,0.062500,0,0,0
MA,01102,MASSACHUSETTS STATE,AWLY,0.062500,0.062500,0,0,0
MA,01103,MASSACHUSETTS STATE,AWLY,0.062500,0.062500,0,0,0
MA,01104,MASSACHUSETTS STATE,AWLY,0.062500,0.062500,0,0,0
MA,01105,MASSACHUSETTS STATE,AWLY,0.062500,0.062500,0,0,0
MA,01106,MASSACHUSETTS STATE,AWLY,0.062500,0.062500,0,0,0
MA,01107,MASSACHUSETTS STATE,AWLY,0.062500,0.062500,0,0,0
MA,01108,MASSACHUSETTS STATE,AWLY,0.062500,0.062500,0,0,0
MA,01109,MASSACHUSETTS STATE,AWLY,0.062500,0.062500,0,0,0
MA,01111,MASSACHUSETTS STATE,AWLY,0.062500,0.062500,0,0,0
MA,01115,MASSACHUSETTS STATE,AWLY,0.062500,0.062500,0,0,0
MA,01116,MASSACHUSETTS STATE,AWLY,0.062500,0.062500,0,0,0
MA,01118,MASSACHUSETTS STATE,AWLY,0.062500,0.062500,0,0,0
MA,01119,MASSACHUSETTS STATE,AWLY,0.062500,0.062500,0,0,0
MA,01128,MASSACHUSETTS STATE,AWLY,0.062500,0.062500,0,0,0
MA,01129,MASSACHUSETTS STATE,AWLY,0.062500,0.062500,0,0,0
MA,01138,MASSACHUSETTS STATE,AWLY,0.062500,0.062500,0,0,0
MA,01139,MASSACHUSETTS STATE,AWLY,0.062500,0.062500,0,0,0
MA,01144,MASSACHUSETTS STATE,AWLY,0.062500,0.062500,0,0,0
MA,01151,MASSACHUSETTS STATE,AWLY,0.062500,0.062500,0,0,0
MA,01152,MASSACHUSETTS STATE,AWLY,0.062500,0.062500,0,0,0
MA,01199,MASSACHUSETTS STATE,AWLY,0.062500,0.062500,0,0,0
MA,01201,MASSACHUSETTS STATE,AWLY,0.062500,0.062500,0,0,0
MA,01202,MASSACHUSETTS STATE,AWLY,0.062500,0.062500,0,0,0
MA,01203,MASSACHUSETTS STATE,AWLY,0.062500,0.062500,0,0,0
MA,01220,MASSACHUSETTS STATE,AWLY,0.062500,0.062500,0,0,0
MA,01222,MASSACHUSETTS STATE,AWLY,0.062500,0.062500,0,0,0
MA,01223,MASSACHUSETTS STATE,AWLY,0.062500,0.062500,0,0,0
MA,01224,MASSACHUSETTS STATE,AWLY,0.062500,0.062500,0,0,0
MA,01225,MASSACHUSETTS STATE,AWLY,0.062500,0.062500,0,0,0
MA,01226,MASSACHUSETTS STATE,AWLY,0.062500,0.062500,0,0,0
MA,01227,MASSACHUSETTS STATE,AWLY,0.062500,0.062500,0,0,0
MA,01229,MASSACHUSETTS STATE,AWLY,0.062500,0.062500,0,0,0
MA,01230,MASSACHUSETTS STATE,AWLY,0.062500,0.062500,0,0,0
MA,01235,MASSACHUSETTS STATE,AWLY,0.062500,0.062500,0,0,0
MA,01236,MASSACHUSETTS STATE,AWLY,0.062500,0.062500,0,0,0
MA,01237,MASSACHUSETTS STATE,AWLY,0.062500,0.062500,0,0,0
MA,01238,MASSACHUSETTS STATE,AWLY,0.062500,0.062500,0,0,0
MA,01240,MASSACHUSETTS STATE,AWLY,0.062500,0.062500,0,0,0
MA,01242,MASSACHUSETTS STATE,AWLY,0.062500,0.062500,0,0,0
MA,01243,MASSACHUSETTS STATE,AWLY,0.062500,0.062500,0,0,0
MA,01244,MASSACHUSETTS STATE,AWLY,0.062500,0.062500,0,0,0
MA,01245,MASSACHUSETTS STATE,AWLY,0.062500,0.062500,0,0,0
MA,01247,MASSACHUSETTS STATE,AWLY,0.062500,0.062500,0,0,0
MA,01252,MASSACHUSETTS STATE,AWLY,0.062500,0.062500,0,0,0
MA,01253,MASSACHUSETTS STATE,AWLY,0.062500,0.062500,0,0,0
MA,01254,MASSACHUSETTS STATE,AWLY,0.062500,0.062500,0,0,0
MA,01255,MASSACHUSETTS STATE,AWLY,0.062500,0.062500,0,0,0
MA,01256,MASSACHUSETTS STATE,AWLY,0.062500,0.062500,0,0,0
MA,01257,MASSACHUSETTS STATE,AWLY,0.062500,0.062500,0,0,0
MA,01258,MASSACHUSETTS STATE,AWLY,0.062500,0.062500,0,0,0
MA,01259,MASSACHUSETTS STATE,AWLY,0.062500,0.062500,0,0,0
MA,01260,MASSACHUSETTS STATE,AWLY,0.062500,0.062500,0,0,0
MA,01262,MASSACHUSETTS STATE,AWLY,0.062500,0.062500,0,0,0
MA,01263,MASSACHUSETTS STATE,AWLY,0.062500,0.062500,0,0,0
MA,01264,MASSACHUSETTS STATE,AWLY,0.062500,0.062500,0,0,0
MA,01266,MASSACHUSETTS STATE,AWLY,0.062500,0.062500,0,0,0
MA,01267,MASSACHUSETTS STATE,AWLY,0.062500,0.062500,0,0,0
MA,01270,MASSACHUSETTS STATE,AWLY,0.062500,0.062500,0,0,0
MA,01301,MASSACHUSETTS STATE,AWLY,0.062500,0.062500,0,0,0
MA,01302,MASSACHUSETTS STATE,AWLY,0.062500,0.062500,0,0,0
MA,01330,MASSACHUSETTS STATE,AWLY,0.062500,0.062500,0,0,0
MA,01331,MASSACHUSETTS STATE,AWLY,0.062500,0.062500,0,0,0
MA,01337,MASSACHUSETTS STATE,AWLY,0.062500,0.062500,0,0,0
MA,01338,MASSACHUSETTS STATE,AWLY,0.062500,0.062500,0,0,0
MA,01339,MASSACHUSETTS STATE,AWLY,0.062500,0.062500,0,0,0
MA,01340,MASSACHUSETTS STATE,AWLY,0.062500,0.062500,0,0,0
MA,01341,MASSACHUSETTS STATE,AWLY,0.062500,0.062500,0,0,0
MA,01342,MASSACHUSETTS STATE,AWLY,0.062500,0.062500,0,0,0
MA,01343,MASSACHUSETTS STATE,AWLY,0.062500,0.062500,0,0,0
MA,01344,MASSACHUSETTS STATE,AWLY,0.062500,0.062500,0,0,0
MA,01346,MASSACHUSETTS STATE,AWLY,0.062500,0.062500,0,0,0
MA,01347,MASSACHUSETTS STATE,AWLY,0.062500,0.062500,0,0,0
MA,01349,MASSACHUSETTS STATE,AWLY,0.062500,0.062500,0,0,0
MA,01350,MASSACHUSETTS STATE,AWLY,0.062500,0.062500,0,0,0
MA,01351,MASSACHUSETTS STATE,AWLY,0.062500,0.062500,0,0,0
MA,01354,MASSACHUSETTS STATE,AWLY,0.062500,0.062500,0,0,0
MA,01355,MASSACHUSETTS STATE,AWLY,0.062500,0.062500,0,0,0
MA,01360,MASSACHUSETTS STATE,AWLY,0.062500,0.062500,0,0,0
MA,01364,MASSACHUSETTS STATE,AWLY,0.062500,0.062500,0,0,0
MA,01366,MASSACHUSETTS STATE,AWLY,0.062500,0.062500,0,0,0
MA,01367,MASSACHUSETTS STATE,AWLY,0.062500,0.062500,0,0,0
MA,01368,MASSACHUSETTS STATE,AWLY,0.062500,0.062500,0,0,0
MA,01370,MASSACHUSETTS STATE,AWLY,0.062500,0.062500,0,0,0
MA,01373,MASSACHUSETTS STATE,AWLY,0.062500,0.062500,0,0,0
MA,01375,MASSACHUSETTS STATE,AWLY,0.062500,0.062500,0,0,0
MA,01376,MASSACHUSETTS STATE,AWLY,0.062500,0.062500,0,0,0
MA,01378,MASSACHUSETTS STATE,AWLY,0.062500,0.062500,0,0,0
MA,01379,MASSACHUSETTS STATE,AWLY,0.062500,0.062500,0,0,0
MA,01380,MASSACHUSETTS STATE,AWLY,0.062500,0.062500,0,0,0
MA,01420,MASSACHUSETTS STATE,AWLY,0.062500,0.062500,0,0,0
MA,01430,MASSACHUSETTS STATE,AWLY,0.062500,0.062500,0,0,0
MA,01431,MASSACHUSETTS STATE,AWLY,0.062500,0.062500,0,0,0
MA,01432,MASSACHUSETTS STATE,AWLY,0.062500,0.062500,0,0,0
MA,01434,MASSACHUSETTS STATE,AWLY,0.062500,0.062500,0,0,0
MA,01436,MASSACHUSETTS STATE,AWLY,0.062500,0.062500,0,0,0
MA,01438,MASSACHUSETTS STATE,AWLY,0.062500,0.062500,0,0,0
MA,01440,MASSACHUSETTS STATE,AWLY,0.062500,0.062500,0,0,0
MA,01441,MASSACHUSETTS STATE,AWLY,0.062500,0.062500,0,0,0
MA,01450,MASSACHUSETTS STATE,AWLY,0.062500,0.062500,0,0,0
MA,01451,MASSACHUSETTS STATE,AWLY,0.062500,0.062500,0,0,0
MA,01452,MASSACHUSETTS STATE,AWLY,0.062500,0.062500,0,0,0
MA,01453,MASSACHUSETTS STATE,AWLY,0.062500,0.062500,0,0,0
MA,01460,MASSACHUSETTS STATE,AWLY,0.062500,0.062500,0,0,0
MA,01462,MASSACHUSETTS STATE,AWLY,0.062500,0.062500,0,0,0
MA,01463,MASSACHUSETTS STATE,AWLY,0.062500,0.062500,0,0,0
MA,01464,MASSACHUSETTS STATE,AWLY,0.062500,0.062500,0,0,0
MA,01467,MASSACHUSETTS STATE,AWLY,0.062500,0.062500,0,0,0
MA,01468,MASSACHUSETTS STATE,AWLY,0.062500,0.062500,0,0,0
MA,01469,MASSACHUSETTS STATE,AWLY,0.062500,0.062500,0,0,0
MA,01470,MASSACHUSETTS STATE,AWLY,0.062500,0.062500,0,0,0
MA,01471,MASSACHUSETTS STATE,AWLY,0.062500,0.062500,0,0,0
MA,01472,MASSACHUSETTS STATE,AWLY,0.062500,0.062500,0,0,0
MA,01473,MASSACHUSETTS STATE,AWLY,0.062500,0.062500,0,0,0
MA,01474,MASSACHUSETTS STATE,AWLY,0.062500,0.062500,0,0,0
MA,01475,MASSACHUSETTS STATE,AWLY,0.062500,0.062500,0,0,0
MA,01501,MASSACHUSETTS STATE,AWLY,0.062500,0.062500,0,0,0
MA,01503,MASSACHUSETTS STATE,AWLY,0.062500,0.062500,0,0,0
MA,01504,MASSACHUSETTS STATE,AWLY,0.062500,0.062500,0,0,0
MA,01505,MASSACHUSETTS STATE,AWLY,0.062500,0.062500,0,0,0
MA,01506,MASSACHUSETTS STATE,AWLY,0.062500,0.062500,0,0,0
MA,01507,MASSACHUSETTS STATE,AWLY,0.062500,0.062500,0,0,0
MA,01508,MASSACHUSETTS STATE,AWLY,0.062500,0.062500,0,0,0
MA,01509,MASSACHUSETTS STATE,AWLY,0.062500,0.062500,0,0,0
MA,01510,MASSACHUSETTS STATE,AWLY,0.062500,0.062500,0,0,0
MA,01515,MASSACHUSETTS STATE,AWLY,0.062500,0.062500,0,0,0
MA,01516,MASSACHUSETTS STATE,AWLY,0.062500,0.062500,0,0,0
MA,01517,MASSACHUSETTS STATE,AWLY,0.062500,0.062500,0,0,0
MA,01518,MASSACHUSETTS STATE,AWLY,0.062500,0.062500,0,0,0
MA,01519,MASSACHUSETTS STATE,AWLY,0.062500,0.062500,0,0,0
MA,01520,MASSACHUSETTS STATE,AWLY,0.062500,0.062500,0,0,0
MA,01521,MASSACHUSETTS STATE,AWLY,0.062500,0.062500,0,0,0
MA,01522,MASSACHUSETTS STATE,AWLY,0.062500,0.062500,0,0,0
MA,01523,MASSACHUSETTS STATE,AWLY,0.062500,0.062500,0,0,0
MA,01524,MASSACHUSETTS STATE,AWLY,0.062500,0.062500,0,0,0
MA,01525,MASSACHUSETTS STATE,AWLY,0.062500,0.062500,0,0,0
MA,01526,MASSACHUSETTS STATE,AWLY,0.062500,0.062500,0,0,0
MA,01527,MASSACHUSETTS STATE,AWLY,0.062500,0.062500,0,0,0
MA,01529,MASSACHUSETTS STATE,AWLY,0.062500,0.062500,0,0,0
MA,01531,MASSACHUSETTS STATE,AWLY,0.062500,0.062500,0,0,0
MA,01532,MASSACHUSETTS STATE,AWLY,0.062500,0.062500,0,0,0
MA,01534,MASSACHUSETTS STATE,AWLY,0.062500,0.062500,0,0,0
MA,01535,MASSACHUSETTS STATE,AWLY,0.062500,0.062500,0,0,0
MA,01536,MASSACHUSETTS STATE,AWLY,0.062500,0.062500,0,0,0
MA,01537,MASSACHUSETTS STATE,AWLY,0.062500,0.062500,0,0,0
MA,01538,MASSACHUSETTS STATE,AWLY,0.062500,0.062500,0,0,0
MA,01540,MASSACHUSETTS STATE,AWLY,0.062500,0.062500,0,0,0
MA,01541,MASSACHUSETTS STATE,AWLY,0.062500,0.062500,0,0,0
MA,01542,MASSACHUSETTS STATE,AWLY,0.062500,0.062500,0,0,0
MA,01543,MASSACHUSETTS STATE,AWLY,0.062500,0.062500,0,0,0
MA,01545,MASSACHUSETTS STATE,AWLY,0.062500,0.062500,0,0,0
MA,01546,MASSACHUSETTS STATE,AWLY,0.062500,0.062500,0,0,0
MA,01550,MASSACHUSETTS STATE,AWLY,0.062500,0.062500,0,0,0
MA,01560,MASSACHUSETTS STATE,AWLY,0.062500,0.062500,0,0,0
MA,01561,MASSACHUSETTS STATE,AWLY,0.062500,0.062500,0,0,0
MA,01562,MASSACHUSETTS STATE,AWLY,0.062500,0.062500,0,0,0
MA,01564,MASSACHUSETTS STATE,AWLY,0.062500,0.062500,0,0,0
MA,01566,MASSACHUSETTS STATE,AWLY,0.062500,0.062500,0,0,0
MA,01568,MASSACHUSETTS STATE,AWLY,0.062500,0.062500,0,0,0
MA,01569,MASSACHUSETTS STATE,AWLY,0.062500,0.062500,0,0,0
MA,01570,MASSACHUSETTS STATE,AWLY,0.062500,0.062500,0,0,0
MA,01571,MASSACHUSETTS STATE,AWLY,0.062500,0.062500,0,0,0
MA,01581,MASSACHUSETTS STATE,AWLY,0.062500,0.062500,0,0,0
MA,01583,MASSACHUSETTS STATE,AWLY,0.062500,0.062500,0,0,0
MA,01585,MASSACHUSETTS STATE,AWLY,0.062500,0.062500,0,0,0
MA,01586,MASSACHUSETTS STATE,AWLY,0.062500,0.062500,0,0,0
MA,01588,MASSACHUSETTS STATE,AWLY,0.062500,0.062500,0,0,0
MA,01590,MASSACHUSETTS STATE,AWLY,0.062500,0.062500,0,0,0
MA,01601,MASSACHUSETTS STATE,AWLY,0.062500,0.062500,0,0,0
MA,01602,MASSACHUSETTS STATE,AWLY,0.062500,0.062500,0,0,0
MA,01603,MASSACHUSETTS STATE,AWLY,0.062500,0.062500,0,0,0
MA,01604,MASSACHUSETTS STATE,AWLY,0.062500,0.062500,0,0,0
MA,01605,MASSACHUSETTS STATE,AWLY,0.062500,0.062500,0,0,0
MA,01606,MASSACHUSETTS STATE,AWLY,0.062500,0.062500,0,0,0
MA,01607,MASSACHUSETTS STATE,AWLY,0.062500,0.062500,0,0,0
MA,01608,MASSACHUSETTS STATE,AWLY,0.062500,0.062500,0,0,0
MA,01609,MASSACHUSETTS STATE,AWLY,0.062500,0.062500,0,0,0
MA,01610,MASSACHUSETTS STATE,AWLY,0.062500,0.062500,0,0,0
MA,01611,MASSACHUSETTS STATE,AWLY,0.062500,0.062500,0,0,0
MA,01612,MASSACHUSETTS STATE,AWLY,0.062500,0.062500,0,0,0
MA,01613,MASSACHUSETTS STATE,AWLY,0.062500,0.062500,0,0,0
MA,01614,MASSACHUSETTS STATE,AWLY,0.062500,0.062500,0,0,0
MA,01615,MASSACHUSETTS STATE,AWLY,0.062500,0.062500,0,0,0
MA,01653,MASSACHUSETTS STATE,AWLY,0.062500,0.062500,0,0,0
MA,01655,MASSACHUSETTS STATE,AWLY,0.062500,0.062500,0,0,0
MA,01701,MASSACHUSETTS STATE,AWLY,0.062500,0.062500,0,0,0
MA,01702,MASSACHUSETTS STATE,AWLY,0.062500,0.062500,0,0,0
MA,01703,MASSACHUSETTS STATE,AWLY,0.062500,0.062500,0,0,0
MA,01704,MASSACHUSETTS STATE,AWLY,0.062500,0.062500,0,0,0
MA,01705,MASSACHUSETTS STATE,AWLY,0.062500,0.062500,0,0,0
MA,01718,MASSACHUSETTS STATE,AWLY,0.062500,0.062500,0,0,0
MA,01719,MASSACHUSETTS STATE,AWLY,0.062500,0.062500,0,0,0
MA,01720,MASSACHUSETTS STATE,AWLY,0.062500,0.062500,0,0,0
MA,01721,MASSACHUSETTS STATE,AWLY,0.062500,0.062500,0,0,0
MA,01730,MASSACHUSETTS STATE,AWLY,0.062500,0.062500,0,0,0
MA,01731,MASSACHUSETTS STATE,AWLY,0.062500,0.062500,0,0,0
MA,01740,MASSACHUSETTS STATE,AWLY,0.062500,0.062500,0,0,0
MA,01741,MASSACHUSETTS STATE,AWLY,0.062500,0.062500,0,0,0
MA,01742,MASSACHUSETTS STATE,AWLY,0.062500,0.062500,0,0,0
MA,01745,MASSACHUSETTS STATE,AWLY,0.062500,0.062500,0,0,0
MA,01746,MASSACHUSETTS STATE,AWLY,0.062500,0.062500,0,0,0
MA,01747,MASSACHUSETTS STATE,AWLY,0.062500,0.062500,0,0,0
MA,01748,MASSACHUSETTS STATE,AWLY,0.062500,0.062500,0,0,0
MA,01749,MASSACHUSETTS STATE,AWLY,0.062500,0.062500,0,0,0
MA,01752,MASSACHUSETTS STATE,AWLY,0.062500,0.062500,0,0,0
MA,01754,MASSACHUSETTS STATE,AWLY,0.062500,0.062500,0,0,0
MA,01756,MASSACHUSETTS STATE,AWLY,0.062500,0.062500,0,0,0
MA,01757,MASSACHUSETTS STATE,AWLY,0.062500,0.062500,0,0,0
MA,01760,MASSACHUSETTS STATE,AWLY,0.062500,0.062500,0,0,0
MA,01770,MASSACHUSETTS STATE,AWLY,0.062500,0.062500,0,0,0
MA,01772,MASSACHUSETTS STATE,AWLY,0.062500,0.062500,0,0,0
MA,01773,MASSACHUSETTS STATE,AWLY,0.062500,0.062500,0,0,0
MA,01775,MASSACHUSETTS STATE,AWLY,0.062500,0.062500,0,0,0
MA,01776,MASSACHUSETTS STATE,AWLY,0.062500,0.062500,0,0,0
MA,01778,MASSACHUSETTS STATE,AWLY,0.062500,0.062500,0,0,0
MA,01784,MASSACHUSETTS STATE,AWLY,0.062500,0.062500,0,0,0
MA,01801,MASSACHUSETTS STATE,AWLY,0.062500,0.062500,0,0,0
MA,01803,MASSACHUSETTS STATE,AWLY,0.062500,0.062500,0,0,0
MA,01805,MASSACHUSETTS STATE,AWLY,0.062500,0.062500,0,0,0
MA,01810,MASSACHUSETTS STATE,AWLY,0.062500,0.062500,0,0,0
MA,01812,MASSACHUSETTS STATE,AWLY,0.062500,0.062500,0,0,0
MA,01813,MASSACHUSETTS STATE,AWLY,0.062500,0.062500,0,0,0
MA,01815,MASSACHUSETTS STATE,AWLY,0.062500,0.062500,0,0,0
MA,01821,MASSACHUSETTS STATE,AWLY,0.062500,0.062500,0,0,0
MA,01822,MASSACHUSETTS STATE,AWLY,0.062500,0.062500,0,0,0
MA,01824,MASSACHUSETTS STATE,AWLY,0.062500,0.062500,0,0,0
MA,01826,MASSACHUSETTS STATE,AWLY,0.062500,0.062500,0,0,0
MA,01827,MASSACHUSETTS STATE,AWLY,0.062500,0.062500,0,0,0
MA,01830,MASSACHUSETTS STATE,AWLY,0.062500,0.062500,0,0,0
MA,01831,MASSACHUSETTS STATE,AWLY,0.062500,0.062500,0,0,0
MA,01832,MASSACHUSETTS STATE,AWLY,0.062500,0.062500,0,0,0
MA,01833,MASSACHUSETTS STATE,AWLY,0.062500,0.062500,0,0,0
MA,01834,MASSACHUSETTS STATE,AWLY,0.062500,0.062500,0,0,0
MA,01835,MASSACHUSETTS STATE,AWLY,0.062500,0.062500,0,0,0
MA,01840,MASSACHUSETTS STATE,AWLY,0.062500,0.062500,0,0,0
MA,01841,MASSACHUSETTS STATE,AWLY,0.062500,0.062500,0,0,0
MA,01842,MASSACHUSETTS STATE,AWLY,0.062500,0.062500,0,0,0
MA,01843,MASSACHUSETTS STATE,AWLY,0.062500,0.062500,0,0,0
MA,01844,MASSACHUSETTS STATE,AWLY,0.062500,0.062500,0,0,0
MA,01845,MASSACHUSETTS STATE,AWLY,0.062500,0.062500,0,0,0
MA,01850,MASSACHUSETTS STATE,AWLY,0.062500,0.062500,0,0,0
MA,01851,MASSACHUSETTS STATE,AWLY,0.062500,0.062500,0,0,0
MA,01852,MASSACHUSETTS STATE,AWLY,0.062500,0.062500,0,0,0
MA,01853,MASSACHUSETTS STATE,AWLY,0.062500,0.062500,0,0,0
MA,01854,MASSACHUSETTS STATE,AWLY,0.062500,0.062500,0,0,0
MA,01860,MASSACHUSETTS STATE,AWLY,0.062500,0.062500,0,0,0
MA,01862,MASSACHUSETTS STATE,AWLY,0.062500,0.062500,0,0,0
MA,01863,MASSACHUSETTS STATE,AWLY,0.062500,0.062500,0,0,0
MA,01864,MASSACHUSETTS STATE,AWLY,0.062500,0.062500,0,0,0
MA,01865,MASSACHUSETTS STATE,AWLY,0.062500,0.062500,0,0,0
MA,01866,MASSACHUSETTS STATE,AWLY,0.062500,0.062500,0,0,0
MA,01867,MASSACHUSETTS STATE,AWLY,0.062500,0.062500,0,0,0
MA,01876,MASSACHUSETTS STATE,AWLY,0.062500,0.062500,0,0,0
MA,01879,MASSACHUSETTS STATE,AWLY,0.062500,0.062500,0,0,0
MA,01880,MASSACHUSETTS STATE,AWLY,0.062500,0.062500,0,0,0
MA,01885,MASSACHUSETTS STATE,AWLY,0.062500,0.062500,0,0,0
MA,01886,MASSACHUSETTS STATE,AWLY,0.062500,0.062500,0,0,0
MA,01887,MASSACHUSETTS STATE,AWLY,0.062500,0.062500,0,0,0
MA,01888,MASSACHUSETTS STATE,AWLY,0.062500,0.062500,0,0,0
MA,01889,MASSACHUSETTS STATE,AWLY,0.062500,0.062500,0,0,0
MA,01890,MASSACHUSETTS STATE,AWLY,0.062500,0.062500,0,0,0
MA,01899,MASSACHUSETTS STATE,AWLY,0.062500,0.062500,0,0,0
MA,01901,MASSACHUSETTS STATE,AWLY,0.062500,0.062500,0,0,0
MA,01902,MASSACHUSETTS STATE,AWLY,0.062500,0.062500,0,0,0
MA,01903,MASSACHUSETTS STATE,AWLY,0.062500,0.062500,0,0,0
MA,01904,MASSACHUSETTS STATE,AWLY,0.062500,0.062500,0,0,0
MA,01905,MASSACHUSETTS STATE,AWLY,0.062500,0.062500,0,0,0
MA,01906,MASSACHUSETTS STATE,AWLY,0.062500,0.062500,0,0,0
MA,01907,MASSACHUSETTS STATE,AWLY,0.062500,0.062500,0,0,0
MA,01908,MASSACHUSETTS STATE,AWLY,0.062500,0.062500,0,0,0
MA,01910,MASSACHUSETTS STATE,AWLY,0.062500,0.062500,0,0,0
MA,01913,MASSACHUSETTS STATE,AWLY,0.062500,0.062500,0,0,0
MA,01915,MASSACHUSETTS STATE,AWLY,0.062500,0.062500,0,0,0
MA,01921,MASSACHUSETTS STATE,AWLY,0.062500,0.062500,0,0,0
MA,01922,MASSACHUSETTS STATE,AWLY,0.062500,0.062500,0,0,0
MA,01923,MASSACHUSETTS STATE,AWLY,0.062500,0.062500,0,0,0
MA,01929,MASSACHUSETTS STATE,AWLY,0.062500,0.062500,0,0,0
MA,01930,MASSACHUSETTS STATE,AWLY,0.062500,0.062500,0,0,0
MA,01931,MASSACHUSETTS STATE,AWLY,0.062500,0.062500,0,0,0
MA,01936,MASSACHUSETTS STATE,AWLY,0.062500,0.062500,0,0,0
MA,01937,MASSACHUSETTS STATE,AWLY,0.062500,0.062500,0,0,0
MA,01938,MASSACHUSETTS STATE,AWLY,0.062500,0.062500,0,0,0
MA,01940,MASSACHUSETTS STATE,AWLY,0.062500,0.062500,0,0,0
MA,01944,MASSACHUSETTS STATE,AWLY,0.062500,0.062500,0,0,0
MA,01945,MASSACHUSETTS STATE,AWLY,0.062500,0.062500,0,0,0
MA,01949,MASSACHUSETTS STATE,AWLY,0.062500,0.062500,0,0,0
MA,01950,MASSACHUSETTS STATE,AWLY,0.062500,0.062500,0,0,0
MA,01951,MASSACHUSETTS STATE,AWLY,0.062500,0.062500,0,0,0
MA,01952,MASSACHUSETTS STATE,AWLY,0.062500,0.062500,0,0,0
MA,01960,MASSACHUSETTS STATE,AWLY,0.062500,0.062500,0,0,0
MA,01961,MASSACHUSETTS STATE,AWLY,0.062500,0.062500,0,0,0
MA,01965,MASSACHUSETTS STATE,AWLY,0.062500,0.062500,0,0,0
MA,01966,MASSACHUSETTS STATE,AWLY,0.062500,0.062500,0,0,0
MA,01969,MASSACHUSETTS STATE,AWLY,0.062500,0.062500,0,0,0
MA,01970,MASSACHUSETTS STATE,AWLY,0.062500,0.062500,0,0,0
MA,01971,MASSACHUSETTS STATE,AWLY,0.062500,0.062500,0,0,0
MA,01982,MASSACHUSETTS STATE,AWLY,0.062500,0.062500,0,0,0
MA,01983,MASSACHUSETTS STATE,AWLY,0.062500,0.062500,0,0,0
MA,01984,MASSACHUSETTS STATE,AWLY,0.062500,0.062500,0,0,0
MA,01985,MASSACHUSETTS STATE,AWLY,0.062500,0.062500,0,0,0
MA,02018,MASSACHUSETTS STATE,AWLY,0.062500,0.062500,0,0,0
MA,02019,MASSACHUSETTS STATE,AWLY,0.062500,0.062500,0,0,0
MA,02020,MASSACHUSETTS STATE,AWLY,0.062500,0.062500,0,0,0
MA,02021,MASSACHUSETTS STATE,AWLY,0.062500,0.062500,0,0,0
MA,02025,MASSACHUSETTS STATE,AWLY,0.062500,0.062500,0,0,0
MA,02026,MASSACHUSETTS STATE,AWLY,0.062500,0.062500,0,0,0
MA,02027,MASSACHUSETTS STATE,AWLY,0.062500,0.062500,0,0,0
MA,02030,MASSACHUSETTS STATE,AWLY,0.062500,0.062500,0,0,0
MA,02032,MASSACHUSETTS STATE,AWLY,0.062500,0.062500,0,0,0
MA,02035,MASSACHUSETTS STATE,AWLY,0.062500,0.062500,0,0,0
MA,02038,MASSACHUSETTS STATE,AWLY,0.062500,0.062500,0,0,0
MA,02040,MASSACHUSETTS STATE,AWLY,0.062500,0.062500,0,0,0
MA,02041,MASSACHUSETTS STATE,AWLY,0.062500,0.062500,0,0,0
MA,02043,MASSACHUSETTS STATE,AWLY,0.062500,0.062500,0,0,0
MA,02044,MASSACHUSETTS STATE,AWLY,0.062500,0.062500,0,0,0
MA,02045,MASSACHUSETTS STATE,AWLY,0.062500,0.062500,0,0,0
MA,02047,MASSACHUSETTS STATE,AWLY,0.062500,0.062500,0,0,0
MA,02048,MASSACHUSETTS STATE,AWLY,0.062500,0.062500,0,0,0
MA,02050,MASSACHUSETTS STATE,AWLY,0.062500,0.062500,0,0,0
MA,02051,MASSACHUSETTS STATE,AWLY,0.062500,0.062500,0,0,0
MA,02052,MASSACHUSETTS STATE,AWLY,0.062500,0.062500,0,0,0
MA,02053,MASSACHUSETTS STATE,AWLY,0.062500,0.062500,0,0,0
MA,02054,MASSACHUSETTS STATE,AWLY,0.062500,0.062500,0,0,0
MA,02055,MASSACHUSETTS STATE,AWLY,0.062500,0.062500,0,0,0
MA,02056,MASSACHUSETTS STATE,AWLY,0.062500,0.062500,0,0,0
MA,02059,MASSACHUSETTS STATE,AWLY,0.062500,0.062500,0,0,0
MA,02060,MASSACHUSETTS STATE,AWLY,0.062500,0.062500,0,0,0
MA,02061,MASSACHUSETTS STATE,AWLY,0.062500,0.062500,0,0,0
MA,02062,MASSACHUSETTS STATE,AWLY,0.062500,0.062500,0,0,0
MA,02065,MASSACHUSETTS STATE,AWLY,0.062500,0.062500,0,0,0
MA,02066,MASSACHUSETTS STATE,AWLY,0.062500,0.062500,0,0,0
MA,02067,MASSACHUSETTS STATE,AWLY,0.062500,0.062500,0,0,0
MA,02070,MASSACHUSETTS STATE,AWLY,0.062500,0.062500,0,0,0
MA,02071,MASSACHUSETTS STATE,AWLY,0.062500,0.062500,0,0,0
MA,02072,MASSACHUSETTS STATE,AWLY,0.062500,0.062500,0,0,0
MA,02081,MASSACHUSETTS STATE,AWLY,0.062500,0.062500,0,0,0
MA,02090,MASSACHUSETTS STATE,AWLY,0.062500,0.062500,0,0,0
MA,02093,MASSACHUSETTS STATE,AWLY,0.062500,0.062500,0,0,0
MA,02108,MASSACHUSETTS STATE,AWLY,0.062500,0.062500,0,0,0
MA,02109,MASSACHUSETTS STATE,AWLY,0.062500,0.062500,0,0,0
MA,02110,MASSACHUSETTS STATE,AWLY,0.062500,0.062500,0,0,0
MA,02111,MASSACHUSETTS STATE,AWLY,0.062500,0.062500,0,0,0
MA,02112,MASSACHUSETTS STATE,AWLY,0.062500,0.062500,0,0,0
MA,02113,MASSACHUSETTS STATE,AWLY,0.062500,0.062500,0,0,0
MA,02114,MASSACHUSETTS STATE,AWLY,0.062500,0.062500,0,0,0
MA,02115,MASSACHUSETTS STATE,AWLY,0.062500,0.062500,0,0,0
MA,02116,MASSACHUSETTS STATE,AWLY,0.062500,0.062500,0,0,0
MA,02117,MASSACHUSETTS STATE,AWLY,0.062500,0.062500,0,0,0
MA,02118,MASSACHUSETTS STATE,AWLY,0.062500,0.062500,0,0,0
MA,02119,MASSACHUSETTS STATE,AWLY,0.062500,0.062500,0,0,0
MA,02120,MASSACHUSETTS STATE,AWLY,0.062500,0.062500,0,0,0
MA,02121,MASSACHUSETTS STATE,AWLY,0.062500,0.062500,0,0,0
MA,02122,MASSACHUSETTS STATE,AWLY,0.062500,0.062500,0,0,0
MA,02123,MASSACHUSETTS STATE,AWLY,0.062500,0.062500,0,0,0
MA,02124,MASSACHUSETTS STATE,AWLY,0.062500,0.062500,0,0,0
MA,02125,MASSACHUSETTS STATE,AWLY,0.062500,0.062500,0,0,0
MA,02126,MASSACHUSETTS STATE,AWLY,0.062500,0.062500,0,0,0
MA,02127,MASSACHUSETTS STATE,AWLY,0.062500,0.062500,0,0,0
MA,02128,MASSACHUSETTS STATE,AWLY,0.062500,0.062500,0,0,0
MA,02129,MASSACHUSETTS STATE,AWLY,0.062500,0.062500,0,0,0
MA,02130,MASSACHUSETTS STATE,AWLY,0.062500,0.062500,0,0,0
MA,02131,MASSACHUSETTS STATE,AWLY,0.062500,0.062500,0,0,0
MA,02132,MASSACHUSETTS STATE,AWLY,0.062500,0.062500,0,0,0
MA,02133,MASSACHUSETTS STATE,AWLY,0.062500,0.062500,0,0,0
MA,02134,MASSACHUSETTS STATE,AWLY,0.062500,0.062500,0,0,0
MA,02135,MASSACHUSETTS STATE,AWLY,0.062500,0.062500,0,0,0
MA,02136,MASSACHUSETTS STATE,AWLY,0.062500,0.062500,0,0,0
MA,02137,MASSACHUSETTS STATE,AWLY,0.062500,0.062500,0,0,0
MA,02138,MASSACHUSETTS STATE,AWLY,0.062500,0.062500,0,0,0
MA,02139,MASSACHUSETTS STATE,AWLY,0.062500,0.062500,0,0,0
MA,02140,MASSACHUSETTS STATE,AWLY,0.062500,0.062500,0,0,0
MA,02141,MASSACHUSETTS STATE,AWLY,0.062500,0.062500,0,0,0
MA,02142,MASSACHUSETTS STATE,AWLY,0.062500,0.062500,0,0,0
MA,02143,MASSACHUSETTS STATE,AWLY,0.062500,0.062500,0,0,0
MA,02144,MASSACHUSETTS STATE,AWLY,0.062500,0.062500,0,0,0
MA,02145,MASSACHUSETTS STATE,AWLY,0.062500,0.062500,0,0,0
MA,02148,MASSACHUSETTS STATE,AWLY,0.062500,0.062500,0,0,0
MA,02149,MASSACHUSETTS STATE,AWLY,0.062500,0.062500,0,0,0
MA,02150,MASSACHUSETTS STATE,AWLY,0.062500,0.062500,0,0,0
MA,02151,MASSACHUSETTS STATE,AWLY,0.062500,0.062500,0,0,0
MA,02152,MASSACHUSETTS STATE,AWLY,0.062500,0.062500,0,0,0
MA,02153,MASSACHUSETTS STATE,AWLY,0.062500,0.062500,0,0,0
MA,02155,MASSACHUSETTS STATE,AWLY,0.062500,0.062500,0,0,0
MA,02156,MASSACHUSETTS STATE,AWLY,0.062500,0.062500,0,0,0
MA,02163,MASSACHUSETTS STATE,AWLY,0.062500,0.062500,0,0,0
MA,02169,MASSACHUSETTS STATE,AWLY,0.062500,0.062500,0,0,0
MA,02170,MASSACHUSETTS STATE,AWLY,0.062500,0.062500,0,0,0
MA,02171,MASSACHUSETTS STATE,AWLY,0.062500,0.062500,0,0,0
MA,02176,MASSACHUSETTS STATE,AWLY,0.062500,0.062500,0,0,0
MA,02180,MASSACHUSETTS STATE,AWLY,0.062500,0.062500,0,0,0
MA,02184,MASSACHUSETTS STATE,AWLY,0.062500,0.062500,0,0,0
MA,02185,MASSACHUSETTS STATE,AWLY,0.062500,0.062500,0,0,0
MA,02186,MASSACHUSETTS STATE,AWLY,0.062500,0.062500,0,0,0
MA,02187,MASSACHUSETTS STATE,AWLY,0.062500,0.062500,0,0,0
MA,02188,MASSACHUSETTS STATE,AWLY,0.062500,0.062500,0,0,0
MA,02189,MASSACHUSETTS STATE,AWLY,0.062500,0.062500,0,0,0
MA,02190,MASSACHUSETTS STATE,AWLY,0.062500,0.062500,0,0,0
MA,02191,MASSACHUSETTS STATE,AWLY,0.062500,0.062500,0,0,0
MA,02196,MASSACHUSETTS STATE,AWLY,0.062500,0.062500,0,0,0
MA,02199,MASSACHUSETTS STATE,AWLY,0.062500,0.062500,0,0,0
MA,02201,MASSACHUSETTS STATE,AWLY,0.062500,0.062500,0,0,0
MA,02203,MASSACHUSETTS STATE,AWLY,0.062500,0.062500,0,0,0
MA,02204,MASSACHUSETTS STATE,AWLY,0.062500,0.062500,0,0,0
MA,02205,MASSACHUSETTS STATE,AWLY,0.062500,0.062500,0,0,0
MA,02206,MASSACHUSETTS STATE,AWLY,0.062500,0.062500,0,0,0
MA,02210,MASSACHUSETTS STATE,AWLY,0.062500,0.062500,0,0,0
MA,02211,MASSACHUSETTS STATE,AWLY,0.062500,0.062500,0,0,0
MA,02212,MASSACHUSETTS STATE,AWLY,0.062500,0.062500,0,0,0
MA,02215,MASSACHUSETTS STATE,AWLY,0.062500,0.062500,0,0,0
MA,02217,MASSACHUSETTS STATE,AWLY,0.062500,0.062500,0,0,0
MA,02222,MASSACHUSETTS STATE,AWLY,0.062500,0.062500,0,0,0
MA,02238,MASSACHUSETTS STATE,AWLY,0.062500,0.062500,0,0,0
MA,02241,MASSACHUSETTS STATE,AWLY,0.062500,0.062500,0,0,0
MA,02266,MASSACHUSETTS STATE,AWLY,0.062500,0.062500,0,0,0
MA,02269,MASSACHUSETTS STATE,AWLY,0.062500,0.062500,0,0,0
MA,02283,MASSACHUSETTS STATE,AWLY,0.062500,0.062500,0,0,0
MA,02284,MASSACHUSETTS STATE,AWLY,0.062500,0.062500,0,0,0
MA,02293,MASSACHUSETTS STATE,AWLY,0.062500,0.062500,0,0,0
MA,02297,MASSACHUSETTS STATE,AWLY,0.062500,0.062500,0,0,0
MA,02298,MASSACHUSETTS STATE,AWLY,0.062500,0.062500,0,0,0
MA,02301,MASSACHUSETTS STATE,AWLY,0.062500,0.062500,0,0,0
MA,02302,MASSACHUSETTS STATE,AWLY,0.062500,0.062500,0,0,0
MA,02303,MASSACHUSETTS STATE,AWLY,0.062500,0.062500,0,0,0
MA,02304,MASSACHUSETTS STATE,AWLY,0.062500,0.062500,0,0,0
MA,02305,MASSACHUSETTS STATE,AWLY,0.062500,0.062500,0,0,0
MA,02322,MASSACHUSETTS STATE,AWLY,0.062500,0.062500,0,0,0
MA,02324,MASSACHUSETTS STATE,AWLY,0.062500,0.062500,0,0,0
MA,02325,MASSACHUSETTS STATE,AWLY,0.062500,0.062500,0,0,0
MA,02327,MASSACHUSETTS STATE,AWLY,0.062500,0.062500,0,0,0
MA,02330,MASSACHUSETTS STATE,AWLY,0.062500,0.062500,0,0,0
MA,02331,MASSACHUSETTS STATE,AWLY,0.062500,0.062500,0,0,0
MA,02332,MASSACHUSETTS STATE,AWLY,0.062500,0.062500,0,0,0
MA,02333,MASSACHUSETTS STATE,AWLY,0.062500,0.062500,0,0,0
MA,02334,MASSACHUSETTS STATE,AWLY,0.062500,0.062500,0,0,0
MA,02337,MASSACHUSETTS STATE,AWLY,0.062500,0.062500,0,0,0
MA,02338,MASSACHUSETTS STATE,AWLY,0.062500,0.062500,0,0,0
MA,02339,MASSACHUSETTS STATE,AWLY,0.062500,0.062500,0,0,0
MA,02340,MASSACHUSETTS STATE,AWLY,0.062500,0.062500,0,0,0
MA,02341,MASSACHUSETTS STATE,AWLY,0.062500,0.062500,0,0,0
MA,02343,MASSACHUSETTS STATE,AWLY,0.062500,0.062500,0,0,0
MA,02344,MASSACHUSETTS STATE,AWLY,0.062500,0.062500,0,0,0
MA,02345,MASSACHUSETTS STATE,AWLY,0.062500,0.062500,0,0,0
MA,02346,MASSACHUSETTS STATE,AWLY,0.062500,0.062500,0,0,0
MA,02347,MASSACHUSETTS STATE,AWLY,0.062500,0.062500,0,0,0
MA,02348,MASSACHUSETTS STATE,AWLY,0.062500,0.062500,0,0,0
MA,02349,MASSACHUSETTS STATE,AWLY,0.062500,0.062500,0,0,0
MA,02350,MASSACHUSETTS STATE,AWLY,0.062500,0.062500,0,0,0
MA,02351,MASSACHUSETTS STATE,AWLY,0.062500,0.062500,0,0,0
MA,02355,MASSACHUSETTS STATE,AWLY,0.062500,0.062500,0,0,0
MA,02356,MASSACHUSETTS STATE,AWLY,0.062500,0.062500,0,0,0
MA,02357,MASSACHUSETTS STATE,AWLY,0.062500,0.062500,0,0,0
MA,02358,MASSACHUSETTS STATE,AWLY,0.062500,0.062500,0,0,0
MA,02359,MASSACHUSETTS STATE,AWLY,0.062500,0.062500,0,0,0
MA,02360,MASSACHUSETTS STATE,AWLY,0.062500,0.062500,0,0,0
MA,02361,MASSACHUSETTS STATE,AWLY,0.062500,0.062500,0,0,0
MA,02362,MASSACHUSETTS STATE,AWLY,0.062500,0.062500,0,0,0
MA,02364,MASSACHUSETTS STATE,AWLY,0.062500,0.062500,0,0,0
MA,02366,MASSACHUSETTS STATE,AWLY,0.062500,0.062500,0,0,0
MA,02367,MASSACHUSETTS STATE,AWLY,0.062500,0.062500,0,0,0
MA,02368,MASSACHUSETTS STATE,AWLY,0.062500,0.062500,0,0,0
MA,02370,MASSACHUSETTS STATE,AWLY,0.062500,0.062500,0,0,0
MA,02375,MASSACHUSETTS STATE,AWLY,0.062500,0.062500,0,0,0
MA,02379,MASSACHUSETTS STATE,AWLY,0.062500,0.062500,0,0,0
MA,02381,MASSACHUSETTS STATE,AWLY,0.062500,0.062500,0,0,0
MA,02382,MASSACHUSETTS STATE,AWLY,0.062500,0.062500,0,0,0
MA,02420,MASSACHUSETTS STATE,AWLY,0.062500,0.062500,0,0,0
MA,02421,MASSACHUSETTS STATE,AWLY,0.062500,0.062500,0,0,0
MA,02445,MASSACHUSETTS STATE,AWLY,0.062500,0.062500,0,0,0
MA,02446,MASSACHUSETTS STATE,AWLY,0.062500,0.062500,0,0,0
MA,02447,MASSACHUSETTS STATE,AWLY,0.062500,0.062500,0,0,0
MA,02451,MASSACHUSETTS STATE,AWLY,0.062500,0.062500,0,0,0
MA,02452,MASSACHUSETTS STATE,AWLY,0.062500,0.062500,0,0,0
MA,02453,MASSACHUSETTS STATE,AWLY,0.062500,0.062500,0,0,0
MA,02454,MASSACHUSETTS STATE,AWLY,0.062500,0.062500,0,0,0
MA,02455,MASSACHUSETTS STATE,AWLY,0.062500,0.062500,0,0,0
MA,02456,MASSACHUSETTS STATE,AWLY,0.062500,0.062500,0,0,0
MA,02457,MASSACHUSETTS STATE,AWLY,0.062500,0.062500,0,0,0
MA,02458,MASSACHUSETTS STATE,AWLY,0.062500,0.062500,0,0,0
MA,02459,MASSACHUSETTS STATE,AWLY,0.062500,0.062500,0,0,0
MA,02460,MASSACHUSETTS STATE,AWLY,0.062500,0.062500,0,0,0
MA,02461,MASSACHUSETTS STATE,AWLY,0.062500,0.062500,0,0,0
MA,02462,MASSACHUSETTS STATE,AWLY,0.062500,0.062500,0,0,0
MA,02464,MASSACHUSETTS STATE,AWLY,0.062500,0.062500,0,0,0
MA,02465,MASSACHUSETTS STATE,AWLY,0.062500,0.062500,0,0,0
MA,02466,MASSACHUSETTS STATE,AWLY,0.062500,0.062500,0,0,0
MA,02467,MASSACHUSETTS STATE,AWLY,0.062500,0.062500,0,0,0
MA,02468,MASSACHUSETTS STATE,AWLY,0.062500,0.062500,0,0,0
MA,02471,MASSACHUSETTS STATE,AWLY,0.062500,0.062500,0,0,0
MA,02472,MASSACHUSETTS STATE,AWLY,0.062500,0.062500,0,0,0
MA,02474,MASSACHUSETTS STATE,AWLY,0.062500,0.062500,0,0,0
MA,02475,MASSACHUSETTS STATE,AWLY,0.062500,0.062500,0,0,0
MA,02476,MASSACHUSETTS STATE,AWLY,0.062500,0.062500,0,0,0
MA,02477,MASSACHUSETTS STATE,AWLY,0.062500,0.062500,0,0,0
MA,02478,MASSACHUSETTS STATE,AWLY,0.062500,0.062500,0,0,0
MA,02479,MASSACHUSETTS STATE,AWLY,0.062500,0.062500,0,0,0
MA,02481,MASSACHUSETTS STATE,AWLY,0.062500,0.062500,0,0,0
MA,02482,MASSACHUSETTS STATE,AWLY,0.062500,0.062500,0,0,0
MA,02492,MASSACHUSETTS STATE,AWLY,0.062500,0.062500,0,0,0
MA,02493,MASSACHUSETTS STATE,AWLY,0.062500,0.062500,0,0,0
MA,02494,MASSACHUSETTS STATE,AWLY,0.062500,0.062500,0,0,0
MA,02495,MASSACHUSETTS STATE,AWLY,0.062500,0.062500,0,0,0
MA,02532,MASSACHUSETTS STATE,AWLY,0.062500,0.062500,0,0,0
MA,02534,MASSACHUSETTS STATE,AWLY,0.062500,0.062500,0,0,0
MA,02535,MASSACHUSETTS STATE,AWLY,0.062500,0.062500,0,0,0
MA,02536,MASSACHUSETTS STATE,AWLY,0.062500,0.062500,0,0,0
MA,02537,MASSACHUSETTS STATE,AWLY,0.062500,0.062500,0,0,0
MA,02538,MASSACHUSETTS STATE,AWLY,0.062500,0.062500,0,0,0
MA,02539,MASSACHUSETTS STATE,AWLY,0.062500,0.062500,0,0,0
MA,02540,MASSACHUSETTS STATE,AWLY,0.062500,0.062500,0,0,0
MA,02541,MASSACHUSETTS STATE,AWLY,0.062500,0.062500,0,0,0
MA,02542,MASSACHUSETTS STATE,AWLY,0.062500,0.062500,0,0,0
MA,02543,MASSACHUSETTS STATE,AWLY,0.062500,0.062500,0,0,0
MA,02552,MASSACHUSETTS STATE,AWLY,0.062500,0.062500,0,0,0
MA,02553,MASSACHUSETTS STATE,AWLY,0.062500,0.062500,0,0,0
MA,02554,MASSACHUSETTS STATE,AWLY,0.062500,0.062500,0,0,0
MA,02556,MASSACHUSETTS STATE,AWLY,0.062500,0.062500,0,0,0
MA,02557,MASSACHUSETTS STATE,AWLY,0.062500,0.062500,0,0,0
MA,02558,MASSACHUSETTS STATE,AWLY,0.062500,0.062500,0,0,0
MA,02559,MASSACHUSETTS STATE,AWLY,0.062500,0.062500,0,0,0
MA,02561,MASSACHUSETTS STATE,AWLY,0.062500,0.062500,0,0,0
MA,02562,MASSACHUSETTS STATE,AWLY,0.062500,0.062500,0,0,0
MA,02563,MASSACHUSETTS STATE,AWLY,0.062500,0.062500,0,0,0
MA,02564,MASSACHUSETTS STATE,AWLY,0.062500,0.062500,0,0,0
MA,02565,MASSACHUSETTS STATE,AWLY,0.062500,0.062500,0,0,0
MA,02568,MASSACHUSETTS STATE,AWLY,0.062500,0.062500,0,0,0
MA,02571,MASSACHUSETTS STATE,AWLY,0.062500,0.062500,0,0,0
MA,02573,MASSACHUSETTS STATE,AWLY,0.062500,0.062500,0,0,0
MA,02574,MASSACHUSETTS STATE,AWLY,0.062500,0.062500,0,0,0
MA,02575,MASSACHUSETTS STATE,AWLY,0.062500,0.062500,0,0,0
MA,02576,MASSACHUSETTS STATE,AWLY,0.062500,0.062500,0,0,0
MA,02584,MASSACHUSETTS STATE,AWLY,0.062500,0.062500,0,0,0
MA,02601,MASSACHUSETTS STATE,AWLY,0.062500,0.062500,0,0,0
MA,02630,MASSACHUSETTS STATE,AWLY,0.062500,0.062500,0,0,0
MA,02631,MASSACHUSETTS STATE,AWLY,0.062500,0.062500,0,0,0
MA,02632,MASSACHUSETTS STATE,AWLY,0.062500,0.062500,0,0,0
MA,02633,MASSACHUSETTS STATE,AWLY,0.062500,0.062500,0,0,0
MA,02634,MASSACHUSETTS STATE,AWLY,0.062500,0.062500,0,0,0
MA,02635,MASSACHUSETTS STATE,AWLY,0.062500,0.062500,0,0,0
MA,02637,MASSACHUSETTS STATE,AWLY,0.062500,0.062500,0,0,0
MA,02638,MASSACHUSETTS STATE,AWLY,0.062500,0.062500,0,0,0
MA,02639,MASSACHUSETTS STATE,AWLY,0.062500,0.062500,0,0,0
MA,02641,MASSACHUSETTS STATE,AWLY,0.062500,0.062500,0,0,0
MA,02642,MASSACHUSETTS STATE,AWLY,0.062500,0.062500,0,0,0
MA,02643,MASSACHUSETTS STATE,AWLY,0.062500,0.062500,0,0,0
MA,02644,MASSACHUSETTS STATE,AWLY,0.062500,0.062500,0,0,0
MA,02645,MASSACHUSETTS STATE,AWLY,0.062500,0.062500,0,0,0
MA,02646,MASSACHUSETTS STATE,AWLY,0.062500,0.062500,0,0,0
MA,02647,MASSACHUSETTS STATE,AWLY,0.062500,0.062500,0,0,0
MA,02648,MASSACHUSETTS STATE,AWLY,0.062500,0.062500,0,0,0
MA,02649,MASSACHUSETTS STATE,AWLY,0.062500,0.062500,0,0,0
MA,02650,MASSACHUSETTS STATE,AWLY,0.062500,0.062500,0,0,0
MA,02651,MASSACHUSETTS STATE,AWLY,0.062500,0.062500,0,0,0
MA,02652,MASSACHUSETTS STATE,AWLY,0.062500,0.062500,0,0,0
MA,02653,MASSACHUSETTS STATE,AWLY,0.062500,0.062500,0,0,0
MA,02655,MASSACHUSETTS STATE,AWLY,0.062500,0.062500,0,0,0
MA,02657,MASSACHUSETTS STATE,AWLY,0.062500,0.062500,0,0,0
MA,02659,MASSACHUSETTS STATE,AWLY,0.062500,0.062500,0,0,0
MA,02660,MASSACHUSETTS STATE,AWLY,0.062500,0.062500,0,0,0
MA,02661,MASSACHUSETTS STATE,AWLY,0.062500,0.062500,0,0,0
MA,02662,MASSACHUSETTS STATE,AWLY,0.062500,0.062500,0,0,0
MA,02663,MASSACHUSETTS STATE,AWLY,0.062500,0.062500,0,0,0
MA,02664,MASSACHUSETTS STATE,AWLY,0.062500,0.062500,0,0,0
MA,02666,MASSACHUSETTS STATE,AWLY,0.062500,0.062500,0,0,0
MA,02667,MASSACHUSETTS STATE,AWLY,0.062500,0.062500,0,0,0
MA,02668,MASSACHUSETTS STATE,AWLY,0.062500,0.062500,0,0,0
MA,02669,MASSACHUSETTS STATE,AWLY,0.062500,0.062500,0,0,0
MA,02670,MASSACHUSETTS STATE,AWLY,0.062500,0.062500,0,0,0
MA,02671,MASSACHUSETTS STATE,AWLY,0.062500,0.062500,0,0,0
MA,02672,MASSACHUSETTS STATE,AWLY,0.062500,0.062500,0,0,0
MA,02673,MASSACHUSETTS STATE,AWLY,0.062500,0.062500,0,0,0
MA,02675,MASSACHUSETTS STATE,AWLY,0.062500,0.062500,0,0,0
MA,02702,MASSACHUSETTS STATE,AWLY,0.062500,0.062500,0,0,0
MA,02703,MASSACHUSETTS STATE,AWLY,0.062500,0.062500,0,0,0
MA,02712,MASSACHUSETTS STATE,AWLY,0.062500,0.062500,0,0,0
MA,02713,MASSACHUSETTS STATE,AWLY,0.062500,0.062500,0,0,0
MA,02714,MASSACHUSETTS STATE,AWLY,0.062500,0.062500,0,0,0
MA,02715,MASSACHUSETTS STATE,AWLY,0.062500,0.062500,0,0,0
MA,02717,MASSACHUSETTS STATE,AWLY,0.062500,0.062500,0,0,0
MA,02718,MASSACHUSETTS STATE,AWLY,0.062500,0.062500,0,0,0
MA,02719,MASSACHUSETTS STATE,AWLY,0.062500,0.062500,0,0,0
MA,02720,MASSACHUSETTS STATE,AWLY,0.062500,0.062500,0,0,0
MA,02721,MASSACHUSETTS STATE,AWLY,0.062500,0.062500,0,0,0
MA,02722,MASSACHUSETTS STATE,AWLY,0.062500,0.062500,0,0,0
MA,02723,MASSACHUSETTS STATE,AWLY,0.062500,0.062500,0,0,0
MA,02724,MASSACHUSETTS STATE,AWLY,0.062500,0.062500,0,0,0
MA,02725,MASSACHUSETTS STATE,AWLY,0.062500,0.062500,0,0,0
MA,02726,MASSACHUSETTS STATE,AWLY,0.062500,0.062500,0,0,0
MA,02738,MASSACHUSETTS STATE,AWLY,0.062500,0.062500,0,0,0
MA,02739,MASSACHUSETTS STATE,AWLY,0.062500,0.062500,0,0,0
MA,02740,MASSACHUSETTS STATE,AWLY,0.062500,0.062500,0,0,0
MA,02741,MASSACHUSETTS STATE,AWLY,0.062500,0.062500,0,0,0
MA,02742,MASSACHUSETTS STATE,AWLY,0.062500,0.062500,0,0,0
MA,02743,MASSACHUSETTS STATE,AWLY,0.062500,0.062500,0,0,0
MA,02744,MASSACHUSETTS STATE,AWLY,0.062500,0.062500,0,0,0
MA,02745,MASSACHUSETTS STATE,AWLY,0.062500,0.062500,0,0,0
MA,02746,MASSACHUSETTS STATE,AWLY,0.062500,0.062500,0,0,0
MA,02747,MASSACHUSETTS STATE,AWLY,0.062500,0.062500,0,0,0
MA,02748,MASSACHUSETTS STATE,AWLY,0.062500,0.062500,0,0,0
MA,02760,MASSACHUSETTS STATE,AWLY,0.062500,0.062500,0,0,0
MA,02761,MASSACHUSETTS STATE,AWLY,0.062500,0.062500,0,0,0
MA,02762,MASSACHUSETTS STATE,AWLY,0.062500,0.062500,0,0,0
MA,02763,MASSACHUSETTS STATE,AWLY,0.062500,0.062500,0,0,0
MA,02764,MASSACHUSETTS STATE,AWLY,0.062500,0.062500,0,0,0
MA,02766,MASSACHUSETTS STATE,AWLY,0.062500,0.062500,0,0,0
MA,02767,MASSACHUSETTS STATE,AWLY,0.062500,0.062500,0,0,0
MA,02768,MASSACHUSETTS STATE,AWLY,0.062500,0.062500,0,0,0
MA,02769,MASSACHUSETTS STATE,AWLY,0.062500,0.062500,0,0,0
MA,02770,MASSACHUSETTS STATE,AWLY,0.062500,0.062500,0,0,0
MA,02771,MASSACHUSETTS STATE,AWLY,0.062500,0.062500,0,0,0
MA,02777,MASSACHUSETTS STATE,AWLY,0.062500,0.062500,0,0,0
MA,02779,MASSACHUSETTS STATE,AWLY,0.062500,0.062500,0,0,0
MA,02780,MASSACHUSETTS STATE,AWLY,0.062500,0.062500,0,0,0
MA,02783,MASSACHUSETTS STATE,AWLY,0.062500,0.062500,0,0,0
MA,02790,MASSACHUSETTS STATE,AWLY,0.062500,0.062500,0,0,0
MA,02791,MASSACHUSETTS STATE,AWLY,0.062500,0.062500,0,0,0
MA,05501,MASSACHUSETTS STATE,AWLY,0.062500,0.062500,0,0,0
MA,05544,MASSACHUSETTS STATE,AWLY,0.062500,0.062500,0,0,0
