State,ZipCode,TaxRegionName,TaxRegionCode,CombinedRate,StateRate,CountyRate,CityRate,SpecialRate
TN,37010,ROBERTSON COUNTY,BPUJ,0.097500,0.070000,0.027500,0,0
TN,37011,DAVIDSON COUNTY,BPDY,0.092500,0.070000,0.022500,0,0
TN,37012,DEKALB COUNTY,BPEI,0.097500,0.070000,0.027500,0,0
TN,37013,DAVIDSON COUNTY,BPDY,0.092500,0.070000,0.022500,0,0
TN,37014,WILLIAMSON COUNTY,BQAA,0.092500,0.070000,0.022500,0,0
TN,37015,CHEATHAM COUNTY,BPBU,0.092500,0.070000,0.022500,0,0
TN,37016,CANNON COUNTY,BPAT,0.087500,0.070000,0.017500,0,0
TN,37018,COFFEE COUNTY,BPDD,0.097500,0.070000,0.027500,0,0
TN,37019,MARSHALL COUNTY,BPPM,0.092500,0.070000,0.022500,0,0
TN,37020,BEDFORD COUNTY,BOZH,0.097500,0.070000,0.027500,0,0
TN,37022,SUMNER COUNTY,BPXC,0.092500,0.070000,0.022500,0,0
TN,37023,STEWART COUNTY,BPWO,0.092500,0.070000,0.022500,0,0
TN,37024,DAVIDSON COUNTY,BPDY,0.092500,0.070000,0.022500,0,0
TN,37025,HICKMAN COUNTY,BPLO,0.097500,0.070000,0.027500,0,0
TN,37026,CANNON COUNTY,BPAT,0.087500,0.070000,0.017500,0,0
TN,37027,WILLIAMSON COUNTY,BQAA,0.092500,0.070000,0.022500,0,0
TN,37028,STEWART COUNTY,BPWO,0.092500,0.070000,0.022500,0,0
TN,37029,DICKSON COUNTY,BPET,0.097500,0.070000,0.027500,0,0
TN,37030,SMITH COUNTY,BPWD,0.097500,0.070000,0.027500,0,0
TN,37031,SUMNER COUNTY,BPXC,0.092500,0.070000,0.022500,0,0
TN,37032,ROBERTSON COUNTY,BPUJ,0.097500,0.070000,0.027500,0,0
TN,37033,HICKMAN COUNTY,BPLO,0.097500,0.070000,0.027500,0,0
TN,37034,MARSHALL COUNTY,BPPM,0.092500,0.070000,0.022500,0,0
TN,37035,CHEATHAM COUNTY,BPBU,0.092500,0.070000,0.022500,0,0
TN,37036,DICKSON COUNTY,BPET,0.097500,0.070000,0.027500,0,0
TN,37037,RUTHERFORD COUNTY,BPUS,0.097500,0.070000,0.027500,0,0
TN,37040,MONTGOMERY COUNTY,BPRH,0.095000,0.070000,0.025000,0,0
TN,37041,MONTGOMERY COUNTY,BPRH,0.095000,0.070000,0.025000,0,0
TN,37042,MONTGOMERY COUNTY,BPRH,0.095000,0.070000,0.025000,0,0
TN,37043,MONTGOMERY COUNTY,BPRH,0.095000,0.070000,0.025000,0,0
TN,37044,MONTGOMERY COUNTY,BPRH,0.095000,0.070000,0.025000,0,0
TN,37046,WILLIAMSON COUNTY,BQAA,0.092500,0.070000,0.022500,0,0
TN,37047,MARSHALL COUNTY,BPPM,0.092500,0.070000,0.022500,0,0
TN,37048,SUMNER COUNTY,BPXC,0.092500,0.070000,0.022500,0,0
TN,37049,ROBERTSON COUNTY,BPUJ,0.097500,0.070000,0.027500,0,0
TN,37050,STEWART COUNTY,BPWO,0.092500,0.070000,0.022500,0,0
TN,37051,DICKSON COUNTY,BPET,0.097500,0.070000,0.027500,0,0
TN,37052,MONTGOMERY COUNTY,BPRH,0.095000,0.070000,0.025000,0,0
TN,37055,DICKSON COUNTY,BPET,0.097500,0.070000,0.027500,0,0
TN,37056,DICKSON COUNTY,BPET,0.097500,0.070000,0.027500,0,0
TN,37057,TROUSDALE COUNTY,BPXV,0.092500,0.070000,0.022500,0,0
TN,37058,STEWART COUNTY,BPWO,0.092500,0.070000,0.022500,0,0
TN,37059,DEKALB COUNTY,BPEI,0.097500,0.070000,0.027500,0,0
TN,37060,RUTHERFORD COUNTY,BPUS,0.097500,0.070000,0.027500,0,0
TN,37061,HOUSTON COUNTY,BPLX,0.097500,0.070000,0.027500,0,0
TN,37062,FAIRVIEW,BQAF,0.097500,0.070000,0.022500,0.005000,0
TN,37063,BEDFORD COUNTY,BOZH,0.097500,0.070000,0.027500,0,0
TN,37064,WILLIAMSON COUNTY,BQAA,0.092500,0.070000,0.022500,0,0
TN,37065,WILLIAMSON COUNTY,BQAA,0.092500,0.070000,0.022500,0,0
TN,37066,SUMNER COUNTY,BPXC,0.092500,0.070000,0.022500,0,0
TN,37067,WILLIAMSON COUNTY,BQAA,0.092500,0.070000,0.022500,0,0
TN,37068,WILLIAMSON COUNTY,BQAA,0.092500,0.070000,0.022500,0,0
TN,37069,WILLIAMSON COUNTY,BQAA,0.092500,0.070000,0.022500,0,0
TN,37070,DAVIDSON COUNTY,BPDY,0.092500,0.070000,0.022500,0,0
TN,37071,WILSON COUNTY,BQAJ,0.092500,0.070000,0.022500,0,0
TN,37072,DAVIDSON COUNTY,BPDY,0.092500,0.070000,0.022500,0,0
TN,37073,ROBERTSON COUNTY,BPUJ,0.097500,0.070000,0.027500,0,0
TN,37074,TROUSDALE COUNTY,BPXV,0.092500,0.070000,0.022500,0,0
TN,37075,SUMNER COUNTY,BPXC,0.092500,0.070000,0.022500,0,0
TN,37076,DAVIDSON COUNTY,BPDY,0.092500,0.070000,0.022500,0,0
TN,37077,SUMNER COUNTY,BPXC,0.092500,0.070000,0.022500,0,0
TN,37078,HUMPHREYS COUNTY,BPMB,0.097500,0.070000,0.027500,0,0
TN,37079,STEWART COUNTY,BPWO,0.092500,0.070000,0.022500,0,0
TN,37080,DAVIDSON COUNTY,BPDY,0.092500,0.070000,0.022500,0,0
TN,37082,CHEATHAM COUNTY,BPBU,0.092500,0.070000,0.022500,0,0
TN,37083,MACON COUNTY,BPOS,0.092500,0.070000,0.022500,0,0
TN,37085,RUTHERFORD COUNTY,BPUS,0.097500,0.070000,0.027500,0,0
TN,37086,RUTHERFORD COUNTY,BPUS,0.097500,0.070000,0.027500,0,0
TN,37087,WILSON COUNTY,BQAJ,0.092500,0.070000,0.022500,0,0
TN,37088,WILSON COUNTY,BQAJ,0.092500,0.070000,0.022500,0,0
TN,37089,RUTHERFORD COUNTY,BPUS,0.097500,0.070000,0.027500,0,0
TN,37090,WILSON COUNTY,BQAJ,0.092500,0.070000,0.022500,0,0
TN,37091,MARSHALL COUNTY,BPPM,0.092500,0.070000,0.022500,0,0
TN,37095,DEKALB COUNTY,BPEI,0.097500,0.070000,0.027500,0,0
TN,37096,PERRY COUNTY,BPSW,0.095000,0.070000,0.025000,0,0
TN,37097,PERRY COUNTY,BPSW,0.095000,0.070000,0.025000,0,0
TN,37098,HICKMAN COUNTY,BPLO,0.097500,0.070000,0.027500,0,0
TN,37101,HUMPHREYS COUNTY,BPMB,0.097500,0.070000,0.027500,0,0
TN,37110,WARREN COUNTY,BPYI,0.097500,0.070000,0.027500,0,0
TN,37111,WARREN COUNTY,BPYI,0.097500,0.070000,0.027500,0,0
TN,37115,DAVIDSON COUNTY,BPDY,0.092500,0.070000,0.022500,0,0
TN,37116,DAVIDSON COUNTY,BPDY,0.092500,0.070000,0.022500,0,0
TN,37118,RUTHERFORD COUNTY,BPUS,0.097500,0.070000,0.027500,0,0
TN,37119,SUMNER COUNTY,BPXC,0.092500,0.070000,0.022500,0,0
TN,37121,WILSON COUNTY,BQAJ,0.092500,0.070000,0.022500,0,0
TN,37122,WILSON COUNTY,BQAJ,0.092500,0.070000,0.022500,0,0
TN,37127,RUTHERFORD COUNTY,BPUS,0.097500,0.070000,0.027500,0,0
TN,37128,RUTHERFORD COUNTY,BPUS,0.097500,0.070000,0.027500,0,0
TN,37129,RUTHERFORD COUNTY,BPUS,0.097500,0.070000,0.027500,0,0
TN,37130,RUTHERFORD COUNTY,BPUS,0.097500,0.070000,0.027500,0,0
TN,37131,RUTHERFORD COUNTY,BPUS,0.097500,0.070000,0.027500,0,0
TN,37132,RUTHERFORD COUNTY,BPUS,0.097500,0.070000,0.027500,0,0
TN,37133,RUTHERFORD COUNTY,BPUS,0.097500,0.070000,0.027500,0,0
TN,37134,HUMPHREYS COUNTY,BPMB,0.097500,0.070000,0.027500,0,0
TN,37135,WILLIAMSON COUNTY,BQAA,0.092500,0.070000,0.022500,0,0
TN,37136,WILSON COUNTY,BQAJ,0.092500,0.070000,0.022500,0,0
TN,37137,HICKMAN COUNTY,BPLO,0.097500,0.070000,0.027500,0,0
TN,37138,DAVIDSON COUNTY,BPDY,0.092500,0.070000,0.022500,0,0
TN,37140,HICKMAN COUNTY,BPLO,0.097500,0.070000,0.027500,0,0
TN,37141,ROBERTSON COUNTY,BPUJ,0.097500,0.070000,0.027500,0,0
TN,37142,MONTGOMERY COUNTY,BPRH,0.095000,0.070000,0.025000,0,0
TN,37143,PEGRAM,BPBY,0.097500,0.070000,0.022500,0.005000,0
TN,37144,LINCOLN COUNTY,BPOC,0.095000,0.070000,0.025000,0,0
TN,37145,SMITH COUNTY,BPWD,0.097500,0.070000,0.027500,0,0
TN,37146,CHEATHAM COUNTY,BPBU,0.092500,0.070000,0.022500,0,0
TN,37148,SUMNER COUNTY,BPXC,0.092500,0.070000,0.022500,0,0
TN,37149,RUTHERFORD COUNTY,BPUS,0.097500,0.070000,0.027500,0,0
TN,37150,MACON COUNTY,BPOS,0.092500,0.070000,0.022500,0,0
TN,37151,SMITH COUNTY,BPWD,0.097500,0.070000,0.027500,0,0
TN,37152,ROBERTSON COUNTY,BPUJ,0.097500,0.070000,0.027500,0,0
TN,37153,RUTHERFORD COUNTY,BPUS,0.097500,0.070000,0.027500,0,0
TN,37160,BEDFORD COUNTY,BOZH,0.097500,0.070000,0.027500,0,0
TN,37161,BEDFORD COUNTY,BOZH,0.097500,0.070000,0.027500,0,0
TN,37162,BEDFORD COUNTY,BOZH,0.097500,0.070000,0.027500,0,0
TN,37165,DICKSON COUNTY,BPET,0.097500,0.070000,0.027500,0,0
TN,37166,DEKALB COUNTY,BPEI,0.097500,0.070000,0.027500,0,0
TN,37167,RUTHERFORD COUNTY,BPUS,0.097500,0.070000,0.027500,0,0
TN,37171,MONTGOMERY COUNTY,BPRH,0.095000,0.070000,0.025000,0,0
TN,37172,ROBERTSON COUNTY,BPUJ,0.097500,0.070000,0.027500,0,0
TN,37174,MAURY COUNTY,BPPS,0.092500,0.070000,0.022500,0,0
TN,37175,HOUSTON COUNTY,BPLX,0.097500,0.070000,0.027500,0,0
TN,37178,HOUSTON COUNTY,BPLX,0.097500,0.070000,0.027500,0,0
TN,37179,WILLIAMSON COUNTY,BQAA,0.092500,0.070000,0.022500,0,0
TN,37180,BEDFORD COUNTY,BOZH,0.097500,0.070000,0.027500,0,0
TN,37181,DICKSON COUNTY,BPET,0.097500,0.070000,0.027500,0,0
TN,37183,BEDFORD COUNTY,BOZH,0.097500,0.070000,0.027500,0,0
TN,37184,WILSON COUNTY,BQAJ,0.092500,0.070000,0.022500,0,0
TN,37185,HUMPHREYS COUNTY,BPMB,0.097500,0.070000,0.027500,0,0
TN,37186,SUMNER COUNTY,BPXC,0.092500,0.070000,0.022500,0,0
TN,37187,DICKSON COUNTY,BPET,0.097500,0.070000,0.027500,0,0
TN,37188,WHITE HOUSE,BPUR,0.097500,0.070000,0.027500,0.000000,0
TN,37189,DAVIDSON COUNTY,BPDY,0.092500,0.070000,0.022500,0,0
TN,37190,CANNON COUNTY,BPAT,0.087500,0.070000,0.017500,0,0
TN,37191,MONTGOMERY COUNTY,BPRH,0.095000,0.070000,0.025000,0,0
TN,37201,DAVIDSON COUNTY,BPDY,0.092500,0.070000,0.022500,0,0
TN,37202,DAVIDSON COUNTY,BPDY,0.092500,0.070000,0.022500,0,0
TN,37203,DAVIDSON COUNTY,BPDY,0.092500,0.070000,0.022500,0,0
TN,37204,DAVIDSON COUNTY,BPDY,0.092500,0.070000,0.022500,0,0
TN,37205,DAVIDSON COUNTY,BPDY,0.092500,0.070000,0.022500,0,0
TN,37206,DAVIDSON COUNTY,BPDY,0.092500,0.070000,0.022500,0,0
TN,37207,DAVIDSON COUNTY,BPDY,0.092500,0.070000,0.022500,0,0
TN,37208,DAVIDSON COUNTY,BPDY,0.092500,0.070000,0.022500,0,0
TN,37209,DAVIDSON COUNTY,BPDY,0.092500,0.070000,0.022500,0,0
TN,37210,DAVIDSON COUNTY,BPDY,0.092500,0.070000,0.022500,0,0
TN,37211,DAVIDSON COUNTY,BPDY,0.092500,0.070000,0.022500,0,0
TN,37212,DAVIDSON COUNTY,BPDY,0.092500,0.070000,0.022500,0,0
TN,37213,DAVIDSON COUNTY,BPDY,0.092500,0.070000,0.022500,0,0
TN,37214,DAVIDSON COUNTY,BPDY,0.092500,0.070000,0.022500,0,0
TN,37215,DAVIDSON COUNTY,BPDY,0.092500,0.070000,0.022500,0,0
TN,37216,DAVIDSON COUNTY,BPDY,0.092500,0.070000,0.022500,0,0
TN,37217,DAVIDSON COUNTY,BPDY,0.092500,0.070000,0.022500,0,0
TN,37218,DAVIDSON COUNTY,BPDY,0.092500,0.070000,0.022500,0,0
TN,37219,DAVIDSON COUNTY,BPDY,0.092500,0.070000,0.022500,0,0
TN,37220,DAVIDSON COUNTY,BPDY,0.092500,0.070000,0.022500,0,0
TN,37221,DAVIDSON COUNTY,BPDY,0.092500,0.070000,0.022500,0,0
TN,37222,DAVIDSON COUNTY,BPDY,0.092500,0.070000,0.022500,0,0
TN,37224,DAVIDSON COUNTY,BPDY,0.092500,0.070000,0.022500,0,0
TN,37227,DAVIDSON COUNTY,BPDY,0.092500,0.070000,0.022500,0,0
TN,37228,DAVIDSON COUNTY,BPDY,0.092500,0.070000,0.022500,0,0
TN,37229,DAVIDSON COUNTY,BPDY,0.092500,0.070000,0.022500,0,0
TN,37230,DAVIDSON COUNTY,BPDY,0.092500,0.070000,0.022500,0,0
TN,37232,DAVIDSON COUNTY,BPDY,0.092500,0.070000,0.022500,0,0
TN,37234,DAVIDSON COUNTY,BPDY,0.092500,0.070000,0.022500,0,0
TN,37235,DAVIDSON COUNTY,BPDY,0.092500,0.070000,0.022500,0,0
TN,37236,DAVIDSON COUNTY,BPDY,0.092500,0.070000,0.022500,0,0
TN,37238,DAVIDSON COUNTY,BPDY,0.092500,0.070000,0.022500,0,0
TN,37240,DAVIDSON COUNTY,BPDY,0.092500,0.070000,0.022500,0,0
TN,37241,DAVIDSON COUNTY,BPDY,0.092500,0.070000,0.022500,0,0
TN,37242,DAVIDSON COUNTY,BPDY,0.092500,0.070000,0.022500,0,0
TN,37243,DAVIDSON COUNTY,BPDY,0.092500,0.070000,0.022500,0,0
TN,37244,DAVIDSON COUNTY,BPDY,0.092500,0.070000,0.022500,0,0
TN,37246,DAVIDSON COUNTY,BPDY,0.092500,0.070000,0.022500,0,0
TN,37250,DAVIDSON COUNTY,BPDY,0.092500,0.070000,0.022500,0,0
TN,37301,GRUNDY COUNTY,BPIE,0.092500,0.070000,0.022500,0,0
TN,37302,HAMILTON COUNTY,BPIV,0.092500,0.070000,0.022500,0,0
TN,37303,MCMINN COUNTY,BPQB,0.090000,0.070000,0.020000,0,0
TN,37304,HAMILTON COUNTY,BPIV,0.092500,0.070000,0.022500,0,0
TN,37305,GRUNDY COUNTY,BPIE,0.092500,0.070000,0.022500,0,0
TN,37306,FRANKLIN COUNTY,BPGE,0.092500,0.070000,0.022500,0,0
TN,37307,POLK COUNTY,BPTB,0.092500,0.070000,0.022500,0,0
TN,37308,HAMILTON COUNTY,BPIV,0.092500,0.070000,0.022500,0,0
TN,37309,MCMINN COUNTY,BPQB,0.090000,0.070000,0.020000,0,0
TN,37310,BRADLEY COUNTY,BPAE,0.097500,0.070000,0.027500,0,0
TN,37311,BRADLEY COUNTY,BPAE,0.097500,0.070000,0.027500,0,0
TN,37312,BRADLEY COUNTY,BPAE,0.097500,0.070000,0.027500,0,0
TN,37313,GRUNDY COUNTY,BPIE,0.092500,0.070000,0.022500,0,0
TN,37314,MONROE COUNTY,BPRA,0.092500,0.070000,0.022500,0,0
TN,37315,HAMILTON COUNTY,BPIV,0.092500,0.070000,0.022500,0,0
TN,37317,POLK COUNTY,BPTB,0.092500,0.070000,0.022500,0,0
TN,37318,FRANKLIN COUNTY,BPGE,0.092500,0.070000,0.022500,0,0
TN,37320,BRADLEY COUNTY,BPAE,0.097500,0.070000,0.027500,0,0
TN,37321,RHEA COUNTY,BPTU,0.097500,0.070000,0.027500,0,0
TN,37322,MEIGS COUNTY,BPQV,0.090000,0.070000,0.020000,0,0
TN,37323,BRADLEY COUNTY,BPAE,0.097500,0.070000,0.027500,0,0
TN,37324,FRANKLIN COUNTY,BPGE,0.092500,0.070000,0.022500,0,0
TN,37325,POLK COUNTY,BPTB,0.092500,0.070000,0.022500,0,0
TN,37326,POLK COUNTY,BPTB,0.092500,0.070000,0.022500,0,0
TN,37327,SEQUATCHIE COUNTY,BPVM,0.092500,0.070000,0.022500,0,0
TN,37328,LINCOLN COUNTY,BPOC,0.095000,0.070000,0.025000,0,0
TN,37329,MCMINN COUNTY,BPQB,0.090000,0.070000,0.020000,0,0
TN,37330,FRANKLIN COUNTY,BPGE,0.092500,0.070000,0.022500,0,0
TN,37331,MCMINN COUNTY,BPQB,0.090000,0.070000,0.020000,0,0
TN,37332,RHEA COUNTY,BPTU,0.097500,0.070000,0.027500,0,0
TN,37333,POLK COUNTY,BPTB,0.092500,0.070000,0.022500,0,0
TN,37334,LINCOLN COUNTY,BPOC,0.095000,0.070000,0.025000,0,0
TN,37335,LINCOLN COUNTY,BPOC,0.095000,0.070000,0.025000,0,0
TN,37336,BRADLEY COUNTY,BPAE,0.097500,0.070000,0.027500,0,0
TN,37337,CUMBERLAND COUNTY,BPDS,0.097500,0.070000,0.027500,0,0
TN,37338,RHEA COUNTY,BPTU,0.097500,0.070000,0.027500,0,0
TN,37339,GRUNDY COUNTY,BPIE,0.092500,0.070000,0.022500,0,0
TN,37340,MARION COUNTY,BPPE,0.097500,0.070000,0.027500,0,0
TN,37341,HAMILTON COUNTY,BPIV,0.092500,0.070000,0.022500,0,0
TN,37342,COFFEE COUNTY,BPDD,0.097500,0.070000,0.027500,0,0
TN,37343,HAMILTON COUNTY,BPIV,0.092500,0.070000,0.022500,0,0
TN,37345,FRANKLIN COUNTY,BPGE,0.092500,0.070000,0.022500,0,0
TN,37347,MARION COUNTY,BPPE,0.097500,0.070000,0.027500,0,0
TN,37348,LINCOLN COUNTY,BPOC,0.095000,0.070000,0.025000,0,0
TN,37349,COFFEE COUNTY,BPDD,0.097500,0.070000,0.027500,0,0
TN,37350,HAMILTON COUNTY,BPIV,0.092500,0.070000,0.022500,0,0
TN,37351,HAMILTON COUNTY,BPIV,0.092500,0.070000,0.022500,0,0
TN,37352,MOORE COUNTY,BPRP,0.095000,0.070000,0.025000,0,0
TN,37353,BRADLEY COUNTY,BPAE,0.097500,0.070000,0.027500,0,0
TN,37354,MONROE COUNTY,BPRA,0.092500,0.070000,0.022500,0,0
TN,37355,COFFEE COUNTY,BPDD,0.097500,0.070000,0.027500,0,0
TN,37356,MARION COUNTY,BPPE,0.097500,0.070000,0.027500,0,0
TN,37357,WARREN COUNTY,BPYI,0.097500,0.070000,0.027500,0,0
TN,37359,MOORE COUNTY,BPRP,0.095000,0.070000,0.025000,0,0
TN,37360,BEDFORD COUNTY,BOZH,0.097500,0.070000,0.027500,0,0
TN,37361,POLK COUNTY,BPTB,0.092500,0.070000,0.022500,0,0
TN,37362,POLK COUNTY,BPTB,0.092500,0.070000,0.022500,0,0
TN,37363,HAMILTON COUNTY,BPIV,0.092500,0.070000,0.022500,0,0
TN,37364,BRADLEY COUNTY,BPAE,0.097500,0.070000,0.027500,0,0
TN,37365,GRUNDY COUNTY,BPIE,0.092500,0.070000,0.022500,0,0
TN,37366,GRUNDY COUNTY,BPIE,0.092500,0.070000,0.022500,0,0
TN,37367,BLEDSOE COUNTY,BOZS,0.092500,0.070000,0.022500,0,0
TN,37369,POLK COUNTY,BPTB,0.092500,0.070000,0.022500,0,0
TN,37370,MCMINN COUNTY,BPQB,0.090000,0.070000,0.020000,0,0
TN,37371,MCMINN COUNTY,BPQB,0.090000,0.070000,0.020000,0,0
TN,37373,HAMILTON COUNTY,BPIV,0.092500,0.070000,0.022500,0,0
TN,37374,MARION COUNTY,BPPE,0.097500,0.070000,0.027500,0,0
TN,37375,FRANKLIN COUNTY,BPGE,0.092500,0.070000,0.022500,0,0
TN,37376,FRANKLIN COUNTY,BPGE,0.092500,0.070000,0.022500,0,0
TN,37377,HAMILTON COUNTY,BPIV,0.092500,0.070000,0.022500,0,0
TN,37378,WARREN COUNTY,BPYI,0.097500,0.070000,0.027500,0,0
TN,37379,HAMILTON COUNTY,BPIV,0.092500,0.070000,0.022500,0,0
TN,37380,MARION COUNTY,BPPE,0.097500,0.070000,0.027500,0,0
TN,37381,RHEA COUNTY,BPTU,0.097500,0.070000,0.027500,0,0
TN,37382,DEKALB COUNTY,BPEI,0.097500,0.070000,0.027500,0,0
TN,37383,FRANKLIN COUNTY,BPGE,0.092500,0.070000,0.022500,0,0
TN,37384,HAMILTON COUNTY,BPIV,0.092500,0.070000,0.022500,0,0
TN,37385,MONROE COUNTY,BPRA,0.092500,0.070000,0.022500,0,0
TN,37387,GRUNDY COUNTY,BPIE,0.092500,0.070000,0.022500,0,0
TN,37388,COFFEE COUNTY,BPDD,0.097500,0.070000,0.027500,0,0
TN,37389,COFFEE COUNTY,BPDD,0.097500,0.070000,0.027500,0,0
TN,37391,POLK COUNTY,BPTB,0.092500,0.070000,0.022500,0,0
TN,37394,WARREN COUNTY,BPYI,0.097500,0.070000,0.027500,0,0
TN,37396,MARION COUNTY,BPPE,0.097500,0.070000,0.027500,0,0
TN,37397,MARION COUNTY,BPPE,0.097500,0.070000,0.027500,0,0
TN,37398,FRANKLIN COUNTY,BPGE,0.092500,0.070000,0.022500,0,0
TN,37401,HAMILTON COUNTY,BPIV,0.092500,0.070000,0.022500,0,0
TN,37402,HAMILTON COUNTY,BPIV,0.092500,0.070000,0.022500,0,0
TN,37403,HAMILTON COUNTY,BPIV,0.092500,0.070000,0.022500,0,0
TN,37404,HAMILTON COUNTY,BPIV,0.092500,0.070000,0.022500,0,0
TN,37405,HAMILTON COUNTY,BPIV,0.092500,0.070000,0.022500,0,0
TN,37406,HAMILTON COUNTY,BPIV,0.092500,0.070000,0.022500,0,0
TN,37407,HAMILTON COUNTY,BPIV,0.092500,0.070000,0.022500,0,0
TN,37408,HAMILTON COUNTY,BPIV,0.092500,0.070000,0.022500,0,0
TN,37409,HAMILTON COUNTY,BPIV,0.092500,0.070000,0.022500,0,0
TN,37410,HAMILTON COUNTY,BPIV,0.092500,0.070000,0.022500,0,0
TN,37411,HAMILTON COUNTY,BPIV,0.092500,0.070000,0.022500,0,0
TN,37412,HAMILTON COUNTY,BPIV,0.092500,0.070000,0.022500,0,0
TN,37414,HAMILTON COUNTY,BPIV,0.092500,0.070000,0.022500,0,0
TN,37415,HAMILTON COUNTY,BPIV,0.092500,0.070000,0.022500,0,0
TN,37416,HAMILTON COUNTY,BPIV,0.092500,0.070000,0.022500,0,0
TN,37419,HAMILTON COUNTY,BPIV,0.092500,0.070000,0.022500,0,0
TN,37421,HAMILTON COUNTY,BPIV,0.092500,0.070000,0.022500,0,0
TN,37422,HAMILTON COUNTY,BPIV,0.092500,0.070000,0.022500,0,0
TN,37424,HAMILTON COUNTY,BPIV,0.092500,0.070000,0.022500,0,0
TN,37450,HAMILTON COUNTY,BPIV,0.092500,0.070000,0.022500,0,0
TN,37501,SHELBY COUNTY,BPVU,0.092500,0.070000,0.022500,0,0
TN,37544,SHELBY COUNTY,BPVU,0.092500,0.070000,0.022500,0,0
TN,37601,WASHINGTON COUNTY,BPYS,0.095000,0.070000,0.025000,0,0
TN,37602,WASHINGTON COUNTY,BPYS,0.095000,0.070000,0.025000,0,0
TN,37604,WASHINGTON COUNTY,BPYS,0.095000,0.070000,0.025000,0,0
TN,37605,WASHINGTON COUNTY,BPYS,0.095000,0.070000,0.025000,0,0
TN,37614,WASHINGTON COUNTY,BPYS,0.095000,0.070000,0.025000,0,0
TN,37615,WASHINGTON COUNTY,BPYS,0.095000,0.070000,0.025000,0,0
TN,37616,GREENE COUNTY,BPHU,0.097500,0.070000,0.027500,0,0
TN,37617,SULLIVAN COUNTY,BPWV,0.092500,0.070000,0.022500,0,0
TN,37618,SULLIVAN COUNTY,BPWV,0.092500,0.070000,0.022500,0,0
TN,37620,SULLIVAN COUNTY,BPWV,0.092500,0.070000,0.022500,0,0
TN,37621,SULLIVAN COUNTY,BPWV,0.092500,0.070000,0.022500,0,0
TN,37625,SULLIVAN COUNTY,BPWV,0.092500,0.070000,0.022500,0,0
TN,37640,JOHNSON COUNTY,BPMS,0.085000,0.070000,0.015000,0,0
TN,37641,GREENE COUNTY,BPHU,0.097500,0.070000,0.027500,0,0
TN,37642,HAWKINS COUNTY,BPKJ,0.097500,0.070000,0.027500,0,0
TN,37643,CARTER COUNTY,BPBM,0.097500,0.070000,0.027500,0,0
TN,37644,CARTER COUNTY,BPBM,0.097500,0.070000,0.027500,0,0
TN,37645,HAWKINS COUNTY,BPKJ,0.097500,0.070000,0.027500,0,0
TN,37650,UNICOI COUNTY,BPXX,0.097500,0.070000,0.027500,0,0
TN,37656,GREENE COUNTY,BPHU,0.097500,0.070000,0.027500,0,0
TN,37657,UNICOI COUNTY,BPXX,0.097500,0.070000,0.027500,0,0
TN,37658,CARTER COUNTY,BPBM,0.097500,0.070000,0.027500,0,0
TN,37659,WASHINGTON COUNTY,BPYS,0.095000,0.070000,0.025000,0,0
TN,37660,KINGSPORT,BPXA,0.095000,0.070000,0.022500,0.002500,0
TN,37662,SULLIVAN COUNTY,BPWV,0.092500,0.070000,0.022500,0,0
TN,37663,SULLIVAN COUNTY,BPWV,0.092500,0.070000,0.022500,0,0
TN,37664,KINGSPORT,BPXA,0.095000,0.070000,0.022500,0.002500,0
TN,37665,KINGSPORT,BPXA,0.095000,0.070000,0.022500,0.002500,0
TN,37669,KINGSPORT,BPXA,0.095000,0.070000,0.022500,0.002500,0
TN,37680,JOHNSON COUNTY,BPMS,0.085000,0.070000,0.015000,0,0
TN,37681,GREENE COUNTY,BPHU,0.097500,0.070000,0.027500,0,0
TN,37682,CARTER COUNTY,BPBM,0.097500,0.070000,0.027500,0,0
TN,37683,JOHNSON COUNTY,BPMS,0.085000,0.070000,0.015000,0,0
TN,37684,WASHINGTON COUNTY,BPYS,0.095000,0.070000,0.025000,0,0
TN,37686,SULLIVAN COUNTY,BPWV,0.092500,0.070000,0.022500,0,0
TN,37687,CARTER COUNTY,BPBM,0.097500,0.070000,0.027500,0,0
TN,37688,JOHNSON COUNTY,BPMS,0.085000,0.070000,0.015000,0,0
TN,37690,WASHINGTON COUNTY,BPYS,0.095000,0.070000,0.025000,0,0
TN,37691,JOHNSON COUNTY,BPMS,0.085000,0.070000,0.015000,0,0
TN,37692,UNICOI COUNTY,BPXX,0.097500,0.070000,0.027500,0,0
TN,37694,CARTER COUNTY,BPBM,0.097500,0.070000,0.027500,0,0
TN,37699,SULLIVAN COUNTY,BPWV,0.092500,0.070000,0.022500,0,0
TN,37701,BLOUNT COUNTY,BOZU,0.097500,0.070000,0.027500,0,0
TN,37705,ANDERSON COUNTY,BOYZ,0.097500,0.070000,0.027500,0,0
TN,37707,CLAIBORNE COUNTY,BPCG,0.092500,0.070000,0.022500,0,0
TN,37708,GRAINGER COUNTY,BPHN,0.097500,0.070000,0.027500,0,0
TN,37709,GRAINGER COUNTY,BPHN,0.097500,0.070000,0.027500,0,0
TN,37710,ANDERSON COUNTY,BOYZ,0.097500,0.070000,0.027500,0,0
TN,37711,GREENE COUNTY,BPHU,0.097500,0.070000,0.027500,0,0
TN,37713,COCKE COUNTY,BPCW,0.097500,0.070000,0.027500,0,0
TN,37714,CAMPBELL COUNTY,BPAK,0.092500,0.070000,0.022500,0,0
TN,37715,CLAIBORNE COUNTY,BPCG,0.092500,0.070000,0.022500,0,0
TN,37716,ANDERSON COUNTY,BOYZ,0.097500,0.070000,0.027500,0,0
TN,37717,ANDERSON COUNTY,BOYZ,0.097500,0.070000,0.027500,0,0
TN,37719,MORGAN COUNTY,BPRR,0.090000,0.070000,0.020000,0,0
TN,37721,KNOX COUNTY,BPMY,0.092500,0.070000,0.022500,0,0
TN,37722,COCKE COUNTY,BPCW,0.097500,0.070000,0.027500,0,0
TN,37723,CUMBERLAND COUNTY,BPDS,0.097500,0.070000,0.027500,0,0
TN,37724,CLAIBORNE COUNTY,BPCG,0.092500,0.070000,0.022500,0,0
TN,37725,JEFFERSON COUNTY,BPML,0.097500,0.070000,0.027500,0,0
TN,37726,MORGAN COUNTY,BPRR,0.090000,0.070000,0.020000,0,0
TN,37727,COCKE COUNTY,BPCW,0.097500,0.070000,0.027500,0,0
TN,37729,CAMPBELL COUNTY,BPAK,0.092500,0.070000,0.022500,0,0
TN,37730,CLAIBORNE COUNTY,BPCG,0.092500,0.070000,0.022500,0,0
TN,37731,HAWKINS COUNTY,BPKJ,0.097500,0.070000,0.027500,0,0
TN,37732,SCOTT COUNTY,BPVD,0.092500,0.070000,0.022500,0,0
TN,37733,SCOTT COUNTY,BPVD,0.092500,0.070000,0.022500,0,0
TN,37737,BLOUNT COUNTY,BOZU,0.097500,0.070000,0.027500,0,0
TN,37738,SEVIER COUNTY,BPVO,0.097500,0.070000,0.027500,0,0
TN,37742,LOUDON COUNTY,BPOM,0.090000,0.070000,0.020000,0,0
TN,37743,GREENE COUNTY,BPHU,0.097500,0.070000,0.027500,0,0
TN,37744,GREENE COUNTY,BPHU,0.097500,0.070000,0.027500,0,0
TN,37745,GREENE COUNTY,BPHU,0.097500,0.070000,0.027500,0,0
TN,37748,ROANE COUNTY,BPUB,0.095000,0.070000,0.025000,0,0
TN,37752,CLAIBORNE COUNTY,BPCG,0.092500,0.070000,0.022500,0,0
TN,37753,COCKE COUNTY,BPCW,0.097500,0.070000,0.027500,0,0
TN,37754,ANDERSON COUNTY,BOYZ,0.097500,0.070000,0.027500,0,0
TN,37755,SCOTT COUNTY,BPVD,0.092500,0.070000,0.022500,0,0
TN,37756,SCOTT COUNTY,BPVD,0.092500,0.070000,0.022500,0,0
TN,37757,CAMPBELL COUNTY,BPAK,0.092500,0.070000,0.022500,0,0
TN,37760,JEFFERSON COUNTY,BPML,0.097500,0.070000,0.027500,0,0
TN,37762,CAMPBELL COUNTY,BPAK,0.092500,0.070000,0.022500,0,0
TN,37763,ROANE COUNTY,BPUB,0.095000,0.070000,0.025000,0,0
TN,37764,SEVIER COUNTY,BPVO,0.097500,0.070000,0.027500,0,0
TN,37765,HANCOCK COUNTY,BPJL,0.090000,0.070000,0.020000,0,0
TN,37766,CAMPBELL COUNTY,BPAK,0.092500,0.070000,0.022500,0,0
TN,37769,ANDERSON COUNTY,BOYZ,0.097500,0.070000,0.027500,0,0
TN,37770,MORGAN COUNTY,BPRR,0.090000,0.070000,0.020000,0,0
TN,37771,LOUDON COUNTY,BPOM,0.090000,0.070000,0.020000,0,0
TN,37772,LOUDON COUNTY,BPOM,0.090000,0.070000,0.020000,0,0
TN,37773,CLAIBORNE COUNTY,BPCG,0.092500,0.070000,0.022500,0,0
TN,37774,LOUDON COUNTY,BPOM,0.090000,0.070000,0.020000,0,0
TN,37777,BLOUNT COUNTY,BOZU,0.097500,0.070000,0.027500,0,0
TN,37778,HAMBLEN COUNTY,BPIN,0.097500,0.070000,0.027500,0,0
TN,37779,UNION COUNTY,BPYB,0.092500,0.070000,0.022500,0,0
TN,37801,BLOUNT COUNTY,BOZU,0.097500,0.070000,0.027500,0,0
TN,37802,MARYVILLE,BOZZ,0.097500,0.070000,0.027500,0.000000,0
TN,37803,BLOUNT COUNTY,BOZU,0.097500,0.070000,0.027500,0,0
TN,37804,BLOUNT COUNTY,BOZU,0.097500,0.070000,0.027500,0,0
TN,37806,MASCOT,BPNE,0.092500,0.070000,0.022500,0.000000,0
TN,37807,UNION COUNTY,BPYB,0.092500,0.070000,0.022500,0,0
TN,37809,GREENE COUNTY,BPHU,0.097500,0.070000,0.027500,0,0
TN,37810,GREENE COUNTY,BPHU,0.097500,0.070000,0.027500,0,0
TN,37811,HAWKINS COUNTY,BPKJ,0.097500,0.070000,0.027500,0,0
TN,37813,HAMBLEN COUNTY,BPIN,0.097500,0.070000,0.027500,0,0
TN,37814,HAMBLEN COUNTY,BPIN,0.097500,0.070000,0.027500,0,0
TN,37815,HAMBLEN COUNTY,BPIN,0.097500,0.070000,0.027500,0,0
TN,37816,HAMBLEN COUNTY,BPIN,0.097500,0.070000,0.027500,0,0
TN,37818,GREENE COUNTY,BPHU,0.097500,0.070000,0.027500,0,0
TN,37819,CAMPBELL COUNTY,BPAK,0.092500,0.070000,0.022500,0,0
TN,37820,JEFFERSON COUNTY,BPML,0.097500,0.070000,0.027500,0,0
TN,37821,COCKE COUNTY,BPCW,0.097500,0.070000,0.027500,0,0
TN,37822,COCKE COUNTY,BPCW,0.097500,0.070000,0.027500,0,0
TN,37824,CLAIBORNE COUNTY,BPCG,0.092500,0.070000,0.022500,0,0
TN,37825,CLAIBORNE COUNTY,BPCG,0.092500,0.070000,0.022500,0,0
TN,37826,MCMINN COUNTY,BPQB,0.090000,0.070000,0.020000,0,0
TN,37828,ANDERSON COUNTY,BOYZ,0.097500,0.070000,0.027500,0,0
TN,37829,MORGAN COUNTY,BPRR,0.090000,0.070000,0.020000,0,0
TN,37830,ANDERSON COUNTY,BOYZ,0.097500,0.070000,0.027500,0,0
TN,37831,ANDERSON COUNTY,BOYZ,0.097500,0.070000,0.027500,0,0
TN,37840,ANDERSON COUNTY,BOYZ,0.097500,0.070000,0.027500,0,0
TN,37841,SCOTT COUNTY,BPVD,0.092500,0.070000,0.022500,0,0
TN,37843,COCKE COUNTY,BPCW,0.097500,0.070000,0.027500,0,0
TN,37845,MORGAN COUNTY,BPRR,0.090000,0.070000,0.020000,0,0
TN,37846,LOUDON COUNTY,BPOM,0.090000,0.070000,0.020000,0,0
TN,37847,SCOTT COUNTY,BPVD,0.092500,0.070000,0.022500,0,0
TN,37848,GRAINGER COUNTY,BPHN,0.097500,0.070000,0.027500,0,0
TN,37849,KNOX COUNTY,BPMY,0.092500,0.070000,0.022500,0,0
TN,37851,CLAIBORNE COUNTY,BPCG,0.092500,0.070000,0.022500,0,0
TN,37852,SCOTT COUNTY,BPVD,0.092500,0.070000,0.022500,0,0
TN,37853,BLOUNT COUNTY,BOZU,0.097500,0.070000,0.027500,0,0
TN,37854,ROANE COUNTY,BPUB,0.095000,0.070000,0.025000,0,0
TN,37857,HAWKINS COUNTY,BPKJ,0.097500,0.070000,0.027500,0,0
TN,37860,HAMBLEN COUNTY,BPIN,0.097500,0.070000,0.027500,0,0
TN,37861,GRAINGER COUNTY,BPHN,0.097500,0.070000,0.027500,0,0
TN,37862,SEVIER COUNTY,BPVO,0.097500,0.070000,0.027500,0,0
TN,37863,SEVIER COUNTY,BPVO,0.097500,0.070000,0.027500,0,0
TN,37864,SEVIER COUNTY,BPVO,0.097500,0.070000,0.027500,0,0
TN,37865,SEVIER COUNTY,BPVO,0.097500,0.070000,0.027500,0,0
TN,37866,UNION COUNTY,BPYB,0.092500,0.070000,0.022500,0,0
TN,37867,CLAIBORNE COUNTY,BPCG,0.092500,0.070000,0.022500,0,0
TN,37868,SEVIER COUNTY,BPVO,0.097500,0.070000,0.027500,0,0
TN,37869,HANCOCK COUNTY,BPJL,0.090000,0.070000,0.020000,0,0
TN,37870,CLAIBORNE COUNTY,BPCG,0.092500,0.070000,0.022500,0,0
TN,37871,KNOX COUNTY,BPMY,0.092500,0.070000,0.022500,0,0
TN,37872,MORGAN COUNTY,BPRR,0.090000,0.070000,0.020000,0,0
TN,37873,HAWKINS COUNTY,BPKJ,0.097500,0.070000,0.027500,0,0
TN,37874,MONROE COUNTY,BPRA,0.092500,0.070000,0.022500,0,0
TN,37876,SEVIER COUNTY,BPVO,0.097500,0.070000,0.027500,0,0
TN,37877,HAMBLEN COUNTY,BPIN,0.097500,0.070000,0.027500,0,0
TN,37878,BLOUNT COUNTY,BOZU,0.097500,0.070000,0.027500,0,0
TN,37879,CLAIBORNE COUNTY,BPCG,0.092500,0.070000,0.022500,0,0
TN,37880,ROANE COUNTY,BPUB,0.095000,0.070000,0.025000,0,0
TN,37881,GRAINGER COUNTY,BPHN,0.097500,0.070000,0.027500,0,0
TN,37882,BLOUNT COUNTY,BOZU,0.097500,0.070000,0.027500,0,0
TN,37885,MONROE COUNTY,BPRA,0.092500,0.070000,0.022500,0,0
TN,37886,BLOUNT COUNTY,BOZU,0.097500,0.070000,0.027500,0,0
TN,37887,MORGAN COUNTY,BPRR,0.090000,0.070000,0.020000,0,0
TN,37888,GRAINGER COUNTY,BPHN,0.097500,0.070000,0.027500,0,0
TN,37890,JEFFERSON COUNTY,BPML,0.097500,0.070000,0.027500,0,0
TN,37891,HAMBLEN COUNTY,BPIN,0.097500,0.070000,0.027500,0,0
TN,37892,SCOTT COUNTY,BPVD,0.092500,0.070000,0.022500,0,0
TN,37901,KNOX COUNTY,BPMY,0.092500,0.070000,0.022500,0,0
TN,37902,KNOX COUNTY,BPMY,0.092500,0.070000,0.022500,0,0
TN,37909,KNOX COUNTY,BPMY,0.092500,0.070000,0.022500,0,0
TN,37912,KNOX COUNTY,BPMY,0.092500,0.070000,0.022500,0,0
TN,37914,KNOX COUNTY,BPMY,0.092500,0.070000,0.022500,0,0
TN,37915,KNOX COUNTY,BPMY,0.092500,0.070000,0.022500,0,0
TN,37916,KNOX COUNTY,BPMY,0.092500,0.070000,0.022500,0,0
TN,37917,KNOX COUNTY,BPMY,0.092500,0.070000,0.022500,0,0
TN,37918,KNOX COUNTY,BPMY,0.092500,0.070000,0.022500,0,0
TN,37919,KNOX COUNTY,BPMY,0.092500,0.070000,0.022500,0,0
TN,37920,KNOX COUNTY,BPMY,0.092500,0.070000,0.022500,0,0
TN,37921,KNOX COUNTY,BPMY,0.092500,0.070000,0.022500,0,0
TN,37922,KNOX COUNTY,BPMY,0.092500,0.070000,0.022500,0,0
TN,37923,KNOX COUNTY,BPMY,0.092500,0.070000,0.022500,0,0
TN,37924,KNOX COUNTY,BPMY,0.092500,0.070000,0.022500,0,0
TN,37927,KNOX COUNTY,BPMY,0.092500,0.070000,0.022500,0,0
TN,37928,KNOX COUNTY,BPMY,0.092500,0.070000,0.022500,0,0
TN,37929,KNOX COUNTY,BPMY,0.092500,0.070000,0.022500,0,0
TN,37930,KNOX COUNTY,BPMY,0.092500,0.070000,0.022500,0,0
TN,37931,KNOX COUNTY,BPMY,0.092500,0.070000,0.022500,0,0
TN,37932,KNOX COUNTY,BPMY,0.092500,0.070000,0.022500,0,0
TN,37933,KNOX COUNTY,BPMY,0.092500,0.070000,0.022500,0,0
TN,37934,KNOX COUNTY,BPMY,0.092500,0.070000,0.022500,0,0
TN,37938,KNOX COUNTY,BPMY,0.092500,0.070000,0.022500,0,0
TN,37939,KNOX COUNTY,BPMY,0.092500,0.070000,0.022500,0,0
TN,37940,KNOX COUNTY,BPMY,0.092500,0.070000,0.022500,0,0
TN,37950,KNOX COUNTY,BPMY,0.092500,0.070000,0.022500,0,0
TN,37995,KNOX COUNTY,BPMY,0.092500,0.070000,0.022500,0,0
TN,37996,KNOX COUNTY,BPMY,0.092500,0.070000,0.022500,0,0
TN,37997,KNOX COUNTY,BPMY,0.092500,0.070000,0.022500,0,0
TN,37998,KNOX COUNTY,BPMY,0.092500,0.070000,0.022500,0,0
TN,38001,CROCKETT COUNTY,BPDK,0.097500,0.070000,0.027500,0,0
TN,38002,LAKELAND,DTRC,0.097500,0.070000,0.022500,0.005000,0
TN,38004,ATOKA,BPXM,0.097500,0.070000,0.022500,0.005000,0
TN,38006,CROCKETT COUNTY,BPDK,0.097500,0.070000,0.027500,0,0
TN,38007,DYER COUNTY,BPFB,0.097500,0.070000,0.027500,0,0
TN,38008,HARDEMAN COUNTY,BPJO,0.097500,0.070000,0.027500,0,0
TN,38010,TIPTON COUNTY,BPXL,0.092500,0.070000,0.022500,0,0
TN,38011,TIPTON COUNTY,BPXL,0.092500,0.070000,0.022500,0,0
TN,38012,HAYWOOD COUNTY,BPKS,0.097500,0.070000,0.027500,0,0
TN,38014,SHELBY COUNTY,BPVU,0.092500,0.070000,0.022500,0,0
TN,38015,TIPTON COUNTY,BPXL,0.092500,0.070000,0.022500,0,0
TN,38016,SHELBY COUNTY,BPVU,0.092500,0.070000,0.022500,0,0
TN,38017,COLLIERVILLE,BPVX,0.097500,0.070000,0.022500,0.005000,0
TN,38018,SHELBY COUNTY,BPVU,0.092500,0.070000,0.022500,0,0
TN,38019,TIPTON COUNTY,BPXL,0.092500,0.070000,0.022500,0,0
TN,38021,CROCKETT COUNTY,BPDK,0.097500,0.070000,0.027500,0,0
TN,38023,TIPTON COUNTY,BPXL,0.092500,0.070000,0.022500,0,0
TN,38024,DYER COUNTY,BPFB,0.097500,0.070000,0.027500,0,0
TN,38025,DYER COUNTY,BPFB,0.097500,0.070000,0.027500,0,0
TN,38027,COLLIERVILLE,BPVX,0.097500,0.070000,0.022500,0.005000,0
TN,38028,FAYETTE COUNTY,BPFL,0.092500,0.070000,0.022500,0,0
TN,38029,BARTLETT,DGKA,0.097500,0.070000,0.022500,0.005000,0
TN,38030,DYER COUNTY,BPFB,0.097500,0.070000,0.027500,0,0
TN,38034,CROCKETT COUNTY,BPDK,0.097500,0.070000,0.027500,0,0
TN,38036,FAYETTE COUNTY,BPFL,0.092500,0.070000,0.022500,0,0
TN,38037,LAUDERDALE COUNTY,BPNK,0.097500,0.070000,0.027500,0,0
TN,38039,HARDEMAN COUNTY,BPJO,0.097500,0.070000,0.027500,0,0
TN,38040,LAUDERDALE COUNTY,BPNK,0.097500,0.070000,0.027500,0,0
TN,38041,LAUDERDALE COUNTY,BPNK,0.097500,0.070000,0.027500,0,0
TN,38042,HARDEMAN COUNTY,BPJO,0.097500,0.070000,0.027500,0,0
TN,38044,HARDEMAN COUNTY,BPJO,0.097500,0.070000,0.027500,0,0
TN,38045,FAYETTE COUNTY,BPFL,0.092500,0.070000,0.022500,0,0
TN,38046,FAYETTE COUNTY,BPFL,0.092500,0.070000,0.022500,0,0
TN,38047,DYER COUNTY,BPFB,0.097500,0.070000,0.027500,0,0
TN,38048,FAYETTE COUNTY,BPFL,0.092500,0.070000,0.022500,0,0
TN,38049,FAYETTE COUNTY,BPFL,0.092500,0.070000,0.022500,0,0
TN,38050,CROCKETT COUNTY,BPDK,0.097500,0.070000,0.027500,0,0
TN,38052,HARDEMAN COUNTY,BPJO,0.097500,0.070000,0.027500,0,0
TN,38053,SHELBY COUNTY,BPVU,0.092500,0.070000,0.022500,0,0
TN,38054,MILLINGTON,BPWC,0.097500,0.070000,0.022500,0.005000,0
TN,38055,MILLINGTON,BPWC,0.097500,0.070000,0.022500,0.005000,0
TN,38057,FAYETTE COUNTY,BPFL,0.092500,0.070000,0.022500,0,0
TN,38058,MUNFORD,BPXT,0.097500,0.070000,0.022500,0.005000,0
TN,38059,DYER COUNTY,BPFB,0.097500,0.070000,0.027500,0,0
TN,38060,FAYETTE COUNTY,BPFL,0.092500,0.070000,0.022500,0,0
TN,38061,HARDEMAN COUNTY,BPJO,0.097500,0.070000,0.027500,0,0
TN,38063,LAUDERDALE COUNTY,BPNK,0.097500,0.070000,0.027500,0,0
TN,38066,FAYETTE COUNTY,BPFL,0.092500,0.070000,0.022500,0,0
TN,38067,HARDEMAN COUNTY,BPJO,0.097500,0.070000,0.027500,0,0
TN,38068,FAYETTE COUNTY,BPFL,0.092500,0.070000,0.022500,0,0
TN,38069,HAYWOOD COUNTY,BPKS,0.097500,0.070000,0.027500,0,0
TN,38070,DYER COUNTY,BPFB,0.097500,0.070000,0.027500,0,0
TN,38071,ATOKA,BPXM,0.097500,0.070000,0.022500,0.005000,0
TN,38075,HARDEMAN COUNTY,BPJO,0.097500,0.070000,0.027500,0,0
TN,38076,FAYETTE COUNTY,BPFL,0.092500,0.070000,0.022500,0,0
TN,38077,LAKE COUNTY,BPNG,0.097500,0.070000,0.027500,0,0
TN,38079,LAKE COUNTY,BPNG,0.097500,0.070000,0.027500,0,0
TN,38080,LAKE COUNTY,BPNG,0.097500,0.070000,0.027500,0,0
TN,38083,MILLINGTON,BPWC,0.097500,0.070000,0.022500,0.005000,0
TN,38088,SHELBY COUNTY,BPVU,0.092500,0.070000,0.022500,0,0
TN,38101,SHELBY COUNTY,BPVU,0.092500,0.070000,0.022500,0,0
TN,38103,SHELBY COUNTY,BPVU,0.092500,0.070000,0.022500,0,0
TN,38104,SHELBY COUNTY,BPVU,0.092500,0.070000,0.022500,0,0
TN,38105,SHELBY COUNTY,BPVU,0.092500,0.070000,0.022500,0,0
TN,38106,SHELBY COUNTY,BPVU,0.092500,0.070000,0.022500,0,0
TN,38107,SHELBY COUNTY,BPVU,0.092500,0.070000,0.022500,0,0
TN,38108,SHELBY COUNTY,BPVU,0.092500,0.070000,0.022500,0,0
TN,38109,SHELBY COUNTY,BPVU,0.092500,0.070000,0.022500,0,0
TN,38111,SHELBY COUNTY,BPVU,0.092500,0.070000,0.022500,0,0
TN,38112,SHELBY COUNTY,BPVU,0.092500,0.070000,0.022500,0,0
TN,38114,SHELBY COUNTY,BPVU,0.092500,0.070000,0.022500,0,0
TN,38115,SHELBY COUNTY,BPVU,0.092500,0.070000,0.022500,0,0
TN,38116,SHELBY COUNTY,BPVU,0.092500,0.070000,0.022500,0,0
TN,38117,SHELBY COUNTY,BPVU,0.092500,0.070000,0.022500,0,0
TN,38118,SHELBY COUNTY,BPVU,0.092500,0.070000,0.022500,0,0
TN,38119,SHELBY COUNTY,BPVU,0.092500,0.070000,0.022500,0,0
TN,38120,SHELBY COUNTY,BPVU,0.092500,0.070000,0.022500,0,0
TN,38122,SHELBY COUNTY,BPVU,0.092500,0.070000,0.022500,0,0
TN,38124,SHELBY COUNTY,BPVU,0.092500,0.070000,0.022500,0,0
TN,38125,SHELBY COUNTY,BPVU,0.092500,0.070000,0.022500,0,0
TN,38126,SHELBY COUNTY,BPVU,0.092500,0.070000,0.022500,0,0
TN,38127,SHELBY COUNTY,BPVU,0.092500,0.070000,0.022500,0,0
TN,38128,SHELBY COUNTY,BPVU,0.092500,0.070000,0.022500,0,0
TN,38130,SHELBY COUNTY,BPVU,0.092500,0.070000,0.022500,0,0
TN,38131,SHELBY COUNTY,BPVU,0.092500,0.070000,0.022500,0,0
TN,38132,SHELBY COUNTY,BPVU,0.092500,0.070000,0.022500,0,0
TN,38133,BARTLETT,DGKA,0.097500,0.070000,0.022500,0.005000,0
TN,38134,SHELBY COUNTY,BPVU,0.092500,0.070000,0.022500,0,0
TN,38135,BARTLETT,DGKA,0.097500,0.070000,0.022500,0.005000,0
TN,38136,SHELBY COUNTY,BPVU,0.092500,0.070000,0.022500,0,0
TN,38137,SHELBY COUNTY,BPVU,0.092500,0.070000,0.022500,0,0
TN,38138,GERMANTOWN,DNSX,0.097500,0.070000,0.022500,0.005000,0
TN,38139,GERMANTOWN,DNSX,0.097500,0.070000,0.022500,0.005000,0
TN,38141,SHELBY COUNTY,BPVU,0.092500,0.070000,0.022500,0,0
TN,38145,SHELBY COUNTY,BPVU,0.092500,0.070000,0.022500,0,0
TN,38148,SHELBY COUNTY,BPVU,0.092500,0.070000,0.022500,0,0
TN,38150,SHELBY COUNTY,BPVU,0.092500,0.070000,0.022500,0,0
TN,38151,SHELBY COUNTY,BPVU,0.092500,0.070000,0.022500,0,0
TN,38152,SHELBY COUNTY,BPVU,0.092500,0.070000,0.022500,0,0
TN,38157,SHELBY COUNTY,BPVU,0.092500,0.070000,0.022500,0,0
TN,38159,SHELBY COUNTY,BPVU,0.092500,0.070000,0.022500,0,0
TN,38161,SHELBY COUNTY,BPVU,0.092500,0.070000,0.022500,0,0
TN,38163,SHELBY COUNTY,BPVU,0.092500,0.070000,0.022500,0,0
TN,38166,SHELBY COUNTY,BPVU,0.092500,0.070000,0.022500,0,0
TN,38167,SHELBY COUNTY,BPVU,0.092500,0.070000,0.022500,0,0
TN,38168,SHELBY COUNTY,BPVU,0.092500,0.070000,0.022500,0,0
TN,38173,SHELBY COUNTY,BPVU,0.092500,0.070000,0.022500,0,0
TN,38174,SHELBY COUNTY,BPVU,0.092500,0.070000,0.022500,0,0
TN,38175,SHELBY COUNTY,BPVU,0.092500,0.070000,0.022500,0,0
TN,38177,SHELBY COUNTY,BPVU,0.092500,0.070000,0.022500,0,0
TN,38181,SHELBY COUNTY,BPVU,0.092500,0.070000,0.022500,0,0
TN,38182,SHELBY COUNTY,BPVU,0.092500,0.070000,0.022500,0,0
TN,38183,GERMANTOWN,DNSX,0.097500,0.070000,0.022500,0.005000,0
TN,38184,BARTLETT,DGKA,0.097500,0.070000,0.022500,0.005000,0
TN,38186,SHELBY COUNTY,BPVU,0.092500,0.070000,0.022500,0,0
TN,38187,SHELBY COUNTY,BPVU,0.092500,0.070000,0.022500,0,0
TN,38188,SHELBY COUNTY,BPVU,0.092500,0.070000,0.022500,0,0
TN,38190,SHELBY COUNTY,BPVU,0.092500,0.070000,0.022500,0,0
TN,38193,SHELBY COUNTY,BPVU,0.092500,0.070000,0.022500,0,0
TN,38194,SHELBY COUNTY,BPVU,0.092500,0.070000,0.022500,0,0
TN,38197,SHELBY COUNTY,BPVU,0.092500,0.070000,0.022500,0,0
TN,38201,CARROLL COUNTY,BPAY,0.097500,0.070000,0.027500,0,0
TN,38220,CARROLL COUNTY,BPAY,0.097500,0.070000,0.027500,0,0
TN,38221,BENTON COUNTY,BOZN,0.097500,0.070000,0.027500,0,0
TN,38222,HENRY COUNTY,BPLE,0.092500,0.070000,0.022500,0,0
TN,38223,HENRY COUNTY,BPLE,0.092500,0.070000,0.022500,0,0
TN,38224,HENRY COUNTY,BPLE,0.092500,0.070000,0.022500,0,0
TN,38225,WEAKLEY COUNTY,BPZL,0.097500,0.070000,0.027500,0,0
TN,38226,WEAKLEY COUNTY,BPZL,0.097500,0.070000,0.027500,0,0
TN,38229,WEAKLEY COUNTY,BPZL,0.097500,0.070000,0.027500,0,0
TN,38230,WEAKLEY COUNTY,BPZL,0.097500,0.070000,0.027500,0,0
TN,38231,HENRY COUNTY,BPLE,0.092500,0.070000,0.022500,0,0
TN,38232,OBION COUNTY,BPSB,0.097500,0.070000,0.027500,0,0
TN,38233,OBION COUNTY,BPSB,0.097500,0.070000,0.027500,0,0
TN,38235,CARROLL COUNTY,BPAY,0.097500,0.070000,0.027500,0,0
TN,38236,HENRY COUNTY,BPLE,0.092500,0.070000,0.022500,0,0
TN,38237,WEAKLEY COUNTY,BPZL,0.097500,0.070000,0.027500,0,0
TN,38238,WEAKLEY COUNTY,BPZL,0.097500,0.070000,0.027500,0,0
TN,38240,OBION COUNTY,BPSB,0.097500,0.070000,0.027500,0,0
TN,38241,WEAKLEY COUNTY,BPZL,0.097500,0.070000,0.027500,0,0
TN,38242,HENRY COUNTY,BPLE,0.092500,0.070000,0.022500,0,0
TN,38251,HENRY COUNTY,BPLE,0.092500,0.070000,0.022500,0,0
TN,38253,OBION COUNTY,BPSB,0.097500,0.070000,0.027500,0,0
TN,38254,SAMBURG,BPSI,0.097500,0.070000,0.027500,0.000000,0
TN,38255,WEAKLEY COUNTY,BPZL,0.097500,0.070000,0.027500,0,0
TN,38256,HENRY COUNTY,BPLE,0.092500,0.070000,0.022500,0,0
TN,38257,OBION COUNTY,BPSB,0.097500,0.070000,0.027500,0,0
TN,38258,CARROLL COUNTY,BPAY,0.097500,0.070000,0.027500,0,0
TN,38259,DYER COUNTY,BPFB,0.097500,0.070000,0.027500,0,0
TN,38260,OBION COUNTY,BPSB,0.097500,0.070000,0.027500,0,0
TN,38261,OBION COUNTY,BPSB,0.097500,0.070000,0.027500,0,0
TN,38271,OBION COUNTY,BPSB,0.097500,0.070000,0.027500,0,0
TN,38281,OBION COUNTY,BPSB,0.097500,0.070000,0.027500,0,0
TN,38301,MADISON COUNTY,BPOV,0.097500,0.070000,0.027500,0,0
TN,38302,MADISON COUNTY,BPOV,0.097500,0.070000,0.027500,0,0
TN,38303,MADISON COUNTY,BPOV,0.097500,0.070000,0.027500,0,0
TN,38305,MADISON COUNTY,BPOV,0.097500,0.070000,0.027500,0,0
TN,38308,MADISON COUNTY,BPOV,0.097500,0.070000,0.027500,0,0
TN,38310,MCNAIRY COUNTY,BPQJ,0.092500,0.070000,0.022500,0,0
TN,38311,DECATUR COUNTY,BPEN,0.095000,0.070000,0.025000,0,0
TN,38313,HENDERSON COUNTY,BPKV,0.097500,0.070000,0.027500,0,0
TN,38314,MADISON COUNTY,BPOV,0.097500,0.070000,0.027500,0,0
TN,38315,MCNAIRY COUNTY,BPQJ,0.092500,0.070000,0.022500,0,0
TN,38316,GIBSON COUNTY,BPGQ,0.097500,0.070000,0.027500,0,0
TN,38317,CARROLL COUNTY,BPAY,0.097500,0.070000,0.027500,0,0
TN,38318,CARROLL COUNTY,BPAY,0.097500,0.070000,0.027500,0,0
TN,38320,BENTON COUNTY,BOZN,0.097500,0.070000,0.027500,0,0
TN,38321,CARROLL COUNTY,BPAY,0.097500,0.070000,0.027500,0,0
TN,38324,CARROLL COUNTY,BPAY,0.097500,0.070000,0.027500,0,0
TN,38326,HARDIN COUNTY,BPJZ,0.095000,0.070000,0.025000,0,0
TN,38327,HARDIN COUNTY,BPJZ,0.095000,0.070000,0.025000,0,0
TN,38328,HENDERSON COUNTY,BPKV,0.097500,0.070000,0.027500,0,0
TN,38329,DECATUR COUNTY,BPEN,0.095000,0.070000,0.025000,0,0
TN,38330,GIBSON COUNTY,BPGQ,0.097500,0.070000,0.027500,0,0
TN,38331,TRENTON,BPHB,0.097500,0.070000,0.027500,0.000000,0
TN,38332,CHESTER COUNTY,BPCA,0.097500,0.070000,0.027500,0,0
TN,38333,BENTON COUNTY,BOZN,0.097500,0.070000,0.027500,0,0
TN,38334,MCNAIRY COUNTY,BPQJ,0.092500,0.070000,0.022500,0,0
TN,38336,CROCKETT COUNTY,BPDK,0.097500,0.070000,0.027500,0,0
TN,38337,CROCKETT COUNTY,BPDK,0.097500,0.070000,0.027500,0,0
TN,38338,GIBSON COUNTY,BPGQ,0.097500,0.070000,0.027500,0,0
TN,38339,MCNAIRY COUNTY,BPQJ,0.092500,0.070000,0.022500,0,0
TN,38340,CHESTER COUNTY,BPCA,0.097500,0.070000,0.027500,0,0
TN,38341,BENTON COUNTY,BOZN,0.097500,0.070000,0.027500,0,0
TN,38342,CARROLL COUNTY,BPAY,0.097500,0.070000,0.027500,0,0
TN,38343,HUMBOLDT,BPGV,0.097500,0.070000,0.027500,0.000000,0
TN,38344,CARROLL COUNTY,BPAY,0.097500,0.070000,0.027500,0,0
TN,38345,HENDERSON COUNTY,BPKV,0.097500,0.070000,0.027500,0,0
TN,38346,GIBSON COUNTY,BPGQ,0.097500,0.070000,0.027500,0,0
TN,38347,CHESTER COUNTY,BPCA,0.097500,0.070000,0.027500,0,0
TN,38348,CARROLL COUNTY,BPAY,0.097500,0.070000,0.027500,0,0
TN,38351,HENDERSON COUNTY,BPKV,0.097500,0.070000,0.027500,0,0
TN,38352,CHESTER COUNTY,BPCA,0.097500,0.070000,0.027500,0,0
TN,38355,MEDINA,BPGY,0.097500,0.070000,0.027500,0.000000,0
TN,38356,MADISON COUNTY,BPOV,0.097500,0.070000,0.027500,0,0
TN,38357,MCNAIRY COUNTY,BPQJ,0.092500,0.070000,0.022500,0,0
TN,38358,MILAN,BPGZ,0.097500,0.070000,0.027500,0.000000,0
TN,38359,MCNAIRY COUNTY,BPQJ,0.092500,0.070000,0.022500,0,0
TN,38361,HARDIN COUNTY,BPJZ,0.095000,0.070000,0.025000,0,0
TN,38362,MADISON COUNTY,BPOV,0.097500,0.070000,0.027500,0,0
TN,38363,DECATUR COUNTY,BPEN,0.095000,0.070000,0.025000,0,0
TN,38365,HARDIN COUNTY,BPJZ,0.095000,0.070000,0.025000,0,0
TN,38366,MADISON COUNTY,BPOV,0.097500,0.070000,0.027500,0,0
TN,38367,MCNAIRY COUNTY,BPQJ,0.092500,0.070000,0.022500,0,0
TN,38368,HENDERSON COUNTY,BPKV,0.097500,0.070000,0.027500,0,0
TN,38369,GIBSON COUNTY,BPGQ,0.097500,0.070000,0.027500,0,0
TN,38370,HARDIN COUNTY,BPJZ,0.095000,0.070000,0.025000,0,0
TN,38371,HENDERSON COUNTY,BPKV,0.097500,0.070000,0.027500,0,0
TN,38372,HARDIN COUNTY,BPJZ,0.095000,0.070000,0.025000,0,0
TN,38374,HENDERSON COUNTY,BPKV,0.097500,0.070000,0.027500,0,0
TN,38375,MCNAIRY COUNTY,BPQJ,0.092500,0.070000,0.022500,0,0
TN,38376,HARDIN COUNTY,BPJZ,0.095000,0.070000,0.025000,0,0
TN,38377,HARDEMAN COUNTY,BPJO,0.097500,0.070000,0.027500,0,0
TN,38378,MADISON COUNTY,BPOV,0.097500,0.070000,0.027500,0,0
TN,38379,MCNAIRY COUNTY,BPQJ,0.092500,0.070000,0.022500,0,0
TN,38380,DECATUR COUNTY,BPEN,0.095000,0.070000,0.025000,0,0
TN,38381,HARDEMAN COUNTY,BPJO,0.097500,0.070000,0.027500,0,0
TN,38382,TRENTON,BPHB,0.097500,0.070000,0.027500,0.000000,0
TN,38387,CARROLL COUNTY,BPAY,0.097500,0.070000,0.027500,0,0
TN,38388,HENDERSON COUNTY,BPKV,0.097500,0.070000,0.027500,0,0
TN,38389,GIBSON COUNTY,BPGQ,0.097500,0.070000,0.027500,0,0
TN,38390,CARROLL COUNTY,BPAY,0.097500,0.070000,0.027500,0,0
TN,38391,MADISON COUNTY,BPOV,0.097500,0.070000,0.027500,0,0
TN,38392,MADISON COUNTY,BPOV,0.097500,0.070000,0.027500,0,0
TN,38393,MCNAIRY COUNTY,BPQJ,0.092500,0.070000,0.022500,0,0
TN,38401,MAURY COUNTY,BPPS,0.092500,0.070000,0.022500,0,0
TN,38402,MAURY COUNTY,BPPS,0.092500,0.070000,0.022500,0,0
TN,38425,WAYNE COUNTY,BPZC,0.097500,0.070000,0.027500,0,0
TN,38449,GILES COUNTY,BPHD,0.095000,0.070000,0.025000,0,0
TN,38450,WAYNE COUNTY,BPZC,0.097500,0.070000,0.027500,0,0
TN,38451,MAURY COUNTY,BPPS,0.092500,0.070000,0.022500,0,0
TN,38452,WAYNE COUNTY,BPZC,0.097500,0.070000,0.027500,0,0
TN,38453,LINCOLN COUNTY,BPOC,0.095000,0.070000,0.025000,0,0
TN,38454,HICKMAN COUNTY,BPLO,0.097500,0.070000,0.027500,0,0
TN,38455,GILES COUNTY,BPHD,0.095000,0.070000,0.025000,0,0
TN,38456,LAWRENCE COUNTY,BPNP,0.097500,0.070000,0.027500,0,0
TN,38457,LAWRENCE COUNTY,BPNP,0.097500,0.070000,0.027500,0,0
TN,38459,LINCOLN COUNTY,BPOC,0.095000,0.070000,0.025000,0,0
TN,38460,GILES COUNTY,BPHD,0.095000,0.070000,0.025000,0,0
TN,38461,MAURY COUNTY,BPPS,0.092500,0.070000,0.022500,0,0
TN,38462,LEWIS COUNTY,BPNZ,0.095000,0.070000,0.025000,0,0
TN,38463,WAYNE COUNTY,BPZC,0.097500,0.070000,0.027500,0,0
TN,38464,LAWRENCE COUNTY,BPNP,0.097500,0.070000,0.027500,0,0
TN,38468,LAWRENCE COUNTY,BPNP,0.097500,0.070000,0.027500,0,0
TN,38469,LAWRENCE COUNTY,BPNP,0.097500,0.070000,0.027500,0,0
TN,38471,WAYNE COUNTY,BPZC,0.097500,0.070000,0.027500,0,0
TN,38472,GILES COUNTY,BPHD,0.095000,0.070000,0.025000,0,0
TN,38473,GILES COUNTY,BPHD,0.095000,0.070000,0.025000,0,0
TN,38474,MAURY COUNTY,BPPS,0.092500,0.070000,0.022500,0,0
TN,38475,HARDIN COUNTY,BPJZ,0.095000,0.070000,0.025000,0,0
TN,38476,HICKMAN COUNTY,BPLO,0.097500,0.070000,0.027500,0,0
TN,38477,GILES COUNTY,BPHD,0.095000,0.070000,0.025000,0,0
TN,38478,GILES COUNTY,BPHD,0.095000,0.070000,0.025000,0,0
TN,38481,LAWRENCE COUNTY,BPNP,0.097500,0.070000,0.027500,0,0
TN,38482,MAURY COUNTY,BPPS,0.092500,0.070000,0.022500,0,0
TN,38483,LAWRENCE COUNTY,BPNP,0.097500,0.070000,0.027500,0,0
TN,38485,WAYNE COUNTY,BPZC,0.097500,0.070000,0.027500,0,0
TN,38486,LAWRENCE COUNTY,BPNP,0.097500,0.070000,0.027500,0,0
TN,38487,MAURY COUNTY,BPPS,0.092500,0.070000,0.022500,0,0
TN,38488,LINCOLN COUNTY,BPOC,0.095000,0.070000,0.025000,0,0
TN,38501,PUTNAM COUNTY,BPTN,0.097500,0.070000,0.027500,0,0
TN,38502,PUTNAM COUNTY,BPTN,0.097500,0.070000,0.027500,0,0
TN,38503,PUTNAM COUNTY,BPTN,0.097500,0.070000,0.027500,0,0
TN,38504,FENTRESS COUNTY,BPFX,0.095000,0.070000,0.025000,0,0
TN,38505,PUTNAM COUNTY,BPTN,0.097500,0.070000,0.027500,0,0
TN,38506,PUTNAM COUNTY,BPTN,0.097500,0.070000,0.027500,0,0
TN,38541,OVERTON COUNTY,BPSN,0.095000,0.070000,0.025000,0,0
TN,38542,OVERTON COUNTY,BPSN,0.095000,0.070000,0.025000,0,0
TN,38543,OVERTON COUNTY,BPSN,0.095000,0.070000,0.025000,0,0
TN,38544,PUTNAM COUNTY,BPTN,0.097500,0.070000,0.027500,0,0
TN,38545,JACKSON COUNTY,BPMH,0.097500,0.070000,0.027500,0,0
TN,38547,SMITH COUNTY,BPWD,0.097500,0.070000,0.027500,0,0
TN,38548,PUTNAM COUNTY,BPTN,0.097500,0.070000,0.027500,0,0
TN,38549,PICKETT COUNTY,BPSZ,0.097500,0.070000,0.027500,0,0
TN,38550,WARREN COUNTY,BPYI,0.097500,0.070000,0.027500,0,0
TN,38551,CLAY COUNTY,BPCS,0.097500,0.070000,0.027500,0,0
TN,38552,SMITH COUNTY,BPWD,0.097500,0.070000,0.027500,0,0
TN,38553,FENTRESS COUNTY,BPFX,0.095000,0.070000,0.025000,0,0
TN,38554,OVERTON COUNTY,BPSN,0.095000,0.070000,0.025000,0,0
TN,38555,CUMBERLAND COUNTY,BPDS,0.097500,0.070000,0.027500,0,0
TN,38556,FENTRESS COUNTY,BPFX,0.095000,0.070000,0.025000,0,0
TN,38557,CUMBERLAND COUNTY,BPDS,0.097500,0.070000,0.027500,0,0
TN,38558,CUMBERLAND COUNTY,BPDS,0.097500,0.070000,0.027500,0,0
TN,38559,WHITE COUNTY,BPZU,0.092500,0.070000,0.022500,0,0
TN,38560,SMITH COUNTY,BPWD,0.097500,0.070000,0.027500,0,0
TN,38562,JACKSON COUNTY,BPMH,0.097500,0.070000,0.027500,0,0
TN,38563,SMITH COUNTY,BPWD,0.097500,0.070000,0.027500,0,0
TN,38564,JACKSON COUNTY,BPMH,0.097500,0.070000,0.027500,0,0
TN,38565,FENTRESS COUNTY,BPFX,0.095000,0.070000,0.025000,0,0
TN,38567,SMITH COUNTY,BPWD,0.097500,0.070000,0.027500,0,0
TN,38568,OVERTON COUNTY,BPSN,0.095000,0.070000,0.025000,0,0
TN,38569,SMITH COUNTY,BPWD,0.097500,0.070000,0.027500,0,0
TN,38570,OVERTON COUNTY,BPSN,0.095000,0.070000,0.025000,0,0
TN,38571,CUMBERLAND COUNTY,BPDS,0.097500,0.070000,0.027500,0,0
TN,38572,CUMBERLAND COUNTY,BPDS,0.097500,0.070000,0.027500,0,0
TN,38573,OVERTON COUNTY,BPSN,0.095000,0.070000,0.025000,0,0
TN,38574,PUTNAM COUNTY,BPTN,0.097500,0.070000,0.027500,0,0
TN,38575,CLAY COUNTY,BPCS,0.097500,0.070000,0.027500,0,0
TN,38577,PICKETT COUNTY,BPSZ,0.097500,0.070000,0.027500,0,0
TN,38578,CUMBERLAND COUNTY,BPDS,0.097500,0.070000,0.027500,0,0
TN,38579,WHITE COUNTY,BPZU,0.092500,0.070000,0.022500,0,0
TN,38580,OVERTON COUNTY,BPSN,0.095000,0.070000,0.025000,0,0
TN,38581,WARREN COUNTY,BPYI,0.097500,0.070000,0.027500,0,0
TN,38582,PUTNAM COUNTY,BPTN,0.097500,0.070000,0.027500,0,0
TN,38583,WHITE COUNTY,BPZU,0.092500,0.070000,0.022500,0,0
TN,38585,VAN BUREN COUNTY,BPYG,0.097500,0.070000,0.027500,0,0
TN,38587,WHITE COUNTY,BPZU,0.092500,0.070000,0.022500,0,0
TN,38588,JACKSON COUNTY,BPMH,0.097500,0.070000,0.027500,0,0
TN,38589,FENTRESS COUNTY,BPFX,0.095000,0.070000,0.025000,0,0
