State,ZipCode,TaxRegionName,TaxRegionCode,CombinedRate,StateRate,CountyRate,CityRate,SpecialRate
ND,58001,NORTH DAKOTA STATE,BCUA,0.050000,0.050000,0,0,0
ND,58002,CASS COUNTY,BCWP,0.055000,0.050000,0.005000,0,0
ND,58004,CASS COUNTY,BCWP,0.055000,0.050000,0.005000,0,0
ND,58005,CASS COUNTY,BCWP,0.055000,0.050000,0.005000,0,0
ND,58006,CASS COUNTY,BCWP,0.055000,0.050000,0.005000,0,0
ND,58007,CASS COUNTY,BCWP,0.055000,0.050000,0.005000,0,0
ND,58008,NORTH DAKOTA STATE,BCUA,0.050000,0.050000,0,0,0
ND,58009,NORTH DAKOTA STATE,BCUA,0.050000,0.050000,0,0,0
ND,58011,CASS COUNTY,BCWP,0.055000,0.050000,0.005000,0,0
ND,58012,CASSELTON,BCWX,0.065000,0.050000,0.005000,0.010000,0
ND,58013,NORTH DAKOTA STATE,BCUA,0.050000,0.050000,0,0,0
ND,58015,NORTH DAKOTA STATE,BCUA,0.050000,0.050000,0,0,0
ND,58016,NORTH DAKOTA STATE,BCUA,0.050000,0.050000,0,0,0
ND,58017,NORTH DAKOTA STATE,BCUA,0.050000,0.050000,0,0,0
ND,58018,NORTH DAKOTA STATE,BCUA,0.050000,0.050000,0,0,0
ND,58021,CASS COUNTY,BCWP,0.055000,0.050000,0.005000,0,0
ND,58027,ENDERLIN,BDFN,0.070000,0.050000,0,0.020000,0
ND,58029,CASS COUNTY,BCWP,0.055000,0.050000,0.005000,0,0
ND,58030,NORTH DAKOTA STATE,BCUA,0.050000,0.050000,0,0,0
ND,58031,NORTH DAKOTA STATE,BCUA,0.050000,0.050000,0,0,0
ND,58032,FORMAN,BDGW,0.065000,0.050000,0,0.015000,0
ND,58033,NORTH DAKOTA STATE,BCUA,0.050000,0.050000,0,0,0
ND,58035,NORTH DAKOTA STATE,BCUA,0.050000,0.050000,0,0,0
ND,58036,CASS COUNTY,BCWP,0.055000,0.050000,0.005000,0,0
ND,58038,CASS COUNTY,BCWP,0.055000,0.050000,0.005000,0,0
ND,58040,GWINNER,BDGX,0.060000,0.050000,0,0.010000,0
ND,58041,HANKINSON,BDGE,0.070000,0.050000,0,0.020000,0
ND,58042,CASS COUNTY,BCWP,0.055000,0.050000,0.005000,0,0
ND,58043,NORTH DAKOTA STATE,BCUA,0.050000,0.050000,0,0,0
ND,58045,HILLSBORO,BDJE,0.070000,0.050000,0,0.020000,0
ND,58046,HOPE,BDHZ,0.080000,0.050000,0.010000,0.020000,0
ND,58047,CASS COUNTY,BCWP,0.055000,0.050000,0.005000,0,0
ND,58048,CASS COUNTY,BCWP,0.055000,0.050000,0.005000,0,0
ND,58049,NORTH DAKOTA STATE,BCUA,0.050000,0.050000,0,0,0
ND,58051,KINDRED,BCXH,0.070000,0.050000,0.005000,0.015000,0
ND,58052,CASS COUNTY,BCWP,0.055000,0.050000,0.005000,0,0
ND,58053,NORTH DAKOTA STATE,BCUA,0.050000,0.050000,0,0,0
ND,58054,LISBON,BDFP,0.070000,0.050000,0,0.020000,0
ND,58056,NORTH DAKOTA STATE,BCUA,0.050000,0.050000,0,0,0
ND,58057,NORTH DAKOTA STATE,BCUA,0.050000,0.050000,0,0,0
ND,58058,NORTH DAKOTA STATE,BCUA,0.050000,0.050000,0,0,0
ND,58059,CASS COUNTY,BCWP,0.055000,0.050000,0.005000,0,0
ND,58060,NORTH DAKOTA STATE,BCUA,0.050000,0.050000,0,0,0
ND,58061,NORTH DAKOTA STATE,BCUA,0.050000,0.050000,0,0,0
ND,58062,NORTH DAKOTA STATE,BCUA,0.050000,0.050000,0,0,0
ND,58063,NORTH DAKOTA STATE,BCUA,0.050000,0.050000,0,0,0
ND,58064,CASS COUNTY,BCWP,0.055000,0.050000,0.005000,0,0
ND,58065,NORTH DAKOTA STATE,BCUA,0.050000,0.050000,0,0,0
ND,58067,NORTH DAKOTA STATE,BCUA,0.050000,0.050000,0,0,0
ND,58068,NORTH DAKOTA STATE,BCUA,0.050000,0.050000,0,0,0
ND,58069,NORTH DAKOTA STATE,BCUA,0.050000,0.050000,0,0,0
ND,58071,TOWER CITY,BCXL,0.075000,0.050000,0.005000,0.020000,0
ND,58072,VALLEY CITY,BCUP,0.075000,0.050000,0,0.025000,0
ND,58074,WAHPETON,BDGI,0.070000,0.050000,0,0.020000,0
ND,58075,WAHPETON,BDGI,0.070000,0.050000,0,0.020000,0
ND,58076,WAHPETON,BDGI,0.070000,0.050000,0,0.020000,0
ND,58077,NORTH DAKOTA STATE,BCUA,0.050000,0.050000,0,0,0
ND,58078,WEST FARGO,BCXM,0.075000,0.050000,0.005000,0.020000,0
ND,58079,CASS COUNTY,BCWP,0.055000,0.050000,0.005000,0,0
ND,58081,NORTH DAKOTA STATE,BCUA,0.050000,0.050000,0,0,0
ND,58102,FARGO,BCXB,0.075000,0.050000,0.005000,0.020000,0
ND,58103,FARGO,BCXB,0.075000,0.050000,0.005000,0.020000,0
ND,58104,FARGO,BCXB,0.075000,0.050000,0.005000,0.020000,0
ND,58105,FARGO,BCXB,0.075000,0.050000,0.005000,0.020000,0
ND,58106,FARGO,BCXB,0.075000,0.050000,0.005000,0.020000,0
ND,58107,FARGO,BCXB,0.075000,0.050000,0.005000,0.020000,0
ND,58108,FARGO,BCXB,0.075000,0.050000,0.005000,0.020000,0
ND,58109,FARGO,BCXB,0.075000,0.050000,0.005000,0.020000,0
ND,58121,FARGO,BCXB,0.075000,0.050000,0.005000,0.020000,0
ND,58122,FARGO,BCXB,0.075000,0.050000,0.005000,0.020000,0
ND,58124,FARGO,BCXB,0.075000,0.050000,0.005000,0.020000,0
ND,58125,FARGO,BCXB,0.075000,0.050000,0.005000,0.020000,0
ND,58126,FARGO,BCXB,0.075000,0.050000,0.005000,0.020000,0
ND,58201,GRAND FORKS,BCZP,0.067500,0.050000,0,0.017500,0
ND,58202,GRAND FORKS,BCZP,0.067500,0.050000,0,0.017500,0
ND,58203,GRAND FORKS,BCZP,0.067500,0.050000,0,0.017500,0
ND,58204,NORTH DAKOTA STATE,BCUA,0.050000,0.050000,0,0,0
ND,58205,NORTH DAKOTA STATE,BCUA,0.050000,0.050000,0,0,0
ND,58206,GRAND FORKS,BCZP,0.067500,0.050000,0,0.017500,0
ND,58207,GRAND FORKS,BCZP,0.067500,0.050000,0,0.017500,0
ND,58208,GRAND FORKS,BCZP,0.067500,0.050000,0,0.017500,0
ND,58210,WALSH COUNTY,BDJH,0.052500,0.050000,0.002500,0,0
ND,58212,NORTH DAKOTA STATE,BCUA,0.050000,0.050000,0,0,0
ND,58214,NORTH DAKOTA STATE,BCUA,0.050000,0.050000,0,0,0
ND,58216,NORTH DAKOTA STATE,BCUA,0.050000,0.050000,0,0,0
ND,58218,NORTH DAKOTA STATE,BCUA,0.050000,0.050000,0,0,0
ND,58219,NORTH DAKOTA STATE,BCUA,0.050000,0.050000,0,0,0
ND,58220,CAVALIER,BDEK,0.070000,0.050000,0,0.020000,0
ND,58222,NORTH DAKOTA STATE,BCUA,0.050000,0.050000,0,0,0
ND,58223,NORTH DAKOTA STATE,BCUA,0.050000,0.050000,0,0,0
ND,58224,NORTH DAKOTA STATE,BCUA,0.050000,0.050000,0,0,0
ND,58225,DRAYTON,BDEM,0.065000,0.050000,0,0.015000,0
ND,58227,NORTH DAKOTA STATE,BCUA,0.050000,0.050000,0,0,0
ND,58228,NORTH DAKOTA STATE,BCUA,0.050000,0.050000,0,0,0
ND,58229,WALSH COUNTY,BDJH,0.052500,0.050000,0.002500,0,0
ND,58230,FINLEY,BDHY,0.080000,0.050000,0.010000,0.020000,0
ND,58231,WALSH COUNTY,BDJH,0.052500,0.050000,0.002500,0,0
ND,58233,WALSH COUNTY,BDJH,0.052500,0.050000,0.002500,0,0
ND,58235,NORTH DAKOTA STATE,BCUA,0.050000,0.050000,0,0,0
ND,58236,NORTH DAKOTA STATE,BCUA,0.050000,0.050000,0,0,0
ND,58237,GRAFTON,BDJO,0.072500,0.050000,0.002500,0.020000,0
ND,58238,NORTH DAKOTA STATE,BCUA,0.050000,0.050000,0,0,0
ND,58239,NORTH DAKOTA STATE,BCUA,0.050000,0.050000,0,0,0
ND,58240,HATTON,BDJD,0.070000,0.050000,0,0.020000,0
ND,58241,NORTH DAKOTA STATE,BCUA,0.050000,0.050000,0,0,0
ND,58243,WALSH COUNTY,BDJH,0.052500,0.050000,0.002500,0,0
ND,58244,NORTH DAKOTA STATE,BCUA,0.050000,0.050000,0,0,0
ND,58249,LANGDON,BCXS,0.070000,0.050000,0,0.020000,0
ND,58250,WALSH COUNTY,BDJH,0.052500,0.050000,0.002500,0,0
ND,58251,NORTH DAKOTA STATE,BCUA,0.050000,0.050000,0,0,0
ND,58254,NORTH DAKOTA STATE,BCUA,0.050000,0.050000,0,0,0
ND,58255,NORTH DAKOTA STATE,BCUA,0.050000,0.050000,0,0,0
ND,58256,NORTH DAKOTA STATE,BCUA,0.050000,0.050000,0,0,0
ND,58257,MAYVILLE,BDJF,0.070000,0.050000,0,0.020000,0
ND,58258,NORTH DAKOTA STATE,BCUA,0.050000,0.050000,0,0,0
ND,58259,NORTH DAKOTA STATE,BCUA,0.050000,0.050000,0,0,0
ND,58260,NORTH DAKOTA STATE,BCUA,0.050000,0.050000,0,0,0
ND,58261,WALSH COUNTY,BDJH,0.052500,0.050000,0.002500,0,0
ND,58262,NORTH DAKOTA STATE,BCUA,0.050000,0.050000,0,0,0
ND,58265,NECHE,BDER,0.070000,0.050000,0,0.020000,0
ND,58266,NORTH DAKOTA STATE,BCUA,0.050000,0.050000,0,0,0
ND,58267,NORTH DAKOTA STATE,BCUA,0.050000,0.050000,0,0,0
ND,58269,NORTH DAKOTA STATE,BCUA,0.050000,0.050000,0,0,0
ND,58270,PARK RIVER,BDJS,0.072500,0.050000,0.002500,0.020000,0
ND,58271,PEMBINA,BDES,0.075000,0.050000,0,0.025000,0
ND,58272,NORTH DAKOTA STATE,BCUA,0.050000,0.050000,0,0,0
ND,58273,WALSH COUNTY,BDJH,0.052500,0.050000,0.002500,0,0
ND,58274,PORTLAND,BDJG,0.070000,0.050000,0,0.020000,0
ND,58275,NORTH DAKOTA STATE,BCUA,0.050000,0.050000,0,0,0
ND,58276,NORTH DAKOTA STATE,BCUA,0.050000,0.050000,0,0,0
ND,58277,STEELE COUNTY,BDHX,0.060000,0.050000,0.010000,0,0
ND,58278,NORTH DAKOTA STATE,BCUA,0.050000,0.050000,0,0,0
ND,58281,NORTH DAKOTA STATE,BCUA,0.050000,0.050000,0,0,0
ND,58282,WALHALLA,BDEU,0.070000,0.050000,0,0.020000,0
ND,58301,DEVILS LAKE,BDFE,0.070000,0.050000,0,0.020000,0
ND,58310,NORTH DAKOTA STATE,BCUA,0.050000,0.050000,0,0,0
ND,58311,NORTH DAKOTA STATE,BCUA,0.050000,0.050000,0,0,0
ND,58313,NORTH DAKOTA STATE,BCUA,0.050000,0.050000,0,0,0
ND,58316,NORTH DAKOTA STATE,BCUA,0.050000,0.050000,0,0,0
ND,58317,NORTH DAKOTA STATE,BCUA,0.050000,0.050000,0,0,0
ND,58318,BOTTINEAU,BCVJ,0.070000,0.050000,0,0.020000,0
ND,58321,NORTH DAKOTA STATE,BCUA,0.050000,0.050000,0,0,0
ND,58323,NORTH DAKOTA STATE,BCUA,0.050000,0.050000,0,0,0
ND,58324,CANDO,BDIR,0.070000,0.050000,0,0.020000,0
ND,58325,NORTH DAKOTA STATE,BCUA,0.050000,0.050000,0,0,0
ND,58327,NORTH DAKOTA STATE,BCUA,0.050000,0.050000,0,0,0
ND,58329,DUNSEITH,BDGO,0.060000,0.050000,0,0.010000,0
ND,58330,NORTH DAKOTA STATE,BCUA,0.050000,0.050000,0,0,0
ND,58331,NORTH DAKOTA STATE,BCUA,0.050000,0.050000,0,0,0
ND,58332,NORTH DAKOTA STATE,BCUA,0.050000,0.050000,0,0,0
ND,58335,NORTH DAKOTA STATE,BCUA,0.050000,0.050000,0,0,0
ND,58338,NORTH DAKOTA STATE,BCUA,0.050000,0.050000,0,0,0
ND,58339,NORTH DAKOTA STATE,BCUA,0.050000,0.050000,0,0,0
ND,58341,HARVEY,BDKO,0.060000,0.050000,0,0.010000,0
ND,58343,NORTH DAKOTA STATE,BCUA,0.050000,0.050000,0,0,0
ND,58344,LAKOTA,BDEA,0.060000,0.050000,0,0.010000,0
ND,58345,NORTH DAKOTA STATE,BCUA,0.050000,0.050000,0,0,0
ND,58346,NORTH DAKOTA STATE,BCUA,0.050000,0.050000,0,0,0
ND,58348,NORTH DAKOTA STATE,BCUA,0.050000,0.050000,0,0,0
ND,58351,NORTH DAKOTA STATE,BCUA,0.050000,0.050000,0,0,0
ND,58352,NORTH DAKOTA STATE,BCUA,0.050000,0.050000,0,0,0
ND,58353,NORTH DAKOTA STATE,BCUA,0.050000,0.050000,0,0,0
ND,58355,NORTH DAKOTA STATE,BCUA,0.050000,0.050000,0,0,0
ND,58356,NEW ROCKFORD,BCYT,0.070000,0.050000,0,0.020000,0
ND,58357,NORTH DAKOTA STATE,BCUA,0.050000,0.050000,0,0,0
ND,58361,NORTH DAKOTA STATE,BCUA,0.050000,0.050000,0,0,0
ND,58362,NORTH DAKOTA STATE,BCUA,0.050000,0.050000,0,0,0
ND,58363,NORTH DAKOTA STATE,BCUA,0.050000,0.050000,0,0,0
ND,58365,NORTH DAKOTA STATE,BCUA,0.050000,0.050000,0,0,0
ND,58366,ROLETTE,BDGR,0.070000,0.050000,0,0.020000,0
ND,58367,ROLLA,BDGQ,0.070000,0.050000,0,0.020000,0
ND,58368,RUGBY,BDEY,0.070000,0.050000,0,0.020000,0
ND,58369,ST. JOHN,BDGS,0.060000,0.050000,0,0.010000,0
ND,58370,NORTH DAKOTA STATE,BCUA,0.050000,0.050000,0,0,0
ND,58372,NORTH DAKOTA STATE,BCUA,0.050000,0.050000,0,0,0
ND,58374,NORTH DAKOTA STATE,BCUA,0.050000,0.050000,0,0,0
ND,58377,NORTH DAKOTA STATE,BCUA,0.050000,0.050000,0,0,0
ND,58379,NORTH DAKOTA STATE,BCUA,0.050000,0.050000,0,0,0
ND,58380,NORTH DAKOTA STATE,BCUA,0.050000,0.050000,0,0,0
ND,58381,NORTH DAKOTA STATE,BCUA,0.050000,0.050000,0,0,0
ND,58382,NORTH DAKOTA STATE,BCUA,0.050000,0.050000,0,0,0
ND,58384,NORTH DAKOTA STATE,BCUA,0.050000,0.050000,0,0,0
ND,58385,NORTH DAKOTA STATE,BCUA,0.050000,0.050000,0,0,0
ND,58386,NORTH DAKOTA STATE,BCUA,0.050000,0.050000,0,0,0
ND,58401,JAMESTOWN,BDIG,0.070000,0.050000,0,0.020000,0
ND,58402,JAMESTOWN,BDIG,0.070000,0.050000,0,0.020000,0
ND,58405,JAMESTOWN,BDIG,0.070000,0.050000,0,0.020000,0
ND,58413,ASHLEY,BDCA,0.060000,0.050000,0,0.010000,0
ND,58415,NORTH DAKOTA STATE,BCUA,0.050000,0.050000,0,0,0
ND,58416,NORTH DAKOTA STATE,BCUA,0.050000,0.050000,0,0,0
ND,58418,NORTH DAKOTA STATE,BCUA,0.050000,0.050000,0,0,0
ND,58420,NORTH DAKOTA STATE,BCUA,0.050000,0.050000,0,0,0
ND,58421,CARRINGTON,BCZD,0.070000,0.050000,0,0.020000,0
ND,58422,NORTH DAKOTA STATE,BCUA,0.050000,0.050000,0,0,0
ND,58423,NORTH DAKOTA STATE,BCUA,0.050000,0.050000,0,0,0
ND,58424,NORTH DAKOTA STATE,BCUA,0.050000,0.050000,0,0,0
ND,58425,COOPERSTOWN,BDAI,0.065000,0.050000,0,0.015000,0
ND,58426,NORTH DAKOTA STATE,BCUA,0.050000,0.050000,0,0,0
ND,58428,NORTH DAKOTA STATE,BCUA,0.050000,0.050000,0,0,0
ND,58429,NORTH DAKOTA STATE,BCUA,0.050000,0.050000,0,0,0
ND,58430,NORTH DAKOTA STATE,BCUA,0.050000,0.050000,0,0,0
ND,58431,NORTH DAKOTA STATE,BCUA,0.050000,0.050000,0,0,0
ND,58433,NORTH DAKOTA STATE,BCUA,0.050000,0.050000,0,0,0
ND,58436,ELLENDALE,BCYB,0.060000,0.050000,0,0.010000,0
ND,58438,NORTH DAKOTA STATE,BCUA,0.050000,0.050000,0,0,0
ND,58439,NORTH DAKOTA STATE,BCUA,0.050000,0.050000,0,0,0
ND,58440,NORTH DAKOTA STATE,BCUA,0.050000,0.050000,0,0,0
ND,58441,NORTH DAKOTA STATE,BCUA,0.050000,0.050000,0,0,0
ND,58442,NORTH DAKOTA STATE,BCUA,0.050000,0.050000,0,0,0
ND,58443,NORTH DAKOTA STATE,BCUA,0.050000,0.050000,0,0,0
ND,58444,NORTH DAKOTA STATE,BCUA,0.050000,0.050000,0,0,0
ND,58445,NORTH DAKOTA STATE,BCUA,0.050000,0.050000,0,0,0
ND,58448,NORTH DAKOTA STATE,BCUA,0.050000,0.050000,0,0,0
ND,58451,NORTH DAKOTA STATE,BCUA,0.050000,0.050000,0,0,0
ND,58452,NORTH DAKOTA STATE,BCUA,0.050000,0.050000,0,0,0
ND,58454,NORTH DAKOTA STATE,BCUA,0.050000,0.050000,0,0,0
ND,58455,NORTH DAKOTA STATE,BCUA,0.050000,0.050000,0,0,0
ND,58456,NORTH DAKOTA STATE,BCUA,0.050000,0.050000,0,0,0
ND,58458,LAMOURE,BDBE,0.070000,0.050000,0,0.020000,0
ND,58460,NORTH DAKOTA STATE,BCUA,0.050000,0.050000,0,0,0
ND,58461,NORTH DAKOTA STATE,BCUA,0.050000,0.050000,0,0,0
ND,58463,NORTH DAKOTA STATE,BCUA,0.050000,0.050000,0,0,0
ND,58464,NORTH DAKOTA STATE,BCUA,0.050000,0.050000,0,0,0
ND,58466,NORTH DAKOTA STATE,BCUA,0.050000,0.050000,0,0,0
ND,58467,NORTH DAKOTA STATE,BCUA,0.050000,0.050000,0,0,0
ND,58472,NORTH DAKOTA STATE,BCUA,0.050000,0.050000,0,0,0
ND,58474,OAKES,BCYF,0.070000,0.050000,0,0.020000,0
ND,58475,NORTH DAKOTA STATE,BCUA,0.050000,0.050000,0,0,0
ND,58476,NORTH DAKOTA STATE,BCUA,0.050000,0.050000,0,0,0
ND,58477,BURLEIGH CO,BCWE,0.055000,0.050000,0.005000,0,0
ND,58478,NORTH DAKOTA STATE,BCUA,0.050000,0.050000,0,0,0
ND,58479,NORTH DAKOTA STATE,BCUA,0.050000,0.050000,0,0,0
ND,58480,NORTH DAKOTA STATE,BCUA,0.050000,0.050000,0,0,0
ND,58481,NORTH DAKOTA STATE,BCUA,0.050000,0.050000,0,0,0
ND,58482,STEELE,BDAU,0.070000,0.050000,0,0.020000,0
ND,58483,NORTH DAKOTA STATE,BCUA,0.050000,0.050000,0,0,0
ND,58484,NORTH DAKOTA STATE,BCUA,0.050000,0.050000,0,0,0
ND,58486,NORTH DAKOTA STATE,BCUA,0.050000,0.050000,0,0,0
ND,58487,NORTH DAKOTA STATE,BCUA,0.050000,0.050000,0,0,0
ND,58488,NORTH DAKOTA STATE,BCUA,0.050000,0.050000,0,0,0
ND,58490,NORTH DAKOTA STATE,BCUA,0.050000,0.050000,0,0,0
ND,58492,NORTH DAKOTA STATE,BCUA,0.050000,0.050000,0,0,0
ND,58494,BURLEIGH CO,BCWE,0.055000,0.050000,0.005000,0,0
ND,58495,WISHEK,BDCD,0.065000,0.050000,0,0.015000,0
ND,58496,NORTH DAKOTA STATE,BCUA,0.050000,0.050000,0,0,0
ND,58497,NORTH DAKOTA STATE,BCUA,0.050000,0.050000,0,0,0
ND,58501,BISMARCK,BCWG,0.065000,0.050000,0.005000,0.010000,0
ND,58502,BISMARCK,BCWG,0.065000,0.050000,0.005000,0.010000,0
ND,58503,BISMARCK,BCWG,0.065000,0.050000,0.005000,0.010000,0
ND,58504,BISMARCK,BCWG,0.065000,0.050000,0.005000,0.010000,0
ND,58505,BISMARCK,BCWG,0.065000,0.050000,0.005000,0.010000,0
ND,58506,BISMARCK,BCWG,0.065000,0.050000,0.005000,0.010000,0
ND,58507,BISMARCK,BCWG,0.065000,0.050000,0.005000,0.010000,0
ND,58520,MORTON CO,BDDH,0.055000,0.050000,0.005000,0,0
ND,58521,BURLEIGH CO,BCWE,0.055000,0.050000,0.005000,0,0
ND,58523,BEULAH,BDDC,0.060000,0.050000,0,0.010000,0
ND,58524,NORTH DAKOTA STATE,BCUA,0.050000,0.050000,0,0,0
ND,58528,NORTH DAKOTA STATE,BCUA,0.050000,0.050000,0,0,0
ND,58529,NORTH DAKOTA STATE,BCUA,0.050000,0.050000,0,0,0
ND,58530,NORTH DAKOTA STATE,BCUA,0.050000,0.050000,0,0,0
ND,58531,NORTH DAKOTA STATE,BCUA,0.050000,0.050000,0,0,0
ND,58532,BURLEIGH CO,BCWE,0.055000,0.050000,0.005000,0,0
ND,58533,ELGIN,BDAB,0.060000,0.050000,0,0.010000,0
ND,58535,MORTON CO,BDDH,0.055000,0.050000,0.005000,0,0
ND,58538,NORTH DAKOTA STATE,BCUA,0.050000,0.050000,0,0,0
ND,58540,NORTH DAKOTA STATE,BCUA,0.050000,0.050000,0,0,0
ND,58541,NORTH DAKOTA STATE,BCUA,0.050000,0.050000,0,0,0
ND,58542,NORTH DAKOTA STATE,BCUA,0.050000,0.050000,0,0,0
ND,58544,NORTH DAKOTA STATE,BCUA,0.050000,0.050000,0,0,0
ND,58545,HAZEN,BDDE,0.065000,0.050000,0,0.015000,0
ND,58549,NORTH DAKOTA STATE,BCUA,0.050000,0.050000,0,0,0
ND,58552,LINTON,BCZA,0.070000,0.050000,0,0.020000,0
ND,58554,MANDAN,BDDM,0.065000,0.050000,0.005000,0.010000,0
ND,58558,BURLEIGH CO,BCWE,0.055000,0.050000,0.005000,0,0
ND,58559,NORTH DAKOTA STATE,BCUA,0.050000,0.050000,0,0,0
ND,58560,BURLEIGH CO,BCWE,0.055000,0.050000,0.005000,0,0
ND,58561,NAPOLEON,BDBK,0.070000,0.050000,0,0.020000,0
ND,58562,NORTH DAKOTA STATE,BCUA,0.050000,0.050000,0,0,0
ND,58563,MORTON CO,BDDH,0.055000,0.050000,0.005000,0,0
ND,58564,NORTH DAKOTA STATE,BCUA,0.050000,0.050000,0,0,0
ND,58565,NORTH DAKOTA STATE,BCUA,0.050000,0.050000,0,0,0
ND,58566,MORTON CO,BDDH,0.055000,0.050000,0.005000,0,0
ND,58568,NORTH DAKOTA STATE,BCUA,0.050000,0.050000,0,0,0
ND,58569,NORTH DAKOTA STATE,BCUA,0.050000,0.050000,0,0,0
ND,58570,MORTON CO,BDDH,0.055000,0.050000,0.005000,0,0
ND,58571,NORTH DAKOTA STATE,BCUA,0.050000,0.050000,0,0,0
ND,58572,BURLEIGH CO,BCWE,0.055000,0.050000,0.005000,0,0
ND,58573,STRASBURG,BCZB,0.070000,0.050000,0,0.020000,0
ND,58575,NORTH DAKOTA STATE,BCUA,0.050000,0.050000,0,0,0
ND,58576,UNDERWOOD,BDCY,0.065000,0.050000,0,0.015000,0
ND,58577,WASHBURN,BDCZ,0.070000,0.050000,0,0.020000,0
ND,58579,BURLEIGH CO,BCWE,0.055000,0.050000,0.005000,0,0
ND,58580,NORTH DAKOTA STATE,BCUA,0.050000,0.050000,0,0,0
ND,58581,NORTH DAKOTA STATE,BCUA,0.050000,0.050000,0,0,0
ND,58601,DICKINSON,BDHR,0.065000,0.050000,0,0.015000,0
ND,58602,DICKINSON,BDHR,0.065000,0.050000,0,0.015000,0
ND,58620,NORTH DAKOTA STATE,BCUA,0.050000,0.050000,0,0,0
ND,58621,NORTH DAKOTA STATE,BCUA,0.050000,0.050000,0,0,0
ND,58622,NORTH DAKOTA STATE,BCUA,0.050000,0.050000,0,0,0
ND,58623,BOWMAN,BCVU,0.060000,0.050000,0,0.010000,0
ND,58625,NORTH DAKOTA STATE,BCUA,0.050000,0.050000,0,0,0
ND,58626,NORTH DAKOTA STATE,BCUA,0.050000,0.050000,0,0,0
ND,58627,NORTH DAKOTA STATE,BCUA,0.050000,0.050000,0,0,0
ND,58630,NORTH DAKOTA STATE,BCUA,0.050000,0.050000,0,0,0
ND,58631,GLEN ULLIN,BDDK,0.065000,0.050000,0.005000,0.010000,0
ND,58632,NORTH DAKOTA STATE,BCUA,0.050000,0.050000,0,0,0
ND,58634,NORTH DAKOTA STATE,BCUA,0.050000,0.050000,0,0,0
ND,58636,NORTH DAKOTA STATE,BCUA,0.050000,0.050000,0,0,0
ND,58638,MORTON CO,BDDH,0.055000,0.050000,0.005000,0,0
ND,58639,HETTINGER,BCUC,0.065000,0.050000,0,0.015000,0
ND,58640,NORTH DAKOTA STATE,BCUA,0.050000,0.050000,0,0,0
ND,58641,NORTH DAKOTA STATE,BCUA,0.050000,0.050000,0,0,0
ND,58642,NORTH DAKOTA STATE,BCUA,0.050000,0.050000,0,0,0
ND,58643,NORTH DAKOTA STATE,BCUA,0.050000,0.050000,0,0,0
ND,58644,NORTH DAKOTA STATE,BCUA,0.050000,0.050000,0,0,0
ND,58645,NORTH DAKOTA STATE,BCUA,0.050000,0.050000,0,0,0
ND,58646,MOTT,BDAN,0.070000,0.050000,0,0.020000,0
ND,58647,NEW ENGLAND,BDAO,0.070000,0.050000,0,0.020000,0
ND,58649,REEDER,BCUD,0.060000,0.050000,0,0.010000,0
ND,58650,REGENT,BDAP,0.070000,0.050000,0,0.020000,0
ND,58651,NORTH DAKOTA STATE,BCUA,0.050000,0.050000,0,0,0
ND,58652,NORTH DAKOTA STATE,BCUA,0.050000,0.050000,0,0,0
ND,58653,SCRANTON,BCVW,0.060000,0.050000,0,0.010000,0
ND,58654,NORTH DAKOTA STATE,BCUA,0.050000,0.050000,0,0,0
ND,58655,NORTH DAKOTA STATE,BCUA,0.050000,0.050000,0,0,0
ND,58656,NORTH DAKOTA STATE,BCUA,0.050000,0.050000,0,0,0
ND,58701,MINOT,BDKC,0.075000,0.050000,0.005000,0.020000,0
ND,58702,MINOT,BDKC,0.075000,0.050000,0.005000,0.020000,0
ND,58703,MINOT,BDKC,0.075000,0.050000,0.005000,0.020000,0
ND,58704,WARD CO,BDJU,0.055000,0.050000,0.005000,0,0
ND,58705,WARD CO,BDJU,0.055000,0.050000,0.005000,0,0
ND,58707,MINOT,BDKC,0.075000,0.050000,0.005000,0.020000,0
ND,58710,NORTH DAKOTA STATE,BCUA,0.050000,0.050000,0,0,0
ND,58711,NORTH DAKOTA STATE,BCUA,0.050000,0.050000,0,0,0
ND,58712,NORTH DAKOTA STATE,BCUA,0.050000,0.050000,0,0,0
ND,58713,NORTH DAKOTA STATE,BCUA,0.050000,0.050000,0,0,0
ND,58716,NORTH DAKOTA STATE,BCUA,0.050000,0.050000,0,0,0
ND,58718,WARD CO,BDJU,0.055000,0.050000,0.005000,0,0
ND,58721,NORTH DAKOTA STATE,BCUA,0.050000,0.050000,0,0,0
ND,58722,WARD CO,BDJU,0.055000,0.050000,0.005000,0,0
ND,58723,NORTH DAKOTA STATE,BCUA,0.050000,0.050000,0,0,0
ND,58725,WARD CO,BDJU,0.055000,0.050000,0.005000,0,0
ND,58727,NORTH DAKOTA STATE,BCUA,0.050000,0.050000,0,0,0
ND,58730,CROSBY,BCYI,0.080000,0.050000,0,0.030000,0
ND,58731,NORTH DAKOTA STATE,BCUA,0.050000,0.050000,0,0,0
ND,58733,WARD CO,BDJU,0.055000,0.050000,0.005000,0,0
ND,58734,WARD CO,BDJU,0.055000,0.050000,0.005000,0,0
ND,58735,WARD CO,BDJU,0.055000,0.050000,0.005000,0,0
ND,58736,DRAKE,BDBQ,0.070000,0.050000,0,0.020000,0
ND,58737,NORTH DAKOTA STATE,BCUA,0.050000,0.050000,0,0,0
ND,58740,GLENBURN,BDFT,0.070000,0.050000,0,0.020000,0
ND,58741,NORTH DAKOTA STATE,BCUA,0.050000,0.050000,0,0,0
ND,58744,NORTH DAKOTA STATE,BCUA,0.050000,0.050000,0,0,0
ND,58746,KENMARE,BDKB,0.075000,0.050000,0.005000,0.020000,0
ND,58748,NORTH DAKOTA STATE,BCUA,0.050000,0.050000,0,0,0
ND,58750,NORTH DAKOTA STATE,BCUA,0.050000,0.050000,0,0,0
ND,58752,NORTH DAKOTA STATE,BCUA,0.050000,0.050000,0,0,0
ND,58755,NORTH DAKOTA STATE,BCUA,0.050000,0.050000,0,0,0
ND,58756,WARD CO,BDJU,0.055000,0.050000,0.005000,0,0
ND,58757,NORTH DAKOTA STATE,BCUA,0.050000,0.050000,0,0,0
ND,58758,NORTH DAKOTA STATE,BCUA,0.050000,0.050000,0,0,0
ND,58759,WARD CO,BDJU,0.055000,0.050000,0.005000,0,0
ND,58760,NORTH DAKOTA STATE,BCUA,0.050000,0.050000,0,0,0
ND,58761,NORTH DAKOTA STATE,BCUA,0.050000,0.050000,0,0,0
ND,58762,NORTH DAKOTA STATE,BCUA,0.050000,0.050000,0,0,0
ND,58763,NORTH DAKOTA STATE,BCUA,0.050000,0.050000,0,0,0
ND,58765,NORTH DAKOTA STATE,BCUA,0.050000,0.050000,0,0,0
ND,58768,NORTH DAKOTA STATE,BCUA,0.050000,0.050000,0,0,0
ND,58769,NORTH DAKOTA STATE,BCUA,0.050000,0.050000,0,0,0
ND,58770,NORTH DAKOTA STATE,BCUA,0.050000,0.050000,0,0,0
ND,58771,NORTH DAKOTA STATE,BCUA,0.050000,0.050000,0,0,0
ND,58772,NORTH DAKOTA STATE,BCUA,0.050000,0.050000,0,0,0
ND,58773,NORTH DAKOTA STATE,BCUA,0.050000,0.050000,0,0,0
ND,58775,NORTH DAKOTA STATE,BCUA,0.050000,0.050000,0,0,0
ND,58776,NORTH DAKOTA STATE,BCUA,0.050000,0.050000,0,0,0
ND,58778,NORTH DAKOTA STATE,BCUA,0.050000,0.050000,0,0,0
ND,58779,WARD CO,BDJU,0.055000,0.050000,0.005000,0,0
ND,58781,WARD CO,BDJU,0.055000,0.050000,0.005000,0,0
ND,58782,NORTH DAKOTA STATE,BCUA,0.050000,0.050000,0,0,0
ND,58783,NORTH DAKOTA STATE,BCUA,0.050000,0.050000,0,0,0
ND,58784,STANLEY,BDDV,0.065000,0.050000,0,0.015000,0
ND,58785,SURREY,BDKH,0.075000,0.050000,0.005000,0.020000,0
ND,58787,NORTH DAKOTA STATE,BCUA,0.050000,0.050000,0,0,0
ND,58788,NORTH DAKOTA STATE,BCUA,0.050000,0.050000,0,0,0
ND,58789,NORTH DAKOTA STATE,BCUA,0.050000,0.050000,0,0,0
ND,58790,VELVA,BDBX,0.060000,0.050000,0,0.010000,0
ND,58792,NORTH DAKOTA STATE,BCUA,0.050000,0.050000,0,0,0
ND,58793,WESTHOPE,BCVR,0.060000,0.050000,0,0.010000,0
ND,58794,NORTH DAKOTA STATE,BCUA,0.050000,0.050000,0,0,0
ND,58795,NORTH DAKOTA STATE,BCUA,0.050000,0.050000,0,0,0
ND,58801,WILLISTON,BDLB,0.070000,0.050000,0,0.020000,0
ND,58802,WILLISTON,BDLB,0.070000,0.050000,0,0.020000,0
ND,58803,WILLISTON,BDLB,0.070000,0.050000,0,0.020000,0
ND,58830,NORTH DAKOTA STATE,BCUA,0.050000,0.050000,0,0,0
ND,58831,NORTH DAKOTA STATE,BCUA,0.050000,0.050000,0,0,0
ND,58833,NORTH DAKOTA STATE,BCUA,0.050000,0.050000,0,0,0
ND,58835,NORTH DAKOTA STATE,BCUA,0.050000,0.050000,0,0,0
ND,58838,NORTH DAKOTA STATE,BCUA,0.050000,0.050000,0,0,0
ND,58843,NORTH DAKOTA STATE,BCUA,0.050000,0.050000,0,0,0
ND,58844,NORTH DAKOTA STATE,BCUA,0.050000,0.050000,0,0,0
ND,58845,NORTH DAKOTA STATE,BCUA,0.050000,0.050000,0,0,0
ND,58847,NORTH DAKOTA STATE,BCUA,0.050000,0.050000,0,0,0
ND,58849,NORTH DAKOTA STATE,BCUA,0.050000,0.050000,0,0,0
ND,58852,NORTH DAKOTA STATE,BCUA,0.050000,0.050000,0,0,0
ND,58853,NORTH DAKOTA STATE,BCUA,0.050000,0.050000,0,0,0
ND,58854,WATFORD CITY,BDCM,0.065000,0.050000,0,0.015000,0
ND,58856,NORTH DAKOTA STATE,BCUA,0.050000,0.050000,0,0,0
