State,ZipCode,TaxRegionName,TaxRegionCode,CombinedRate,StateRate,CountyRate,CityRate,SpecialRate
VT,05001,VERMONT STATE,BVPI,0.060000,0.060000,0,0,0
VT,05009,VERMONT STATE,BVPI,0.060000,0.060000,0,0,0
VT,05030,VERMONT STATE,BVPI,0.060000,0.060000,0,0,0
VT,05031,VERMONT STATE,BVPI,0.060000,0.060000,0,0,0
VT,05032,VERMONT STATE,BVPI,0.060000,0.060000,0,0,0
VT,05033,VERMONT STATE,BVPI,0.060000,0.060000,0,0,0
VT,05034,VERMONT STATE,BVPI,0.060000,0.060000,0,0,0
VT,05035,VERMONT STATE,BVPI,0.060000,0.060000,0,0,0
VT,05036,VERMONT STATE,BVPI,0.060000,0.060000,0,0,0
VT,05037,VERMONT STATE,BVPI,0.060000,0.060000,0,0,0
VT,05038,VERMONT STATE,BVPI,0.060000,0.060000,0,0,0
VT,05039,VERMONT STATE,BVPI,0.060000,0.060000,0,0,0
VT,05040,VERMONT STATE,BVPI,0.060000,0.060000,0,0,0
VT,05041,VERMONT STATE,BVPI,0.060000,0.060000,0,0,0
VT,05042,VERMONT STATE,BVPI,0.060000,0.060000,0,0,0
VT,05043,VERMONT STATE,BVPI,0.060000,0.060000,0,0,0
VT,05045,VERMONT STATE,BVPI,0.060000,0.060000,0,0,0
VT,05046,VERMONT STATE,BVPI,0.060000,0.060000,0,0,0
VT,05047,VERMONT STATE,BVPI,0.060000,0.060000,0,0,0
VT,05048,VERMONT STATE,BVPI,0.060000,0.060000,0,0,0
VT,05049,VERMONT STATE,BVPI,0.060000,0.060000,0,0,0
VT,05050,VERMONT STATE,BVPI,0.060000,0.060000,0,0,0
VT,05051,VERMONT STATE,BVPI,0.060000,0.060000,0,0,0
VT,05052,VERMONT STATE,BVPI,0.060000,0.060000,0,0,0
VT,05053,VERMONT STATE,BVPI,0.060000,0.060000,0,0,0
VT,05054,VERMONT STATE,BVPI,0.060000,0.060000,0,0,0
VT,05055,VERMONT STATE,BVPI,0.060000,0.060000,0,0,0
VT,05056,VERMONT STATE,BVPI,0.060000,0.060000,0,0,0
VT,05058,VERMONT STATE,BVPI,0.060000,0.060000,0,0,0
VT,05059,VERMONT STATE,BVPI,0.060000,0.060000,0,0,0
VT,05060,VERMONT STATE,BVPI,0.060000,0.060000,0,0,0
VT,05061,VERMONT STATE,BVPI,0.060000,0.060000,0,0,0
VT,05062,VERMONT STATE,BVPI,0.060000,0.060000,0,0,0
VT,05065,VERMONT STATE,BVPI,0.060000,0.060000,0,0,0
VT,05067,VERMONT STATE,BVPI,0.060000,0.060000,0,0,0
VT,05068,VERMONT STATE,BVPI,0.060000,0.060000,0,0,0
VT,05069,VERMONT STATE,BVPI,0.060000,0.060000,0,0,0
VT,05070,VERMONT STATE,BVPI,0.060000,0.060000,0,0,0
VT,05071,VERMONT STATE,BVPI,0.060000,0.060000,0,0,0
VT,05072,VERMONT STATE,BVPI,0.060000,0.060000,0,0,0
VT,05073,VERMONT STATE,BVPI,0.060000,0.060000,0,0,0
VT,05074,VERMONT STATE,BVPI,0.060000,0.060000,0,0,0
VT,05075,VERMONT STATE,BVPI,0.060000,0.060000,0,0,0
VT,05076,VERMONT STATE,BVPI,0.060000,0.060000,0,0,0
VT,05077,VERMONT STATE,BVPI,0.060000,0.060000,0,0,0
VT,05079,VERMONT STATE,BVPI,0.060000,0.060000,0,0,0
VT,05081,VERMONT STATE,BVPI,0.060000,0.060000,0,0,0
VT,05083,VERMONT STATE,BVPI,0.060000,0.060000,0,0,0
VT,05084,VERMONT STATE,BVPI,0.060000,0.060000,0,0,0
VT,05085,VERMONT STATE,BVPI,0.060000,0.060000,0,0,0
VT,05086,VERMONT STATE,BVPI,0.060000,0.060000,0,0,0
VT,05088,VERMONT STATE,BVPI,0.060000,0.060000,0,0,0
VT,05089,VERMONT STATE,BVPI,0.060000,0.060000,0,0,0
VT,05091,VERMONT STATE,BVPI,0.060000,0.060000,0,0,0
VT,05101,VERMONT STATE,BVPI,0.060000,0.060000,0,0,0
VT,05141,VERMONT STATE,BVPI,0.060000,0.060000,0,0,0
VT,05142,VERMONT STATE,BVPI,0.060000,0.060000,0,0,0
VT,05143,VERMONT STATE,BVPI,0.060000,0.060000,0,0,0
VT,05144,VERMONT STATE,BVPI,0.060000,0.060000,0,0,0
VT,05146,VERMONT STATE,BVPI,0.060000,0.060000,0,0,0
VT,05148,VERMONT STATE,BVPI,0.060000,0.060000,0,0,0
VT,05149,VERMONT STATE,BVPI,0.060000,0.060000,0,0,0
VT,05150,VERMONT STATE,BVPI,0.060000,0.060000,0,0,0
VT,05151,VERMONT STATE,BVPI,0.060000,0.060000,0,0,0
VT,05152,VERMONT STATE,BVPI,0.060000,0.060000,0,0,0
VT,05153,VERMONT STATE,BVPI,0.060000,0.060000,0,0,0
VT,05154,VERMONT STATE,BVPI,0.060000,0.060000,0,0,0
VT,05155,VERMONT STATE,BVPI,0.060000,0.060000,0,0,0
VT,05156,VERMONT STATE,BVPI,0.060000,0.060000,0,0,0
VT,05158,VERMONT STATE,BVPI,0.060000,0.060000,0,0,0
VT,05159,VERMONT STATE,BVPI,0.060000,0.060000,0,0,0
VT,05161,VERMONT STATE,BVPI,0.060000,0.060000,0,0,0
VT,05201,VERMONT STATE,BVPI,0.060000,0.060000,0,0,0
VT,05250,VERMONT STATE,BVPI,0.060000,0.060000,0,0,0
VT,05251,VERMONT STATE,BVPI,0.060000,0.060000,0,0,0
VT,05252,VERMONT STATE,BVPI,0.060000,0.060000,0,0,0
VT,05253,VERMONT STATE,BVPI,0.060000,0.060000,0,0,0
VT,05254,MANCHESTER,CREZ,0.070000,0.060000,0,0.010000,0.000000
VT,05255,MANCHESTER,CREZ,0.070000,0.060000,0,0.010000,0.000000
VT,05257,VERMONT STATE,BVPI,0.060000,0.060000,0,0,0
VT,05260,VERMONT STATE,BVPI,0.060000,0.060000,0,0,0
VT,05261,VERMONT STATE,BVPI,0.060000,0.060000,0,0,0
VT,05262,VERMONT STATE,BVPI,0.060000,0.060000,0,0,0
VT,05301,VERMONT STATE,BVPI,0.060000,0.060000,0,0,0
VT,05302,VERMONT STATE,BVPI,0.060000,0.060000,0,0,0
VT,05303,VERMONT STATE,BVPI,0.060000,0.060000,0,0,0
VT,05304,VERMONT STATE,BVPI,0.060000,0.060000,0,0,0
VT,05340,WINHALL,CRGE,0.070000,0.060000,0,0.010000,0.000000
VT,05341,DOVER,CSID,0.070000,0.060000,0,0.010000,0.000000
VT,05342,VERMONT STATE,BVPI,0.060000,0.060000,0,0,0
VT,05343,VERMONT STATE,BVPI,0.060000,0.060000,0,0,0
VT,05344,VERMONT STATE,BVPI,0.060000,0.060000,0,0,0
VT,05345,VERMONT STATE,BVPI,0.060000,0.060000,0,0,0
VT,05346,VERMONT STATE,BVPI,0.060000,0.060000,0,0,0
VT,05350,VERMONT STATE,BVPI,0.060000,0.060000,0,0,0
VT,05351,VERMONT STATE,BVPI,0.060000,0.060000,0,0,0
VT,05352,VERMONT STATE,BVPI,0.060000,0.060000,0,0,0
VT,05353,VERMONT STATE,BVPI,0.060000,0.060000,0,0,0
VT,05354,VERMONT STATE,BVPI,0.060000,0.060000,0,0,0
VT,05355,VERMONT STATE,BVPI,0.060000,0.060000,0,0,0
VT,05356,DOVER,CSID,0.070000,0.060000,0,0.010000,0.000000
VT,05357,VERMONT STATE,BVPI,0.060000,0.060000,0,0,0
VT,05358,VERMONT STATE,BVPI,0.060000,0.060000,0,0,0
VT,05359,VERMONT STATE,BVPI,0.060000,0.060000,0,0,0
VT,05360,STRATTON,CSJS,0.070000,0.060000,0,0.010000,0.000000
VT,05361,VERMONT STATE,BVPI,0.060000,0.060000,0,0,0
VT,05362,VERMONT STATE,BVPI,0.060000,0.060000,0,0,0
VT,05363,WILMINGTON,CSKK,0.070000,0.060000,0,0.010000,0.000000
VT,05401,BURLINGTON,CRJH,0.070000,0.060000,0,0.010000,0.000000
VT,05402,BURLINGTON,CRJH,0.070000,0.060000,0,0.010000,0.000000
VT,05403,SOUTH BURLINGTON,CRLV,0.070000,0.060000,0,0.010000,0.000000
VT,05404,VERMONT STATE,BVPI,0.060000,0.060000,0,0,0
VT,05405,BURLINGTON,CRJH,0.070000,0.060000,0,0.010000,0.000000
VT,05406,SOUTH BURLINGTON,CRLV,0.070000,0.060000,0,0.010000,0.000000
VT,05407,SOUTH BURLINGTON,CRLV,0.070000,0.060000,0,0.010000,0.000000
VT,05408,BURLINGTON,CRJH,0.070000,0.060000,0,0.010000,0.000000
VT,05439,VERMONT STATE,BVPI,0.060000,0.060000,0,0,0
VT,05440,VERMONT STATE,BVPI,0.060000,0.060000,0,0,0
VT,05441,VERMONT STATE,BVPI,0.060000,0.060000,0,0,0
VT,05442,VERMONT STATE,BVPI,0.060000,0.060000,0,0,0
VT,05443,VERMONT STATE,BVPI,0.060000,0.060000,0,0,0
VT,05444,VERMONT STATE,BVPI,0.060000,0.060000,0,0,0
VT,05445,VERMONT STATE,BVPI,0.060000,0.060000,0,0,0
VT,05446,VERMONT STATE,BVPI,0.060000,0.060000,0,0,0
VT,05447,VERMONT STATE,BVPI,0.060000,0.060000,0,0,0
VT,05448,VERMONT STATE,BVPI,0.060000,0.060000,0,0,0
VT,05449,VERMONT STATE,BVPI,0.060000,0.060000,0,0,0
VT,05450,VERMONT STATE,BVPI,0.060000,0.060000,0,0,0
VT,05451,VERMONT STATE,BVPI,0.060000,0.060000,0,0,0
VT,05452,VERMONT STATE,BVPI,0.060000,0.060000,0,0,0
VT,05453,VERMONT STATE,BVPI,0.060000,0.060000,0,0,0
VT,05454,VERMONT STATE,BVPI,0.060000,0.060000,0,0,0
VT,05455,VERMONT STATE,BVPI,0.060000,0.060000,0,0,0
VT,05456,VERMONT STATE,BVPI,0.060000,0.060000,0,0,0
VT,05457,VERMONT STATE,BVPI,0.060000,0.060000,0,0,0
VT,05458,VERMONT STATE,BVPI,0.060000,0.060000,0,0,0
VT,05459,VERMONT STATE,BVPI,0.060000,0.060000,0,0,0
VT,05460,VERMONT STATE,BVPI,0.060000,0.060000,0,0,0
VT,05461,VERMONT STATE,BVPI,0.060000,0.060000,0,0,0
VT,05462,VERMONT STATE,BVPI,0.060000,0.060000,0,0,0
VT,05463,VERMONT STATE,BVPI,0.060000,0.060000,0,0,0
VT,05464,VERMONT STATE,BVPI,0.060000,0.060000,0,0,0
VT,05465,VERMONT STATE,BVPI,0.060000,0.060000,0,0,0
VT,05466,VERMONT STATE,BVPI,0.060000,0.060000,0,0,0
VT,05468,VERMONT STATE,BVPI,0.060000,0.060000,0,0,0
VT,05469,VERMONT STATE,BVPI,0.060000,0.060000,0,0,0
VT,05470,VERMONT STATE,BVPI,0.060000,0.060000,0,0,0
VT,05471,VERMONT STATE,BVPI,0.060000,0.060000,0,0,0
VT,05472,VERMONT STATE,BVPI,0.060000,0.060000,0,0,0
VT,05473,VERMONT STATE,BVPI,0.060000,0.060000,0,0,0
VT,05474,VERMONT STATE,BVPI,0.060000,0.060000,0,0,0
VT,05476,VERMONT STATE,BVPI,0.060000,0.060000,0,0,0
VT,05477,VERMONT STATE,BVPI,0.060000,0.060000,0,0,0
VT,05478,VERMONT STATE,BVPI,0.060000,0.060000,0,0,0
VT,05479,VERMONT STATE,BVPI,0.060000,0.060000,0,0,0
VT,05481,ST ALBANS TOWN,ELNE,0.070000,0.060000,0,0.010000,0.000000
VT,05482,VERMONT STATE,BVPI,0.060000,0.060000,0,0,0
VT,05483,VERMONT STATE,BVPI,0.060000,0.060000,0,0,0
VT,05485,VERMONT STATE,BVPI,0.060000,0.060000,0,0,0
VT,05486,VERMONT STATE,BVPI,0.060000,0.060000,0,0,0
VT,05487,VERMONT STATE,BVPI,0.060000,0.060000,0,0,0
VT,05488,VERMONT STATE,BVPI,0.060000,0.060000,0,0,0
VT,05489,VERMONT STATE,BVPI,0.060000,0.060000,0,0,0
VT,05490,VERMONT STATE,BVPI,0.060000,0.060000,0,0,0
VT,05491,VERMONT STATE,BVPI,0.060000,0.060000,0,0,0
VT,05492,VERMONT STATE,BVPI,0.060000,0.060000,0,0,0
VT,05494,VERMONT STATE,BVPI,0.060000,0.060000,0,0,0
VT,05495,WILLISTON,CRMI,0.070000,0.060000,0,0.010000,0.000000
VT,05601,VERMONT STATE,BVPI,0.060000,0.060000,0,0,0
VT,05602,VERMONT STATE,BVPI,0.060000,0.060000,0,0,0
VT,05603,VERMONT STATE,BVPI,0.060000,0.060000,0,0,0
VT,05604,VERMONT STATE,BVPI,0.060000,0.060000,0,0,0
VT,05609,VERMONT STATE,BVPI,0.060000,0.060000,0,0,0
VT,05620,VERMONT STATE,BVPI,0.060000,0.060000,0,0,0
VT,05633,VERMONT STATE,BVPI,0.060000,0.060000,0,0,0
VT,05640,VERMONT STATE,BVPI,0.060000,0.060000,0,0,0
VT,05641,VERMONT STATE,BVPI,0.060000,0.060000,0,0,0
VT,05647,VERMONT STATE,BVPI,0.060000,0.060000,0,0,0
VT,05648,VERMONT STATE,BVPI,0.060000,0.060000,0,0,0
VT,05649,VERMONT STATE,BVPI,0.060000,0.060000,0,0,0
VT,05650,VERMONT STATE,BVPI,0.060000,0.060000,0,0,0
VT,05651,VERMONT STATE,BVPI,0.060000,0.060000,0,0,0
VT,05652,VERMONT STATE,BVPI,0.060000,0.060000,0,0,0
VT,05653,VERMONT STATE,BVPI,0.060000,0.060000,0,0,0
VT,05654,VERMONT STATE,BVPI,0.060000,0.060000,0,0,0
VT,05655,VERMONT STATE,BVPI,0.060000,0.060000,0,0,0
VT,05656,VERMONT STATE,BVPI,0.060000,0.060000,0,0,0
VT,05657,VERMONT STATE,BVPI,0.060000,0.060000,0,0,0
VT,05658,VERMONT STATE,BVPI,0.060000,0.060000,0,0,0
VT,05660,VERMONT STATE,BVPI,0.060000,0.060000,0,0,0
VT,05661,VERMONT STATE,BVPI,0.060000,0.060000,0,0,0
VT,05662,VERMONT STATE,BVPI,0.060000,0.060000,0,0,0
VT,05663,VERMONT STATE,BVPI,0.060000,0.060000,0,0,0
VT,05664,VERMONT STATE,BVPI,0.060000,0.060000,0,0,0
VT,05665,VERMONT STATE,BVPI,0.060000,0.060000,0,0,0
VT,05666,VERMONT STATE,BVPI,0.060000,0.060000,0,0,0
VT,05667,VERMONT STATE,BVPI,0.060000,0.060000,0,0,0
VT,05669,VERMONT STATE,BVPI,0.060000,0.060000,0,0,0
VT,05670,VERMONT STATE,BVPI,0.060000,0.060000,0,0,0
VT,05671,VERMONT STATE,BVPI,0.060000,0.060000,0,0,0
VT,05672,VERMONT STATE,BVPI,0.060000,0.060000,0,0,0
VT,05673,VERMONT STATE,BVPI,0.060000,0.060000,0,0,0
VT,05674,VERMONT STATE,BVPI,0.060000,0.060000,0,0,0
VT,05675,VERMONT STATE,BVPI,0.060000,0.060000,0,0,0
VT,05676,VERMONT STATE,BVPI,0.060000,0.060000,0,0,0
VT,05677,VERMONT STATE,BVPI,0.060000,0.060000,0,0,0
VT,05678,VERMONT STATE,BVPI,0.060000,0.060000,0,0,0
VT,05679,VERMONT STATE,BVPI,0.060000,0.060000,0,0,0
VT,05680,VERMONT STATE,BVPI,0.060000,0.060000,0,0,0
VT,05681,VERMONT STATE,BVPI,0.060000,0.060000,0,0,0
VT,05682,VERMONT STATE,BVPI,0.060000,0.060000,0,0,0
VT,05701,VERMONT STATE,BVPI,0.060000,0.060000,0,0,0
VT,05702,VERMONT STATE,BVPI,0.060000,0.060000,0,0,0
VT,05730,VERMONT STATE,BVPI,0.060000,0.060000,0,0,0
VT,05731,VERMONT STATE,BVPI,0.060000,0.060000,0,0,0
VT,05732,VERMONT STATE,BVPI,0.060000,0.060000,0,0,0
VT,05733,VERMONT STATE,BVPI,0.060000,0.060000,0,0,0
VT,05734,VERMONT STATE,BVPI,0.060000,0.060000,0,0,0
VT,05735,VERMONT STATE,BVPI,0.060000,0.060000,0,0,0
VT,05736,RUTLAND,CSDK,0.070000,0.060000,0,0.010000,0.000000
VT,05737,VERMONT STATE,BVPI,0.060000,0.060000,0,0,0
VT,05738,VERMONT STATE,BVPI,0.060000,0.060000,0,0,0
VT,05739,VERMONT STATE,BVPI,0.060000,0.060000,0,0,0
VT,05740,MIDDLEBURY,CRCL,0.070000,0.060000,0,0.010000,0.000000
VT,05741,VERMONT STATE,BVPI,0.060000,0.060000,0,0,0
VT,05742,VERMONT STATE,BVPI,0.060000,0.060000,0,0,0
VT,05743,VERMONT STATE,BVPI,0.060000,0.060000,0,0,0
VT,05744,VERMONT STATE,BVPI,0.060000,0.060000,0,0,0
VT,05745,VERMONT STATE,BVPI,0.060000,0.060000,0,0,0
VT,05746,VERMONT STATE,BVPI,0.060000,0.060000,0,0,0
VT,05747,VERMONT STATE,BVPI,0.060000,0.060000,0,0,0
VT,05748,VERMONT STATE,BVPI,0.060000,0.060000,0,0,0
VT,05750,VERMONT STATE,BVPI,0.060000,0.060000,0,0,0
VT,05751,KILLINGTON,CSBZ,0.070000,0.060000,0,0.010000,0.000000
VT,05753,MIDDLEBURY,CRCL,0.070000,0.060000,0,0.010000,0.000000
VT,05757,VERMONT STATE,BVPI,0.060000,0.060000,0,0,0
VT,05758,VERMONT STATE,BVPI,0.060000,0.060000,0,0,0
VT,05759,VERMONT STATE,BVPI,0.060000,0.060000,0,0,0
VT,05760,VERMONT STATE,BVPI,0.060000,0.060000,0,0,0
VT,05761,VERMONT STATE,BVPI,0.060000,0.060000,0,0,0
VT,05762,VERMONT STATE,BVPI,0.060000,0.060000,0,0,0
VT,05763,VERMONT STATE,BVPI,0.060000,0.060000,0,0,0
VT,05764,VERMONT STATE,BVPI,0.060000,0.060000,0,0,0
VT,05765,VERMONT STATE,BVPI,0.060000,0.060000,0,0,0
VT,05766,VERMONT STATE,BVPI,0.060000,0.060000,0,0,0
VT,05767,VERMONT STATE,BVPI,0.060000,0.060000,0,0,0
VT,05768,VERMONT STATE,BVPI,0.060000,0.060000,0,0,0
VT,05769,VERMONT STATE,BVPI,0.060000,0.060000,0,0,0
VT,05770,VERMONT STATE,BVPI,0.060000,0.060000,0,0,0
VT,05772,VERMONT STATE,BVPI,0.060000,0.060000,0,0,0
VT,05773,VERMONT STATE,BVPI,0.060000,0.060000,0,0,0
VT,05774,VERMONT STATE,BVPI,0.060000,0.060000,0,0,0
VT,05775,VERMONT STATE,BVPI,0.060000,0.060000,0,0,0
VT,05776,VERMONT STATE,BVPI,0.060000,0.060000,0,0,0
VT,05777,VERMONT STATE,BVPI,0.060000,0.060000,0,0,0
VT,05778,VERMONT STATE,BVPI,0.060000,0.060000,0,0,0
VT,05819,VERMONT STATE,BVPI,0.060000,0.060000,0,0,0
VT,05820,VERMONT STATE,BVPI,0.060000,0.060000,0,0,0
VT,05821,VERMONT STATE,BVPI,0.060000,0.060000,0,0,0
VT,05822,VERMONT STATE,BVPI,0.060000,0.060000,0,0,0
VT,05823,VERMONT STATE,BVPI,0.060000,0.060000,0,0,0
VT,05824,VERMONT STATE,BVPI,0.060000,0.060000,0,0,0
VT,05825,VERMONT STATE,BVPI,0.060000,0.060000,0,0,0
VT,05826,VERMONT STATE,BVPI,0.060000,0.060000,0,0,0
VT,05827,VERMONT STATE,BVPI,0.060000,0.060000,0,0,0
VT,05828,VERMONT STATE,BVPI,0.060000,0.060000,0,0,0
VT,05829,VERMONT STATE,BVPI,0.060000,0.060000,0,0,0
VT,05830,VERMONT STATE,BVPI,0.060000,0.060000,0,0,0
VT,05832,VERMONT STATE,BVPI,0.060000,0.060000,0,0,0
VT,05833,VERMONT STATE,BVPI,0.060000,0.060000,0,0,0
VT,05836,VERMONT STATE,BVPI,0.060000,0.060000,0,0,0
VT,05837,VERMONT STATE,BVPI,0.060000,0.060000,0,0,0
VT,05838,VERMONT STATE,BVPI,0.060000,0.060000,0,0,0
VT,05839,VERMONT STATE,BVPI,0.060000,0.060000,0,0,0
VT,05840,VERMONT STATE,BVPI,0.060000,0.060000,0,0,0
VT,05841,VERMONT STATE,BVPI,0.060000,0.060000,0,0,0
VT,05842,VERMONT STATE,BVPI,0.060000,0.060000,0,0,0
VT,05843,VERMONT STATE,BVPI,0.060000,0.060000,0,0,0
VT,05845,VERMONT STATE,BVPI,0.060000,0.060000,0,0,0
VT,05846,VERMONT STATE,BVPI,0.060000,0.060000,0,0,0
VT,05847,VERMONT STATE,BVPI,0.060000,0.060000,0,0,0
VT,05848,VERMONT STATE,BVPI,0.060000,0.060000,0,0,0
VT,05849,VERMONT STATE,BVPI,0.060000,0.060000,0,0,0
VT,05850,VERMONT STATE,BVPI,0.060000,0.060000,0,0,0
VT,05851,VERMONT STATE,BVPI,0.060000,0.060000,0,0,0
VT,05853,VERMONT STATE,BVPI,0.060000,0.060000,0,0,0
VT,05855,VERMONT STATE,BVPI,0.060000,0.060000,0,0,0
VT,05857,VERMONT STATE,BVPI,0.060000,0.060000,0,0,0
VT,05858,VERMONT STATE,BVPI,0.060000,0.060000,0,0,0
VT,05859,VERMONT STATE,BVPI,0.060000,0.060000,0,0,0
VT,05860,VERMONT STATE,BVPI,0.060000,0.060000,0,0,0
VT,05861,VERMONT STATE,BVPI,0.060000,0.060000,0,0,0
VT,05862,VERMONT STATE,BVPI,0.060000,0.060000,0,0,0
VT,05863,VERMONT STATE,BVPI,0.060000,0.060000,0,0,0
VT,05866,VERMONT STATE,BVPI,0.060000,0.060000,0,0,0
VT,05867,VERMONT STATE,BVPI,0.060000,0.060000,0,0,0
VT,05868,VERMONT STATE,BVPI,0.060000,0.060000,0,0,0
VT,05871,VERMONT STATE,BVPI,0.060000,0.060000,0,0,0
VT,05872,VERMONT STATE,BVPI,0.060000,0.060000,0,0,0
VT,05873,VERMONT STATE,BVPI,0.060000,0.060000,0,0,0
VT,05874,VERMONT STATE,BVPI,0.060000,0.060000,0,0,0
VT,05875,VERMONT STATE,BVPI,0.060000,0.060000,0,0,0
VT,05901,VERMONT STATE,BVPI,0.060000,0.060000,0,0,0
VT,05902,VERMONT STATE,BVPI,0.060000,0.060000,0,0,0
VT,05903,VERMONT STATE,BVPI,0.060000,0.060000,0,0,0
VT,05904,VERMONT STATE,BVPI,0.060000,0.060000,0,0,0
VT,05905,VERMONT STATE,BVPI,0.060000,0.060000,0,0,0
VT,05906,VERMONT STATE,BVPI,0.060000,0.060000,0,0,0
VT,05907,VERMONT STATE,BVPI,0.060000,0.060000,0,0,0
