State,ZipCode,TaxRegionName,TaxRegionCode,CombinedRate,StateRate,CountyRate,CityRate,SpecialRate
OH,43001,LICKING COUNTY,BIRS,0.072500,0.057500,0.015000,0,0
OH,43002,FRANKLIN COUNTY,BIHR,0.075000,0.057500,0.017500,0,0
OH,43003,DELAWARE COUNTY,BIFT,0.070000,0.057500,0.012500,0,0
OH,43004,FRANKLIN COUNTY,BIHR,0.075000,0.057500,0.017500,0,0
OH,43005,KNOX COUNTY,BIQJ,0.067500,0.057500,0.010000,0,0
OH,43006,HOLMES COUNTY,BIOD,0.067500,0.057500,0.010000,0,0
OH,43007,UNION COUNTY,BJLO,0.070000,0.057500,0.012500,0,0
OH,43008,LICKING COUNTY,BIRS,0.072500,0.057500,0.015000,0,0
OH,43009,CHAMPAIGN COUNTY,BHZR,0.072500,0.057500,0.015000,0,0
OH,43010,CLARK COUNTY,BIAC,0.072500,0.057500,0.015000,0,0
OH,43011,KNOX COUNTY,BIQJ,0.067500,0.057500,0.010000,0,0
OH,43013,LICKING COUNTY,BIRS,0.072500,0.057500,0.015000,0,0
OH,43014,KNOX COUNTY,BIQJ,0.067500,0.057500,0.010000,0,0
OH,43015,DELAWARE COUNTY,BIFT,0.070000,0.057500,0.012500,0,0
OH,43016,FRANKLIN COUNTY,BIHR,0.075000,0.057500,0.017500,0,0
OH,43017,FRANKLIN COUNTY,BIHR,0.075000,0.057500,0.017500,0,0
OH,43018,LICKING COUNTY,BIRS,0.072500,0.057500,0.015000,0,0
OH,43019,KNOX COUNTY,BIQJ,0.067500,0.057500,0.010000,0,0
OH,43021,DELAWARE COUNTY,BIFT,0.070000,0.057500,0.012500,0,0
OH,43022,KNOX COUNTY,BIQJ,0.067500,0.057500,0.010000,0,0
OH,43023,LICKING COUNTY,BIRS,0.072500,0.057500,0.015000,0,0
OH,43025,LICKING COUNTY,BIRS,0.072500,0.057500,0.015000,0,0
OH,43026,FRANKLIN COUNTY,BIHR,0.075000,0.057500,0.017500,0,0
OH,43027,LICKING COUNTY,BIRS,0.072500,0.057500,0.015000,0,0
OH,43028,KNOX COUNTY,BIQJ,0.067500,0.057500,0.010000,0,0
OH,43029,MADISON COUNTY,BIUF,0.070000,0.057500,0.012500,0,0
OH,43030,LICKING COUNTY,BIRS,0.072500,0.057500,0.015000,0,0
OH,43031,LICKING COUNTY,BIRS,0.072500,0.057500,0.015000,0,0
OH,43032,DELAWARE COUNTY,BIFT,0.070000,0.057500,0.012500,0,0
OH,43033,LICKING COUNTY,BIRS,0.072500,0.057500,0.015000,0,0
OH,43035,DELAWARE COUNTY,BIFT,0.070000,0.057500,0.012500,0,0
OH,43036,UNION COUNTY,BJLO,0.070000,0.057500,0.012500,0,0
OH,43037,KNOX COUNTY,BIQJ,0.067500,0.057500,0.010000,0,0
OH,43040,UNION COUNTY,BJLO,0.070000,0.057500,0.012500,0,0
OH,43041,UNION COUNTY,BJLO,0.070000,0.057500,0.012500,0,0
OH,43044,CHAMPAIGN COUNTY,BHZR,0.072500,0.057500,0.015000,0,0
OH,43045,UNION COUNTY,BJLO,0.070000,0.057500,0.012500,0,0
OH,43046,FAIRFIELD COUNTY,BIGS,0.067500,0.057500,0.010000,0,0
OH,43047,CHAMPAIGN COUNTY,BHZR,0.072500,0.057500,0.015000,0,0
OH,43048,KNOX COUNTY,BIQJ,0.067500,0.057500,0.010000,0,0
OH,43050,KNOX COUNTY,BIQJ,0.067500,0.057500,0.010000,0,0
OH,43054,FRANKLIN COUNTY,BIHR,0.075000,0.057500,0.017500,0,0
OH,43055,LICKING COUNTY,BIRS,0.072500,0.057500,0.015000,0,0
OH,43056,LICKING COUNTY,BIRS,0.072500,0.057500,0.015000,0,0
OH,43058,LICKING COUNTY,BIRS,0.072500,0.057500,0.015000,0,0
OH,43060,CHAMPAIGN COUNTY,BHZR,0.072500,0.057500,0.015000,0,0
OH,43061,DELAWARE COUNTY,BIFT,0.070000,0.057500,0.012500,0,0
OH,43062,LICKING COUNTY,BIRS,0.072500,0.057500,0.015000,0,0
OH,43064,MADISON COUNTY,BIUF,0.070000,0.057500,0.012500,0,0
OH,43065,DELAWARE COUNTY,BIFT,0.070000,0.057500,0.012500,0,0
OH,43066,DELAWARE COUNTY,BIFT,0.070000,0.057500,0.012500,0,0
OH,43067,UNION COUNTY,BJLO,0.070000,0.057500,0.012500,0,0
OH,43068,FRANKLIN COUNTY,BIHR,0.075000,0.057500,0.017500,0,0
OH,43069,LICKING COUNTY,BIRS,0.072500,0.057500,0.015000,0,0
OH,43070,CHAMPAIGN COUNTY,BHZR,0.072500,0.057500,0.015000,0,0
OH,43071,LICKING COUNTY,BIRS,0.072500,0.057500,0.015000,0,0
OH,43072,CHAMPAIGN COUNTY,BHZR,0.072500,0.057500,0.015000,0,0
OH,43073,LICKING COUNTY,BIRS,0.072500,0.057500,0.015000,0,0
OH,43074,DELAWARE COUNTY,BIFT,0.070000,0.057500,0.012500,0,0
OH,43076,PERRY COUNTY,BJBW,0.072500,0.057500,0.015000,0,0
OH,43077,UNION COUNTY,BJLO,0.070000,0.057500,0.012500,0,0
OH,43078,CHAMPAIGN COUNTY,BHZR,0.072500,0.057500,0.015000,0,0
OH,43080,LICKING COUNTY,BIRS,0.072500,0.057500,0.015000,0,0
OH,43081,FRANKLIN COUNTY,BIHR,0.075000,0.057500,0.017500,0,0
OH,43082,DELAWARE COUNTY,BIFT,0.070000,0.057500,0.012500,0,0
OH,43083,CHAMPAIGN COUNTY,BHZR,0.072500,0.057500,0.015000,0,0
OH,43084,CHAMPAIGN COUNTY,BHZR,0.072500,0.057500,0.015000,0,0
OH,43085,FRANKLIN COUNTY,BIHR,0.075000,0.057500,0.017500,0,0
OH,43086,FRANKLIN COUNTY,BIHR,0.075000,0.057500,0.017500,0,0
OH,43093,LICKING COUNTY,BIRS,0.072500,0.057500,0.015000,0,0
OH,43101,ROSS COUNTY,BJFF,0.072500,0.057500,0.015000,0,0
OH,43102,FAIRFIELD COUNTY,BIGS,0.067500,0.057500,0.010000,0,0
OH,43103,PICKAWAY COUNTY,BJCJ,0.072500,0.057500,0.015000,0,0
OH,43105,FAIRFIELD COUNTY,BIGS,0.067500,0.057500,0.010000,0,0
OH,43106,FAYETTE COUNTY,BIHM,0.072500,0.057500,0.015000,0,0
OH,43107,FAIRFIELD COUNTY,BIGS,0.067500,0.057500,0.010000,0,0
OH,43109,FRANKLIN COUNTY,BIHR,0.075000,0.057500,0.017500,0,0
OH,43110,FRANKLIN COUNTY,BIHR,0.075000,0.057500,0.017500,0,0
OH,43111,HOCKING COUNTY,BINU,0.070000,0.057500,0.012500,0,0
OH,43112,FAIRFIELD COUNTY,BIGS,0.067500,0.057500,0.010000,0,0
OH,43113,PICKAWAY COUNTY,BJCJ,0.072500,0.057500,0.015000,0,0
OH,43115,ROSS COUNTY,BJFF,0.072500,0.057500,0.015000,0,0
OH,43116,PICKAWAY COUNTY,BJCJ,0.072500,0.057500,0.015000,0,0
OH,43117,PICKAWAY COUNTY,BJCJ,0.072500,0.057500,0.015000,0,0
OH,43119,FRANKLIN COUNTY,BIHR,0.075000,0.057500,0.017500,0,0
OH,43123,FRANKLIN COUNTY,BIHR,0.075000,0.057500,0.017500,0,0
OH,43125,FRANKLIN COUNTY,BIHR,0.075000,0.057500,0.017500,0,0
OH,43126,FRANKLIN COUNTY,BIHR,0.075000,0.057500,0.017500,0,0
OH,43127,HOCKING COUNTY,BINU,0.070000,0.057500,0.012500,0,0
OH,43128,FAYETTE COUNTY,BIHM,0.072500,0.057500,0.015000,0,0
OH,43130,FAIRFIELD COUNTY,BIGS,0.067500,0.057500,0.010000,0,0
OH,43135,HOCKING COUNTY,BINU,0.070000,0.057500,0.012500,0,0
OH,43136,FAIRFIELD COUNTY,BIGS,0.067500,0.057500,0.010000,0,0
OH,43137,FRANKLIN COUNTY,BIHR,0.075000,0.057500,0.017500,0,0
OH,43138,HOCKING COUNTY,BINU,0.070000,0.057500,0.012500,0,0
OH,43140,MADISON COUNTY,BIUF,0.070000,0.057500,0.012500,0,0
OH,43142,FAYETTE COUNTY,BIHM,0.072500,0.057500,0.015000,0,0
OH,43143,MADISON COUNTY,BIUF,0.070000,0.057500,0.012500,0,0
OH,43144,HOCKING COUNTY,BINU,0.070000,0.057500,0.012500,0,0
OH,43145,PICKAWAY COUNTY,BJCJ,0.072500,0.057500,0.015000,0,0
OH,43146,PICKAWAY COUNTY,BJCJ,0.072500,0.057500,0.015000,0,0
OH,43147,FAIRFIELD COUNTY,BIGS,0.067500,0.057500,0.010000,0,0
OH,43148,FAIRFIELD COUNTY,BIGS,0.067500,0.057500,0.010000,0,0
OH,43149,HOCKING COUNTY,BINU,0.070000,0.057500,0.012500,0,0
OH,43150,FAIRFIELD COUNTY,BIGS,0.067500,0.057500,0.010000,0,0
OH,43151,MADISON COUNTY,BIUF,0.070000,0.057500,0.012500,0,0
OH,43152,HOCKING COUNTY,BINU,0.070000,0.057500,0.012500,0,0
OH,43153,MADISON COUNTY,BIUF,0.070000,0.057500,0.012500,0,0
OH,43154,FAIRFIELD COUNTY,BIGS,0.067500,0.057500,0.010000,0,0
OH,43155,FAIRFIELD COUNTY,BIGS,0.067500,0.057500,0.010000,0,0
OH,43156,FAIRFIELD COUNTY,BIGS,0.067500,0.057500,0.010000,0,0
OH,43157,FAIRFIELD COUNTY,BIGS,0.067500,0.057500,0.010000,0,0
OH,43158,HOCKING COUNTY,BINU,0.070000,0.057500,0.012500,0,0
OH,43160,FAYETTE COUNTY,BIHM,0.072500,0.057500,0.015000,0,0
OH,43162,MADISON COUNTY,BIUF,0.070000,0.057500,0.012500,0,0
OH,43164,PICKAWAY COUNTY,BJCJ,0.072500,0.057500,0.015000,0,0
OH,43194,FRANKLIN COUNTY,BIHR,0.075000,0.057500,0.017500,0,0
OH,43195,FRANKLIN COUNTY,BIHR,0.075000,0.057500,0.017500,0,0
OH,43199,FRANKLIN COUNTY,BIHR,0.075000,0.057500,0.017500,0,0
OH,43201,FRANKLIN COUNTY,BIHR,0.075000,0.057500,0.017500,0,0
OH,43202,FRANKLIN COUNTY,BIHR,0.075000,0.057500,0.017500,0,0
OH,43203,FRANKLIN COUNTY,BIHR,0.075000,0.057500,0.017500,0,0
OH,43204,FRANKLIN COUNTY,BIHR,0.075000,0.057500,0.017500,0,0
OH,43205,FRANKLIN COUNTY,BIHR,0.075000,0.057500,0.017500,0,0
OH,43206,FRANKLIN COUNTY,BIHR,0.075000,0.057500,0.017500,0,0
OH,43207,FRANKLIN COUNTY,BIHR,0.075000,0.057500,0.017500,0,0
OH,43209,FRANKLIN COUNTY,BIHR,0.075000,0.057500,0.017500,0,0
OH,43210,FRANKLIN COUNTY,BIHR,0.075000,0.057500,0.017500,0,0
OH,43211,FRANKLIN COUNTY,BIHR,0.075000,0.057500,0.017500,0,0
OH,43212,FRANKLIN COUNTY,BIHR,0.075000,0.057500,0.017500,0,0
OH,43213,FRANKLIN COUNTY,BIHR,0.075000,0.057500,0.017500,0,0
OH,43214,FRANKLIN COUNTY,BIHR,0.075000,0.057500,0.017500,0,0
OH,43215,FRANKLIN COUNTY,BIHR,0.075000,0.057500,0.017500,0,0
OH,43216,FRANKLIN COUNTY,BIHR,0.075000,0.057500,0.017500,0,0
OH,43217,FRANKLIN COUNTY,BIHR,0.075000,0.057500,0.017500,0,0
OH,43218,FRANKLIN COUNTY,BIHR,0.075000,0.057500,0.017500,0,0
OH,43219,FRANKLIN COUNTY,BIHR,0.075000,0.057500,0.017500,0,0
OH,43220,FRANKLIN COUNTY,BIHR,0.075000,0.057500,0.017500,0,0
OH,43221,FRANKLIN COUNTY,BIHR,0.075000,0.057500,0.017500,0,0
OH,43222,FRANKLIN COUNTY,BIHR,0.075000,0.057500,0.017500,0,0
OH,43223,FRANKLIN COUNTY,BIHR,0.075000,0.057500,0.017500,0,0
OH,43224,FRANKLIN COUNTY,BIHR,0.075000,0.057500,0.017500,0,0
OH,43226,FRANKLIN COUNTY,BIHR,0.075000,0.057500,0.017500,0,0
OH,43227,FRANKLIN COUNTY,BIHR,0.075000,0.057500,0.017500,0,0
OH,43228,FRANKLIN COUNTY,BIHR,0.075000,0.057500,0.017500,0,0
OH,43229,FRANKLIN COUNTY,BIHR,0.075000,0.057500,0.017500,0,0
OH,43230,FRANKLIN COUNTY,BIHR,0.075000,0.057500,0.017500,0,0
OH,43231,FRANKLIN COUNTY,BIHR,0.075000,0.057500,0.017500,0,0
OH,43232,FRANKLIN COUNTY,BIHR,0.075000,0.057500,0.017500,0,0
OH,43234,FRANKLIN COUNTY,BIHR,0.075000,0.057500,0.017500,0,0
OH,43235,FRANKLIN COUNTY,BIHR,0.075000,0.057500,0.017500,0,0
OH,43236,FRANKLIN COUNTY,BIHR,0.075000,0.057500,0.017500,0,0
OH,43240,DELAWARE CO COTA REMAINDE,EIFI,0.075000,0.057500,0.000000,0,0.017500
OH,43251,FRANKLIN COUNTY,BIHR,0.075000,0.057500,0.017500,0,0
OH,43260,FRANKLIN COUNTY,BIHR,0.075000,0.057500,0.017500,0,0
OH,43266,FRANKLIN COUNTY,BIHR,0.075000,0.057500,0.017500,0,0
OH,43268,FRANKLIN COUNTY,BIHR,0.075000,0.057500,0.017500,0,0
OH,43270,FRANKLIN COUNTY,BIHR,0.075000,0.057500,0.017500,0,0
OH,43271,FRANKLIN COUNTY,BIHR,0.075000,0.057500,0.017500,0,0
OH,43272,FRANKLIN COUNTY,BIHR,0.075000,0.057500,0.017500,0,0
OH,43279,FRANKLIN COUNTY,BIHR,0.075000,0.057500,0.017500,0,0
OH,43287,FRANKLIN COUNTY,BIHR,0.075000,0.057500,0.017500,0,0
OH,43291,FRANKLIN COUNTY,BIHR,0.075000,0.057500,0.017500,0,0
OH,43301,MARION COUNTY,BIVL,0.072500,0.057500,0.015000,0,0
OH,43302,MARION COUNTY,BIVL,0.072500,0.057500,0.015000,0,0
OH,43306,MARION COUNTY,BIVL,0.072500,0.057500,0.015000,0,0
OH,43310,LOGAN COUNTY,BISM,0.072500,0.057500,0.015000,0,0
OH,43311,LOGAN COUNTY,BISM,0.072500,0.057500,0.015000,0,0
OH,43314,MARION COUNTY,BIVL,0.072500,0.057500,0.015000,0,0
OH,43315,MORROW COUNTY,BIZI,0.072500,0.057500,0.015000,0,0
OH,43316,WYANDOT COUNTY,BJQK,0.072500,0.057500,0.015000,0,0
OH,43317,MORROW COUNTY,BIZI,0.072500,0.057500,0.015000,0,0
OH,43318,LOGAN COUNTY,BISM,0.072500,0.057500,0.015000,0,0
OH,43319,LOGAN COUNTY,BISM,0.072500,0.057500,0.015000,0,0
OH,43320,MORROW COUNTY,BIZI,0.072500,0.057500,0.015000,0,0
OH,43321,MORROW COUNTY,BIZI,0.072500,0.057500,0.015000,0,0
OH,43322,MARION COUNTY,BIVL,0.072500,0.057500,0.015000,0,0
OH,43323,WYANDOT COUNTY,BJQK,0.072500,0.057500,0.015000,0,0
OH,43324,LOGAN COUNTY,BISM,0.072500,0.057500,0.015000,0,0
OH,43325,MORROW COUNTY,BIZI,0.072500,0.057500,0.015000,0,0
OH,43326,HARDIN COUNTY,BILX,0.072500,0.057500,0.015000,0,0
OH,43330,WYANDOT COUNTY,BJQK,0.072500,0.057500,0.015000,0,0
OH,43331,LOGAN COUNTY,BISM,0.072500,0.057500,0.015000,0,0
OH,43332,MARION COUNTY,BIVL,0.072500,0.057500,0.015000,0,0
OH,43333,LOGAN COUNTY,BISM,0.072500,0.057500,0.015000,0,0
OH,43334,MORROW COUNTY,BIZI,0.072500,0.057500,0.015000,0,0
OH,43335,MARION COUNTY,BIVL,0.072500,0.057500,0.015000,0,0
OH,43336,LOGAN COUNTY,BISM,0.072500,0.057500,0.015000,0,0
OH,43337,MARION COUNTY,BIVL,0.072500,0.057500,0.015000,0,0
OH,43338,MORROW COUNTY,BIZI,0.072500,0.057500,0.015000,0,0
OH,43340,HARDIN COUNTY,BILX,0.072500,0.057500,0.015000,0,0
OH,43341,MARION COUNTY,BIVL,0.072500,0.057500,0.015000,0,0
OH,43342,MARION COUNTY,BIVL,0.072500,0.057500,0.015000,0,0
OH,43343,LOGAN COUNTY,BISM,0.072500,0.057500,0.015000,0,0
OH,43344,UNION COUNTY,BJLO,0.070000,0.057500,0.012500,0,0
OH,43345,HARDIN COUNTY,BILX,0.072500,0.057500,0.015000,0,0
OH,43346,HARDIN COUNTY,BILX,0.072500,0.057500,0.015000,0,0
OH,43347,LOGAN COUNTY,BISM,0.072500,0.057500,0.015000,0,0
OH,43348,LOGAN COUNTY,BISM,0.072500,0.057500,0.015000,0,0
OH,43349,MORROW COUNTY,BIZI,0.072500,0.057500,0.015000,0,0
OH,43350,MORROW COUNTY,BIZI,0.072500,0.057500,0.015000,0,0
OH,43351,WYANDOT COUNTY,BJQK,0.072500,0.057500,0.015000,0,0
OH,43356,MARION COUNTY,BIVL,0.072500,0.057500,0.015000,0,0
OH,43357,LOGAN COUNTY,BISM,0.072500,0.057500,0.015000,0,0
OH,43358,LOGAN COUNTY,BISM,0.072500,0.057500,0.015000,0,0
OH,43359,WYANDOT COUNTY,BJQK,0.072500,0.057500,0.015000,0,0
OH,43360,LOGAN COUNTY,BISM,0.072500,0.057500,0.015000,0,0
OH,43402,WOOD COUNTY,BJPG,0.067500,0.057500,0.010000,0,0
OH,43403,WOOD COUNTY,BJPG,0.067500,0.057500,0.010000,0,0
OH,43406,WOOD COUNTY,BJPG,0.067500,0.057500,0.010000,0,0
OH,43407,SANDUSKY COUNTY,BJFS,0.072500,0.057500,0.015000,0,0
OH,43408,OTTAWA COUNTY,BJAU,0.070000,0.057500,0.012500,0,0
OH,43410,SANDUSKY COUNTY,BJFS,0.072500,0.057500,0.015000,0,0
OH,43412,LUCAS COUNTY,BITS,0.070000,0.057500,0.012500,0,0
OH,43413,WOOD COUNTY,BJPG,0.067500,0.057500,0.010000,0,0
OH,43414,WOOD COUNTY,BJPG,0.067500,0.057500,0.010000,0,0
OH,43416,OTTAWA COUNTY,BJAU,0.070000,0.057500,0.012500,0,0
OH,43420,SANDUSKY COUNTY,BJFS,0.072500,0.057500,0.015000,0,0
OH,43430,OTTAWA COUNTY,BJAU,0.070000,0.057500,0.012500,0,0
OH,43431,SANDUSKY COUNTY,BJFS,0.072500,0.057500,0.015000,0,0
OH,43432,OTTAWA COUNTY,BJAU,0.070000,0.057500,0.012500,0,0
OH,43433,OTTAWA COUNTY,BJAU,0.070000,0.057500,0.012500,0,0
OH,43434,LUCAS COUNTY,BITS,0.070000,0.057500,0.012500,0,0
OH,43435,SANDUSKY COUNTY,BJFS,0.072500,0.057500,0.015000,0,0
OH,43436,OTTAWA COUNTY,BJAU,0.070000,0.057500,0.012500,0,0
OH,43437,WOOD COUNTY,BJPG,0.067500,0.057500,0.010000,0,0
OH,43438,OTTAWA COUNTY,BJAU,0.070000,0.057500,0.012500,0,0
OH,43439,OTTAWA COUNTY,BJAU,0.070000,0.057500,0.012500,0,0
OH,43440,OTTAWA COUNTY,BJAU,0.070000,0.057500,0.012500,0,0
OH,43441,WOOD COUNTY,BJPG,0.067500,0.057500,0.010000,0,0
OH,43442,SANDUSKY COUNTY,BJFS,0.072500,0.057500,0.015000,0,0
OH,43443,WOOD COUNTY,BJPG,0.067500,0.057500,0.010000,0,0
OH,43445,OTTAWA COUNTY,BJAU,0.070000,0.057500,0.012500,0,0
OH,43446,OTTAWA COUNTY,BJAU,0.070000,0.057500,0.012500,0,0
OH,43447,WOOD COUNTY,BJPG,0.067500,0.057500,0.010000,0,0
OH,43449,OTTAWA COUNTY,BJAU,0.070000,0.057500,0.012500,0,0
OH,43450,WOOD COUNTY,BJPG,0.067500,0.057500,0.010000,0,0
OH,43451,WOOD COUNTY,BJPG,0.067500,0.057500,0.010000,0,0
OH,43452,OTTAWA COUNTY,BJAU,0.070000,0.057500,0.012500,0,0
OH,43456,OTTAWA COUNTY,BJAU,0.070000,0.057500,0.012500,0,0
OH,43457,WOOD COUNTY,BJPG,0.067500,0.057500,0.010000,0,0
OH,43458,OTTAWA COUNTY,BJAU,0.070000,0.057500,0.012500,0,0
OH,43460,WOOD COUNTY,BJPG,0.067500,0.057500,0.010000,0,0
OH,43462,WOOD COUNTY,BJPG,0.067500,0.057500,0.010000,0,0
OH,43463,WOOD COUNTY,BJPG,0.067500,0.057500,0.010000,0,0
OH,43464,SANDUSKY COUNTY,BJFS,0.072500,0.057500,0.015000,0,0
OH,43465,WOOD COUNTY,BJPG,0.067500,0.057500,0.010000,0,0
OH,43466,WOOD COUNTY,BJPG,0.067500,0.057500,0.010000,0,0
OH,43467,WOOD COUNTY,BJPG,0.067500,0.057500,0.010000,0,0
OH,43468,OTTAWA COUNTY,BJAU,0.070000,0.057500,0.012500,0,0
OH,43469,SANDUSKY COUNTY,BJFS,0.072500,0.057500,0.015000,0,0
OH,43501,WILLIAMS COUNTY,BJOV,0.072500,0.057500,0.015000,0,0
OH,43502,FULTON COUNTY,BIIK,0.072500,0.057500,0.015000,0,0
OH,43504,LUCAS COUNTY,BITS,0.070000,0.057500,0.012500,0,0
OH,43505,WILLIAMS COUNTY,BJOV,0.072500,0.057500,0.015000,0,0
OH,43506,WILLIAMS COUNTY,BJOV,0.072500,0.057500,0.015000,0,0
OH,43510,HENRY COUNTY,BIMX,0.072500,0.057500,0.015000,0,0
OH,43511,WOOD COUNTY,BJPG,0.067500,0.057500,0.010000,0,0
OH,43512,DEFIANCE COUNTY,BIFK,0.067500,0.057500,0.010000,0,0
OH,43515,FULTON COUNTY,BIIK,0.072500,0.057500,0.015000,0,0
OH,43516,HENRY COUNTY,BIMX,0.072500,0.057500,0.015000,0,0
OH,43517,WILLIAMS COUNTY,BJOV,0.072500,0.057500,0.015000,0,0
OH,43518,WILLIAMS COUNTY,BJOV,0.072500,0.057500,0.015000,0,0
OH,43519,WILLIAMS COUNTY,BJOV,0.072500,0.057500,0.015000,0,0
OH,43520,DEFIANCE COUNTY,BIFK,0.067500,0.057500,0.010000,0,0
OH,43521,FULTON COUNTY,BIIK,0.072500,0.057500,0.015000,0,0
OH,43522,WOOD COUNTY,BJPG,0.067500,0.057500,0.010000,0,0
OH,43523,WOOD COUNTY,BJPG,0.067500,0.057500,0.010000,0,0
OH,43524,HENRY COUNTY,BIMX,0.072500,0.057500,0.015000,0,0
OH,43525,WOOD COUNTY,BJPG,0.067500,0.057500,0.010000,0,0
OH,43526,DEFIANCE COUNTY,BIFK,0.067500,0.057500,0.010000,0,0
OH,43527,HENRY COUNTY,BIMX,0.072500,0.057500,0.015000,0,0
OH,43528,LUCAS COUNTY,BITS,0.070000,0.057500,0.012500,0,0
OH,43529,WOOD COUNTY,BJPG,0.067500,0.057500,0.010000,0,0
OH,43530,DEFIANCE COUNTY,BIFK,0.067500,0.057500,0.010000,0,0
OH,43531,WILLIAMS COUNTY,BJOV,0.072500,0.057500,0.015000,0,0
OH,43532,HENRY COUNTY,BIMX,0.072500,0.057500,0.015000,0,0
OH,43533,FULTON COUNTY,BIIK,0.072500,0.057500,0.015000,0,0
OH,43534,HENRY COUNTY,BIMX,0.072500,0.057500,0.015000,0,0
OH,43535,HENRY COUNTY,BIMX,0.072500,0.057500,0.015000,0,0
OH,43536,DEFIANCE COUNTY,BIFK,0.067500,0.057500,0.010000,0,0
OH,43537,LUCAS COUNTY,BITS,0.070000,0.057500,0.012500,0,0
OH,43540,FULTON COUNTY,BIIK,0.072500,0.057500,0.015000,0,0
OH,43541,WOOD COUNTY,BJPG,0.067500,0.057500,0.010000,0,0
OH,43542,LUCAS COUNTY,BITS,0.070000,0.057500,0.012500,0,0
OH,43543,WILLIAMS COUNTY,BJOV,0.072500,0.057500,0.015000,0,0
OH,43545,HENRY COUNTY,BIMX,0.072500,0.057500,0.015000,0,0
OH,43547,LUCAS COUNTY,BITS,0.070000,0.057500,0.012500,0,0
OH,43548,HENRY COUNTY,BIMX,0.072500,0.057500,0.015000,0,0
OH,43549,DEFIANCE COUNTY,BIFK,0.067500,0.057500,0.010000,0,0
OH,43550,HENRY COUNTY,BIMX,0.072500,0.057500,0.015000,0,0
OH,43551,WOOD COUNTY,BJPG,0.067500,0.057500,0.010000,0,0
OH,43552,WOOD COUNTY,BJPG,0.067500,0.057500,0.010000,0,0
OH,43553,FULTON COUNTY,BIIK,0.072500,0.057500,0.015000,0,0
OH,43554,WILLIAMS COUNTY,BJOV,0.072500,0.057500,0.015000,0,0
OH,43555,HENRY COUNTY,BIMX,0.072500,0.057500,0.015000,0,0
OH,43556,DEFIANCE COUNTY,BIFK,0.067500,0.057500,0.010000,0,0
OH,43557,WILLIAMS COUNTY,BJOV,0.072500,0.057500,0.015000,0,0
OH,43558,FULTON COUNTY,BIIK,0.072500,0.057500,0.015000,0,0
OH,43560,LUCAS COUNTY,BITS,0.070000,0.057500,0.012500,0,0
OH,43565,WOOD COUNTY,BJPG,0.067500,0.057500,0.010000,0,0
OH,43566,LUCAS COUNTY,BITS,0.070000,0.057500,0.012500,0,0
OH,43567,FULTON COUNTY,BIIK,0.072500,0.057500,0.015000,0,0
OH,43569,WOOD COUNTY,BJPG,0.067500,0.057500,0.010000,0,0
OH,43570,WILLIAMS COUNTY,BJOV,0.072500,0.057500,0.015000,0,0
OH,43571,LUCAS COUNTY,BITS,0.070000,0.057500,0.012500,0,0
OH,43601,LUCAS COUNTY,BITS,0.070000,0.057500,0.012500,0,0
OH,43603,LUCAS COUNTY,BITS,0.070000,0.057500,0.012500,0,0
OH,43604,LUCAS COUNTY,BITS,0.070000,0.057500,0.012500,0,0
OH,43605,LUCAS COUNTY,BITS,0.070000,0.057500,0.012500,0,0
OH,43606,LUCAS COUNTY,BITS,0.070000,0.057500,0.012500,0,0
OH,43607,LUCAS COUNTY,BITS,0.070000,0.057500,0.012500,0,0
OH,43608,LUCAS COUNTY,BITS,0.070000,0.057500,0.012500,0,0
OH,43609,LUCAS COUNTY,BITS,0.070000,0.057500,0.012500,0,0
OH,43610,LUCAS COUNTY,BITS,0.070000,0.057500,0.012500,0,0
OH,43611,LUCAS COUNTY,BITS,0.070000,0.057500,0.012500,0,0
OH,43612,LUCAS COUNTY,BITS,0.070000,0.057500,0.012500,0,0
OH,43613,LUCAS COUNTY,BITS,0.070000,0.057500,0.012500,0,0
OH,43614,LUCAS COUNTY,BITS,0.070000,0.057500,0.012500,0,0
OH,43615,LUCAS COUNTY,BITS,0.070000,0.057500,0.012500,0,0
OH,43616,LUCAS COUNTY,BITS,0.070000,0.057500,0.012500,0,0
OH,43617,LUCAS COUNTY,BITS,0.070000,0.057500,0.012500,0,0
OH,43619,WOOD COUNTY,BJPG,0.067500,0.057500,0.010000,0,0
OH,43620,LUCAS COUNTY,BITS,0.070000,0.057500,0.012500,0,0
OH,43623,LUCAS COUNTY,BITS,0.070000,0.057500,0.012500,0,0
OH,43635,LUCAS COUNTY,BITS,0.070000,0.057500,0.012500,0,0
OH,43652,LUCAS COUNTY,BITS,0.070000,0.057500,0.012500,0,0
OH,43654,WOOD COUNTY,BJPG,0.067500,0.057500,0.010000,0,0
OH,43656,LUCAS COUNTY,BITS,0.070000,0.057500,0.012500,0,0
OH,43657,LUCAS COUNTY,BITS,0.070000,0.057500,0.012500,0,0
OH,43659,LUCAS COUNTY,BITS,0.070000,0.057500,0.012500,0,0
OH,43660,LUCAS COUNTY,BITS,0.070000,0.057500,0.012500,0,0
OH,43661,LUCAS COUNTY,BITS,0.070000,0.057500,0.012500,0,0
OH,43666,LUCAS COUNTY,BITS,0.070000,0.057500,0.012500,0,0
OH,43667,LUCAS COUNTY,BITS,0.070000,0.057500,0.012500,0,0
OH,43681,LUCAS COUNTY,BITS,0.070000,0.057500,0.012500,0,0
OH,43682,LUCAS COUNTY,BITS,0.070000,0.057500,0.012500,0,0
OH,43697,LUCAS COUNTY,BITS,0.070000,0.057500,0.012500,0,0
OH,43699,LUCAS COUNTY,BITS,0.070000,0.057500,0.012500,0,0
OH,43701,MUSKINGUM COUNTY,BIZS,0.072500,0.057500,0.015000,0,0
OH,43702,MUSKINGUM COUNTY,BIZS,0.072500,0.057500,0.015000,0,0
OH,43711,NOBLE COUNTY,BJAM,0.072500,0.057500,0.015000,0,0
OH,43713,BELMONT COUNTY,BHXB,0.072500,0.057500,0.015000,0,0
OH,43716,MONROE COUNTY,BIXX,0.072500,0.057500,0.015000,0,0
OH,43717,NOBLE COUNTY,BJAM,0.072500,0.057500,0.015000,0,0
OH,43718,BELMONT COUNTY,BHXB,0.072500,0.057500,0.015000,0,0
OH,43719,BELMONT COUNTY,BHXB,0.072500,0.057500,0.015000,0,0
OH,43720,MUSKINGUM COUNTY,BIZS,0.072500,0.057500,0.015000,0,0
OH,43721,LICKING COUNTY,BIRS,0.072500,0.057500,0.015000,0,0
OH,43722,GUERNSEY COUNTY,BIKD,0.072500,0.057500,0.015000,0,0
OH,43723,GUERNSEY COUNTY,BIKD,0.072500,0.057500,0.015000,0,0
OH,43724,NOBLE COUNTY,BJAM,0.072500,0.057500,0.015000,0,0
OH,43725,GUERNSEY COUNTY,BIKD,0.072500,0.057500,0.015000,0,0
OH,43727,MUSKINGUM COUNTY,BIZS,0.072500,0.057500,0.015000,0,0
OH,43728,MORGAN COUNTY,BIZC,0.072500,0.057500,0.015000,0,0
OH,43730,PERRY COUNTY,BJBW,0.072500,0.057500,0.015000,0,0
OH,43731,PERRY COUNTY,BJBW,0.072500,0.057500,0.015000,0,0
OH,43732,GUERNSEY COUNTY,BIKD,0.072500,0.057500,0.015000,0,0
OH,43733,GUERNSEY COUNTY,BIKD,0.072500,0.057500,0.015000,0,0
OH,43734,MUSKINGUM COUNTY,BIZS,0.072500,0.057500,0.015000,0,0
OH,43735,MUSKINGUM COUNTY,BIZS,0.072500,0.057500,0.015000,0,0
OH,43736,GUERNSEY COUNTY,BIKD,0.072500,0.057500,0.015000,0,0
OH,43738,MUSKINGUM COUNTY,BIZS,0.072500,0.057500,0.015000,0,0
OH,43739,PERRY COUNTY,BJBW,0.072500,0.057500,0.015000,0,0
OH,43740,LICKING COUNTY,BIRS,0.072500,0.057500,0.015000,0,0
OH,43746,MUSKINGUM COUNTY,BIZS,0.072500,0.057500,0.015000,0,0
OH,43747,MONROE COUNTY,BIXX,0.072500,0.057500,0.015000,0,0
OH,43748,PERRY COUNTY,BJBW,0.072500,0.057500,0.015000,0,0
OH,43749,GUERNSEY COUNTY,BIKD,0.072500,0.057500,0.015000,0,0
OH,43750,GUERNSEY COUNTY,BIKD,0.072500,0.057500,0.015000,0,0
OH,43752,MONROE COUNTY,BIXX,0.072500,0.057500,0.015000,0,0
OH,43754,MONROE COUNTY,BIXX,0.072500,0.057500,0.015000,0,0
OH,43755,GUERNSEY COUNTY,BIKD,0.072500,0.057500,0.015000,0,0
OH,43756,MORGAN COUNTY,BIZC,0.072500,0.057500,0.015000,0,0
OH,43757,MONROE COUNTY,BIXX,0.072500,0.057500,0.015000,0,0
OH,43758,MORGAN COUNTY,BIZC,0.072500,0.057500,0.015000,0,0
OH,43759,BELMONT COUNTY,BHXB,0.072500,0.057500,0.015000,0,0
OH,43760,PERRY COUNTY,BJBW,0.072500,0.057500,0.015000,0,0
OH,43761,PERRY COUNTY,BJBW,0.072500,0.057500,0.015000,0,0
OH,43762,MUSKINGUM COUNTY,BIZS,0.072500,0.057500,0.015000,0,0
OH,43764,PERRY COUNTY,BJBW,0.072500,0.057500,0.015000,0,0
OH,43766,PERRY COUNTY,BJBW,0.072500,0.057500,0.015000,0,0
OH,43767,MUSKINGUM COUNTY,BIZS,0.072500,0.057500,0.015000,0,0
OH,43768,GUERNSEY COUNTY,BIKD,0.072500,0.057500,0.015000,0,0
OH,43771,MUSKINGUM COUNTY,BIZS,0.072500,0.057500,0.015000,0,0
OH,43772,GUERNSEY COUNTY,BIKD,0.072500,0.057500,0.015000,0,0
OH,43773,GUERNSEY COUNTY,BIKD,0.072500,0.057500,0.015000,0,0
OH,43777,MUSKINGUM COUNTY,BIZS,0.072500,0.057500,0.015000,0,0
OH,43778,GUERNSEY COUNTY,BIKD,0.072500,0.057500,0.015000,0,0
OH,43779,NOBLE COUNTY,BJAM,0.072500,0.057500,0.015000,0,0
OH,43780,GUERNSEY COUNTY,BIKD,0.072500,0.057500,0.015000,0,0
OH,43782,PERRY COUNTY,BJBW,0.072500,0.057500,0.015000,0,0
OH,43783,PERRY COUNTY,BJBW,0.072500,0.057500,0.015000,0,0
OH,43786,MONROE COUNTY,BIXX,0.072500,0.057500,0.015000,0,0
OH,43787,MORGAN COUNTY,BIZC,0.072500,0.057500,0.015000,0,0
OH,43788,NOBLE COUNTY,BJAM,0.072500,0.057500,0.015000,0,0
OH,43791,MUSKINGUM COUNTY,BIZS,0.072500,0.057500,0.015000,0,0
OH,43793,MONROE COUNTY,BIXX,0.072500,0.057500,0.015000,0,0
OH,43802,MUSKINGUM COUNTY,BIZS,0.072500,0.057500,0.015000,0,0
OH,43803,TUSCARAWAS COUNTY,BJKR,0.067500,0.057500,0.010000,0,0
OH,43804,HOLMES COUNTY,BIOD,0.067500,0.057500,0.010000,0,0
OH,43805,COSHOCTON COUNTY,BICV,0.072500,0.057500,0.015000,0,0
OH,43811,COSHOCTON COUNTY,BICV,0.072500,0.057500,0.015000,0,0
OH,43812,COSHOCTON COUNTY,BICV,0.072500,0.057500,0.015000,0,0
OH,43821,MUSKINGUM COUNTY,BIZS,0.072500,0.057500,0.015000,0,0
OH,43822,MUSKINGUM COUNTY,BIZS,0.072500,0.057500,0.015000,0,0
OH,43824,COSHOCTON COUNTY,BICV,0.072500,0.057500,0.015000,0,0
OH,43828,COSHOCTON COUNTY,BICV,0.072500,0.057500,0.015000,0,0
OH,43830,MUSKINGUM COUNTY,BIZS,0.072500,0.057500,0.015000,0,0
OH,43832,TUSCARAWAS COUNTY,BJKR,0.067500,0.057500,0.010000,0,0
OH,43836,COSHOCTON COUNTY,BICV,0.072500,0.057500,0.015000,0,0
OH,43837,TUSCARAWAS COUNTY,BJKR,0.067500,0.057500,0.010000,0,0
OH,43840,TUSCARAWAS COUNTY,BJKR,0.067500,0.057500,0.010000,0,0
OH,43842,MUSKINGUM COUNTY,BIZS,0.072500,0.057500,0.015000,0,0
OH,43843,COSHOCTON COUNTY,BICV,0.072500,0.057500,0.015000,0,0
OH,43844,COSHOCTON COUNTY,BICV,0.072500,0.057500,0.015000,0,0
OH,43845,COSHOCTON COUNTY,BICV,0.072500,0.057500,0.015000,0,0
OH,43901,JEFFERSON COUNTY,BIPJ,0.072500,0.057500,0.015000,0,0
OH,43902,BELMONT COUNTY,BHXB,0.072500,0.057500,0.015000,0,0
OH,43903,JEFFERSON COUNTY,BIPJ,0.072500,0.057500,0.015000,0,0
OH,43905,BELMONT COUNTY,BHXB,0.072500,0.057500,0.015000,0,0
OH,43906,BELMONT COUNTY,BHXB,0.072500,0.057500,0.015000,0,0
OH,43907,HARRISON COUNTY,BIMI,0.072500,0.057500,0.015000,0,0
OH,43908,JEFFERSON COUNTY,BIPJ,0.072500,0.057500,0.015000,0,0
OH,43909,BELMONT COUNTY,BHXB,0.072500,0.057500,0.015000,0,0
OH,43910,JEFFERSON COUNTY,BIPJ,0.072500,0.057500,0.015000,0,0
OH,43912,BELMONT COUNTY,BHXB,0.072500,0.057500,0.015000,0,0
OH,43913,JEFFERSON COUNTY,BIPJ,0.072500,0.057500,0.015000,0,0
OH,43914,MONROE COUNTY,BIXX,0.072500,0.057500,0.015000,0,0
OH,43915,MONROE COUNTY,BIXX,0.072500,0.057500,0.015000,0,0
OH,43916,BELMONT COUNTY,BHXB,0.072500,0.057500,0.015000,0,0
OH,43917,JEFFERSON COUNTY,BIPJ,0.072500,0.057500,0.015000,0,0
OH,43920,COLUMBIANA COUNTY,BIBU,0.072500,0.057500,0.015000,0,0
OH,43925,JEFFERSON COUNTY,BIPJ,0.072500,0.057500,0.015000,0,0
OH,43926,JEFFERSON COUNTY,BIPJ,0.072500,0.057500,0.015000,0,0
OH,43927,BELMONT COUNTY,BHXB,0.072500,0.057500,0.015000,0,0
OH,43928,BELMONT COUNTY,BHXB,0.072500,0.057500,0.015000,0,0
OH,43930,JEFFERSON COUNTY,BIPJ,0.072500,0.057500,0.015000,0,0
OH,43931,MONROE COUNTY,BIXX,0.072500,0.057500,0.015000,0,0
OH,43932,JEFFERSON COUNTY,BIPJ,0.072500,0.057500,0.015000,0,0
OH,43933,BELMONT COUNTY,BHXB,0.072500,0.057500,0.015000,0,0
OH,43934,BELMONT COUNTY,BHXB,0.072500,0.057500,0.015000,0,0
OH,43935,BELMONT COUNTY,BHXB,0.072500,0.057500,0.015000,0,0
OH,43937,BELMONT COUNTY,BHXB,0.072500,0.057500,0.015000,0,0
OH,43938,JEFFERSON COUNTY,BIPJ,0.072500,0.057500,0.015000,0,0
OH,43939,JEFFERSON COUNTY,BIPJ,0.072500,0.057500,0.015000,0,0
OH,43940,BELMONT COUNTY,BHXB,0.072500,0.057500,0.015000,0,0
OH,43941,JEFFERSON COUNTY,BIPJ,0.072500,0.057500,0.015000,0,0
OH,43942,BELMONT COUNTY,BHXB,0.072500,0.057500,0.015000,0,0
OH,43943,JEFFERSON COUNTY,BIPJ,0.072500,0.057500,0.015000,0,0
OH,43944,JEFFERSON COUNTY,BIPJ,0.072500,0.057500,0.015000,0,0
OH,43945,COLUMBIANA COUNTY,BIBU,0.072500,0.057500,0.015000,0,0
OH,43946,MONROE COUNTY,BIXX,0.072500,0.057500,0.015000,0,0
OH,43947,BELMONT COUNTY,BHXB,0.072500,0.057500,0.015000,0,0
OH,43948,JEFFERSON COUNTY,BIPJ,0.072500,0.057500,0.015000,0,0
OH,43950,BELMONT COUNTY,BHXB,0.072500,0.057500,0.015000,0,0
OH,43951,BELMONT COUNTY,BHXB,0.072500,0.057500,0.015000,0,0
OH,43952,JEFFERSON COUNTY,BIPJ,0.072500,0.057500,0.015000,0,0
OH,43953,JEFFERSON COUNTY,BIPJ,0.072500,0.057500,0.015000,0,0
OH,43961,JEFFERSON COUNTY,BIPJ,0.072500,0.057500,0.015000,0,0
OH,43962,COLUMBIANA COUNTY,BIBU,0.072500,0.057500,0.015000,0,0
OH,43963,JEFFERSON COUNTY,BIPJ,0.072500,0.057500,0.015000,0,0
OH,43964,JEFFERSON COUNTY,BIPJ,0.072500,0.057500,0.015000,0,0
OH,43967,BELMONT COUNTY,BHXB,0.072500,0.057500,0.015000,0,0
OH,43968,COLUMBIANA COUNTY,BIBU,0.072500,0.057500,0.015000,0,0
OH,43970,JEFFERSON COUNTY,BIPJ,0.072500,0.057500,0.015000,0,0
OH,43971,JEFFERSON COUNTY,BIPJ,0.072500,0.057500,0.015000,0,0
OH,43972,BELMONT COUNTY,BHXB,0.072500,0.057500,0.015000,0,0
OH,43973,HARRISON COUNTY,BIMI,0.072500,0.057500,0.015000,0,0
OH,43974,HARRISON COUNTY,BIMI,0.072500,0.057500,0.015000,0,0
OH,43976,HARRISON COUNTY,BIMI,0.072500,0.057500,0.015000,0,0
OH,43977,BELMONT COUNTY,BHXB,0.072500,0.057500,0.015000,0,0
OH,43981,HARRISON COUNTY,BIMI,0.072500,0.057500,0.015000,0,0
OH,43983,BELMONT COUNTY,BHXB,0.072500,0.057500,0.015000,0,0
OH,43984,HARRISON COUNTY,BIMI,0.072500,0.057500,0.015000,0,0
OH,43985,BELMONT COUNTY,BHXB,0.072500,0.057500,0.015000,0,0
OH,43986,HARRISON COUNTY,BIMI,0.072500,0.057500,0.015000,0,0
OH,43988,HARRISON COUNTY,BIMI,0.072500,0.057500,0.015000,0,0
OH,44001,LORAIN COUNTY,BITC,0.065000,0.057500,0.007500,0,0
OH,44003,ASHTABULA COUNTY,BHVD,0.067500,0.057500,0.010000,0,0
OH,44004,ASHTABULA COUNTY,BHVD,0.067500,0.057500,0.010000,0,0
OH,44005,ASHTABULA COUNTY,BHVD,0.067500,0.057500,0.010000,0,0
OH,44010,ASHTABULA COUNTY,BHVD,0.067500,0.057500,0.010000,0,0
OH,44011,LORAIN COUNTY,BITC,0.065000,0.057500,0.007500,0,0
OH,44012,LORAIN COUNTY,BITC,0.065000,0.057500,0.007500,0,0
OH,44017,CUYAHOGA COUNTY,BIDS,0.080000,0.057500,0.022500,0,0
OH,44021,GEAUGA COUNTY,BIJD,0.067500,0.057500,0.010000,0,0
OH,44022,CUYAHOGA COUNTY,BIDS,0.080000,0.057500,0.022500,0,0
OH,44023,GEAUGA COUNTY,BIJD,0.067500,0.057500,0.010000,0,0
OH,44024,GEAUGA COUNTY,BIJD,0.067500,0.057500,0.010000,0,0
OH,44026,GEAUGA COUNTY,BIJD,0.067500,0.057500,0.010000,0,0
OH,44028,LORAIN COUNTY,BITC,0.065000,0.057500,0.007500,0,0
OH,44030,ASHTABULA COUNTY,BHVD,0.067500,0.057500,0.010000,0,0
OH,44032,ASHTABULA COUNTY,BHVD,0.067500,0.057500,0.010000,0,0
OH,44033,GEAUGA COUNTY,BIJD,0.067500,0.057500,0.010000,0,0
OH,44035,LORAIN COUNTY,BITC,0.065000,0.057500,0.007500,0,0
OH,44036,LORAIN COUNTY,BITC,0.065000,0.057500,0.007500,0,0
OH,44039,LORAIN COUNTY,BITC,0.065000,0.057500,0.007500,0,0
OH,44040,CUYAHOGA COUNTY,BIDS,0.080000,0.057500,0.022500,0,0
OH,44041,ASHTABULA COUNTY,BHVD,0.067500,0.057500,0.010000,0,0
OH,44044,LORAIN COUNTY,BITC,0.065000,0.057500,0.007500,0,0
OH,44045,LAKE COUNTY,BIQV,0.070000,0.057500,0.012500,0,0
OH,44046,GEAUGA COUNTY,BIJD,0.067500,0.057500,0.010000,0,0
OH,44047,ASHTABULA COUNTY,BHVD,0.067500,0.057500,0.010000,0,0
OH,44048,ASHTABULA COUNTY,BHVD,0.067500,0.057500,0.010000,0,0
OH,44049,LORAIN COUNTY,BITC,0.065000,0.057500,0.007500,0,0
OH,44050,LORAIN COUNTY,BITC,0.065000,0.057500,0.007500,0,0
OH,44052,LORAIN COUNTY,BITC,0.065000,0.057500,0.007500,0,0
OH,44053,LORAIN COUNTY,BITC,0.065000,0.057500,0.007500,0,0
OH,44054,LORAIN COUNTY,BITC,0.065000,0.057500,0.007500,0,0
OH,44055,LORAIN COUNTY,BITC,0.065000,0.057500,0.007500,0,0
OH,44056,SUMMIT COUNTY,BJIY,0.067500,0.057500,0.010000,0,0
OH,44057,LAKE COUNTY,BIQV,0.070000,0.057500,0.012500,0,0
OH,44060,LAKE COUNTY,BIQV,0.070000,0.057500,0.012500,0,0
OH,44061,LAKE COUNTY,BIQV,0.070000,0.057500,0.012500,0,0
OH,44062,GEAUGA COUNTY,BIJD,0.067500,0.057500,0.010000,0,0
OH,44064,GEAUGA COUNTY,BIJD,0.067500,0.057500,0.010000,0,0
OH,44065,GEAUGA COUNTY,BIJD,0.067500,0.057500,0.010000,0,0
OH,44067,SUMMIT COUNTY,BJIY,0.067500,0.057500,0.010000,0,0
OH,44068,ASHTABULA COUNTY,BHVD,0.067500,0.057500,0.010000,0,0
OH,44070,CUYAHOGA COUNTY,BIDS,0.080000,0.057500,0.022500,0,0
OH,44072,GEAUGA COUNTY,BIJD,0.067500,0.057500,0.010000,0,0
OH,44073,GEAUGA COUNTY,BIJD,0.067500,0.057500,0.010000,0,0
OH,44074,LORAIN COUNTY,BITC,0.065000,0.057500,0.007500,0,0
OH,44076,ASHTABULA COUNTY,BHVD,0.067500,0.057500,0.010000,0,0
OH,44077,LAKE COUNTY,BIQV,0.070000,0.057500,0.012500,0,0
OH,44080,GEAUGA COUNTY,BIJD,0.067500,0.057500,0.010000,0,0
OH,44081,LAKE COUNTY,BIQV,0.070000,0.057500,0.012500,0,0
OH,44082,ASHTABULA COUNTY,BHVD,0.067500,0.057500,0.010000,0,0
OH,44084,ASHTABULA COUNTY,BHVD,0.067500,0.057500,0.010000,0,0
OH,44085,ASHTABULA COUNTY,BHVD,0.067500,0.057500,0.010000,0,0
OH,44086,GEAUGA COUNTY,BIJD,0.067500,0.057500,0.010000,0,0
OH,44087,SUMMIT COUNTY,BJIY,0.067500,0.057500,0.010000,0,0
OH,44088,ASHTABULA COUNTY,BHVD,0.067500,0.057500,0.010000,0,0
OH,44089,ERIE COUNTY,BIGJ,0.067500,0.057500,0.010000,0,0
OH,44090,LORAIN COUNTY,BITC,0.065000,0.057500,0.007500,0,0
OH,44092,LAKE COUNTY,BIQV,0.070000,0.057500,0.012500,0,0
OH,44093,ASHTABULA COUNTY,BHVD,0.067500,0.057500,0.010000,0,0
OH,44094,LAKE COUNTY,BIQV,0.070000,0.057500,0.012500,0,0
OH,44095,LAKE COUNTY,BIQV,0.070000,0.057500,0.012500,0,0
OH,44096,LAKE COUNTY,BIQV,0.070000,0.057500,0.012500,0,0
OH,44097,LAKE COUNTY,BIQV,0.070000,0.057500,0.012500,0,0
OH,44099,ASHTABULA COUNTY,BHVD,0.067500,0.057500,0.010000,0,0
OH,44101,CUYAHOGA COUNTY,BIDS,0.080000,0.057500,0.022500,0,0
OH,44102,CUYAHOGA COUNTY,BIDS,0.080000,0.057500,0.022500,0,0
OH,44103,CUYAHOGA COUNTY,BIDS,0.080000,0.057500,0.022500,0,0
OH,44104,CUYAHOGA COUNTY,BIDS,0.080000,0.057500,0.022500,0,0
OH,44105,CUYAHOGA COUNTY,BIDS,0.080000,0.057500,0.022500,0,0
OH,44106,CUYAHOGA COUNTY,BIDS,0.080000,0.057500,0.022500,0,0
OH,44107,CUYAHOGA COUNTY,BIDS,0.080000,0.057500,0.022500,0,0
OH,44108,CUYAHOGA COUNTY,BIDS,0.080000,0.057500,0.022500,0,0
OH,44109,CUYAHOGA COUNTY,BIDS,0.080000,0.057500,0.022500,0,0
OH,44110,CUYAHOGA COUNTY,BIDS,0.080000,0.057500,0.022500,0,0
OH,44111,CUYAHOGA COUNTY,BIDS,0.080000,0.057500,0.022500,0,0
OH,44112,CUYAHOGA COUNTY,BIDS,0.080000,0.057500,0.022500,0,0
OH,44113,CUYAHOGA COUNTY,BIDS,0.080000,0.057500,0.022500,0,0
OH,44114,CUYAHOGA COUNTY,BIDS,0.080000,0.057500,0.022500,0,0
OH,44115,CUYAHOGA COUNTY,BIDS,0.080000,0.057500,0.022500,0,0
OH,44116,CUYAHOGA COUNTY,BIDS,0.080000,0.057500,0.022500,0,0
OH,44117,CUYAHOGA COUNTY,BIDS,0.080000,0.057500,0.022500,0,0
OH,44118,CUYAHOGA COUNTY,BIDS,0.080000,0.057500,0.022500,0,0
OH,44119,CUYAHOGA COUNTY,BIDS,0.080000,0.057500,0.022500,0,0
OH,44120,CUYAHOGA COUNTY,BIDS,0.080000,0.057500,0.022500,0,0
OH,44121,CUYAHOGA COUNTY,BIDS,0.080000,0.057500,0.022500,0,0
OH,44122,CUYAHOGA COUNTY,BIDS,0.080000,0.057500,0.022500,0,0
OH,44123,CUYAHOGA COUNTY,BIDS,0.080000,0.057500,0.022500,0,0
OH,44124,CUYAHOGA COUNTY,BIDS,0.080000,0.057500,0.022500,0,0
OH,44125,CUYAHOGA COUNTY,BIDS,0.080000,0.057500,0.022500,0,0
OH,44126,CUYAHOGA COUNTY,BIDS,0.080000,0.057500,0.022500,0,0
OH,44127,CUYAHOGA COUNTY,BIDS,0.080000,0.057500,0.022500,0,0
OH,44128,CUYAHOGA COUNTY,BIDS,0.080000,0.057500,0.022500,0,0
OH,44129,CUYAHOGA COUNTY,BIDS,0.080000,0.057500,0.022500,0,0
OH,44130,CUYAHOGA COUNTY,BIDS,0.080000,0.057500,0.022500,0,0
OH,44131,CUYAHOGA COUNTY,BIDS,0.080000,0.057500,0.022500,0,0
OH,44132,CUYAHOGA COUNTY,BIDS,0.080000,0.057500,0.022500,0,0
OH,44133,CUYAHOGA COUNTY,BIDS,0.080000,0.057500,0.022500,0,0
OH,44134,CUYAHOGA COUNTY,BIDS,0.080000,0.057500,0.022500,0,0
OH,44135,CUYAHOGA COUNTY,BIDS,0.080000,0.057500,0.022500,0,0
OH,44136,CUYAHOGA COUNTY,BIDS,0.080000,0.057500,0.022500,0,0
OH,44137,CUYAHOGA COUNTY,BIDS,0.080000,0.057500,0.022500,0,0
OH,44138,CUYAHOGA COUNTY,BIDS,0.080000,0.057500,0.022500,0,0
OH,44139,CUYAHOGA COUNTY,BIDS,0.080000,0.057500,0.022500,0,0
OH,44140,CUYAHOGA COUNTY,BIDS,0.080000,0.057500,0.022500,0,0
OH,44141,CUYAHOGA COUNTY,BIDS,0.080000,0.057500,0.022500,0,0
OH,44142,CUYAHOGA COUNTY,BIDS,0.080000,0.057500,0.022500,0,0
OH,44143,CUYAHOGA COUNTY,BIDS,0.080000,0.057500,0.022500,0,0
OH,44144,CUYAHOGA COUNTY,BIDS,0.080000,0.057500,0.022500,0,0
OH,44145,CUYAHOGA COUNTY,BIDS,0.080000,0.057500,0.022500,0,0
OH,44146,CUYAHOGA COUNTY,BIDS,0.080000,0.057500,0.022500,0,0
OH,44147,CUYAHOGA COUNTY,BIDS,0.080000,0.057500,0.022500,0,0
OH,44149,CUYAHOGA COUNTY,BIDS,0.080000,0.057500,0.022500,0,0
OH,44181,CUYAHOGA COUNTY,BIDS,0.080000,0.057500,0.022500,0,0
OH,44188,CUYAHOGA COUNTY,BIDS,0.080000,0.057500,0.022500,0,0
OH,44190,CUYAHOGA COUNTY,BIDS,0.080000,0.057500,0.022500,0,0
OH,44191,CUYAHOGA COUNTY,BIDS,0.080000,0.057500,0.022500,0,0
OH,44192,CUYAHOGA COUNTY,BIDS,0.080000,0.057500,0.022500,0,0
OH,44193,CUYAHOGA COUNTY,BIDS,0.080000,0.057500,0.022500,0,0
OH,44194,CUYAHOGA COUNTY,BIDS,0.080000,0.057500,0.022500,0,0
OH,44195,CUYAHOGA COUNTY,BIDS,0.080000,0.057500,0.022500,0,0
OH,44197,CUYAHOGA COUNTY,BIDS,0.080000,0.057500,0.022500,0,0
OH,44198,CUYAHOGA COUNTY,BIDS,0.080000,0.057500,0.022500,0,0
OH,44199,CUYAHOGA COUNTY,BIDS,0.080000,0.057500,0.022500,0,0
OH,44201,PORTAGE COUNTY,BJDC,0.070000,0.057500,0.012500,0,0
OH,44202,PORTAGE COUNTY,BJDC,0.070000,0.057500,0.012500,0,0
OH,44203,SUMMIT COUNTY,BJIY,0.067500,0.057500,0.010000,0,0
OH,44210,SUMMIT COUNTY,BJIY,0.067500,0.057500,0.010000,0,0
OH,44211,PORTAGE COUNTY,BJDC,0.070000,0.057500,0.012500,0,0
OH,44212,MEDINA COUNTY,BIVV,0.067500,0.057500,0.010000,0,0
OH,44214,WAYNE COUNTY,BJOD,0.065000,0.057500,0.007500,0,0
OH,44215,MEDINA COUNTY,BIVV,0.067500,0.057500,0.010000,0,0
OH,44216,SUMMIT COUNTY,BJIY,0.067500,0.057500,0.010000,0,0
OH,44217,WAYNE COUNTY,BJOD,0.065000,0.057500,0.007500,0,0
OH,44221,SUMMIT COUNTY,BJIY,0.067500,0.057500,0.010000,0,0
OH,44222,SUMMIT COUNTY,BJIY,0.067500,0.057500,0.010000,0,0
OH,44223,SUMMIT COUNTY,BJIY,0.067500,0.057500,0.010000,0,0
OH,44224,SUMMIT COUNTY,BJIY,0.067500,0.057500,0.010000,0,0
OH,44230,WAYNE COUNTY,BJOD,0.065000,0.057500,0.007500,0,0
OH,44231,PORTAGE COUNTY,BJDC,0.070000,0.057500,0.012500,0,0
OH,44232,SUMMIT COUNTY,BJIY,0.067500,0.057500,0.010000,0,0
OH,44233,MEDINA COUNTY,BIVV,0.067500,0.057500,0.010000,0,0
OH,44234,PORTAGE COUNTY,BJDC,0.070000,0.057500,0.012500,0,0
OH,44235,MEDINA COUNTY,BIVV,0.067500,0.057500,0.010000,0,0
OH,44236,SUMMIT COUNTY,BJIY,0.067500,0.057500,0.010000,0,0
OH,44237,SUMMIT COUNTY,BJIY,0.067500,0.057500,0.010000,0,0
OH,44240,PORTAGE COUNTY,BJDC,0.070000,0.057500,0.012500,0,0
OH,44241,PORTAGE COUNTY,BJDC,0.070000,0.057500,0.012500,0,0
OH,44242,PORTAGE COUNTY,BJDC,0.070000,0.057500,0.012500,0,0
OH,44243,PORTAGE COUNTY,BJDC,0.070000,0.057500,0.012500,0,0
OH,44250,SUMMIT COUNTY,BJIY,0.067500,0.057500,0.010000,0,0
OH,44251,MEDINA COUNTY,BIVV,0.067500,0.057500,0.010000,0,0
OH,44253,MEDINA COUNTY,BIVV,0.067500,0.057500,0.010000,0,0
OH,44254,MEDINA COUNTY,BIVV,0.067500,0.057500,0.010000,0,0
OH,44255,PORTAGE COUNTY,BJDC,0.070000,0.057500,0.012500,0,0
OH,44256,MEDINA COUNTY,BIVV,0.067500,0.057500,0.010000,0,0
OH,44258,MEDINA COUNTY,BIVV,0.067500,0.057500,0.010000,0,0
OH,44260,PORTAGE COUNTY,BJDC,0.070000,0.057500,0.012500,0,0
OH,44262,SUMMIT COUNTY,BJIY,0.067500,0.057500,0.010000,0,0
OH,44264,SUMMIT COUNTY,BJIY,0.067500,0.057500,0.010000,0,0
OH,44265,PORTAGE COUNTY,BJDC,0.070000,0.057500,0.012500,0,0
OH,44266,PORTAGE COUNTY,BJDC,0.070000,0.057500,0.012500,0,0
OH,44270,WAYNE COUNTY,BJOD,0.065000,0.057500,0.007500,0,0
OH,44272,PORTAGE COUNTY,BJDC,0.070000,0.057500,0.012500,0,0
OH,44273,MEDINA COUNTY,BIVV,0.067500,0.057500,0.010000,0,0
OH,44274,MEDINA COUNTY,BIVV,0.067500,0.057500,0.010000,0,0
OH,44275,MEDINA COUNTY,BIVV,0.067500,0.057500,0.010000,0,0
OH,44276,WAYNE COUNTY,BJOD,0.065000,0.057500,0.007500,0,0
OH,44278,SUMMIT COUNTY,BJIY,0.067500,0.057500,0.010000,0,0
OH,44280,MEDINA COUNTY,BIVV,0.067500,0.057500,0.010000,0,0
OH,44281,MEDINA COUNTY,BIVV,0.067500,0.057500,0.010000,0,0
OH,44282,MEDINA COUNTY,BIVV,0.067500,0.057500,0.010000,0,0
OH,44285,PORTAGE COUNTY,BJDC,0.070000,0.057500,0.012500,0,0
OH,44286,SUMMIT COUNTY,BJIY,0.067500,0.057500,0.010000,0,0
OH,44287,WAYNE COUNTY,BJOD,0.065000,0.057500,0.007500,0,0
OH,44288,PORTAGE COUNTY,BJDC,0.070000,0.057500,0.012500,0,0
OH,44301,SUMMIT COUNTY,BJIY,0.067500,0.057500,0.010000,0,0
OH,44302,SUMMIT COUNTY,BJIY,0.067500,0.057500,0.010000,0,0
OH,44303,SUMMIT COUNTY,BJIY,0.067500,0.057500,0.010000,0,0
OH,44304,SUMMIT COUNTY,BJIY,0.067500,0.057500,0.010000,0,0
OH,44305,SUMMIT COUNTY,BJIY,0.067500,0.057500,0.010000,0,0
OH,44306,SUMMIT COUNTY,BJIY,0.067500,0.057500,0.010000,0,0
OH,44307,SUMMIT COUNTY,BJIY,0.067500,0.057500,0.010000,0,0
OH,44308,SUMMIT COUNTY,BJIY,0.067500,0.057500,0.010000,0,0
OH,44309,SUMMIT COUNTY,BJIY,0.067500,0.057500,0.010000,0,0
OH,44310,SUMMIT COUNTY,BJIY,0.067500,0.057500,0.010000,0,0
OH,44311,SUMMIT COUNTY,BJIY,0.067500,0.057500,0.010000,0,0
OH,44312,SUMMIT COUNTY,BJIY,0.067500,0.057500,0.010000,0,0
OH,44313,SUMMIT COUNTY,BJIY,0.067500,0.057500,0.010000,0,0
OH,44314,SUMMIT COUNTY,BJIY,0.067500,0.057500,0.010000,0,0
OH,44315,SUMMIT COUNTY,BJIY,0.067500,0.057500,0.010000,0,0
OH,44316,SUMMIT COUNTY,BJIY,0.067500,0.057500,0.010000,0,0
OH,44317,SUMMIT COUNTY,BJIY,0.067500,0.057500,0.010000,0,0
OH,44319,SUMMIT COUNTY,BJIY,0.067500,0.057500,0.010000,0,0
OH,44320,SUMMIT COUNTY,BJIY,0.067500,0.057500,0.010000,0,0
OH,44321,SUMMIT COUNTY,BJIY,0.067500,0.057500,0.010000,0,0
OH,44325,SUMMIT COUNTY,BJIY,0.067500,0.057500,0.010000,0,0
OH,44326,SUMMIT COUNTY,BJIY,0.067500,0.057500,0.010000,0,0
OH,44328,SUMMIT COUNTY,BJIY,0.067500,0.057500,0.010000,0,0
OH,44333,SUMMIT COUNTY,BJIY,0.067500,0.057500,0.010000,0,0
OH,44334,SUMMIT COUNTY,BJIY,0.067500,0.057500,0.010000,0,0
OH,44372,SUMMIT COUNTY,BJIY,0.067500,0.057500,0.010000,0,0
OH,44396,SUMMIT COUNTY,BJIY,0.067500,0.057500,0.010000,0,0
OH,44398,SUMMIT COUNTY,BJIY,0.067500,0.057500,0.010000,0,0
OH,44401,MAHONING COUNTY,BIUO,0.070000,0.057500,0.012500,0,0
OH,44402,TRUMBULL COUNTY,BJJS,0.067500,0.057500,0.010000,0,0
OH,44403,TRUMBULL COUNTY,BJJS,0.067500,0.057500,0.010000,0,0
OH,44404,TRUMBULL COUNTY,BJJS,0.067500,0.057500,0.010000,0,0
OH,44405,MAHONING COUNTY,BIUO,0.070000,0.057500,0.012500,0,0
OH,44406,MAHONING COUNTY,BIUO,0.070000,0.057500,0.012500,0,0
OH,44408,COLUMBIANA COUNTY,BIBU,0.072500,0.057500,0.015000,0,0
OH,44410,TRUMBULL COUNTY,BJJS,0.067500,0.057500,0.010000,0,0
OH,44411,PORTAGE COUNTY,BJDC,0.070000,0.057500,0.012500,0,0
OH,44412,PORTAGE COUNTY,BJDC,0.070000,0.057500,0.012500,0,0
OH,44413,COLUMBIANA COUNTY,BIBU,0.072500,0.057500,0.015000,0,0
OH,44415,COLUMBIANA COUNTY,BIBU,0.072500,0.057500,0.015000,0,0
OH,44416,MAHONING COUNTY,BIUO,0.070000,0.057500,0.012500,0,0
OH,44417,TRUMBULL COUNTY,BJJS,0.067500,0.057500,0.010000,0,0
OH,44418,TRUMBULL COUNTY,BJJS,0.067500,0.057500,0.010000,0,0
OH,44420,TRUMBULL COUNTY,BJJS,0.067500,0.057500,0.010000,0,0
OH,44422,MAHONING COUNTY,BIUO,0.070000,0.057500,0.012500,0,0
OH,44423,COLUMBIANA COUNTY,BIBU,0.072500,0.057500,0.015000,0,0
OH,44424,TRUMBULL COUNTY,BJJS,0.067500,0.057500,0.010000,0,0
OH,44425,TRUMBULL COUNTY,BJJS,0.067500,0.057500,0.010000,0,0
OH,44427,COLUMBIANA COUNTY,BIBU,0.072500,0.057500,0.015000,0,0
OH,44428,TRUMBULL COUNTY,BJJS,0.067500,0.057500,0.010000,0,0
OH,44429,MAHONING COUNTY,BIUO,0.070000,0.057500,0.012500,0,0
OH,44430,TRUMBULL COUNTY,BJJS,0.067500,0.057500,0.010000,0,0
OH,44431,COLUMBIANA COUNTY,BIBU,0.072500,0.057500,0.015000,0,0
OH,44432,COLUMBIANA COUNTY,BIBU,0.072500,0.057500,0.015000,0,0
OH,44436,MAHONING COUNTY,BIUO,0.070000,0.057500,0.012500,0,0
OH,44437,TRUMBULL COUNTY,BJJS,0.067500,0.057500,0.010000,0,0
OH,44438,TRUMBULL COUNTY,BJJS,0.067500,0.057500,0.010000,0,0
OH,44439,TRUMBULL COUNTY,BJJS,0.067500,0.057500,0.010000,0,0
OH,44440,TRUMBULL COUNTY,BJJS,0.067500,0.057500,0.010000,0,0
OH,44441,COLUMBIANA COUNTY,BIBU,0.072500,0.057500,0.015000,0,0
OH,44442,MAHONING COUNTY,BIUO,0.070000,0.057500,0.012500,0,0
OH,44443,MAHONING COUNTY,BIUO,0.070000,0.057500,0.012500,0,0
OH,44444,TRUMBULL COUNTY,BJJS,0.067500,0.057500,0.010000,0,0
OH,44445,COLUMBIANA COUNTY,BIBU,0.072500,0.057500,0.015000,0,0
OH,44446,TRUMBULL COUNTY,BJJS,0.067500,0.057500,0.010000,0,0
OH,44449,PORTAGE COUNTY,BJDC,0.070000,0.057500,0.012500,0,0
OH,44450,TRUMBULL COUNTY,BJJS,0.067500,0.057500,0.010000,0,0
OH,44451,MAHONING COUNTY,BIUO,0.070000,0.057500,0.012500,0,0
OH,44452,MAHONING COUNTY,BIUO,0.070000,0.057500,0.012500,0,0
OH,44453,TRUMBULL COUNTY,BJJS,0.067500,0.057500,0.010000,0,0
OH,44454,MAHONING COUNTY,BIUO,0.070000,0.057500,0.012500,0,0
OH,44455,COLUMBIANA COUNTY,BIBU,0.072500,0.057500,0.015000,0,0
OH,44460,COLUMBIANA COUNTY,BIBU,0.072500,0.057500,0.015000,0,0
OH,44470,TRUMBULL COUNTY,BJJS,0.067500,0.057500,0.010000,0,0
OH,44471,MAHONING COUNTY,BIUO,0.070000,0.057500,0.012500,0,0
OH,44473,TRUMBULL COUNTY,BJJS,0.067500,0.057500,0.010000,0,0
OH,44481,TRUMBULL COUNTY,BJJS,0.067500,0.057500,0.010000,0,0
OH,44482,TRUMBULL COUNTY,BJJS,0.067500,0.057500,0.010000,0,0
OH,44483,TRUMBULL COUNTY,BJJS,0.067500,0.057500,0.010000,0,0
OH,44484,TRUMBULL COUNTY,BJJS,0.067500,0.057500,0.010000,0,0
OH,44485,TRUMBULL COUNTY,BJJS,0.067500,0.057500,0.010000,0,0
OH,44486,TRUMBULL COUNTY,BJJS,0.067500,0.057500,0.010000,0,0
OH,44488,TRUMBULL COUNTY,BJJS,0.067500,0.057500,0.010000,0,0
OH,44490,COLUMBIANA COUNTY,BIBU,0.072500,0.057500,0.015000,0,0
OH,44491,TRUMBULL COUNTY,BJJS,0.067500,0.057500,0.010000,0,0
OH,44492,COLUMBIANA COUNTY,BIBU,0.072500,0.057500,0.015000,0,0
OH,44493,COLUMBIANA COUNTY,BIBU,0.072500,0.057500,0.015000,0,0
OH,44501,MAHONING COUNTY,BIUO,0.070000,0.057500,0.012500,0,0
OH,44502,MAHONING COUNTY,BIUO,0.070000,0.057500,0.012500,0,0
OH,44503,MAHONING COUNTY,BIUO,0.070000,0.057500,0.012500,0,0
OH,44504,MAHONING COUNTY,BIUO,0.070000,0.057500,0.012500,0,0
OH,44505,MAHONING COUNTY,BIUO,0.070000,0.057500,0.012500,0,0
OH,44506,MAHONING COUNTY,BIUO,0.070000,0.057500,0.012500,0,0
OH,44507,MAHONING COUNTY,BIUO,0.070000,0.057500,0.012500,0,0
OH,44509,MAHONING COUNTY,BIUO,0.070000,0.057500,0.012500,0,0
OH,44510,MAHONING COUNTY,BIUO,0.070000,0.057500,0.012500,0,0
OH,44511,MAHONING COUNTY,BIUO,0.070000,0.057500,0.012500,0,0
OH,44512,MAHONING COUNTY,BIUO,0.070000,0.057500,0.012500,0,0
OH,44513,MAHONING COUNTY,BIUO,0.070000,0.057500,0.012500,0,0
OH,44514,MAHONING COUNTY,BIUO,0.070000,0.057500,0.012500,0,0
OH,44515,MAHONING COUNTY,BIUO,0.070000,0.057500,0.012500,0,0
OH,44555,MAHONING COUNTY,BIUO,0.070000,0.057500,0.012500,0,0
OH,44601,STARK COUNTY,BJHY,0.065000,0.057500,0.007500,0,0
OH,44606,WAYNE COUNTY,BJOD,0.065000,0.057500,0.007500,0,0
OH,44607,CARROLL COUNTY,BHZI,0.067500,0.057500,0.010000,0,0
OH,44608,STARK COUNTY,BJHY,0.065000,0.057500,0.007500,0,0
OH,44609,MAHONING COUNTY,BIUO,0.070000,0.057500,0.012500,0,0
OH,44610,HOLMES COUNTY,BIOD,0.067500,0.057500,0.010000,0,0
OH,44611,HOLMES COUNTY,BIOD,0.067500,0.057500,0.010000,0,0
OH,44612,TUSCARAWAS COUNTY,BJKR,0.067500,0.057500,0.010000,0,0
OH,44613,STARK COUNTY,BJHY,0.065000,0.057500,0.007500,0,0
OH,44614,STARK COUNTY,BJHY,0.065000,0.057500,0.007500,0,0
OH,44615,CARROLL COUNTY,BHZI,0.067500,0.057500,0.010000,0,0
OH,44617,HOLMES COUNTY,BIOD,0.067500,0.057500,0.010000,0,0
OH,44618,WAYNE COUNTY,BJOD,0.065000,0.057500,0.007500,0,0
OH,44619,MAHONING COUNTY,BIUO,0.070000,0.057500,0.012500,0,0
OH,44620,CARROLL COUNTY,BHZI,0.067500,0.057500,0.010000,0,0
OH,44621,TUSCARAWAS COUNTY,BJKR,0.067500,0.057500,0.010000,0,0
OH,44622,TUSCARAWAS COUNTY,BJKR,0.067500,0.057500,0.010000,0,0
OH,44624,TUSCARAWAS COUNTY,BJKR,0.067500,0.057500,0.010000,0,0
OH,44625,COLUMBIANA COUNTY,BIBU,0.072500,0.057500,0.015000,0,0
OH,44626,STARK COUNTY,BJHY,0.065000,0.057500,0.007500,0,0
OH,44627,WAYNE COUNTY,BJOD,0.065000,0.057500,0.007500,0,0
OH,44628,HOLMES COUNTY,BIOD,0.067500,0.057500,0.010000,0,0
OH,44629,TUSCARAWAS COUNTY,BJKR,0.067500,0.057500,0.010000,0,0
OH,44630,STARK COUNTY,BJHY,0.065000,0.057500,0.007500,0,0
OH,44632,STARK COUNTY,BJHY,0.065000,0.057500,0.007500,0,0
OH,44633,HOLMES COUNTY,BIOD,0.067500,0.057500,0.010000,0,0
OH,44634,COLUMBIANA COUNTY,BIBU,0.072500,0.057500,0.015000,0,0
OH,44636,WAYNE COUNTY,BJOD,0.065000,0.057500,0.007500,0,0
OH,44637,HOLMES COUNTY,BIOD,0.067500,0.057500,0.010000,0,0
OH,44638,HOLMES COUNTY,BIOD,0.067500,0.057500,0.010000,0,0
OH,44639,CARROLL COUNTY,BHZI,0.067500,0.057500,0.010000,0,0
OH,44640,STARK COUNTY,BJHY,0.065000,0.057500,0.007500,0,0
OH,44641,STARK COUNTY,BJHY,0.065000,0.057500,0.007500,0,0
OH,44643,STARK COUNTY,BJHY,0.065000,0.057500,0.007500,0,0
OH,44644,CARROLL COUNTY,BHZI,0.067500,0.057500,0.010000,0,0
OH,44645,WAYNE COUNTY,BJOD,0.065000,0.057500,0.007500,0,0
OH,44646,STARK COUNTY,BJHY,0.065000,0.057500,0.007500,0,0
OH,44647,STARK COUNTY,BJHY,0.065000,0.057500,0.007500,0,0
OH,44648,STARK COUNTY,BJHY,0.065000,0.057500,0.007500,0,0
OH,44650,STARK COUNTY,BJHY,0.065000,0.057500,0.007500,0,0
OH,44651,CARROLL COUNTY,BHZI,0.067500,0.057500,0.010000,0,0
OH,44652,STARK COUNTY,BJHY,0.065000,0.057500,0.007500,0,0
OH,44653,TUSCARAWAS COUNTY,BJKR,0.067500,0.057500,0.010000,0,0
OH,44654,HOLMES COUNTY,BIOD,0.067500,0.057500,0.010000,0,0
OH,44656,TUSCARAWAS COUNTY,BJKR,0.067500,0.057500,0.010000,0,0
OH,44657,STARK COUNTY,BJHY,0.065000,0.057500,0.007500,0,0
OH,44659,WAYNE COUNTY,BJOD,0.065000,0.057500,0.007500,0,0
OH,44660,HOLMES COUNTY,BIOD,0.067500,0.057500,0.010000,0,0
OH,44661,HOLMES COUNTY,BIOD,0.067500,0.057500,0.010000,0,0
OH,44662,STARK COUNTY,BJHY,0.065000,0.057500,0.007500,0,0
OH,44663,TUSCARAWAS COUNTY,BJKR,0.067500,0.057500,0.010000,0,0
OH,44665,COLUMBIANA COUNTY,BIBU,0.072500,0.057500,0.015000,0,0
OH,44666,STARK COUNTY,BJHY,0.065000,0.057500,0.007500,0,0
OH,44667,WAYNE COUNTY,BJOD,0.065000,0.057500,0.007500,0,0
OH,44669,STARK COUNTY,BJHY,0.065000,0.057500,0.007500,0,0
OH,44670,STARK COUNTY,BJHY,0.065000,0.057500,0.007500,0,0
OH,44671,TUSCARAWAS COUNTY,BJKR,0.067500,0.057500,0.010000,0,0
OH,44672,MAHONING COUNTY,BIUO,0.070000,0.057500,0.012500,0,0
OH,44675,CARROLL COUNTY,BHZI,0.067500,0.057500,0.010000,0,0
OH,44676,WAYNE COUNTY,BJOD,0.065000,0.057500,0.007500,0,0
OH,44677,WAYNE COUNTY,BJOD,0.065000,0.057500,0.007500,0,0
OH,44678,TUSCARAWAS COUNTY,BJKR,0.067500,0.057500,0.010000,0,0
OH,44679,TUSCARAWAS COUNTY,BJKR,0.067500,0.057500,0.010000,0,0
OH,44680,TUSCARAWAS COUNTY,BJKR,0.067500,0.057500,0.010000,0,0
OH,44681,TUSCARAWAS COUNTY,BJKR,0.067500,0.057500,0.010000,0,0
OH,44682,TUSCARAWAS COUNTY,BJKR,0.067500,0.057500,0.010000,0,0
OH,44683,TUSCARAWAS COUNTY,BJKR,0.067500,0.057500,0.010000,0,0
OH,44685,STARK COUNTY,BJHY,0.065000,0.057500,0.007500,0,0
OH,44687,HOLMES COUNTY,BIOD,0.067500,0.057500,0.010000,0,0
OH,44688,STARK COUNTY,BJHY,0.065000,0.057500,0.007500,0,0
OH,44689,STARK COUNTY,BJHY,0.065000,0.057500,0.007500,0,0
OH,44690,HOLMES COUNTY,BIOD,0.067500,0.057500,0.010000,0,0
OH,44691,WAYNE COUNTY,BJOD,0.065000,0.057500,0.007500,0,0
OH,44693,HARRISON COUNTY,BIMI,0.072500,0.057500,0.015000,0,0
OH,44695,HARRISON COUNTY,BIMI,0.072500,0.057500,0.015000,0,0
OH,44697,TUSCARAWAS COUNTY,BJKR,0.067500,0.057500,0.010000,0,0
OH,44699,HARRISON COUNTY,BIMI,0.072500,0.057500,0.015000,0,0
OH,44701,STARK COUNTY,BJHY,0.065000,0.057500,0.007500,0,0
OH,44702,STARK COUNTY,BJHY,0.065000,0.057500,0.007500,0,0
OH,44703,STARK COUNTY,BJHY,0.065000,0.057500,0.007500,0,0
OH,44704,STARK COUNTY,BJHY,0.065000,0.057500,0.007500,0,0
OH,44705,STARK COUNTY,BJHY,0.065000,0.057500,0.007500,0,0
OH,44706,STARK COUNTY,BJHY,0.065000,0.057500,0.007500,0,0
OH,44707,STARK COUNTY,BJHY,0.065000,0.057500,0.007500,0,0
OH,44708,STARK COUNTY,BJHY,0.065000,0.057500,0.007500,0,0
OH,44709,STARK COUNTY,BJHY,0.065000,0.057500,0.007500,0,0
OH,44710,STARK COUNTY,BJHY,0.065000,0.057500,0.007500,0,0
OH,44711,STARK COUNTY,BJHY,0.065000,0.057500,0.007500,0,0
OH,44714,STARK COUNTY,BJHY,0.065000,0.057500,0.007500,0,0
OH,44718,STARK COUNTY,BJHY,0.065000,0.057500,0.007500,0,0
OH,44720,STARK COUNTY,BJHY,0.065000,0.057500,0.007500,0,0
OH,44721,STARK COUNTY,BJHY,0.065000,0.057500,0.007500,0,0
OH,44730,STARK COUNTY,BJHY,0.065000,0.057500,0.007500,0,0
OH,44735,STARK COUNTY,BJHY,0.065000,0.057500,0.007500,0,0
OH,44750,STARK COUNTY,BJHY,0.065000,0.057500,0.007500,0,0
OH,44767,STARK COUNTY,BJHY,0.065000,0.057500,0.007500,0,0
OH,44799,STARK COUNTY,BJHY,0.065000,0.057500,0.007500,0,0
OH,44802,SENECA COUNTY,BJGT,0.072500,0.057500,0.015000,0,0
OH,44804,HANCOCK COUNTY,BILI,0.067500,0.057500,0.010000,0,0
OH,44805,ASHLAND COUNTY,BHUR,0.070000,0.057500,0.012500,0,0
OH,44807,SENECA COUNTY,BJGT,0.072500,0.057500,0.015000,0,0
OH,44809,SENECA COUNTY,BJGT,0.072500,0.057500,0.015000,0,0
OH,44811,SANDUSKY COUNTY,BJFS,0.072500,0.057500,0.015000,0,0
OH,44813,RICHLAND COUNTY,BJEV,0.070000,0.057500,0.012500,0,0
OH,44814,ERIE COUNTY,BIGJ,0.067500,0.057500,0.010000,0,0
OH,44815,SENECA COUNTY,BJGT,0.072500,0.057500,0.015000,0,0
OH,44816,HURON COUNTY,BIOR,0.072500,0.057500,0.015000,0,0
OH,44817,WOOD COUNTY,BJPG,0.067500,0.057500,0.010000,0,0
OH,44818,SENECA COUNTY,BJGT,0.072500,0.057500,0.015000,0,0
OH,44820,CRAWFORD COUNTY,BIDH,0.072500,0.057500,0.015000,0,0
OH,44822,RICHLAND COUNTY,BJEV,0.070000,0.057500,0.012500,0,0
OH,44824,ERIE COUNTY,BIGJ,0.067500,0.057500,0.010000,0,0
OH,44825,CRAWFORD COUNTY,BIDH,0.072500,0.057500,0.015000,0,0
OH,44826,HURON COUNTY,BIOR,0.072500,0.057500,0.015000,0,0
OH,44827,CRAWFORD COUNTY,BIDH,0.072500,0.057500,0.015000,0,0
OH,44828,SENECA COUNTY,BJGT,0.072500,0.057500,0.015000,0,0
OH,44830,SENECA COUNTY,BJGT,0.072500,0.057500,0.015000,0,0
OH,44833,CRAWFORD COUNTY,BIDH,0.072500,0.057500,0.015000,0,0
OH,44836,SENECA COUNTY,BJGT,0.072500,0.057500,0.015000,0,0
OH,44837,HURON COUNTY,BIOR,0.072500,0.057500,0.015000,0,0
OH,44838,ASHLAND COUNTY,BHUR,0.070000,0.057500,0.012500,0,0
OH,44839,ERIE COUNTY,BIGJ,0.067500,0.057500,0.010000,0,0
OH,44840,ASHLAND COUNTY,BHUR,0.070000,0.057500,0.012500,0,0
OH,44841,SENECA COUNTY,BJGT,0.072500,0.057500,0.015000,0,0
OH,44842,ASHLAND COUNTY,BHUR,0.070000,0.057500,0.012500,0,0
OH,44843,RICHLAND COUNTY,BJEV,0.070000,0.057500,0.012500,0,0
OH,44844,WYANDOT COUNTY,BJQK,0.072500,0.057500,0.015000,0,0
OH,44845,SENECA COUNTY,BJGT,0.072500,0.057500,0.015000,0,0
OH,44846,ERIE COUNTY,BIGJ,0.067500,0.057500,0.010000,0,0
OH,44847,HURON COUNTY,BIOR,0.072500,0.057500,0.015000,0,0
OH,44848,ASHLAND COUNTY,BHUR,0.070000,0.057500,0.012500,0,0
OH,44849,WYANDOT COUNTY,BJQK,0.072500,0.057500,0.015000,0,0
OH,44850,HURON COUNTY,BIOR,0.072500,0.057500,0.015000,0,0
OH,44851,HURON COUNTY,BIOR,0.072500,0.057500,0.015000,0,0
OH,44853,SENECA COUNTY,BJGT,0.072500,0.057500,0.015000,0,0
OH,44854,CRAWFORD COUNTY,BIDH,0.072500,0.057500,0.015000,0,0
OH,44855,HURON COUNTY,BIOR,0.072500,0.057500,0.015000,0,0
OH,44856,CRAWFORD COUNTY,BIDH,0.072500,0.057500,0.015000,0,0
OH,44857,HURON COUNTY,BIOR,0.072500,0.057500,0.015000,0,0
OH,44859,ASHLAND COUNTY,BHUR,0.070000,0.057500,0.012500,0,0
OH,44860,CRAWFORD COUNTY,BIDH,0.072500,0.057500,0.015000,0,0
OH,44861,SENECA COUNTY,BJGT,0.072500,0.057500,0.015000,0,0
OH,44862,RICHLAND COUNTY,BJEV,0.070000,0.057500,0.012500,0,0
OH,44864,ASHLAND COUNTY,BHUR,0.070000,0.057500,0.012500,0,0
OH,44865,RICHLAND COUNTY,BJEV,0.070000,0.057500,0.012500,0,0
OH,44866,ASHLAND COUNTY,BHUR,0.070000,0.057500,0.012500,0,0
OH,44867,SENECA COUNTY,BJGT,0.072500,0.057500,0.015000,0,0
OH,44870,ERIE COUNTY,BIGJ,0.067500,0.057500,0.010000,0,0
OH,44871,ERIE COUNTY,BIGJ,0.067500,0.057500,0.010000,0,0
OH,44874,ASHLAND COUNTY,BHUR,0.070000,0.057500,0.012500,0,0
OH,44875,RICHLAND COUNTY,BJEV,0.070000,0.057500,0.012500,0,0
OH,44878,RICHLAND COUNTY,BJEV,0.070000,0.057500,0.012500,0,0
OH,44880,ASHLAND COUNTY,BHUR,0.070000,0.057500,0.012500,0,0
OH,44881,CRAWFORD COUNTY,BIDH,0.072500,0.057500,0.015000,0,0
OH,44882,WYANDOT COUNTY,BJQK,0.072500,0.057500,0.015000,0,0
OH,44883,SENECA COUNTY,BJGT,0.072500,0.057500,0.015000,0,0
OH,44887,CRAWFORD COUNTY,BIDH,0.072500,0.057500,0.015000,0,0
OH,44888,HURON COUNTY,BIOR,0.072500,0.057500,0.015000,0,0
OH,44889,HURON COUNTY,BIOR,0.072500,0.057500,0.015000,0,0
OH,44890,HURON COUNTY,BIOR,0.072500,0.057500,0.015000,0,0
OH,44901,RICHLAND COUNTY,BJEV,0.070000,0.057500,0.012500,0,0
OH,44902,RICHLAND COUNTY,BJEV,0.070000,0.057500,0.012500,0,0
OH,44903,RICHLAND COUNTY,BJEV,0.070000,0.057500,0.012500,0,0
OH,44904,RICHLAND COUNTY,BJEV,0.070000,0.057500,0.012500,0,0
OH,44905,RICHLAND COUNTY,BJEV,0.070000,0.057500,0.012500,0,0
OH,44906,RICHLAND COUNTY,BJEV,0.070000,0.057500,0.012500,0,0
OH,44907,RICHLAND COUNTY,BJEV,0.070000,0.057500,0.012500,0,0
OH,45001,HAMILTON COUNTY,BIKS,0.067500,0.057500,0.010000,0,0
OH,45002,HAMILTON COUNTY,BIKS,0.067500,0.057500,0.010000,0,0
OH,45003,PREBLE COUNTY,BJDV,0.072500,0.057500,0.015000,0,0
OH,45004,BUTLER COUNTY,BHYS,0.065000,0.057500,0.007500,0,0
OH,45005,WARREN COUNTY,BJMR,0.067500,0.057500,0.010000,0,0
OH,45011,BUTLER COUNTY,BHYS,0.065000,0.057500,0.007500,0,0
OH,45012,BUTLER COUNTY,BHYS,0.065000,0.057500,0.007500,0,0
OH,45013,BUTLER COUNTY,BHYS,0.065000,0.057500,0.007500,0,0
OH,45014,BUTLER COUNTY,BHYS,0.065000,0.057500,0.007500,0,0
OH,45015,BUTLER COUNTY,BHYS,0.065000,0.057500,0.007500,0,0
OH,45018,BUTLER COUNTY,BHYS,0.065000,0.057500,0.007500,0,0
OH,45030,HAMILTON COUNTY,BIKS,0.067500,0.057500,0.010000,0,0
OH,45032,WARREN COUNTY,BJMR,0.067500,0.057500,0.010000,0,0
OH,45033,HAMILTON COUNTY,BIKS,0.067500,0.057500,0.010000,0,0
OH,45034,WARREN COUNTY,BJMR,0.067500,0.057500,0.010000,0,0
OH,45036,WARREN COUNTY,BJMR,0.067500,0.057500,0.010000,0,0
OH,45039,WARREN COUNTY,BJMR,0.067500,0.057500,0.010000,0,0
OH,45040,WARREN COUNTY,BJMR,0.067500,0.057500,0.010000,0,0
OH,45041,HAMILTON COUNTY,BIKS,0.067500,0.057500,0.010000,0,0
OH,45042,BUTLER COUNTY,BHYS,0.065000,0.057500,0.007500,0,0
OH,45044,BUTLER COUNTY,BHYS,0.065000,0.057500,0.007500,0,0
OH,45050,BUTLER COUNTY,BHYS,0.065000,0.057500,0.007500,0,0
OH,45051,HAMILTON COUNTY,BIKS,0.067500,0.057500,0.010000,0,0
OH,45052,HAMILTON COUNTY,BIKS,0.067500,0.057500,0.010000,0,0
OH,45053,BUTLER COUNTY,BHYS,0.065000,0.057500,0.007500,0,0
OH,45054,WARREN COUNTY,BJMR,0.067500,0.057500,0.010000,0,0
OH,45055,BUTLER COUNTY,BHYS,0.065000,0.057500,0.007500,0,0
OH,45056,BUTLER COUNTY,BHYS,0.065000,0.057500,0.007500,0,0
OH,45061,BUTLER COUNTY,BHYS,0.065000,0.057500,0.007500,0,0
OH,45062,BUTLER COUNTY,BHYS,0.065000,0.057500,0.007500,0,0
OH,45063,BUTLER COUNTY,BHYS,0.065000,0.057500,0.007500,0,0
OH,45064,PREBLE COUNTY,BJDV,0.072500,0.057500,0.015000,0,0
OH,45065,WARREN COUNTY,BJMR,0.067500,0.057500,0.010000,0,0
OH,45066,WARREN COUNTY,BJMR,0.067500,0.057500,0.010000,0,0
OH,45067,BUTLER COUNTY,BHYS,0.065000,0.057500,0.007500,0,0
OH,45068,WARREN COUNTY,BJMR,0.067500,0.057500,0.010000,0,0
OH,45069,BUTLER COUNTY,BHYS,0.065000,0.057500,0.007500,0,0
OH,45070,PREBLE COUNTY,BJDV,0.072500,0.057500,0.015000,0,0
OH,45071,BUTLER COUNTY,BHYS,0.065000,0.057500,0.007500,0,0
OH,45101,BROWN COUNTY,BHYF,0.072500,0.057500,0.015000,0,0
OH,45102,CLERMONT COUNTY,BIAP,0.067500,0.057500,0.010000,0,0
OH,45103,CLERMONT COUNTY,BIAP,0.067500,0.057500,0.010000,0,0
OH,45105,ADAMS COUNTY,BHTV,0.072500,0.057500,0.015000,0,0
OH,45106,CLERMONT COUNTY,BIAP,0.067500,0.057500,0.010000,0,0
OH,45107,CLINTON COUNTY,BIBI,0.072500,0.057500,0.015000,0,0
OH,45111,HAMILTON COUNTY,BIKS,0.067500,0.057500,0.010000,0,0
OH,45112,CLERMONT COUNTY,BIAP,0.067500,0.057500,0.010000,0,0
OH,45113,CLINTON COUNTY,BIBI,0.072500,0.057500,0.015000,0,0
OH,45114,CLINTON COUNTY,BIBI,0.072500,0.057500,0.015000,0,0
OH,45115,BROWN COUNTY,BHYF,0.072500,0.057500,0.015000,0,0
OH,45118,BROWN COUNTY,BHYF,0.072500,0.057500,0.015000,0,0
OH,45119,BROWN COUNTY,BHYF,0.072500,0.057500,0.015000,0,0
OH,45120,CLERMONT COUNTY,BIAP,0.067500,0.057500,0.010000,0,0
OH,45121,BROWN COUNTY,BHYF,0.072500,0.057500,0.015000,0,0
OH,45122,CLERMONT COUNTY,BIAP,0.067500,0.057500,0.010000,0,0
OH,45123,HIGHLAND COUNTY,BINK,0.072500,0.057500,0.015000,0,0
OH,45130,BROWN COUNTY,BHYF,0.072500,0.057500,0.015000,0,0
OH,45131,BROWN COUNTY,BHYF,0.072500,0.057500,0.015000,0,0
OH,45132,HIGHLAND COUNTY,BINK,0.072500,0.057500,0.015000,0,0
OH,45133,HIGHLAND COUNTY,BINK,0.072500,0.057500,0.015000,0,0
OH,45135,HIGHLAND COUNTY,BINK,0.072500,0.057500,0.015000,0,0
OH,45138,CLINTON COUNTY,BIBI,0.072500,0.057500,0.015000,0,0
OH,45140,CLERMONT COUNTY,BIAP,0.067500,0.057500,0.010000,0,0
OH,45142,HIGHLAND COUNTY,BINK,0.072500,0.057500,0.015000,0,0
OH,45144,ADAMS COUNTY,BHTV,0.072500,0.057500,0.015000,0,0
OH,45146,CLINTON COUNTY,BIBI,0.072500,0.057500,0.015000,0,0
OH,45147,CLERMONT COUNTY,BIAP,0.067500,0.057500,0.010000,0,0
OH,45148,CLINTON COUNTY,BIBI,0.072500,0.057500,0.015000,0,0
OH,45150,CLERMONT COUNTY,BIAP,0.067500,0.057500,0.010000,0,0
OH,45152,WARREN COUNTY,BJMR,0.067500,0.057500,0.010000,0,0
OH,45153,CLERMONT COUNTY,BIAP,0.067500,0.057500,0.010000,0,0
OH,45154,BROWN COUNTY,BHYF,0.072500,0.057500,0.015000,0,0
OH,45155,HIGHLAND COUNTY,BINK,0.072500,0.057500,0.015000,0,0
OH,45156,CLERMONT COUNTY,BIAP,0.067500,0.057500,0.010000,0,0
OH,45157,CLERMONT COUNTY,BIAP,0.067500,0.057500,0.010000,0,0
OH,45158,CLERMONT COUNTY,BIAP,0.067500,0.057500,0.010000,0,0
OH,45159,CLINTON COUNTY,BIBI,0.072500,0.057500,0.015000,0,0
OH,45160,CLERMONT COUNTY,BIAP,0.067500,0.057500,0.010000,0,0
OH,45162,WARREN COUNTY,BJMR,0.067500,0.057500,0.010000,0,0
OH,45164,CLINTON COUNTY,BIBI,0.072500,0.057500,0.015000,0,0
OH,45166,CLINTON COUNTY,BIBI,0.072500,0.057500,0.015000,0,0
OH,45167,BROWN COUNTY,BHYF,0.072500,0.057500,0.015000,0,0
OH,45168,BROWN COUNTY,BHYF,0.072500,0.057500,0.015000,0,0
OH,45169,CLINTON COUNTY,BIBI,0.072500,0.057500,0.015000,0,0
OH,45171,BROWN COUNTY,BHYF,0.072500,0.057500,0.015000,0,0
OH,45172,HIGHLAND COUNTY,BINK,0.072500,0.057500,0.015000,0,0
OH,45174,HAMILTON COUNTY,BIKS,0.067500,0.057500,0.010000,0,0
OH,45176,CLERMONT COUNTY,BIAP,0.067500,0.057500,0.010000,0,0
OH,45177,CLINTON COUNTY,BIBI,0.072500,0.057500,0.015000,0,0
OH,45201,HAMILTON COUNTY,BIKS,0.067500,0.057500,0.010000,0,0
OH,45202,HAMILTON COUNTY,BIKS,0.067500,0.057500,0.010000,0,0
OH,45203,HAMILTON COUNTY,BIKS,0.067500,0.057500,0.010000,0,0
OH,45204,HAMILTON COUNTY,BIKS,0.067500,0.057500,0.010000,0,0
OH,45205,HAMILTON COUNTY,BIKS,0.067500,0.057500,0.010000,0,0
OH,45206,HAMILTON COUNTY,BIKS,0.067500,0.057500,0.010000,0,0
OH,45207,HAMILTON COUNTY,BIKS,0.067500,0.057500,0.010000,0,0
OH,45208,HAMILTON COUNTY,BIKS,0.067500,0.057500,0.010000,0,0
OH,45209,HAMILTON COUNTY,BIKS,0.067500,0.057500,0.010000,0,0
OH,45211,HAMILTON COUNTY,BIKS,0.067500,0.057500,0.010000,0,0
OH,45212,HAMILTON COUNTY,BIKS,0.067500,0.057500,0.010000,0,0
OH,45213,HAMILTON COUNTY,BIKS,0.067500,0.057500,0.010000,0,0
OH,45214,HAMILTON COUNTY,BIKS,0.067500,0.057500,0.010000,0,0
OH,45215,HAMILTON COUNTY,BIKS,0.067500,0.057500,0.010000,0,0
OH,45216,HAMILTON COUNTY,BIKS,0.067500,0.057500,0.010000,0,0
OH,45217,HAMILTON COUNTY,BIKS,0.067500,0.057500,0.010000,0,0
OH,45218,HAMILTON COUNTY,BIKS,0.067500,0.057500,0.010000,0,0
OH,45219,HAMILTON COUNTY,BIKS,0.067500,0.057500,0.010000,0,0
OH,45220,HAMILTON COUNTY,BIKS,0.067500,0.057500,0.010000,0,0
OH,45221,HAMILTON COUNTY,BIKS,0.067500,0.057500,0.010000,0,0
OH,45222,HAMILTON COUNTY,BIKS,0.067500,0.057500,0.010000,0,0
OH,45223,HAMILTON COUNTY,BIKS,0.067500,0.057500,0.010000,0,0
OH,45224,HAMILTON COUNTY,BIKS,0.067500,0.057500,0.010000,0,0
OH,45225,HAMILTON COUNTY,BIKS,0.067500,0.057500,0.010000,0,0
OH,45226,HAMILTON COUNTY,BIKS,0.067500,0.057500,0.010000,0,0
OH,45227,HAMILTON COUNTY,BIKS,0.067500,0.057500,0.010000,0,0
OH,45229,HAMILTON COUNTY,BIKS,0.067500,0.057500,0.010000,0,0
OH,45230,HAMILTON COUNTY,BIKS,0.067500,0.057500,0.010000,0,0
OH,45231,HAMILTON COUNTY,BIKS,0.067500,0.057500,0.010000,0,0
OH,45232,HAMILTON COUNTY,BIKS,0.067500,0.057500,0.010000,0,0
OH,45233,HAMILTON COUNTY,BIKS,0.067500,0.057500,0.010000,0,0
OH,45234,HAMILTON COUNTY,BIKS,0.067500,0.057500,0.010000,0,0
OH,45235,HAMILTON COUNTY,BIKS,0.067500,0.057500,0.010000,0,0
OH,45236,HAMILTON COUNTY,BIKS,0.067500,0.057500,0.010000,0,0
OH,45237,HAMILTON COUNTY,BIKS,0.067500,0.057500,0.010000,0,0
OH,45238,HAMILTON COUNTY,BIKS,0.067500,0.057500,0.010000,0,0
OH,45239,HAMILTON COUNTY,BIKS,0.067500,0.057500,0.010000,0,0
OH,45240,HAMILTON COUNTY,BIKS,0.067500,0.057500,0.010000,0,0
OH,45241,HAMILTON COUNTY,BIKS,0.067500,0.057500,0.010000,0,0
OH,45242,HAMILTON COUNTY,BIKS,0.067500,0.057500,0.010000,0,0
OH,45243,HAMILTON COUNTY,BIKS,0.067500,0.057500,0.010000,0,0
OH,45244,CLERMONT COUNTY,BIAP,0.067500,0.057500,0.010000,0,0
OH,45245,CLERMONT COUNTY,BIAP,0.067500,0.057500,0.010000,0,0
OH,45246,HAMILTON COUNTY,BIKS,0.067500,0.057500,0.010000,0,0
OH,45247,HAMILTON COUNTY,BIKS,0.067500,0.057500,0.010000,0,0
OH,45248,HAMILTON COUNTY,BIKS,0.067500,0.057500,0.010000,0,0
OH,45249,HAMILTON COUNTY,BIKS,0.067500,0.057500,0.010000,0,0
OH,45250,HAMILTON COUNTY,BIKS,0.067500,0.057500,0.010000,0,0
OH,45251,HAMILTON COUNTY,BIKS,0.067500,0.057500,0.010000,0,0
OH,45252,HAMILTON COUNTY,BIKS,0.067500,0.057500,0.010000,0,0
OH,45253,HAMILTON COUNTY,BIKS,0.067500,0.057500,0.010000,0,0
OH,45254,HAMILTON COUNTY,BIKS,0.067500,0.057500,0.010000,0,0
OH,45255,HAMILTON COUNTY,BIKS,0.067500,0.057500,0.010000,0,0
OH,45258,HAMILTON COUNTY,BIKS,0.067500,0.057500,0.010000,0,0
OH,45262,HAMILTON COUNTY,BIKS,0.067500,0.057500,0.010000,0,0
OH,45263,HAMILTON COUNTY,BIKS,0.067500,0.057500,0.010000,0,0
OH,45264,HAMILTON COUNTY,BIKS,0.067500,0.057500,0.010000,0,0
OH,45267,HAMILTON COUNTY,BIKS,0.067500,0.057500,0.010000,0,0
OH,45268,HAMILTON COUNTY,BIKS,0.067500,0.057500,0.010000,0,0
OH,45269,HAMILTON COUNTY,BIKS,0.067500,0.057500,0.010000,0,0
OH,45270,HAMILTON COUNTY,BIKS,0.067500,0.057500,0.010000,0,0
OH,45271,HAMILTON COUNTY,BIKS,0.067500,0.057500,0.010000,0,0
OH,45274,HAMILTON COUNTY,BIKS,0.067500,0.057500,0.010000,0,0
OH,45277,HAMILTON COUNTY,BIKS,0.067500,0.057500,0.010000,0,0
OH,45280,HAMILTON COUNTY,BIKS,0.067500,0.057500,0.010000,0,0
OH,45296,HAMILTON COUNTY,BIKS,0.067500,0.057500,0.010000,0,0
OH,45298,HAMILTON COUNTY,BIKS,0.067500,0.057500,0.010000,0,0
OH,45299,HAMILTON COUNTY,BIKS,0.067500,0.057500,0.010000,0,0
OH,45301,GREENE COUNTY,BIJQ,0.067500,0.057500,0.010000,0,0
OH,45302,SHELBY COUNTY,BJHL,0.072500,0.057500,0.015000,0,0
OH,45303,DARKE COUNTY,BIER,0.072500,0.057500,0.015000,0,0
OH,45304,DARKE COUNTY,BIER,0.072500,0.057500,0.015000,0,0
OH,45305,GREENE COUNTY,BIJQ,0.067500,0.057500,0.010000,0,0
OH,45306,SHELBY COUNTY,BJHL,0.072500,0.057500,0.015000,0,0
OH,45307,GREENE COUNTY,BIJQ,0.067500,0.057500,0.010000,0,0
OH,45308,DARKE COUNTY,BIER,0.072500,0.057500,0.015000,0,0
OH,45309,MONTGOMERY COUNTY,BIYM,0.072500,0.057500,0.015000,0,0
OH,45310,MERCER COUNTY,BIWX,0.072500,0.057500,0.015000,0,0
OH,45311,PREBLE COUNTY,BJDV,0.072500,0.057500,0.015000,0,0
OH,45312,MIAMI COUNTY,BIXI,0.070000,0.057500,0.012500,0,0
OH,45314,GREENE COUNTY,BIJQ,0.067500,0.057500,0.010000,0,0
OH,45315,MONTGOMERY COUNTY,BIYM,0.072500,0.057500,0.015000,0,0
OH,45316,GREENE COUNTY,BIJQ,0.067500,0.057500,0.010000,0,0
OH,45317,CHAMPAIGN COUNTY,BHZR,0.072500,0.057500,0.015000,0,0
OH,45318,MIAMI COUNTY,BIXI,0.070000,0.057500,0.012500,0,0
OH,45319,CLARK COUNTY,BIAC,0.072500,0.057500,0.015000,0,0
OH,45320,PREBLE COUNTY,BJDV,0.072500,0.057500,0.015000,0,0
OH,45321,PREBLE COUNTY,BJDV,0.072500,0.057500,0.015000,0,0
OH,45322,MONTGOMERY COUNTY,BIYM,0.072500,0.057500,0.015000,0,0
OH,45323,CLARK COUNTY,BIAC,0.072500,0.057500,0.015000,0,0
OH,45324,GREENE COUNTY,BIJQ,0.067500,0.057500,0.010000,0,0
OH,45325,MONTGOMERY COUNTY,BIYM,0.072500,0.057500,0.015000,0,0
OH,45326,MIAMI COUNTY,BIXI,0.070000,0.057500,0.012500,0,0
OH,45327,MONTGOMERY COUNTY,BIYM,0.072500,0.057500,0.015000,0,0
OH,45328,DARKE COUNTY,BIER,0.072500,0.057500,0.015000,0,0
OH,45330,PREBLE COUNTY,BJDV,0.072500,0.057500,0.015000,0,0
OH,45331,DARKE COUNTY,BIER,0.072500,0.057500,0.015000,0,0
OH,45332,DARKE COUNTY,BIER,0.072500,0.057500,0.015000,0,0
OH,45333,SHELBY COUNTY,BJHL,0.072500,0.057500,0.015000,0,0
OH,45334,SHELBY COUNTY,BJHL,0.072500,0.057500,0.015000,0,0
OH,45335,GREENE COUNTY,BIJQ,0.067500,0.057500,0.010000,0,0
OH,45336,SHELBY COUNTY,BJHL,0.072500,0.057500,0.015000,0,0
OH,45337,MIAMI COUNTY,BIXI,0.070000,0.057500,0.012500,0,0
OH,45338,PREBLE COUNTY,BJDV,0.072500,0.057500,0.015000,0,0
OH,45339,MIAMI COUNTY,BIXI,0.070000,0.057500,0.012500,0,0
OH,45340,SHELBY COUNTY,BJHL,0.072500,0.057500,0.015000,0,0
OH,45341,CLARK COUNTY,BIAC,0.072500,0.057500,0.015000,0,0
OH,45342,MONTGOMERY COUNTY,BIYM,0.072500,0.057500,0.015000,0,0
OH,45343,MONTGOMERY COUNTY,BIYM,0.072500,0.057500,0.015000,0,0
OH,45344,CLARK COUNTY,BIAC,0.072500,0.057500,0.015000,0,0
OH,45345,MONTGOMERY COUNTY,BIYM,0.072500,0.057500,0.015000,0,0
OH,45346,DARKE COUNTY,BIER,0.072500,0.057500,0.015000,0,0
OH,45347,PREBLE COUNTY,BJDV,0.072500,0.057500,0.015000,0,0
OH,45348,DARKE COUNTY,BIER,0.072500,0.057500,0.015000,0,0
OH,45349,CLARK COUNTY,BIAC,0.072500,0.057500,0.015000,0,0
OH,45350,DARKE COUNTY,BIER,0.072500,0.057500,0.015000,0,0
OH,45351,DARKE COUNTY,BIER,0.072500,0.057500,0.015000,0,0
OH,45352,DARKE COUNTY,BIER,0.072500,0.057500,0.015000,0,0
OH,45353,SHELBY COUNTY,BJHL,0.072500,0.057500,0.015000,0,0
OH,45354,MONTGOMERY COUNTY,BIYM,0.072500,0.057500,0.015000,0,0
OH,45356,MIAMI COUNTY,BIXI,0.070000,0.057500,0.012500,0,0
OH,45358,DARKE COUNTY,BIER,0.072500,0.057500,0.015000,0,0
OH,45359,MIAMI COUNTY,BIXI,0.070000,0.057500,0.012500,0,0
OH,45360,SHELBY COUNTY,BJHL,0.072500,0.057500,0.015000,0,0
OH,45361,MIAMI COUNTY,BIXI,0.070000,0.057500,0.012500,0,0
OH,45362,DARKE COUNTY,BIER,0.072500,0.057500,0.015000,0,0
OH,45363,SHELBY COUNTY,BJHL,0.072500,0.057500,0.015000,0,0
OH,45365,SHELBY COUNTY,BJHL,0.072500,0.057500,0.015000,0,0
OH,45367,SHELBY COUNTY,BJHL,0.072500,0.057500,0.015000,0,0
OH,45368,CLARK COUNTY,BIAC,0.072500,0.057500,0.015000,0,0
OH,45369,CLARK COUNTY,BIAC,0.072500,0.057500,0.015000,0,0
OH,45370,GREENE COUNTY,BIJQ,0.067500,0.057500,0.010000,0,0
OH,45371,MIAMI COUNTY,BIXI,0.070000,0.057500,0.012500,0,0
OH,45372,CLARK COUNTY,BIAC,0.072500,0.057500,0.015000,0,0
OH,45373,MIAMI COUNTY,BIXI,0.070000,0.057500,0.012500,0,0
OH,45374,MIAMI COUNTY,BIXI,0.070000,0.057500,0.012500,0,0
OH,45377,MONTGOMERY COUNTY,BIYM,0.072500,0.057500,0.015000,0,0
OH,45378,PREBLE COUNTY,BJDV,0.072500,0.057500,0.015000,0,0
OH,45380,DARKE COUNTY,BIER,0.072500,0.057500,0.015000,0,0
OH,45381,PREBLE COUNTY,BJDV,0.072500,0.057500,0.015000,0,0
OH,45382,PREBLE COUNTY,BJDV,0.072500,0.057500,0.015000,0,0
OH,45383,MIAMI COUNTY,BIXI,0.070000,0.057500,0.012500,0,0
OH,45384,GREENE COUNTY,BIJQ,0.067500,0.057500,0.010000,0,0
OH,45385,GREENE COUNTY,BIJQ,0.067500,0.057500,0.010000,0,0
OH,45387,GREENE COUNTY,BIJQ,0.067500,0.057500,0.010000,0,0
OH,45388,DARKE COUNTY,BIER,0.072500,0.057500,0.015000,0,0
OH,45389,CHAMPAIGN COUNTY,BHZR,0.072500,0.057500,0.015000,0,0
OH,45390,DARKE COUNTY,BIER,0.072500,0.057500,0.015000,0,0
OH,45401,MONTGOMERY COUNTY,BIYM,0.072500,0.057500,0.015000,0,0
OH,45402,MONTGOMERY COUNTY,BIYM,0.072500,0.057500,0.015000,0,0
OH,45403,MONTGOMERY COUNTY,BIYM,0.072500,0.057500,0.015000,0,0
OH,45404,MONTGOMERY COUNTY,BIYM,0.072500,0.057500,0.015000,0,0
OH,45405,MONTGOMERY COUNTY,BIYM,0.072500,0.057500,0.015000,0,0
OH,45406,MONTGOMERY COUNTY,BIYM,0.072500,0.057500,0.015000,0,0
OH,45409,MONTGOMERY COUNTY,BIYM,0.072500,0.057500,0.015000,0,0
OH,45410,MONTGOMERY COUNTY,BIYM,0.072500,0.057500,0.015000,0,0
OH,45412,MONTGOMERY COUNTY,BIYM,0.072500,0.057500,0.015000,0,0
OH,45413,MONTGOMERY COUNTY,BIYM,0.072500,0.057500,0.015000,0,0
OH,45414,MONTGOMERY COUNTY,BIYM,0.072500,0.057500,0.015000,0,0
OH,45415,MONTGOMERY COUNTY,BIYM,0.072500,0.057500,0.015000,0,0
OH,45416,MONTGOMERY COUNTY,BIYM,0.072500,0.057500,0.015000,0,0
OH,45417,MONTGOMERY COUNTY,BIYM,0.072500,0.057500,0.015000,0,0
OH,45419,MONTGOMERY COUNTY,BIYM,0.072500,0.057500,0.015000,0,0
OH,45420,MONTGOMERY COUNTY,BIYM,0.072500,0.057500,0.015000,0,0
OH,45422,MONTGOMERY COUNTY,BIYM,0.072500,0.057500,0.015000,0,0
OH,45423,MONTGOMERY COUNTY,BIYM,0.072500,0.057500,0.015000,0,0
OH,45424,MONTGOMERY COUNTY,BIYM,0.072500,0.057500,0.015000,0,0
OH,45426,MONTGOMERY COUNTY,BIYM,0.072500,0.057500,0.015000,0,0
OH,45428,MONTGOMERY COUNTY,BIYM,0.072500,0.057500,0.015000,0,0
OH,45429,MONTGOMERY COUNTY,BIYM,0.072500,0.057500,0.015000,0,0
OH,45430,GREENE COUNTY,BIJQ,0.067500,0.057500,0.010000,0,0
OH,45431,GREENE COUNTY,BIJQ,0.067500,0.057500,0.010000,0,0
OH,45432,GREENE COUNTY,BIJQ,0.067500,0.057500,0.010000,0,0
OH,45433,GREENE COUNTY,BIJQ,0.067500,0.057500,0.010000,0,0
OH,45434,GREENE COUNTY,BIJQ,0.067500,0.057500,0.010000,0,0
OH,45435,GREENE COUNTY,BIJQ,0.067500,0.057500,0.010000,0,0
OH,45437,MONTGOMERY COUNTY,BIYM,0.072500,0.057500,0.015000,0,0
OH,45439,MONTGOMERY COUNTY,BIYM,0.072500,0.057500,0.015000,0,0
OH,45440,MONTGOMERY COUNTY,BIYM,0.072500,0.057500,0.015000,0,0
OH,45441,MONTGOMERY COUNTY,BIYM,0.072500,0.057500,0.015000,0,0
OH,45448,MONTGOMERY COUNTY,BIYM,0.072500,0.057500,0.015000,0,0
OH,45449,MONTGOMERY COUNTY,BIYM,0.072500,0.057500,0.015000,0,0
OH,45458,MONTGOMERY COUNTY,BIYM,0.072500,0.057500,0.015000,0,0
OH,45459,MONTGOMERY COUNTY,BIYM,0.072500,0.057500,0.015000,0,0
OH,45469,MONTGOMERY COUNTY,BIYM,0.072500,0.057500,0.015000,0,0
OH,45470,MONTGOMERY COUNTY,BIYM,0.072500,0.057500,0.015000,0,0
OH,45475,MONTGOMERY COUNTY,BIYM,0.072500,0.057500,0.015000,0,0
OH,45479,MONTGOMERY COUNTY,BIYM,0.072500,0.057500,0.015000,0,0
OH,45481,MONTGOMERY COUNTY,BIYM,0.072500,0.057500,0.015000,0,0
OH,45482,MONTGOMERY COUNTY,BIYM,0.072500,0.057500,0.015000,0,0
OH,45490,MONTGOMERY COUNTY,BIYM,0.072500,0.057500,0.015000,0,0
OH,45501,CLARK COUNTY,BIAC,0.072500,0.057500,0.015000,0,0
OH,45502,CLARK COUNTY,BIAC,0.072500,0.057500,0.015000,0,0
OH,45503,CLARK COUNTY,BIAC,0.072500,0.057500,0.015000,0,0
OH,45504,CLARK COUNTY,BIAC,0.072500,0.057500,0.015000,0,0
OH,45505,CLARK COUNTY,BIAC,0.072500,0.057500,0.015000,0,0
OH,45506,CLARK COUNTY,BIAC,0.072500,0.057500,0.015000,0,0
OH,45601,ROSS COUNTY,BJFF,0.072500,0.057500,0.015000,0,0
OH,45612,ROSS COUNTY,BJFF,0.072500,0.057500,0.015000,0,0
OH,45613,PIKE COUNTY,BJCT,0.072500,0.057500,0.015000,0,0
OH,45614,GALLIA COUNTY,BIIT,0.070000,0.057500,0.012500,0,0
OH,45616,ADAMS COUNTY,BHTV,0.072500,0.057500,0.015000,0,0
OH,45617,ROSS COUNTY,BJFF,0.072500,0.057500,0.015000,0,0
OH,45618,ADAMS COUNTY,BHTV,0.072500,0.057500,0.015000,0,0
OH,45619,LAWRENCE COUNTY,BIRH,0.072500,0.057500,0.015000,0,0
OH,45620,GALLIA COUNTY,BIIT,0.070000,0.057500,0.012500,0,0
OH,45621,JACKSON COUNTY,BIPE,0.072500,0.057500,0.015000,0,0
OH,45622,VINTON COUNTY,BJMJ,0.072500,0.057500,0.015000,0,0
OH,45623,GALLIA COUNTY,BIIT,0.070000,0.057500,0.012500,0,0
OH,45624,ROSS COUNTY,BJFF,0.072500,0.057500,0.015000,0,0
OH,45628,ROSS COUNTY,BJFF,0.072500,0.057500,0.015000,0,0
OH,45629,SCIOTO COUNTY,BJGE,0.072500,0.057500,0.015000,0,0
OH,45630,SCIOTO COUNTY,BJGE,0.072500,0.057500,0.015000,0,0
OH,45631,GALLIA COUNTY,BIIT,0.070000,0.057500,0.012500,0,0
OH,45633,ROSS COUNTY,BJFF,0.072500,0.057500,0.015000,0,0
OH,45634,VINTON COUNTY,BJMJ,0.072500,0.057500,0.015000,0,0
OH,45636,SCIOTO COUNTY,BJGE,0.072500,0.057500,0.015000,0,0
OH,45638,LAWRENCE COUNTY,BIRH,0.072500,0.057500,0.015000,0,0
OH,45640,JACKSON COUNTY,BIPE,0.072500,0.057500,0.015000,0,0
OH,45642,PIKE COUNTY,BJCT,0.072500,0.057500,0.015000,0,0
OH,45643,GALLIA COUNTY,BIIT,0.070000,0.057500,0.012500,0,0
OH,45644,ROSS COUNTY,BJFF,0.072500,0.057500,0.015000,0,0
OH,45645,LAWRENCE COUNTY,BIRH,0.072500,0.057500,0.015000,0,0
OH,45646,PIKE COUNTY,BJCT,0.072500,0.057500,0.015000,0,0
OH,45647,VINTON COUNTY,BJMJ,0.072500,0.057500,0.015000,0,0
OH,45648,SCIOTO COUNTY,BJGE,0.072500,0.057500,0.015000,0,0
OH,45650,ADAMS COUNTY,BHTV,0.072500,0.057500,0.015000,0,0
OH,45651,VINTON COUNTY,BJMJ,0.072500,0.057500,0.015000,0,0
OH,45652,SCIOTO COUNTY,BJGE,0.072500,0.057500,0.015000,0,0
OH,45653,SCIOTO COUNTY,BJGE,0.072500,0.057500,0.015000,0,0
OH,45654,VINTON COUNTY,BJMJ,0.072500,0.057500,0.015000,0,0
OH,45656,JACKSON COUNTY,BIPE,0.072500,0.057500,0.015000,0,0
OH,45657,SCIOTO COUNTY,BJGE,0.072500,0.057500,0.015000,0,0
OH,45658,GALLIA COUNTY,BIIT,0.070000,0.057500,0.012500,0,0
OH,45659,LAWRENCE COUNTY,BIRH,0.072500,0.057500,0.015000,0,0
OH,45660,ADAMS COUNTY,BHTV,0.072500,0.057500,0.015000,0,0
OH,45661,PIKE COUNTY,BJCT,0.072500,0.057500,0.015000,0,0
OH,45662,SCIOTO COUNTY,BJGE,0.072500,0.057500,0.015000,0,0
OH,45663,SCIOTO COUNTY,BJGE,0.072500,0.057500,0.015000,0,0
OH,45669,LAWRENCE COUNTY,BIRH,0.072500,0.057500,0.015000,0,0
OH,45671,SCIOTO COUNTY,BJGE,0.072500,0.057500,0.015000,0,0
OH,45672,VINTON COUNTY,BJMJ,0.072500,0.057500,0.015000,0,0
OH,45673,ROSS COUNTY,BJFF,0.072500,0.057500,0.015000,0,0
OH,45674,GALLIA COUNTY,BIIT,0.070000,0.057500,0.012500,0,0
OH,45675,LAWRENCE COUNTY,BIRH,0.072500,0.057500,0.015000,0,0
OH,45677,SCIOTO COUNTY,BJGE,0.072500,0.057500,0.015000,0,0
OH,45678,LAWRENCE COUNTY,BIRH,0.072500,0.057500,0.015000,0,0
OH,45679,ADAMS COUNTY,BHTV,0.072500,0.057500,0.015000,0,0
OH,45680,LAWRENCE COUNTY,BIRH,0.072500,0.057500,0.015000,0,0
OH,45681,ROSS COUNTY,BJFF,0.072500,0.057500,0.015000,0,0
OH,45682,SCIOTO COUNTY,BJGE,0.072500,0.057500,0.015000,0,0
OH,45683,PIKE COUNTY,BJCT,0.072500,0.057500,0.015000,0,0
OH,45684,SCIOTO COUNTY,BJGE,0.072500,0.057500,0.015000,0,0
OH,45685,GALLIA COUNTY,BIIT,0.070000,0.057500,0.012500,0,0
OH,45686,GALLIA COUNTY,BIIT,0.070000,0.057500,0.012500,0,0
OH,45687,PIKE COUNTY,BJCT,0.072500,0.057500,0.015000,0,0
OH,45688,LAWRENCE COUNTY,BIRH,0.072500,0.057500,0.015000,0,0
OH,45690,PIKE COUNTY,BJCT,0.072500,0.057500,0.015000,0,0
OH,45692,JACKSON COUNTY,BIPE,0.072500,0.057500,0.015000,0,0
OH,45693,ADAMS COUNTY,BHTV,0.072500,0.057500,0.015000,0,0
OH,45694,SCIOTO COUNTY,BJGE,0.072500,0.057500,0.015000,0,0
OH,45695,VINTON COUNTY,BJMJ,0.072500,0.057500,0.015000,0,0
OH,45696,LAWRENCE COUNTY,BIRH,0.072500,0.057500,0.015000,0,0
OH,45697,ADAMS COUNTY,BHTV,0.072500,0.057500,0.015000,0,0
OH,45698,VINTON COUNTY,BJMJ,0.072500,0.057500,0.015000,0,0
OH,45699,SCIOTO COUNTY,BJGE,0.072500,0.057500,0.015000,0,0
OH,45701,ATHENS COUNTY,BHVU,0.070000,0.057500,0.012500,0,0
OH,45710,ATHENS COUNTY,BHVU,0.070000,0.057500,0.012500,0,0
OH,45711,ATHENS COUNTY,BHVU,0.070000,0.057500,0.012500,0,0
OH,45712,WASHINGTON COUNTY,BJNI,0.072500,0.057500,0.015000,0,0
OH,45713,WASHINGTON COUNTY,BJNI,0.072500,0.057500,0.015000,0,0
OH,45714,WASHINGTON COUNTY,BJNI,0.072500,0.057500,0.015000,0,0
OH,45715,WASHINGTON COUNTY,BJNI,0.072500,0.057500,0.015000,0,0
OH,45716,ATHENS COUNTY,BHVU,0.070000,0.057500,0.012500,0,0
OH,45717,ATHENS COUNTY,BHVU,0.070000,0.057500,0.012500,0,0
OH,45719,ATHENS COUNTY,BHVU,0.070000,0.057500,0.012500,0,0
OH,45720,MEIGS COUNTY,BIWL,0.072500,0.057500,0.015000,0,0
OH,45721,WASHINGTON COUNTY,BJNI,0.072500,0.057500,0.015000,0,0
OH,45723,ATHENS COUNTY,BHVU,0.070000,0.057500,0.012500,0,0
OH,45724,WASHINGTON COUNTY,BJNI,0.072500,0.057500,0.015000,0,0
OH,45727,NOBLE COUNTY,BJAM,0.072500,0.057500,0.015000,0,0
OH,45729,WASHINGTON COUNTY,BJNI,0.072500,0.057500,0.015000,0,0
OH,45732,ATHENS COUNTY,BHVU,0.070000,0.057500,0.012500,0,0
OH,45734,MONROE COUNTY,BIXX,0.072500,0.057500,0.015000,0,0
OH,45735,ATHENS COUNTY,BHVU,0.070000,0.057500,0.012500,0,0
OH,45739,ATHENS COUNTY,BHVU,0.070000,0.057500,0.012500,0,0
OH,45740,ATHENS COUNTY,BHVU,0.070000,0.057500,0.012500,0,0
OH,45741,MEIGS COUNTY,BIWL,0.072500,0.057500,0.015000,0,0
OH,45742,WASHINGTON COUNTY,BJNI,0.072500,0.057500,0.015000,0,0
OH,45743,MEIGS COUNTY,BIWL,0.072500,0.057500,0.015000,0,0
OH,45744,WASHINGTON COUNTY,BJNI,0.072500,0.057500,0.015000,0,0
OH,45745,WASHINGTON COUNTY,BJNI,0.072500,0.057500,0.015000,0,0
OH,45746,WASHINGTON COUNTY,BJNI,0.072500,0.057500,0.015000,0,0
OH,45750,WASHINGTON COUNTY,BJNI,0.072500,0.057500,0.015000,0,0
OH,45760,MEIGS COUNTY,BIWL,0.072500,0.057500,0.015000,0,0
OH,45761,ATHENS COUNTY,BHVU,0.070000,0.057500,0.012500,0,0
OH,45764,ATHENS COUNTY,BHVU,0.070000,0.057500,0.012500,0,0
OH,45766,ATHENS COUNTY,BHVU,0.070000,0.057500,0.012500,0,0
OH,45767,WASHINGTON COUNTY,BJNI,0.072500,0.057500,0.015000,0,0
OH,45768,WASHINGTON COUNTY,BJNI,0.072500,0.057500,0.015000,0,0
OH,45769,MEIGS COUNTY,BIWL,0.072500,0.057500,0.015000,0,0
OH,45770,MEIGS COUNTY,BIWL,0.072500,0.057500,0.015000,0,0
OH,45771,MEIGS COUNTY,BIWL,0.072500,0.057500,0.015000,0,0
OH,45772,MEIGS COUNTY,BIWL,0.072500,0.057500,0.015000,0,0
OH,45773,WASHINGTON COUNTY,BJNI,0.072500,0.057500,0.015000,0,0
OH,45775,MEIGS COUNTY,BIWL,0.072500,0.057500,0.015000,0,0
OH,45776,MEIGS COUNTY,BIWL,0.072500,0.057500,0.015000,0,0
OH,45777,ATHENS COUNTY,BHVU,0.070000,0.057500,0.012500,0,0
OH,45778,ATHENS COUNTY,BHVU,0.070000,0.057500,0.012500,0,0
OH,45779,MEIGS COUNTY,BIWL,0.072500,0.057500,0.015000,0,0
OH,45780,ATHENS COUNTY,BHVU,0.070000,0.057500,0.012500,0,0
OH,45782,ATHENS COUNTY,BHVU,0.070000,0.057500,0.012500,0,0
OH,45783,MEIGS COUNTY,BIWL,0.072500,0.057500,0.015000,0,0
OH,45784,WASHINGTON COUNTY,BJNI,0.072500,0.057500,0.015000,0,0
OH,45786,WASHINGTON COUNTY,BJNI,0.072500,0.057500,0.015000,0,0
OH,45787,WASHINGTON COUNTY,BJNI,0.072500,0.057500,0.015000,0,0
OH,45788,WASHINGTON COUNTY,BJNI,0.072500,0.057500,0.015000,0,0
OH,45789,WASHINGTON COUNTY,BJNI,0.072500,0.057500,0.015000,0,0
OH,45801,ALLEN COUNTY,BHUG,0.067500,0.057500,0.010000,0,0
OH,45802,ALLEN COUNTY,BHUG,0.067500,0.057500,0.010000,0,0
OH,45804,ALLEN COUNTY,BHUG,0.067500,0.057500,0.010000,0,0
OH,45805,ALLEN COUNTY,BHUG,0.067500,0.057500,0.010000,0,0
OH,45806,ALLEN COUNTY,BHUG,0.067500,0.057500,0.010000,0,0
OH,45807,ALLEN COUNTY,BHUG,0.067500,0.057500,0.010000,0,0
OH,45808,ALLEN COUNTY,BHUG,0.067500,0.057500,0.010000,0,0
OH,45809,ALLEN COUNTY,BHUG,0.067500,0.057500,0.010000,0,0
OH,45810,HARDIN COUNTY,BILX,0.072500,0.057500,0.015000,0,0
OH,45812,HARDIN COUNTY,BILX,0.072500,0.057500,0.015000,0,0
OH,45813,PAULDING COUNTY,BJBL,0.072500,0.057500,0.015000,0,0
OH,45814,HANCOCK COUNTY,BILI,0.067500,0.057500,0.010000,0,0
OH,45815,PUTNAM COUNTY,BJEG,0.070000,0.057500,0.012500,0,0
OH,45816,HANCOCK COUNTY,BILI,0.067500,0.057500,0.010000,0,0
OH,45817,ALLEN COUNTY,BHUG,0.067500,0.057500,0.010000,0,0
OH,45819,AUGLAIZE COUNTY,BHWP,0.072500,0.057500,0.015000,0,0
OH,45820,ALLEN COUNTY,BHUG,0.067500,0.057500,0.010000,0,0
OH,45821,PAULDING COUNTY,BJBL,0.072500,0.057500,0.015000,0,0
OH,45822,MERCER COUNTY,BIWX,0.072500,0.057500,0.015000,0,0
OH,45826,MERCER COUNTY,BIWX,0.072500,0.057500,0.015000,0,0
OH,45827,PUTNAM COUNTY,BJEG,0.070000,0.057500,0.012500,0,0
OH,45828,MERCER COUNTY,BIWX,0.072500,0.057500,0.015000,0,0
OH,45830,PUTNAM COUNTY,BJEG,0.070000,0.057500,0.012500,0,0
OH,45831,PUTNAM COUNTY,BJEG,0.070000,0.057500,0.012500,0,0
OH,45832,VAN WERT COUNTY,BJLY,0.072500,0.057500,0.015000,0,0
OH,45833,ALLEN COUNTY,BHUG,0.067500,0.057500,0.010000,0,0
OH,45835,HARDIN COUNTY,BILX,0.072500,0.057500,0.015000,0,0
OH,45836,HARDIN COUNTY,BILX,0.072500,0.057500,0.015000,0,0
OH,45837,PUTNAM COUNTY,BJEG,0.070000,0.057500,0.012500,0,0
OH,45838,VAN WERT COUNTY,BJLY,0.072500,0.057500,0.015000,0,0
OH,45839,HANCOCK COUNTY,BILI,0.067500,0.057500,0.010000,0,0
OH,45840,HANCOCK COUNTY,BILI,0.067500,0.057500,0.010000,0,0
OH,45841,HANCOCK COUNTY,BILI,0.067500,0.057500,0.010000,0,0
OH,45843,HARDIN COUNTY,BILX,0.072500,0.057500,0.015000,0,0
OH,45844,PUTNAM COUNTY,BJEG,0.070000,0.057500,0.012500,0,0
OH,45845,SHELBY COUNTY,BJHL,0.072500,0.057500,0.015000,0,0
OH,45846,MERCER COUNTY,BIWX,0.072500,0.057500,0.015000,0,0
OH,45848,PUTNAM COUNTY,BJEG,0.070000,0.057500,0.012500,0,0
OH,45849,PAULDING COUNTY,BJBL,0.072500,0.057500,0.015000,0,0
OH,45850,ALLEN COUNTY,BHUG,0.067500,0.057500,0.010000,0,0
OH,45851,PAULDING COUNTY,BJBL,0.072500,0.057500,0.015000,0,0
OH,45853,PUTNAM COUNTY,BJEG,0.070000,0.057500,0.012500,0,0
OH,45854,ALLEN COUNTY,BHUG,0.067500,0.057500,0.010000,0,0
OH,45855,PAULDING COUNTY,BJBL,0.072500,0.057500,0.015000,0,0
OH,45856,PUTNAM COUNTY,BJEG,0.070000,0.057500,0.012500,0,0
OH,45858,HANCOCK COUNTY,BILI,0.067500,0.057500,0.010000,0,0
OH,45859,HARDIN COUNTY,BILX,0.072500,0.057500,0.015000,0,0
OH,45860,MERCER COUNTY,BIWX,0.072500,0.057500,0.015000,0,0
OH,45861,PAULDING COUNTY,BJBL,0.072500,0.057500,0.015000,0,0
OH,45862,MERCER COUNTY,BIWX,0.072500,0.057500,0.015000,0,0
OH,45863,VAN WERT COUNTY,BJLY,0.072500,0.057500,0.015000,0,0
OH,45864,PUTNAM COUNTY,BJEG,0.070000,0.057500,0.012500,0,0
OH,45865,AUGLAIZE COUNTY,BHWP,0.072500,0.057500,0.015000,0,0
OH,45866,MERCER COUNTY,BIWX,0.072500,0.057500,0.015000,0,0
OH,45867,HANCOCK COUNTY,BILI,0.067500,0.057500,0.010000,0,0
OH,45868,HANCOCK COUNTY,BILI,0.067500,0.057500,0.010000,0,0
OH,45869,AUGLAIZE COUNTY,BHWP,0.072500,0.057500,0.015000,0,0
OH,45870,AUGLAIZE COUNTY,BHWP,0.072500,0.057500,0.015000,0,0
OH,45871,AUGLAIZE COUNTY,BHWP,0.072500,0.057500,0.015000,0,0
OH,45872,WOOD COUNTY,BJPG,0.067500,0.057500,0.010000,0,0
OH,45873,PAULDING COUNTY,BJBL,0.072500,0.057500,0.015000,0,0
OH,45874,VAN WERT COUNTY,BJLY,0.072500,0.057500,0.015000,0,0
OH,45875,PUTNAM COUNTY,BJEG,0.070000,0.057500,0.012500,0,0
OH,45876,PUTNAM COUNTY,BJEG,0.070000,0.057500,0.012500,0,0
OH,45877,PUTNAM COUNTY,BJEG,0.070000,0.057500,0.012500,0,0
OH,45879,PAULDING COUNTY,BJBL,0.072500,0.057500,0.015000,0,0
OH,45880,PAULDING COUNTY,BJBL,0.072500,0.057500,0.015000,0,0
OH,45881,HANCOCK COUNTY,BILI,0.067500,0.057500,0.010000,0,0
OH,45882,MERCER COUNTY,BIWX,0.072500,0.057500,0.015000,0,0
OH,45883,MERCER COUNTY,BIWX,0.072500,0.057500,0.015000,0,0
OH,45884,AUGLAIZE COUNTY,BHWP,0.072500,0.057500,0.015000,0,0
OH,45885,AUGLAIZE COUNTY,BHWP,0.072500,0.057500,0.015000,0,0
OH,45886,VAN WERT COUNTY,BJLY,0.072500,0.057500,0.015000,0,0
OH,45887,ALLEN COUNTY,BHUG,0.067500,0.057500,0.010000,0,0
OH,45888,AUGLAIZE COUNTY,BHWP,0.072500,0.057500,0.015000,0,0
OH,45889,HANCOCK COUNTY,BILI,0.067500,0.057500,0.010000,0,0
OH,45890,HANCOCK COUNTY,BILI,0.067500,0.057500,0.010000,0,0
OH,45891,VAN WERT COUNTY,BJLY,0.072500,0.057500,0.015000,0,0
OH,45893,PUTNAM COUNTY,BJEG,0.070000,0.057500,0.012500,0,0
OH,45894,VAN WERT COUNTY,BJLY,0.072500,0.057500,0.015000,0,0
OH,45895,AUGLAIZE COUNTY,BHWP,0.072500,0.057500,0.015000,0,0
OH,45896,AUGLAIZE COUNTY,BHWP,0.072500,0.057500,0.015000,0,0
OH,45897,HANCOCK COUNTY,BILI,0.067500,0.057500,0.010000,0,0
OH,45898,VAN WERT COUNTY,BJLY,0.072500,0.057500,0.015000,0,0
OH,45899,VAN WERT COUNTY,BJLY,0.072500,0.057500,0.015000,0,0
