State,ZipCode,TaxRegionName,TaxRegionCode,CombinedRate,StateRate,CountyRate,CityRate,SpecialRate
MS,38601,MISSISSIPPI STATE,BAAD,0.070000,0.070000,0,0,0
MS,38602,MISSISSIPPI STATE,BAAD,0.070000,0.070000,0,0,0
MS,38603,MISSISSIPPI STATE,BAAD,0.070000,0.070000,0,0,0
MS,38606,MISSISSIPPI STATE,BAAD,0.070000,0.070000,0,0,0
MS,38609,MISSISSIPPI STATE,BAAD,0.070000,0.070000,0,0,0
MS,38610,MISSISSIPPI STATE,BAAD,0.070000,0.070000,0,0,0
MS,38611,MISSISSIPPI STATE,BAAD,0.070000,0.070000,0,0,0
MS,38614,MISSISSIPPI STATE,BAAD,0.070000,0.070000,0,0,0
MS,38617,MISSISSIPPI STATE,BAAD,0.070000,0.070000,0,0,0
MS,38618,MISSISSIPPI STATE,BAAD,0.070000,0.070000,0,0,0
MS,38619,MISSISSIPPI STATE,BAAD,0.070000,0.070000,0,0,0
MS,38620,MISSISSIPPI STATE,BAAD,0.070000,0.070000,0,0,0
MS,38621,MISSISSIPPI STATE,BAAD,0.070000,0.070000,0,0,0
MS,38622,MISSISSIPPI STATE,BAAD,0.070000,0.070000,0,0,0
MS,38623,MISSISSIPPI STATE,BAAD,0.070000,0.070000,0,0,0
MS,38625,MISSISSIPPI STATE,BAAD,0.070000,0.070000,0,0,0
MS,38626,MISSISSIPPI STATE,BAAD,0.070000,0.070000,0,0,0
MS,38627,MISSISSIPPI STATE,BAAD,0.070000,0.070000,0,0,0
MS,38629,MISSISSIPPI STATE,BAAD,0.070000,0.070000,0,0,0
MS,38631,MISSISSIPPI STATE,BAAD,0.070000,0.070000,0,0,0
MS,38632,MISSISSIPPI STATE,BAAD,0.070000,0.070000,0,0,0
MS,38633,MISSISSIPPI STATE,BAAD,0.070000,0.070000,0,0,0
MS,38634,MISSISSIPPI STATE,BAAD,0.070000,0.070000,0,0,0
MS,38635,MISSISSIPPI STATE,BAAD,0.070000,0.070000,0,0,0
MS,38637,MISSISSIPPI STATE,BAAD,0.070000,0.070000,0,0,0
MS,38638,MISSISSIPPI STATE,BAAD,0.070000,0.070000,0,0,0
MS,38639,MISSISSIPPI STATE,BAAD,0.070000,0.070000,0,0,0
MS,38641,MISSISSIPPI STATE,BAAD,0.070000,0.070000,0,0,0
MS,38642,MISSISSIPPI STATE,BAAD,0.070000,0.070000,0,0,0
MS,38643,MISSISSIPPI STATE,BAAD,0.070000,0.070000,0,0,0
MS,38644,MISSISSIPPI STATE,BAAD,0.070000,0.070000,0,0,0
MS,38645,MISSISSIPPI STATE,BAAD,0.070000,0.070000,0,0,0
MS,38646,MISSISSIPPI STATE,BAAD,0.070000,0.070000,0,0,0
MS,38647,MISSISSIPPI STATE,BAAD,0.070000,0.070000,0,0,0
MS,38649,MISSISSIPPI STATE,BAAD,0.070000,0.070000,0,0,0
MS,38650,MISSISSIPPI STATE,BAAD,0.070000,0.070000,0,0,0
MS,38651,MISSISSIPPI STATE,BAAD,0.070000,0.070000,0,0,0
MS,38652,MISSISSIPPI STATE,BAAD,0.070000,0.070000,0,0,0
MS,38654,MISSISSIPPI STATE,BAAD,0.070000,0.070000,0,0,0
MS,38655,MISSISSIPPI STATE,BAAD,0.070000,0.070000,0,0,0
MS,38658,MISSISSIPPI STATE,BAAD,0.070000,0.070000,0,0,0
MS,38659,MISSISSIPPI STATE,BAAD,0.070000,0.070000,0,0,0
MS,38661,MISSISSIPPI STATE,BAAD,0.070000,0.070000,0,0,0
MS,38663,MISSISSIPPI STATE,BAAD,0.070000,0.070000,0,0,0
MS,38664,MISSISSIPPI STATE,BAAD,0.070000,0.070000,0,0,0
MS,38665,MISSISSIPPI STATE,BAAD,0.070000,0.070000,0,0,0
MS,38666,MISSISSIPPI STATE,BAAD,0.070000,0.070000,0,0,0
MS,38668,MISSISSIPPI STATE,BAAD,0.070000,0.070000,0,0,0
MS,38669,MISSISSIPPI STATE,BAAD,0.070000,0.070000,0,0,0
MS,38670,MISSISSIPPI STATE,BAAD,0.070000,0.070000,0,0,0
MS,38671,MISSISSIPPI STATE,BAAD,0.070000,0.070000,0,0,0
MS,38672,MISSISSIPPI STATE,BAAD,0.070000,0.070000,0,0,0
MS,38673,MISSISSIPPI STATE,BAAD,0.070000,0.070000,0,0,0
MS,38674,MISSISSIPPI STATE,BAAD,0.070000,0.070000,0,0,0
MS,38676,MISSISSIPPI STATE,BAAD,0.070000,0.070000,0,0,0
MS,38677,MISSISSIPPI STATE,BAAD,0.070000,0.070000,0,0,0
MS,38679,MISSISSIPPI STATE,BAAD,0.070000,0.070000,0,0,0
MS,38680,MISSISSIPPI STATE,BAAD,0.070000,0.070000,0,0,0
MS,38683,MISSISSIPPI STATE,BAAD,0.070000,0.070000,0,0,0
MS,38685,MISSISSIPPI STATE,BAAD,0.070000,0.070000,0,0,0
MS,38686,MISSISSIPPI STATE,BAAD,0.070000,0.070000,0,0,0
MS,38701,MISSISSIPPI STATE,BAAD,0.070000,0.070000,0,0,0
MS,38702,MISSISSIPPI STATE,BAAD,0.070000,0.070000,0,0,0
MS,38703,MISSISSIPPI STATE,BAAD,0.070000,0.070000,0,0,0
MS,38704,MISSISSIPPI STATE,BAAD,0.070000,0.070000,0,0,0
MS,38720,MISSISSIPPI STATE,BAAD,0.070000,0.070000,0,0,0
MS,38721,MISSISSIPPI STATE,BAAD,0.070000,0.070000,0,0,0
MS,38722,MISSISSIPPI STATE,BAAD,0.070000,0.070000,0,0,0
MS,38723,MISSISSIPPI STATE,BAAD,0.070000,0.070000,0,0,0
MS,38725,MISSISSIPPI STATE,BAAD,0.070000,0.070000,0,0,0
MS,38726,MISSISSIPPI STATE,BAAD,0.070000,0.070000,0,0,0
MS,38730,MISSISSIPPI STATE,BAAD,0.070000,0.070000,0,0,0
MS,38731,MISSISSIPPI STATE,BAAD,0.070000,0.070000,0,0,0
MS,38732,MISSISSIPPI STATE,BAAD,0.070000,0.070000,0,0,0
MS,38733,MISSISSIPPI STATE,BAAD,0.070000,0.070000,0,0,0
MS,38736,MISSISSIPPI STATE,BAAD,0.070000,0.070000,0,0,0
MS,38737,MISSISSIPPI STATE,BAAD,0.070000,0.070000,0,0,0
MS,38738,MISSISSIPPI STATE,BAAD,0.070000,0.070000,0,0,0
MS,38739,MISSISSIPPI STATE,BAAD,0.070000,0.070000,0,0,0
MS,38740,MISSISSIPPI STATE,BAAD,0.070000,0.070000,0,0,0
MS,38744,MISSISSIPPI STATE,BAAD,0.070000,0.070000,0,0,0
MS,38745,MISSISSIPPI STATE,BAAD,0.070000,0.070000,0,0,0
MS,38746,MISSISSIPPI STATE,BAAD,0.070000,0.070000,0,0,0
MS,38748,MISSISSIPPI STATE,BAAD,0.070000,0.070000,0,0,0
MS,38749,MISSISSIPPI STATE,BAAD,0.070000,0.070000,0,0,0
MS,38751,MISSISSIPPI STATE,BAAD,0.070000,0.070000,0,0,0
MS,38753,MISSISSIPPI STATE,BAAD,0.070000,0.070000,0,0,0
MS,38754,MISSISSIPPI STATE,BAAD,0.070000,0.070000,0,0,0
MS,38756,MISSISSIPPI STATE,BAAD,0.070000,0.070000,0,0,0
MS,38759,MISSISSIPPI STATE,BAAD,0.070000,0.070000,0,0,0
MS,38760,MISSISSIPPI STATE,BAAD,0.070000,0.070000,0,0,0
MS,38761,MISSISSIPPI STATE,BAAD,0.070000,0.070000,0,0,0
MS,38762,MISSISSIPPI STATE,BAAD,0.070000,0.070000,0,0,0
MS,38764,MISSISSIPPI STATE,BAAD,0.070000,0.070000,0,0,0
MS,38765,MISSISSIPPI STATE,BAAD,0.070000,0.070000,0,0,0
MS,38767,MISSISSIPPI STATE,BAAD,0.070000,0.070000,0,0,0
MS,38768,MISSISSIPPI STATE,BAAD,0.070000,0.070000,0,0,0
MS,38769,MISSISSIPPI STATE,BAAD,0.070000,0.070000,0,0,0
MS,38771,MISSISSIPPI STATE,BAAD,0.070000,0.070000,0,0,0
MS,38772,MISSISSIPPI STATE,BAAD,0.070000,0.070000,0,0,0
MS,38773,MISSISSIPPI STATE,BAAD,0.070000,0.070000,0,0,0
MS,38774,MISSISSIPPI STATE,BAAD,0.070000,0.070000,0,0,0
MS,38776,MISSISSIPPI STATE,BAAD,0.070000,0.070000,0,0,0
MS,38778,MISSISSIPPI STATE,BAAD,0.070000,0.070000,0,0,0
MS,38780,MISSISSIPPI STATE,BAAD,0.070000,0.070000,0,0,0
MS,38781,MISSISSIPPI STATE,BAAD,0.070000,0.070000,0,0,0
MS,38782,MISSISSIPPI STATE,BAAD,0.070000,0.070000,0,0,0
MS,38801,TUPELO,BAAG,0.072500,0.070000,0,0.002500,0
MS,38802,TUPELO,BAAG,0.072500,0.070000,0,0.002500,0
MS,38803,TUPELO,BAAG,0.072500,0.070000,0,0.002500,0
MS,38804,TUPELO,BAAG,0.072500,0.070000,0,0.002500,0
MS,38820,MISSISSIPPI STATE,BAAD,0.070000,0.070000,0,0,0
MS,38821,MISSISSIPPI STATE,BAAD,0.070000,0.070000,0,0,0
MS,38824,MISSISSIPPI STATE,BAAD,0.070000,0.070000,0,0,0
MS,38825,MISSISSIPPI STATE,BAAD,0.070000,0.070000,0,0,0
MS,38826,TUPELO,BAAG,0.072500,0.070000,0,0.002500,0
MS,38827,MISSISSIPPI STATE,BAAD,0.070000,0.070000,0,0,0
MS,38828,MISSISSIPPI STATE,BAAD,0.070000,0.070000,0,0,0
MS,38829,MISSISSIPPI STATE,BAAD,0.070000,0.070000,0,0,0
MS,38833,MISSISSIPPI STATE,BAAD,0.070000,0.070000,0,0,0
MS,38834,MISSISSIPPI STATE,BAAD,0.070000,0.070000,0,0,0
MS,38835,MISSISSIPPI STATE,BAAD,0.070000,0.070000,0,0,0
MS,38838,MISSISSIPPI STATE,BAAD,0.070000,0.070000,0,0,0
MS,38839,MISSISSIPPI STATE,BAAD,0.070000,0.070000,0,0,0
MS,38841,MISSISSIPPI STATE,BAAD,0.070000,0.070000,0,0,0
MS,38843,MISSISSIPPI STATE,BAAD,0.070000,0.070000,0,0,0
MS,38844,MISSISSIPPI STATE,BAAD,0.070000,0.070000,0,0,0
MS,38846,MISSISSIPPI STATE,BAAD,0.070000,0.070000,0,0,0
MS,38847,MISSISSIPPI STATE,BAAD,0.070000,0.070000,0,0,0
MS,38848,MISSISSIPPI STATE,BAAD,0.070000,0.070000,0,0,0
MS,38849,MISSISSIPPI STATE,BAAD,0.070000,0.070000,0,0,0
MS,38850,MISSISSIPPI STATE,BAAD,0.070000,0.070000,0,0,0
MS,38851,MISSISSIPPI STATE,BAAD,0.070000,0.070000,0,0,0
MS,38852,MISSISSIPPI STATE,BAAD,0.070000,0.070000,0,0,0
MS,38855,MISSISSIPPI STATE,BAAD,0.070000,0.070000,0,0,0
MS,38856,MISSISSIPPI STATE,BAAD,0.070000,0.070000,0,0,0
MS,38857,MISSISSIPPI STATE,BAAD,0.070000,0.070000,0,0,0
MS,38858,MISSISSIPPI STATE,BAAD,0.070000,0.070000,0,0,0
MS,38859,MISSISSIPPI STATE,BAAD,0.070000,0.070000,0,0,0
MS,38860,MISSISSIPPI STATE,BAAD,0.070000,0.070000,0,0,0
MS,38862,MISSISSIPPI STATE,BAAD,0.070000,0.070000,0,0,0
MS,38863,MISSISSIPPI STATE,BAAD,0.070000,0.070000,0,0,0
MS,38864,MISSISSIPPI STATE,BAAD,0.070000,0.070000,0,0,0
MS,38865,MISSISSIPPI STATE,BAAD,0.070000,0.070000,0,0,0
MS,38866,MISSISSIPPI STATE,BAAD,0.070000,0.070000,0,0,0
MS,38868,MISSISSIPPI STATE,BAAD,0.070000,0.070000,0,0,0
MS,38869,MISSISSIPPI STATE,BAAD,0.070000,0.070000,0,0,0
MS,38870,MISSISSIPPI STATE,BAAD,0.070000,0.070000,0,0,0
MS,38871,MISSISSIPPI STATE,BAAD,0.070000,0.070000,0,0,0
MS,38873,MISSISSIPPI STATE,BAAD,0.070000,0.070000,0,0,0
MS,38874,MISSISSIPPI STATE,BAAD,0.070000,0.070000,0,0,0
MS,38875,MISSISSIPPI STATE,BAAD,0.070000,0.070000,0,0,0
MS,38876,MISSISSIPPI STATE,BAAD,0.070000,0.070000,0,0,0
MS,38877,MISSISSIPPI STATE,BAAD,0.070000,0.070000,0,0,0
MS,38878,MISSISSIPPI STATE,BAAD,0.070000,0.070000,0,0,0
MS,38879,MISSISSIPPI STATE,BAAD,0.070000,0.070000,0,0,0
MS,38880,MISSISSIPPI STATE,BAAD,0.070000,0.070000,0,0,0
MS,38901,MISSISSIPPI STATE,BAAD,0.070000,0.070000,0,0,0
MS,38902,MISSISSIPPI STATE,BAAD,0.070000,0.070000,0,0,0
MS,38913,MISSISSIPPI STATE,BAAD,0.070000,0.070000,0,0,0
MS,38914,MISSISSIPPI STATE,BAAD,0.070000,0.070000,0,0,0
MS,38915,MISSISSIPPI STATE,BAAD,0.070000,0.070000,0,0,0
MS,38916,MISSISSIPPI STATE,BAAD,0.070000,0.070000,0,0,0
MS,38917,MISSISSIPPI STATE,BAAD,0.070000,0.070000,0,0,0
MS,38920,MISSISSIPPI STATE,BAAD,0.070000,0.070000,0,0,0
MS,38921,MISSISSIPPI STATE,BAAD,0.070000,0.070000,0,0,0
MS,38922,MISSISSIPPI STATE,BAAD,0.070000,0.070000,0,0,0
MS,38923,MISSISSIPPI STATE,BAAD,0.070000,0.070000,0,0,0
MS,38924,MISSISSIPPI STATE,BAAD,0.070000,0.070000,0,0,0
MS,38925,MISSISSIPPI STATE,BAAD,0.070000,0.070000,0,0,0
MS,38926,MISSISSIPPI STATE,BAAD,0.070000,0.070000,0,0,0
MS,38927,MISSISSIPPI STATE,BAAD,0.070000,0.070000,0,0,0
MS,38928,MISSISSIPPI STATE,BAAD,0.070000,0.070000,0,0,0
MS,38929,MISSISSIPPI STATE,BAAD,0.070000,0.070000,0,0,0
MS,38930,MISSISSIPPI STATE,BAAD,0.070000,0.070000,0,0,0
MS,38935,MISSISSIPPI STATE,BAAD,0.070000,0.070000,0,0,0
MS,38940,MISSISSIPPI STATE,BAAD,0.070000,0.070000,0,0,0
MS,38941,MISSISSIPPI STATE,BAAD,0.070000,0.070000,0,0,0
MS,38943,MISSISSIPPI STATE,BAAD,0.070000,0.070000,0,0,0
MS,38944,MISSISSIPPI STATE,BAAD,0.070000,0.070000,0,0,0
MS,38945,MISSISSIPPI STATE,BAAD,0.070000,0.070000,0,0,0
MS,38946,MISSISSIPPI STATE,BAAD,0.070000,0.070000,0,0,0
MS,38947,MISSISSIPPI STATE,BAAD,0.070000,0.070000,0,0,0
MS,38948,MISSISSIPPI STATE,BAAD,0.070000,0.070000,0,0,0
MS,38949,MISSISSIPPI STATE,BAAD,0.070000,0.070000,0,0,0
MS,38950,MISSISSIPPI STATE,BAAD,0.070000,0.070000,0,0,0
MS,38951,MISSISSIPPI STATE,BAAD,0.070000,0.070000,0,0,0
MS,38952,MISSISSIPPI STATE,BAAD,0.070000,0.070000,0,0,0
MS,38953,MISSISSIPPI STATE,BAAD,0.070000,0.070000,0,0,0
MS,38954,MISSISSIPPI STATE,BAAD,0.070000,0.070000,0,0,0
MS,38955,MISSISSIPPI STATE,BAAD,0.070000,0.070000,0,0,0
MS,38957,MISSISSIPPI STATE,BAAD,0.070000,0.070000,0,0,0
MS,38958,MISSISSIPPI STATE,BAAD,0.070000,0.070000,0,0,0
MS,38959,MISSISSIPPI STATE,BAAD,0.070000,0.070000,0,0,0
MS,38960,MISSISSIPPI STATE,BAAD,0.070000,0.070000,0,0,0
MS,38961,MISSISSIPPI STATE,BAAD,0.070000,0.070000,0,0,0
MS,38962,MISSISSIPPI STATE,BAAD,0.070000,0.070000,0,0,0
MS,38963,MISSISSIPPI STATE,BAAD,0.070000,0.070000,0,0,0
MS,38964,MISSISSIPPI STATE,BAAD,0.070000,0.070000,0,0,0
MS,38965,MISSISSIPPI STATE,BAAD,0.070000,0.070000,0,0,0
MS,38966,MISSISSIPPI STATE,BAAD,0.070000,0.070000,0,0,0
MS,38967,MISSISSIPPI STATE,BAAD,0.070000,0.070000,0,0,0
MS,39038,MISSISSIPPI STATE,BAAD,0.070000,0.070000,0,0,0
MS,39039,MISSISSIPPI STATE,BAAD,0.070000,0.070000,0,0,0
MS,39040,MISSISSIPPI STATE,BAAD,0.070000,0.070000,0,0,0
MS,39041,MISSISSIPPI STATE,BAAD,0.070000,0.070000,0,0,0
MS,39042,MISSISSIPPI STATE,BAAD,0.070000,0.070000,0,0,0
MS,39043,MISSISSIPPI STATE,BAAD,0.070000,0.070000,0,0,0
MS,39044,MISSISSIPPI STATE,BAAD,0.070000,0.070000,0,0,0
MS,39045,MISSISSIPPI STATE,BAAD,0.070000,0.070000,0,0,0
MS,39046,MISSISSIPPI STATE,BAAD,0.070000,0.070000,0,0,0
MS,39047,MISSISSIPPI STATE,BAAD,0.070000,0.070000,0,0,0
MS,39051,MISSISSIPPI STATE,BAAD,0.070000,0.070000,0,0,0
MS,39054,MISSISSIPPI STATE,BAAD,0.070000,0.070000,0,0,0
MS,39056,MISSISSIPPI STATE,BAAD,0.070000,0.070000,0,0,0
MS,39057,MISSISSIPPI STATE,BAAD,0.070000,0.070000,0,0,0
MS,39058,MISSISSIPPI STATE,BAAD,0.070000,0.070000,0,0,0
MS,39059,MISSISSIPPI STATE,BAAD,0.070000,0.070000,0,0,0
MS,39060,MISSISSIPPI STATE,BAAD,0.070000,0.070000,0,0,0
MS,39061,MISSISSIPPI STATE,BAAD,0.070000,0.070000,0,0,0
MS,39062,MISSISSIPPI STATE,BAAD,0.070000,0.070000,0,0,0
MS,39063,MISSISSIPPI STATE,BAAD,0.070000,0.070000,0,0,0
MS,39066,MISSISSIPPI STATE,BAAD,0.070000,0.070000,0,0,0
MS,39067,MISSISSIPPI STATE,BAAD,0.070000,0.070000,0,0,0
MS,39069,MISSISSIPPI STATE,BAAD,0.070000,0.070000,0,0,0
MS,39071,MISSISSIPPI STATE,BAAD,0.070000,0.070000,0,0,0
MS,39073,MISSISSIPPI STATE,BAAD,0.070000,0.070000,0,0,0
MS,39074,MISSISSIPPI STATE,BAAD,0.070000,0.070000,0,0,0
MS,39077,MISSISSIPPI STATE,BAAD,0.070000,0.070000,0,0,0
MS,39078,MISSISSIPPI STATE,BAAD,0.070000,0.070000,0,0,0
MS,39079,MISSISSIPPI STATE,BAAD,0.070000,0.070000,0,0,0
MS,39080,MISSISSIPPI STATE,BAAD,0.070000,0.070000,0,0,0
MS,39081,MISSISSIPPI STATE,BAAD,0.070000,0.070000,0,0,0
MS,39082,MISSISSIPPI STATE,BAAD,0.070000,0.070000,0,0,0
MS,39083,MISSISSIPPI STATE,BAAD,0.070000,0.070000,0,0,0
MS,39086,MISSISSIPPI STATE,BAAD,0.070000,0.070000,0,0,0
MS,39087,MISSISSIPPI STATE,BAAD,0.070000,0.070000,0,0,0
MS,39088,MISSISSIPPI STATE,BAAD,0.070000,0.070000,0,0,0
MS,39090,MISSISSIPPI STATE,BAAD,0.070000,0.070000,0,0,0
MS,39092,MISSISSIPPI STATE,BAAD,0.070000,0.070000,0,0,0
MS,39094,MISSISSIPPI STATE,BAAD,0.070000,0.070000,0,0,0
MS,39095,MISSISSIPPI STATE,BAAD,0.070000,0.070000,0,0,0
MS,39096,MISSISSIPPI STATE,BAAD,0.070000,0.070000,0,0,0
MS,39097,MISSISSIPPI STATE,BAAD,0.070000,0.070000,0,0,0
MS,39098,MISSISSIPPI STATE,BAAD,0.070000,0.070000,0,0,0
MS,39107,MISSISSIPPI STATE,BAAD,0.070000,0.070000,0,0,0
MS,39108,MISSISSIPPI STATE,BAAD,0.070000,0.070000,0,0,0
MS,39109,MISSISSIPPI STATE,BAAD,0.070000,0.070000,0,0,0
MS,39110,MISSISSIPPI STATE,BAAD,0.070000,0.070000,0,0,0
MS,39111,MISSISSIPPI STATE,BAAD,0.070000,0.070000,0,0,0
MS,39113,MISSISSIPPI STATE,BAAD,0.070000,0.070000,0,0,0
MS,39114,MISSISSIPPI STATE,BAAD,0.070000,0.070000,0,0,0
MS,39115,MISSISSIPPI STATE,BAAD,0.070000,0.070000,0,0,0
MS,39116,MISSISSIPPI STATE,BAAD,0.070000,0.070000,0,0,0
MS,39117,MISSISSIPPI STATE,BAAD,0.070000,0.070000,0,0,0
MS,39119,MISSISSIPPI STATE,BAAD,0.070000,0.070000,0,0,0
MS,39120,MISSISSIPPI STATE,BAAD,0.070000,0.070000,0,0,0
MS,39121,MISSISSIPPI STATE,BAAD,0.070000,0.070000,0,0,0
MS,39122,MISSISSIPPI STATE,BAAD,0.070000,0.070000,0,0,0
MS,39130,MISSISSIPPI STATE,BAAD,0.070000,0.070000,0,0,0
MS,39140,MISSISSIPPI STATE,BAAD,0.070000,0.070000,0,0,0
MS,39144,MISSISSIPPI STATE,BAAD,0.070000,0.070000,0,0,0
MS,39145,MISSISSIPPI STATE,BAAD,0.070000,0.070000,0,0,0
MS,39146,MISSISSIPPI STATE,BAAD,0.070000,0.070000,0,0,0
MS,39148,MISSISSIPPI STATE,BAAD,0.070000,0.070000,0,0,0
MS,39149,MISSISSIPPI STATE,BAAD,0.070000,0.070000,0,0,0
MS,39150,MISSISSIPPI STATE,BAAD,0.070000,0.070000,0,0,0
MS,39151,MISSISSIPPI STATE,BAAD,0.070000,0.070000,0,0,0
MS,39152,MISSISSIPPI STATE,BAAD,0.070000,0.070000,0,0,0
MS,39153,MISSISSIPPI STATE,BAAD,0.070000,0.070000,0,0,0
MS,39154,MISSISSIPPI STATE,BAAD,0.070000,0.070000,0,0,0
MS,39156,MISSISSIPPI STATE,BAAD,0.070000,0.070000,0,0,0
MS,39157,MISSISSIPPI STATE,BAAD,0.070000,0.070000,0,0,0
MS,39158,MISSISSIPPI STATE,BAAD,0.070000,0.070000,0,0,0
MS,39159,MISSISSIPPI STATE,BAAD,0.070000,0.070000,0,0,0
MS,39160,MISSISSIPPI STATE,BAAD,0.070000,0.070000,0,0,0
MS,39161,MISSISSIPPI STATE,BAAD,0.070000,0.070000,0,0,0
MS,39162,MISSISSIPPI STATE,BAAD,0.070000,0.070000,0,0,0
MS,39163,MISSISSIPPI STATE,BAAD,0.070000,0.070000,0,0,0
MS,39165,MISSISSIPPI STATE,BAAD,0.070000,0.070000,0,0,0
MS,39166,MISSISSIPPI STATE,BAAD,0.070000,0.070000,0,0,0
MS,39167,MISSISSIPPI STATE,BAAD,0.070000,0.070000,0,0,0
MS,39168,MISSISSIPPI STATE,BAAD,0.070000,0.070000,0,0,0
MS,39169,MISSISSIPPI STATE,BAAD,0.070000,0.070000,0,0,0
MS,39170,MISSISSIPPI STATE,BAAD,0.070000,0.070000,0,0,0
MS,39171,MISSISSIPPI STATE,BAAD,0.070000,0.070000,0,0,0
MS,39173,MISSISSIPPI STATE,BAAD,0.070000,0.070000,0,0,0
MS,39174,JACKSON,CALU,0.080000,0.070000,0,0.010000,0
MS,39175,MISSISSIPPI STATE,BAAD,0.070000,0.070000,0,0,0
MS,39176,MISSISSIPPI STATE,BAAD,0.070000,0.070000,0,0,0
MS,39177,MISSISSIPPI STATE,BAAD,0.070000,0.070000,0,0,0
MS,39179,MISSISSIPPI STATE,BAAD,0.070000,0.070000,0,0,0
MS,39180,MISSISSIPPI STATE,BAAD,0.070000,0.070000,0,0,0
MS,39181,MISSISSIPPI STATE,BAAD,0.070000,0.070000,0,0,0
MS,39182,MISSISSIPPI STATE,BAAD,0.070000,0.070000,0,0,0
MS,39183,MISSISSIPPI STATE,BAAD,0.070000,0.070000,0,0,0
MS,39189,MISSISSIPPI STATE,BAAD,0.070000,0.070000,0,0,0
MS,39190,MISSISSIPPI STATE,BAAD,0.070000,0.070000,0,0,0
MS,39191,MISSISSIPPI STATE,BAAD,0.070000,0.070000,0,0,0
MS,39192,MISSISSIPPI STATE,BAAD,0.070000,0.070000,0,0,0
MS,39193,MISSISSIPPI STATE,BAAD,0.070000,0.070000,0,0,0
MS,39194,MISSISSIPPI STATE,BAAD,0.070000,0.070000,0,0,0
MS,39201,JACKSON,CALU,0.080000,0.070000,0,0.010000,0
MS,39202,JACKSON,CALU,0.080000,0.070000,0,0.010000,0
MS,39203,JACKSON,CALU,0.080000,0.070000,0,0.010000,0
MS,39204,JACKSON,CALU,0.080000,0.070000,0,0.010000,0
MS,39205,JACKSON,CALU,0.080000,0.070000,0,0.010000,0
MS,39206,JACKSON,CALU,0.080000,0.070000,0,0.010000,0
MS,39207,JACKSON,CALU,0.080000,0.070000,0,0.010000,0
MS,39208,MISSISSIPPI STATE,BAAD,0.070000,0.070000,0,0,0
MS,39209,JACKSON,CALU,0.080000,0.070000,0,0.010000,0
MS,39210,JACKSON,CALU,0.080000,0.070000,0,0.010000,0
MS,39211,JACKSON,CALU,0.080000,0.070000,0,0.010000,0
MS,39212,JACKSON,CALU,0.080000,0.070000,0,0.010000,0
MS,39213,JACKSON,CALU,0.080000,0.070000,0,0.010000,0
MS,39215,JACKSON,CALU,0.080000,0.070000,0,0.010000,0
MS,39216,JACKSON,CALU,0.080000,0.070000,0,0.010000,0
MS,39217,JACKSON,CALU,0.080000,0.070000,0,0.010000,0
MS,39218,MISSISSIPPI STATE,BAAD,0.070000,0.070000,0,0,0
MS,39225,JACKSON,CALU,0.080000,0.070000,0,0.010000,0
MS,39232,MISSISSIPPI STATE,BAAD,0.070000,0.070000,0,0,0
MS,39236,JACKSON,CALU,0.080000,0.070000,0,0.010000,0
MS,39250,JACKSON,CALU,0.080000,0.070000,0,0.010000,0
MS,39269,JACKSON,CALU,0.080000,0.070000,0,0.010000,0
MS,39272,MISSISSIPPI STATE,BAAD,0.070000,0.070000,0,0,0
MS,39282,JACKSON,CALU,0.080000,0.070000,0,0.010000,0
MS,39283,JACKSON,CALU,0.080000,0.070000,0,0.010000,0
MS,39284,JACKSON,CALU,0.080000,0.070000,0,0.010000,0
MS,39286,JACKSON,CALU,0.080000,0.070000,0,0.010000,0
MS,39288,MISSISSIPPI STATE,BAAD,0.070000,0.070000,0,0,0
MS,39289,JACKSON,CALU,0.080000,0.070000,0,0.010000,0
MS,39296,JACKSON,CALU,0.080000,0.070000,0,0.010000,0
MS,39298,JACKSON,CALU,0.080000,0.070000,0,0.010000,0
MS,39301,MISSISSIPPI STATE,BAAD,0.070000,0.070000,0,0,0
MS,39302,MISSISSIPPI STATE,BAAD,0.070000,0.070000,0,0,0
MS,39303,MISSISSIPPI STATE,BAAD,0.070000,0.070000,0,0,0
MS,39304,MISSISSIPPI STATE,BAAD,0.070000,0.070000,0,0,0
MS,39305,MISSISSIPPI STATE,BAAD,0.070000,0.070000,0,0,0
MS,39307,MISSISSIPPI STATE,BAAD,0.070000,0.070000,0,0,0
MS,39309,MISSISSIPPI STATE,BAAD,0.070000,0.070000,0,0,0
MS,39320,MISSISSIPPI STATE,BAAD,0.070000,0.070000,0,0,0
MS,39322,MISSISSIPPI STATE,BAAD,0.070000,0.070000,0,0,0
MS,39323,MISSISSIPPI STATE,BAAD,0.070000,0.070000,0,0,0
MS,39324,MISSISSIPPI STATE,BAAD,0.070000,0.070000,0,0,0
MS,39325,MISSISSIPPI STATE,BAAD,0.070000,0.070000,0,0,0
MS,39326,MISSISSIPPI STATE,BAAD,0.070000,0.070000,0,0,0
MS,39327,MISSISSIPPI STATE,BAAD,0.070000,0.070000,0,0,0
MS,39328,MISSISSIPPI STATE,BAAD,0.070000,0.070000,0,0,0
MS,39330,MISSISSIPPI STATE,BAAD,0.070000,0.070000,0,0,0
MS,39332,MISSISSIPPI STATE,BAAD,0.070000,0.070000,0,0,0
MS,39335,MISSISSIPPI STATE,BAAD,0.070000,0.070000,0,0,0
MS,39336,MISSISSIPPI STATE,BAAD,0.070000,0.070000,0,0,0
MS,39337,MISSISSIPPI STATE,BAAD,0.070000,0.070000,0,0,0
MS,39338,MISSISSIPPI STATE,BAAD,0.070000,0.070000,0,0,0
MS,39339,MISSISSIPPI STATE,BAAD,0.070000,0.070000,0,0,0
MS,39341,MISSISSIPPI STATE,BAAD,0.070000,0.070000,0,0,0
MS,39342,MISSISSIPPI STATE,BAAD,0.070000,0.070000,0,0,0
MS,39345,MISSISSIPPI STATE,BAAD,0.070000,0.070000,0,0,0
MS,39346,MISSISSIPPI STATE,BAAD,0.070000,0.070000,0,0,0
MS,39347,MISSISSIPPI STATE,BAAD,0.070000,0.070000,0,0,0
MS,39348,MISSISSIPPI STATE,BAAD,0.070000,0.070000,0,0,0
MS,39350,MISSISSIPPI STATE,BAAD,0.070000,0.070000,0,0,0
MS,39352,MISSISSIPPI STATE,BAAD,0.070000,0.070000,0,0,0
MS,39354,MISSISSIPPI STATE,BAAD,0.070000,0.070000,0,0,0
MS,39355,MISSISSIPPI STATE,BAAD,0.070000,0.070000,0,0,0
MS,39356,MISSISSIPPI STATE,BAAD,0.070000,0.070000,0,0,0
MS,39358,MISSISSIPPI STATE,BAAD,0.070000,0.070000,0,0,0
MS,39359,MISSISSIPPI STATE,BAAD,0.070000,0.070000,0,0,0
MS,39360,MISSISSIPPI STATE,BAAD,0.070000,0.070000,0,0,0
MS,39361,MISSISSIPPI STATE,BAAD,0.070000,0.070000,0,0,0
MS,39362,MISSISSIPPI STATE,BAAD,0.070000,0.070000,0,0,0
MS,39363,MISSISSIPPI STATE,BAAD,0.070000,0.070000,0,0,0
MS,39364,MISSISSIPPI STATE,BAAD,0.070000,0.070000,0,0,0
MS,39365,MISSISSIPPI STATE,BAAD,0.070000,0.070000,0,0,0
MS,39366,MISSISSIPPI STATE,BAAD,0.070000,0.070000,0,0,0
MS,39367,MISSISSIPPI STATE,BAAD,0.070000,0.070000,0,0,0
MS,39401,MISSISSIPPI STATE,BAAD,0.070000,0.070000,0,0,0
MS,39402,MISSISSIPPI STATE,BAAD,0.070000,0.070000,0,0,0
MS,39403,MISSISSIPPI STATE,BAAD,0.070000,0.070000,0,0,0
MS,39404,MISSISSIPPI STATE,BAAD,0.070000,0.070000,0,0,0
MS,39406,MISSISSIPPI STATE,BAAD,0.070000,0.070000,0,0,0
MS,39407,MISSISSIPPI STATE,BAAD,0.070000,0.070000,0,0,0
MS,39421,MISSISSIPPI STATE,BAAD,0.070000,0.070000,0,0,0
MS,39422,MISSISSIPPI STATE,BAAD,0.070000,0.070000,0,0,0
MS,39423,MISSISSIPPI STATE,BAAD,0.070000,0.070000,0,0,0
MS,39425,MISSISSIPPI STATE,BAAD,0.070000,0.070000,0,0,0
MS,39426,MISSISSIPPI STATE,BAAD,0.070000,0.070000,0,0,0
MS,39427,MISSISSIPPI STATE,BAAD,0.070000,0.070000,0,0,0
MS,39428,MISSISSIPPI STATE,BAAD,0.070000,0.070000,0,0,0
MS,39429,MISSISSIPPI STATE,BAAD,0.070000,0.070000,0,0,0
MS,39436,MISSISSIPPI STATE,BAAD,0.070000,0.070000,0,0,0
MS,39437,MISSISSIPPI STATE,BAAD,0.070000,0.070000,0,0,0
MS,39439,MISSISSIPPI STATE,BAAD,0.070000,0.070000,0,0,0
MS,39440,MISSISSIPPI STATE,BAAD,0.070000,0.070000,0,0,0
MS,39441,MISSISSIPPI STATE,BAAD,0.070000,0.070000,0,0,0
MS,39442,MISSISSIPPI STATE,BAAD,0.070000,0.070000,0,0,0
MS,39443,MISSISSIPPI STATE,BAAD,0.070000,0.070000,0,0,0
MS,39451,MISSISSIPPI STATE,BAAD,0.070000,0.070000,0,0,0
MS,39452,MISSISSIPPI STATE,BAAD,0.070000,0.070000,0,0,0
MS,39455,MISSISSIPPI STATE,BAAD,0.070000,0.070000,0,0,0
MS,39456,MISSISSIPPI STATE,BAAD,0.070000,0.070000,0,0,0
MS,39457,MISSISSIPPI STATE,BAAD,0.070000,0.070000,0,0,0
MS,39459,MISSISSIPPI STATE,BAAD,0.070000,0.070000,0,0,0
MS,39460,MISSISSIPPI STATE,BAAD,0.070000,0.070000,0,0,0
MS,39461,MISSISSIPPI STATE,BAAD,0.070000,0.070000,0,0,0
MS,39462,MISSISSIPPI STATE,BAAD,0.070000,0.070000,0,0,0
MS,39463,MISSISSIPPI STATE,BAAD,0.070000,0.070000,0,0,0
MS,39464,MISSISSIPPI STATE,BAAD,0.070000,0.070000,0,0,0
MS,39465,MISSISSIPPI STATE,BAAD,0.070000,0.070000,0,0,0
MS,39466,MISSISSIPPI STATE,BAAD,0.070000,0.070000,0,0,0
MS,39470,MISSISSIPPI STATE,BAAD,0.070000,0.070000,0,0,0
MS,39474,MISSISSIPPI STATE,BAAD,0.070000,0.070000,0,0,0
MS,39475,MISSISSIPPI STATE,BAAD,0.070000,0.070000,0,0,0
MS,39476,MISSISSIPPI STATE,BAAD,0.070000,0.070000,0,0,0
MS,39477,MISSISSIPPI STATE,BAAD,0.070000,0.070000,0,0,0
MS,39478,MISSISSIPPI STATE,BAAD,0.070000,0.070000,0,0,0
MS,39479,MISSISSIPPI STATE,BAAD,0.070000,0.070000,0,0,0
MS,39480,MISSISSIPPI STATE,BAAD,0.070000,0.070000,0,0,0
MS,39481,MISSISSIPPI STATE,BAAD,0.070000,0.070000,0,0,0
MS,39482,MISSISSIPPI STATE,BAAD,0.070000,0.070000,0,0,0
MS,39483,MISSISSIPPI STATE,BAAD,0.070000,0.070000,0,0,0
MS,39501,MISSISSIPPI STATE,BAAD,0.070000,0.070000,0,0,0
MS,39502,MISSISSIPPI STATE,BAAD,0.070000,0.070000,0,0,0
MS,39503,MISSISSIPPI STATE,BAAD,0.070000,0.070000,0,0,0
MS,39505,MISSISSIPPI STATE,BAAD,0.070000,0.070000,0,0,0
MS,39506,MISSISSIPPI STATE,BAAD,0.070000,0.070000,0,0,0
MS,39507,MISSISSIPPI STATE,BAAD,0.070000,0.070000,0,0,0
MS,39520,MISSISSIPPI STATE,BAAD,0.070000,0.070000,0,0,0
MS,39521,MISSISSIPPI STATE,BAAD,0.070000,0.070000,0,0,0
MS,39522,MISSISSIPPI STATE,BAAD,0.070000,0.070000,0,0,0
MS,39525,MISSISSIPPI STATE,BAAD,0.070000,0.070000,0,0,0
MS,39529,MISSISSIPPI STATE,BAAD,0.070000,0.070000,0,0,0
MS,39530,MISSISSIPPI STATE,BAAD,0.070000,0.070000,0,0,0
MS,39531,MISSISSIPPI STATE,BAAD,0.070000,0.070000,0,0,0
MS,39532,MISSISSIPPI STATE,BAAD,0.070000,0.070000,0,0,0
MS,39533,MISSISSIPPI STATE,BAAD,0.070000,0.070000,0,0,0
MS,39534,MISSISSIPPI STATE,BAAD,0.070000,0.070000,0,0,0
MS,39535,MISSISSIPPI STATE,BAAD,0.070000,0.070000,0,0,0
MS,39540,MISSISSIPPI STATE,BAAD,0.070000,0.070000,0,0,0
MS,39552,MISSISSIPPI STATE,BAAD,0.070000,0.070000,0,0,0
MS,39553,MISSISSIPPI STATE,BAAD,0.070000,0.070000,0,0,0
MS,39555,MISSISSIPPI STATE,BAAD,0.070000,0.070000,0,0,0
MS,39556,MISSISSIPPI STATE,BAAD,0.070000,0.070000,0,0,0
MS,39558,MISSISSIPPI STATE,BAAD,0.070000,0.070000,0,0,0
MS,39560,MISSISSIPPI STATE,BAAD,0.070000,0.070000,0,0,0
MS,39561,MISSISSIPPI STATE,BAAD,0.070000,0.070000,0,0,0
MS,39562,MISSISSIPPI STATE,BAAD,0.070000,0.070000,0,0,0
MS,39563,MISSISSIPPI STATE,BAAD,0.070000,0.070000,0,0,0
MS,39564,MISSISSIPPI STATE,BAAD,0.070000,0.070000,0,0,0
MS,39565,MISSISSIPPI STATE,BAAD,0.070000,0.070000,0,0,0
MS,39566,MISSISSIPPI STATE,BAAD,0.070000,0.070000,0,0,0
MS,39567,MISSISSIPPI STATE,BAAD,0.070000,0.070000,0,0,0
MS,39568,MISSISSIPPI STATE,BAAD,0.070000,0.070000,0,0,0
MS,39569,MISSISSIPPI STATE,BAAD,0.070000,0.070000,0,0,0
MS,39571,MISSISSIPPI STATE,BAAD,0.070000,0.070000,0,0,0
MS,39572,MISSISSIPPI STATE,BAAD,0.070000,0.070000,0,0,0
MS,39573,MISSISSIPPI STATE,BAAD,0.070000,0.070000,0,0,0
MS,39574,MISSISSIPPI STATE,BAAD,0.070000,0.070000,0,0,0
MS,39576,MISSISSIPPI STATE,BAAD,0.070000,0.070000,0,0,0
MS,39577,MISSISSIPPI STATE,BAAD,0.070000,0.070000,0,0,0
MS,39581,MISSISSIPPI STATE,BAAD,0.070000,0.070000,0,0,0
MS,39595,MISSISSIPPI STATE,BAAD,0.070000,0.070000,0,0,0
MS,39601,MISSISSIPPI STATE,BAAD,0.070000,0.070000,0,0,0
MS,39602,MISSISSIPPI STATE,BAAD,0.070000,0.070000,0,0,0
MS,39603,MISSISSIPPI STATE,BAAD,0.070000,0.070000,0,0,0
MS,39629,MISSISSIPPI STATE,BAAD,0.070000,0.070000,0,0,0
MS,39630,MISSISSIPPI STATE,BAAD,0.070000,0.070000,0,0,0
MS,39631,MISSISSIPPI STATE,BAAD,0.070000,0.070000,0,0,0
MS,39632,MISSISSIPPI STATE,BAAD,0.070000,0.070000,0,0,0
MS,39633,MISSISSIPPI STATE,BAAD,0.070000,0.070000,0,0,0
MS,39635,MISSISSIPPI STATE,BAAD,0.070000,0.070000,0,0,0
MS,39638,MISSISSIPPI STATE,BAAD,0.070000,0.070000,0,0,0
MS,39641,MISSISSIPPI STATE,BAAD,0.070000,0.070000,0,0,0
MS,39643,MISSISSIPPI STATE,BAAD,0.070000,0.070000,0,0,0
MS,39645,MISSISSIPPI STATE,BAAD,0.070000,0.070000,0,0,0
MS,39647,MISSISSIPPI STATE,BAAD,0.070000,0.070000,0,0,0
MS,39648,MISSISSIPPI STATE,BAAD,0.070000,0.070000,0,0,0
MS,39649,MISSISSIPPI STATE,BAAD,0.070000,0.070000,0,0,0
MS,39652,MISSISSIPPI STATE,BAAD,0.070000,0.070000,0,0,0
MS,39653,MISSISSIPPI STATE,BAAD,0.070000,0.070000,0,0,0
MS,39654,MISSISSIPPI STATE,BAAD,0.070000,0.070000,0,0,0
MS,39656,MISSISSIPPI STATE,BAAD,0.070000,0.070000,0,0,0
MS,39657,MISSISSIPPI STATE,BAAD,0.070000,0.070000,0,0,0
MS,39661,MISSISSIPPI STATE,BAAD,0.070000,0.070000,0,0,0
MS,39662,MISSISSIPPI STATE,BAAD,0.070000,0.070000,0,0,0
MS,39663,MISSISSIPPI STATE,BAAD,0.070000,0.070000,0,0,0
MS,39664,MISSISSIPPI STATE,BAAD,0.070000,0.070000,0,0,0
MS,39665,MISSISSIPPI STATE,BAAD,0.070000,0.070000,0,0,0
MS,39666,MISSISSIPPI STATE,BAAD,0.070000,0.070000,0,0,0
MS,39667,MISSISSIPPI STATE,BAAD,0.070000,0.070000,0,0,0
MS,39668,MISSISSIPPI STATE,BAAD,0.070000,0.070000,0,0,0
MS,39669,MISSISSIPPI STATE,BAAD,0.070000,0.070000,0,0,0
MS,39701,MISSISSIPPI STATE,BAAD,0.070000,0.070000,0,0,0
MS,39702,MISSISSIPPI STATE,BAAD,0.070000,0.070000,0,0,0
MS,39703,MISSISSIPPI STATE,BAAD,0.070000,0.070000,0,0,0
MS,39704,MISSISSIPPI STATE,BAAD,0.070000,0.070000,0,0,0
MS,39705,MISSISSIPPI STATE,BAAD,0.070000,0.070000,0,0,0
MS,39710,MISSISSIPPI STATE,BAAD,0.070000,0.070000,0,0,0
MS,39730,MISSISSIPPI STATE,BAAD,0.070000,0.070000,0,0,0
MS,39735,MISSISSIPPI STATE,BAAD,0.070000,0.070000,0,0,0
MS,39736,MISSISSIPPI STATE,BAAD,0.070000,0.070000,0,0,0
MS,39737,MISSISSIPPI STATE,BAAD,0.070000,0.070000,0,0,0
MS,39739,MISSISSIPPI STATE,BAAD,0.070000,0.070000,0,0,0
MS,39740,MISSISSIPPI STATE,BAAD,0.070000,0.070000,0,0,0
MS,39741,MISSISSIPPI STATE,BAAD,0.070000,0.070000,0,0,0
MS,39743,MISSISSIPPI STATE,BAAD,0.070000,0.070000,0,0,0
MS,39744,MISSISSIPPI STATE,BAAD,0.070000,0.070000,0,0,0
MS,39745,MISSISSIPPI STATE,BAAD,0.070000,0.070000,0,0,0
MS,39746,MISSISSIPPI STATE,BAAD,0.070000,0.070000,0,0,0
MS,39747,MISSISSIPPI STATE,BAAD,0.070000,0.070000,0,0,0
MS,39750,MISSISSIPPI STATE,BAAD,0.070000,0.070000,0,0,0
MS,39751,MISSISSIPPI STATE,BAAD,0.070000,0.070000,0,0,0
MS,39752,MISSISSIPPI STATE,BAAD,0.070000,0.070000,0,0,0
MS,39753,MISSISSIPPI STATE,BAAD,0.070000,0.070000,0,0,0
MS,39754,MISSISSIPPI STATE,BAAD,0.070000,0.070000,0,0,0
MS,39755,MISSISSIPPI STATE,BAAD,0.070000,0.070000,0,0,0
MS,39756,MISSISSIPPI STATE,BAAD,0.070000,0.070000,0,0,0
MS,39759,MISSISSIPPI STATE,BAAD,0.070000,0.070000,0,0,0
MS,39760,MISSISSIPPI STATE,BAAD,0.070000,0.070000,0,0,0
MS,39762,MISSISSIPPI STATE,BAAD,0.070000,0.070000,0,0,0
MS,39766,MISSISSIPPI STATE,BAAD,0.070000,0.070000,0,0,0
MS,39767,MISSISSIPPI STATE,BAAD,0.070000,0.070000,0,0,0
MS,39769,MISSISSIPPI STATE,BAAD,0.070000,0.070000,0,0,0
MS,39771,MISSISSIPPI STATE,BAAD,0.070000,0.070000,0,0,0
MS,39772,MISSISSIPPI STATE,BAAD,0.070000,0.070000,0,0,0
MS,39773,MISSISSIPPI STATE,BAAD,0.070000,0.070000,0,0,0
MS,39776,MISSISSIPPI STATE,BAAD,0.070000,0.070000,0,0,0
