State,ZipCode,TaxRegionName,TaxRegionCode,CombinedRate,StateRate,CountyRate,CityRate,SpecialRate
MI,48001,MICHIGAN STATE,AWMB,0.060000,0.060000,0,0,0
MI,48002,MICHIGAN STATE,AWMB,0.060000,0.060000,0,0,0
MI,48003,MICHIGAN STATE,AWMB,0.060000,0.060000,0,0,0
MI,48004,MICHIGAN STATE,AWMB,0.060000,0.060000,0,0,0
MI,48005,MICHIGAN STATE,AWMB,0.060000,0.060000,0,0,0
MI,48006,MICHIGAN STATE,AWMB,0.060000,0.060000,0,0,0
MI,48007,MICHIGAN STATE,AWMB,0.060000,0.060000,0,0,0
MI,48009,MICHIGAN STATE,AWMB,0.060000,0.060000,0,0,0
MI,48012,MICHIGAN STATE,AWMB,0.060000,0.060000,0,0,0
MI,48014,MICHIGAN STATE,AWMB,0.060000,0.060000,0,0,0
MI,48015,MICHIGAN STATE,AWMB,0.060000,0.060000,0,0,0
MI,48017,MICHIGAN STATE,AWMB,0.060000,0.060000,0,0,0
MI,48021,MICHIGAN STATE,AWMB,0.060000,0.060000,0,0,0
MI,48022,MICHIGAN STATE,AWMB,0.060000,0.060000,0,0,0
MI,48023,MICHIGAN STATE,AWMB,0.060000,0.060000,0,0,0
MI,48025,MICHIGAN STATE,AWMB,0.060000,0.060000,0,0,0
MI,48026,MICHIGAN STATE,AWMB,0.060000,0.060000,0,0,0
MI,48027,MICHIGAN STATE,AWMB,0.060000,0.060000,0,0,0
MI,48028,MICHIGAN STATE,AWMB,0.060000,0.060000,0,0,0
MI,48030,MICHIGAN STATE,AWMB,0.060000,0.060000,0,0,0
MI,48032,MICHIGAN STATE,AWMB,0.060000,0.060000,0,0,0
MI,48033,MICHIGAN STATE,AWMB,0.060000,0.060000,0,0,0
MI,48034,MICHIGAN STATE,AWMB,0.060000,0.060000,0,0,0
MI,48035,MICHIGAN STATE,AWMB,0.060000,0.060000,0,0,0
MI,48036,MICHIGAN STATE,AWMB,0.060000,0.060000,0,0,0
MI,48037,MICHIGAN STATE,AWMB,0.060000,0.060000,0,0,0
MI,48038,MICHIGAN STATE,AWMB,0.060000,0.060000,0,0,0
MI,48039,MICHIGAN STATE,AWMB,0.060000,0.060000,0,0,0
MI,48040,MICHIGAN STATE,AWMB,0.060000,0.060000,0,0,0
MI,48041,MICHIGAN STATE,AWMB,0.060000,0.060000,0,0,0
MI,48042,MICHIGAN STATE,AWMB,0.060000,0.060000,0,0,0
MI,48043,MICHIGAN STATE,AWMB,0.060000,0.060000,0,0,0
MI,48044,MICHIGAN STATE,AWMB,0.060000,0.060000,0,0,0
MI,48045,MICHIGAN STATE,AWMB,0.060000,0.060000,0,0,0
MI,48046,MICHIGAN STATE,AWMB,0.060000,0.060000,0,0,0
MI,48047,MICHIGAN STATE,AWMB,0.060000,0.060000,0,0,0
MI,48048,MICHIGAN STATE,AWMB,0.060000,0.060000,0,0,0
MI,48049,MICHIGAN STATE,AWMB,0.060000,0.060000,0,0,0
MI,48050,MICHIGAN STATE,AWMB,0.060000,0.060000,0,0,0
MI,48051,MICHIGAN STATE,AWMB,0.060000,0.060000,0,0,0
MI,48054,MICHIGAN STATE,AWMB,0.060000,0.060000,0,0,0
MI,48059,MICHIGAN STATE,AWMB,0.060000,0.060000,0,0,0
MI,48060,MICHIGAN STATE,AWMB,0.060000,0.060000,0,0,0
MI,48061,MICHIGAN STATE,AWMB,0.060000,0.060000,0,0,0
MI,48062,MICHIGAN STATE,AWMB,0.060000,0.060000,0,0,0
MI,48063,MICHIGAN STATE,AWMB,0.060000,0.060000,0,0,0
MI,48064,MICHIGAN STATE,AWMB,0.060000,0.060000,0,0,0
MI,48065,MICHIGAN STATE,AWMB,0.060000,0.060000,0,0,0
MI,48066,MICHIGAN STATE,AWMB,0.060000,0.060000,0,0,0
MI,48067,MICHIGAN STATE,AWMB,0.060000,0.060000,0,0,0
MI,48068,MICHIGAN STATE,AWMB,0.060000,0.060000,0,0,0
MI,48069,MICHIGAN STATE,AWMB,0.060000,0.060000,0,0,0
MI,48070,MICHIGAN STATE,AWMB,0.060000,0.060000,0,0,0
MI,48071,MICHIGAN STATE,AWMB,0.060000,0.060000,0,0,0
MI,48072,MICHIGAN STATE,AWMB,0.060000,0.060000,0,0,0
MI,48073,MICHIGAN STATE,AWMB,0.060000,0.060000,0,0,0
MI,48074,MICHIGAN STATE,AWMB,0.060000,0.060000,0,0,0
MI,48075,MICHIGAN STATE,AWMB,0.060000,0.060000,0,0,0
MI,48076,MICHIGAN STATE,AWMB,0.060000,0.060000,0,0,0
MI,48079,MICHIGAN STATE,AWMB,0.060000,0.060000,0,0,0
MI,48080,MICHIGAN STATE,AWMB,0.060000,0.060000,0,0,0
MI,48081,MICHIGAN STATE,AWMB,0.060000,0.060000,0,0,0
MI,48082,MICHIGAN STATE,AWMB,0.060000,0.060000,0,0,0
MI,48083,MICHIGAN STATE,AWMB,0.060000,0.060000,0,0,0
MI,48084,MICHIGAN STATE,AWMB,0.060000,0.060000,0,0,0
MI,48085,MICHIGAN STATE,AWMB,0.060000,0.060000,0,0,0
MI,48086,MICHIGAN STATE,AWMB,0.060000,0.060000,0,0,0
MI,48088,MICHIGAN STATE,AWMB,0.060000,0.060000,0,0,0
MI,48089,MICHIGAN STATE,AWMB,0.060000,0.060000,0,0,0
MI,48090,MICHIGAN STATE,AWMB,0.060000,0.060000,0,0,0
MI,48091,MICHIGAN STATE,AWMB,0.060000,0.060000,0,0,0
MI,48092,MICHIGAN STATE,AWMB,0.060000,0.060000,0,0,0
MI,48093,MICHIGAN STATE,AWMB,0.060000,0.060000,0,0,0
MI,48094,MICHIGAN STATE,AWMB,0.060000,0.060000,0,0,0
MI,48095,MICHIGAN STATE,AWMB,0.060000,0.060000,0,0,0
MI,48096,MICHIGAN STATE,AWMB,0.060000,0.060000,0,0,0
MI,48097,MICHIGAN STATE,AWMB,0.060000,0.060000,0,0,0
MI,48098,MICHIGAN STATE,AWMB,0.060000,0.060000,0,0,0
MI,48099,MICHIGAN STATE,AWMB,0.060000,0.060000,0,0,0
MI,48101,MICHIGAN STATE,AWMB,0.060000,0.060000,0,0,0
MI,48103,MICHIGAN STATE,AWMB,0.060000,0.060000,0,0,0
MI,48104,MICHIGAN STATE,AWMB,0.060000,0.060000,0,0,0
MI,48105,MICHIGAN STATE,AWMB,0.060000,0.060000,0,0,0
MI,48106,MICHIGAN STATE,AWMB,0.060000,0.060000,0,0,0
MI,48107,MICHIGAN STATE,AWMB,0.060000,0.060000,0,0,0
MI,48108,MICHIGAN STATE,AWMB,0.060000,0.060000,0,0,0
MI,48109,MICHIGAN STATE,AWMB,0.060000,0.060000,0,0,0
MI,48110,MICHIGAN STATE,AWMB,0.060000,0.060000,0,0,0
MI,48111,MICHIGAN STATE,AWMB,0.060000,0.060000,0,0,0
MI,48112,MICHIGAN STATE,AWMB,0.060000,0.060000,0,0,0
MI,48113,MICHIGAN STATE,AWMB,0.060000,0.060000,0,0,0
MI,48114,MICHIGAN STATE,AWMB,0.060000,0.060000,0,0,0
MI,48115,MICHIGAN STATE,AWMB,0.060000,0.060000,0,0,0
MI,48116,MICHIGAN STATE,AWMB,0.060000,0.060000,0,0,0
MI,48117,MICHIGAN STATE,AWMB,0.060000,0.060000,0,0,0
MI,48118,MICHIGAN STATE,AWMB,0.060000,0.060000,0,0,0
MI,48120,MICHIGAN STATE,AWMB,0.060000,0.060000,0,0,0
MI,48121,MICHIGAN STATE,AWMB,0.060000,0.060000,0,0,0
MI,48122,MICHIGAN STATE,AWMB,0.060000,0.060000,0,0,0
MI,48123,MICHIGAN STATE,AWMB,0.060000,0.060000,0,0,0
MI,48124,MICHIGAN STATE,AWMB,0.060000,0.060000,0,0,0
MI,48125,MICHIGAN STATE,AWMB,0.060000,0.060000,0,0,0
MI,48126,MICHIGAN STATE,AWMB,0.060000,0.060000,0,0,0
MI,48127,MICHIGAN STATE,AWMB,0.060000,0.060000,0,0,0
MI,48128,MICHIGAN STATE,AWMB,0.060000,0.060000,0,0,0
MI,48130,MICHIGAN STATE,AWMB,0.060000,0.060000,0,0,0
MI,48131,MICHIGAN STATE,AWMB,0.060000,0.060000,0,0,0
MI,48133,MICHIGAN STATE,AWMB,0.060000,0.060000,0,0,0
MI,48134,MICHIGAN STATE,AWMB,0.060000,0.060000,0,0,0
MI,48135,MICHIGAN STATE,AWMB,0.060000,0.060000,0,0,0
MI,48136,MICHIGAN STATE,AWMB,0.060000,0.060000,0,0,0
MI,48137,MICHIGAN STATE,AWMB,0.060000,0.060000,0,0,0
MI,48138,MICHIGAN STATE,AWMB,0.060000,0.060000,0,0,0
MI,48139,MICHIGAN STATE,AWMB,0.060000,0.060000,0,0,0
MI,48140,MICHIGAN STATE,AWMB,0.060000,0.060000,0,0,0
MI,48141,MICHIGAN STATE,AWMB,0.060000,0.060000,0,0,0
MI,48143,MICHIGAN STATE,AWMB,0.060000,0.060000,0,0,0
MI,48144,MICHIGAN STATE,AWMB,0.060000,0.060000,0,0,0
MI,48145,MICHIGAN STATE,AWMB,0.060000,0.060000,0,0,0
MI,48146,MICHIGAN STATE,AWMB,0.060000,0.060000,0,0,0
MI,48150,MICHIGAN STATE,AWMB,0.060000,0.060000,0,0,0
MI,48151,MICHIGAN STATE,AWMB,0.060000,0.060000,0,0,0
MI,48152,MICHIGAN STATE,AWMB,0.060000,0.060000,0,0,0
MI,48153,MICHIGAN STATE,AWMB,0.060000,0.060000,0,0,0
MI,48154,MICHIGAN STATE,AWMB,0.060000,0.060000,0,0,0
MI,48157,MICHIGAN STATE,AWMB,0.060000,0.060000,0,0,0
MI,48158,MICHIGAN STATE,AWMB,0.060000,0.060000,0,0,0
MI,48159,MICHIGAN STATE,AWMB,0.060000,0.060000,0,0,0
MI,48160,MICHIGAN STATE,AWMB,0.060000,0.060000,0,0,0
MI,48161,MICHIGAN STATE,AWMB,0.060000,0.060000,0,0,0
MI,48162,MICHIGAN STATE,AWMB,0.060000,0.060000,0,0,0
MI,48164,MICHIGAN STATE,AWMB,0.060000,0.060000,0,0,0
MI,48165,MICHIGAN STATE,AWMB,0.060000,0.060000,0,0,0
MI,48166,MICHIGAN STATE,AWMB,0.060000,0.060000,0,0,0
MI,48167,MICHIGAN STATE,AWMB,0.060000,0.060000,0,0,0
MI,48168,MICHIGAN STATE,AWMB,0.060000,0.060000,0,0,0
MI,48169,MICHIGAN STATE,AWMB,0.060000,0.060000,0,0,0
MI,48170,MICHIGAN STATE,AWMB,0.060000,0.060000,0,0,0
MI,48173,MICHIGAN STATE,AWMB,0.060000,0.060000,0,0,0
MI,48174,MICHIGAN STATE,AWMB,0.060000,0.060000,0,0,0
MI,48175,MICHIGAN STATE,AWMB,0.060000,0.060000,0,0,0
MI,48176,MICHIGAN STATE,AWMB,0.060000,0.060000,0,0,0
MI,48177,MICHIGAN STATE,AWMB,0.060000,0.060000,0,0,0
MI,48178,MICHIGAN STATE,AWMB,0.060000,0.060000,0,0,0
MI,48179,MICHIGAN STATE,AWMB,0.060000,0.060000,0,0,0
MI,48180,MICHIGAN STATE,AWMB,0.060000,0.060000,0,0,0
MI,48182,MICHIGAN STATE,AWMB,0.060000,0.060000,0,0,0
MI,48183,MICHIGAN STATE,AWMB,0.060000,0.060000,0,0,0
MI,48184,MICHIGAN STATE,AWMB,0.060000,0.060000,0,0,0
MI,48185,MICHIGAN STATE,AWMB,0.060000,0.060000,0,0,0
MI,48186,MICHIGAN STATE,AWMB,0.060000,0.060000,0,0,0
MI,48187,MICHIGAN STATE,AWMB,0.060000,0.060000,0,0,0
MI,48188,MICHIGAN STATE,AWMB,0.060000,0.060000,0,0,0
MI,48189,MICHIGAN STATE,AWMB,0.060000,0.060000,0,0,0
MI,48190,MICHIGAN STATE,AWMB,0.060000,0.060000,0,0,0
MI,48191,MICHIGAN STATE,AWMB,0.060000,0.060000,0,0,0
MI,48192,MICHIGAN STATE,AWMB,0.060000,0.060000,0,0,0
MI,48193,MICHIGAN STATE,AWMB,0.060000,0.060000,0,0,0
MI,48195,MICHIGAN STATE,AWMB,0.060000,0.060000,0,0,0
MI,48197,MICHIGAN STATE,AWMB,0.060000,0.060000,0,0,0
MI,48198,MICHIGAN STATE,AWMB,0.060000,0.060000,0,0,0
MI,48201,MICHIGAN STATE,AWMB,0.060000,0.060000,0,0,0
MI,48202,MICHIGAN STATE,AWMB,0.060000,0.060000,0,0,0
MI,48203,MICHIGAN STATE,AWMB,0.060000,0.060000,0,0,0
MI,48204,MICHIGAN STATE,AWMB,0.060000,0.060000,0,0,0
MI,48205,MICHIGAN STATE,AWMB,0.060000,0.060000,0,0,0
MI,48206,MICHIGAN STATE,AWMB,0.060000,0.060000,0,0,0
MI,48207,MICHIGAN STATE,AWMB,0.060000,0.060000,0,0,0
MI,48208,MICHIGAN STATE,AWMB,0.060000,0.060000,0,0,0
MI,48209,MICHIGAN STATE,AWMB,0.060000,0.060000,0,0,0
MI,48210,MICHIGAN STATE,AWMB,0.060000,0.060000,0,0,0
MI,48211,MICHIGAN STATE,AWMB,0.060000,0.060000,0,0,0
MI,48212,MICHIGAN STATE,AWMB,0.060000,0.060000,0,0,0
MI,48213,MICHIGAN STATE,AWMB,0.060000,0.060000,0,0,0
MI,48214,MICHIGAN STATE,AWMB,0.060000,0.060000,0,0,0
MI,48215,MICHIGAN STATE,AWMB,0.060000,0.060000,0,0,0
MI,48216,MICHIGAN STATE,AWMB,0.060000,0.060000,0,0,0
MI,48217,MICHIGAN STATE,AWMB,0.060000,0.060000,0,0,0
MI,48218,MICHIGAN STATE,AWMB,0.060000,0.060000,0,0,0
MI,48219,MICHIGAN STATE,AWMB,0.060000,0.060000,0,0,0
MI,48220,MICHIGAN STATE,AWMB,0.060000,0.060000,0,0,0
MI,48221,MICHIGAN STATE,AWMB,0.060000,0.060000,0,0,0
MI,48222,MICHIGAN STATE,AWMB,0.060000,0.060000,0,0,0
MI,48223,MICHIGAN STATE,AWMB,0.060000,0.060000,0,0,0
MI,48224,MICHIGAN STATE,AWMB,0.060000,0.060000,0,0,0
MI,48225,MICHIGAN STATE,AWMB,0.060000,0.060000,0,0,0
MI,48226,MICHIGAN STATE,AWMB,0.060000,0.060000,0,0,0
MI,48227,MICHIGAN STATE,AWMB,0.060000,0.060000,0,0,0
MI,48228,MICHIGAN STATE,AWMB,0.060000,0.060000,0,0,0
MI,48229,MICHIGAN STATE,AWMB,0.060000,0.060000,0,0,0
MI,48230,MICHIGAN STATE,AWMB,0.060000,0.060000,0,0,0
MI,48231,MICHIGAN STATE,AWMB,0.060000,0.060000,0,0,0
MI,48232,MICHIGAN STATE,AWMB,0.060000,0.060000,0,0,0
MI,48233,MICHIGAN STATE,AWMB,0.060000,0.060000,0,0,0
MI,48234,MICHIGAN STATE,AWMB,0.060000,0.060000,0,0,0
MI,48235,MICHIGAN STATE,AWMB,0.060000,0.060000,0,0,0
MI,48236,MICHIGAN STATE,AWMB,0.060000,0.060000,0,0,0
MI,48237,MICHIGAN STATE,AWMB,0.060000,0.060000,0,0,0
MI,48238,MICHIGAN STATE,AWMB,0.060000,0.060000,0,0,0
MI,48239,MICHIGAN STATE,AWMB,0.060000,0.060000,0,0,0
MI,48240,MICHIGAN STATE,AWMB,0.060000,0.060000,0,0,0
MI,48242,MICHIGAN STATE,AWMB,0.060000,0.060000,0,0,0
MI,48243,MICHIGAN STATE,AWMB,0.060000,0.060000,0,0,0
MI,48244,MICHIGAN STATE,AWMB,0.060000,0.060000,0,0,0
MI,48255,MICHIGAN STATE,AWMB,0.060000,0.060000,0,0,0
MI,48260,MICHIGAN STATE,AWMB,0.060000,0.060000,0,0,0
MI,48264,MICHIGAN STATE,AWMB,0.060000,0.060000,0,0,0
MI,48265,MICHIGAN STATE,AWMB,0.060000,0.060000,0,0,0
MI,48266,MICHIGAN STATE,AWMB,0.060000,0.060000,0,0,0
MI,48267,MICHIGAN STATE,AWMB,0.060000,0.060000,0,0,0
MI,48268,MICHIGAN STATE,AWMB,0.060000,0.060000,0,0,0
MI,48269,MICHIGAN STATE,AWMB,0.060000,0.060000,0,0,0
MI,48272,MICHIGAN STATE,AWMB,0.060000,0.060000,0,0,0
MI,48275,MICHIGAN STATE,AWMB,0.060000,0.060000,0,0,0
MI,48277,MICHIGAN STATE,AWMB,0.060000,0.060000,0,0,0
MI,48278,MICHIGAN STATE,AWMB,0.060000,0.060000,0,0,0
MI,48279,MICHIGAN STATE,AWMB,0.060000,0.060000,0,0,0
MI,48288,MICHIGAN STATE,AWMB,0.060000,0.060000,0,0,0
MI,48301,MICHIGAN STATE,AWMB,0.060000,0.060000,0,0,0
MI,48302,MICHIGAN STATE,AWMB,0.060000,0.060000,0,0,0
MI,48303,MICHIGAN STATE,AWMB,0.060000,0.060000,0,0,0
MI,48304,MICHIGAN STATE,AWMB,0.060000,0.060000,0,0,0
MI,48306,MICHIGAN STATE,AWMB,0.060000,0.060000,0,0,0
MI,48307,MICHIGAN STATE,AWMB,0.060000,0.060000,0,0,0
MI,48308,MICHIGAN STATE,AWMB,0.060000,0.060000,0,0,0
MI,48309,MICHIGAN STATE,AWMB,0.060000,0.060000,0,0,0
MI,48310,MICHIGAN STATE,AWMB,0.060000,0.060000,0,0,0
MI,48311,MICHIGAN STATE,AWMB,0.060000,0.060000,0,0,0
MI,48312,MICHIGAN STATE,AWMB,0.060000,0.060000,0,0,0
MI,48313,MICHIGAN STATE,AWMB,0.060000,0.060000,0,0,0
MI,48314,MICHIGAN STATE,AWMB,0.060000,0.060000,0,0,0
MI,48315,MICHIGAN STATE,AWMB,0.060000,0.060000,0,0,0
MI,48316,MICHIGAN STATE,AWMB,0.060000,0.060000,0,0,0
MI,48317,MICHIGAN STATE,AWMB,0.060000,0.060000,0,0,0
MI,48318,MICHIGAN STATE,AWMB,0.060000,0.060000,0,0,0
MI,48320,MICHIGAN STATE,AWMB,0.060000,0.060000,0,0,0
MI,48321,MICHIGAN STATE,AWMB,0.060000,0.060000,0,0,0
MI,48322,MICHIGAN STATE,AWMB,0.060000,0.060000,0,0,0
MI,48323,MICHIGAN STATE,AWMB,0.060000,0.060000,0,0,0
MI,48324,MICHIGAN STATE,AWMB,0.060000,0.060000,0,0,0
MI,48325,MICHIGAN STATE,AWMB,0.060000,0.060000,0,0,0
MI,48326,MICHIGAN STATE,AWMB,0.060000,0.060000,0,0,0
MI,48327,MICHIGAN STATE,AWMB,0.060000,0.060000,0,0,0
MI,48328,MICHIGAN STATE,AWMB,0.060000,0.060000,0,0,0
MI,48329,MICHIGAN STATE,AWMB,0.060000,0.060000,0,0,0
MI,48330,MICHIGAN STATE,AWMB,0.060000,0.060000,0,0,0
MI,48331,MICHIGAN STATE,AWMB,0.060000,0.060000,0,0,0
MI,48332,MICHIGAN STATE,AWMB,0.060000,0.060000,0,0,0
MI,48333,MICHIGAN STATE,AWMB,0.060000,0.060000,0,0,0
MI,48334,MICHIGAN STATE,AWMB,0.060000,0.060000,0,0,0
MI,48335,MICHIGAN STATE,AWMB,0.060000,0.060000,0,0,0
MI,48336,MICHIGAN STATE,AWMB,0.060000,0.060000,0,0,0
MI,48340,MICHIGAN STATE,AWMB,0.060000,0.060000,0,0,0
MI,48341,MICHIGAN STATE,AWMB,0.060000,0.060000,0,0,0
MI,48342,MICHIGAN STATE,AWMB,0.060000,0.060000,0,0,0
MI,48343,MICHIGAN STATE,AWMB,0.060000,0.060000,0,0,0
MI,48346,MICHIGAN STATE,AWMB,0.060000,0.060000,0,0,0
MI,48347,MICHIGAN STATE,AWMB,0.060000,0.060000,0,0,0
MI,48348,MICHIGAN STATE,AWMB,0.060000,0.060000,0,0,0
MI,48350,MICHIGAN STATE,AWMB,0.060000,0.060000,0,0,0
MI,48353,MICHIGAN STATE,AWMB,0.060000,0.060000,0,0,0
MI,48356,MICHIGAN STATE,AWMB,0.060000,0.060000,0,0,0
MI,48357,MICHIGAN STATE,AWMB,0.060000,0.060000,0,0,0
MI,48359,MICHIGAN STATE,AWMB,0.060000,0.060000,0,0,0
MI,48360,MICHIGAN STATE,AWMB,0.060000,0.060000,0,0,0
MI,48361,MICHIGAN STATE,AWMB,0.060000,0.060000,0,0,0
MI,48362,MICHIGAN STATE,AWMB,0.060000,0.060000,0,0,0
MI,48363,MICHIGAN STATE,AWMB,0.060000,0.060000,0,0,0
MI,48366,MICHIGAN STATE,AWMB,0.060000,0.060000,0,0,0
MI,48367,MICHIGAN STATE,AWMB,0.060000,0.060000,0,0,0
MI,48370,MICHIGAN STATE,AWMB,0.060000,0.060000,0,0,0
MI,48371,MICHIGAN STATE,AWMB,0.060000,0.060000,0,0,0
MI,48374,MICHIGAN STATE,AWMB,0.060000,0.060000,0,0,0
MI,48375,MICHIGAN STATE,AWMB,0.060000,0.060000,0,0,0
MI,48376,MICHIGAN STATE,AWMB,0.060000,0.060000,0,0,0
MI,48377,MICHIGAN STATE,AWMB,0.060000,0.060000,0,0,0
MI,48380,MICHIGAN STATE,AWMB,0.060000,0.060000,0,0,0
MI,48381,MICHIGAN STATE,AWMB,0.060000,0.060000,0,0,0
MI,48382,MICHIGAN STATE,AWMB,0.060000,0.060000,0,0,0
MI,48383,MICHIGAN STATE,AWMB,0.060000,0.060000,0,0,0
MI,48386,MICHIGAN STATE,AWMB,0.060000,0.060000,0,0,0
MI,48387,MICHIGAN STATE,AWMB,0.060000,0.060000,0,0,0
MI,48390,MICHIGAN STATE,AWMB,0.060000,0.060000,0,0,0
MI,48393,MICHIGAN STATE,AWMB,0.060000,0.060000,0,0,0
MI,48397,MICHIGAN STATE,AWMB,0.060000,0.060000,0,0,0
MI,48401,MICHIGAN STATE,AWMB,0.060000,0.060000,0,0,0
MI,48410,MICHIGAN STATE,AWMB,0.060000,0.060000,0,0,0
MI,48411,MICHIGAN STATE,AWMB,0.060000,0.060000,0,0,0
MI,48412,MICHIGAN STATE,AWMB,0.060000,0.060000,0,0,0
MI,48413,MICHIGAN STATE,AWMB,0.060000,0.060000,0,0,0
MI,48414,MICHIGAN STATE,AWMB,0.060000,0.060000,0,0,0
MI,48415,MICHIGAN STATE,AWMB,0.060000,0.060000,0,0,0
MI,48416,MICHIGAN STATE,AWMB,0.060000,0.060000,0,0,0
MI,48417,MICHIGAN STATE,AWMB,0.060000,0.060000,0,0,0
MI,48418,MICHIGAN STATE,AWMB,0.060000,0.060000,0,0,0
MI,48419,MICHIGAN STATE,AWMB,0.060000,0.060000,0,0,0
MI,48420,MICHIGAN STATE,AWMB,0.060000,0.060000,0,0,0
MI,48421,MICHIGAN STATE,AWMB,0.060000,0.060000,0,0,0
MI,48422,MICHIGAN STATE,AWMB,0.060000,0.060000,0,0,0
MI,48423,MICHIGAN STATE,AWMB,0.060000,0.060000,0,0,0
MI,48426,MICHIGAN STATE,AWMB,0.060000,0.060000,0,0,0
MI,48427,MICHIGAN STATE,AWMB,0.060000,0.060000,0,0,0
MI,48428,MICHIGAN STATE,AWMB,0.060000,0.060000,0,0,0
MI,48429,MICHIGAN STATE,AWMB,0.060000,0.060000,0,0,0
MI,48430,MICHIGAN STATE,AWMB,0.060000,0.060000,0,0,0
MI,48432,MICHIGAN STATE,AWMB,0.060000,0.060000,0,0,0
MI,48433,MICHIGAN STATE,AWMB,0.060000,0.060000,0,0,0
MI,48434,MICHIGAN STATE,AWMB,0.060000,0.060000,0,0,0
MI,48435,MICHIGAN STATE,AWMB,0.060000,0.060000,0,0,0
MI,48436,MICHIGAN STATE,AWMB,0.060000,0.060000,0,0,0
MI,48437,MICHIGAN STATE,AWMB,0.060000,0.060000,0,0,0
MI,48438,MICHIGAN STATE,AWMB,0.060000,0.060000,0,0,0
MI,48439,MICHIGAN STATE,AWMB,0.060000,0.060000,0,0,0
MI,48440,MICHIGAN STATE,AWMB,0.060000,0.060000,0,0,0
MI,48441,MICHIGAN STATE,AWMB,0.060000,0.060000,0,0,0
MI,48442,MICHIGAN STATE,AWMB,0.060000,0.060000,0,0,0
MI,48444,MICHIGAN STATE,AWMB,0.060000,0.060000,0,0,0
MI,48445,MICHIGAN STATE,AWMB,0.060000,0.060000,0,0,0
MI,48446,MICHIGAN STATE,AWMB,0.060000,0.060000,0,0,0
MI,48449,MICHIGAN STATE,AWMB,0.060000,0.060000,0,0,0
MI,48450,MICHIGAN STATE,AWMB,0.060000,0.060000,0,0,0
MI,48451,MICHIGAN STATE,AWMB,0.060000,0.060000,0,0,0
MI,48453,MICHIGAN STATE,AWMB,0.060000,0.060000,0,0,0
MI,48454,MICHIGAN STATE,AWMB,0.060000,0.060000,0,0,0
MI,48455,MICHIGAN STATE,AWMB,0.060000,0.060000,0,0,0
MI,48456,MICHIGAN STATE,AWMB,0.060000,0.060000,0,0,0
MI,48457,MICHIGAN STATE,AWMB,0.060000,0.060000,0,0,0
MI,48458,MICHIGAN STATE,AWMB,0.060000,0.060000,0,0,0
MI,48460,MICHIGAN STATE,AWMB,0.060000,0.060000,0,0,0
MI,48461,MICHIGAN STATE,AWMB,0.060000,0.060000,0,0,0
MI,48462,MICHIGAN STATE,AWMB,0.060000,0.060000,0,0,0
MI,48463,MICHIGAN STATE,AWMB,0.060000,0.060000,0,0,0
MI,48464,MICHIGAN STATE,AWMB,0.060000,0.060000,0,0,0
MI,48465,MICHIGAN STATE,AWMB,0.060000,0.060000,0,0,0
MI,48466,MICHIGAN STATE,AWMB,0.060000,0.060000,0,0,0
MI,48467,MICHIGAN STATE,AWMB,0.060000,0.060000,0,0,0
MI,48468,MICHIGAN STATE,AWMB,0.060000,0.060000,0,0,0
MI,48469,MICHIGAN STATE,AWMB,0.060000,0.060000,0,0,0
MI,48470,MICHIGAN STATE,AWMB,0.060000,0.060000,0,0,0
MI,48471,MICHIGAN STATE,AWMB,0.060000,0.060000,0,0,0
MI,48472,MICHIGAN STATE,AWMB,0.060000,0.060000,0,0,0
MI,48473,MICHIGAN STATE,AWMB,0.060000,0.060000,0,0,0
MI,48475,MICHIGAN STATE,AWMB,0.060000,0.060000,0,0,0
MI,48476,MICHIGAN STATE,AWMB,0.060000,0.060000,0,0,0
MI,48480,MICHIGAN STATE,AWMB,0.060000,0.060000,0,0,0
MI,48501,MICHIGAN STATE,AWMB,0.060000,0.060000,0,0,0
MI,48502,MICHIGAN STATE,AWMB,0.060000,0.060000,0,0,0
MI,48503,MICHIGAN STATE,AWMB,0.060000,0.060000,0,0,0
MI,48504,MICHIGAN STATE,AWMB,0.060000,0.060000,0,0,0
MI,48505,MICHIGAN STATE,AWMB,0.060000,0.060000,0,0,0
MI,48506,MICHIGAN STATE,AWMB,0.060000,0.060000,0,0,0
MI,48507,MICHIGAN STATE,AWMB,0.060000,0.060000,0,0,0
MI,48509,MICHIGAN STATE,AWMB,0.060000,0.060000,0,0,0
MI,48519,MICHIGAN STATE,AWMB,0.060000,0.060000,0,0,0
MI,48529,MICHIGAN STATE,AWMB,0.060000,0.060000,0,0,0
MI,48531,MICHIGAN STATE,AWMB,0.060000,0.060000,0,0,0
MI,48532,MICHIGAN STATE,AWMB,0.060000,0.060000,0,0,0
MI,48550,MICHIGAN STATE,AWMB,0.060000,0.060000,0,0,0
MI,48551,MICHIGAN STATE,AWMB,0.060000,0.060000,0,0,0
MI,48552,MICHIGAN STATE,AWMB,0.060000,0.060000,0,0,0
MI,48553,MICHIGAN STATE,AWMB,0.060000,0.060000,0,0,0
MI,48554,MICHIGAN STATE,AWMB,0.060000,0.060000,0,0,0
MI,48555,MICHIGAN STATE,AWMB,0.060000,0.060000,0,0,0
MI,48556,MICHIGAN STATE,AWMB,0.060000,0.060000,0,0,0
MI,48557,MICHIGAN STATE,AWMB,0.060000,0.060000,0,0,0
MI,48601,MICHIGAN STATE,AWMB,0.060000,0.060000,0,0,0
MI,48602,MICHIGAN STATE,AWMB,0.060000,0.060000,0,0,0
MI,48603,MICHIGAN STATE,AWMB,0.060000,0.060000,0,0,0
MI,48604,MICHIGAN STATE,AWMB,0.060000,0.060000,0,0,0
MI,48605,MICHIGAN STATE,AWMB,0.060000,0.060000,0,0,0
MI,48606,MICHIGAN STATE,AWMB,0.060000,0.060000,0,0,0
MI,48607,MICHIGAN STATE,AWMB,0.060000,0.060000,0,0,0
MI,48608,MICHIGAN STATE,AWMB,0.060000,0.060000,0,0,0
MI,48609,MICHIGAN STATE,AWMB,0.060000,0.060000,0,0,0
MI,48610,MICHIGAN STATE,AWMB,0.060000,0.060000,0,0,0
MI,48611,MICHIGAN STATE,AWMB,0.060000,0.060000,0,0,0
MI,48612,MICHIGAN STATE,AWMB,0.060000,0.060000,0,0,0
MI,48613,MICHIGAN STATE,AWMB,0.060000,0.060000,0,0,0
MI,48614,MICHIGAN STATE,AWMB,0.060000,0.060000,0,0,0
MI,48615,MICHIGAN STATE,AWMB,0.060000,0.060000,0,0,0
MI,48616,MICHIGAN STATE,AWMB,0.060000,0.060000,0,0,0
MI,48617,MICHIGAN STATE,AWMB,0.060000,0.060000,0,0,0
MI,48618,MICHIGAN STATE,AWMB,0.060000,0.060000,0,0,0
MI,48619,MICHIGAN STATE,AWMB,0.060000,0.060000,0,0,0
MI,48620,MICHIGAN STATE,AWMB,0.060000,0.060000,0,0,0
MI,48621,MICHIGAN STATE,AWMB,0.060000,0.060000,0,0,0
MI,48622,MICHIGAN STATE,AWMB,0.060000,0.060000,0,0,0
MI,48623,MICHIGAN STATE,AWMB,0.060000,0.060000,0,0,0
MI,48624,MICHIGAN STATE,AWMB,0.060000,0.060000,0,0,0
MI,48625,MICHIGAN STATE,AWMB,0.060000,0.060000,0,0,0
MI,48626,MICHIGAN STATE,AWMB,0.060000,0.060000,0,0,0
MI,48627,MICHIGAN STATE,AWMB,0.060000,0.060000,0,0,0
MI,48628,MICHIGAN STATE,AWMB,0.060000,0.060000,0,0,0
MI,48629,MICHIGAN STATE,AWMB,0.060000,0.060000,0,0,0
MI,48630,MICHIGAN STATE,AWMB,0.060000,0.060000,0,0,0
MI,48631,MICHIGAN STATE,AWMB,0.060000,0.060000,0,0,0
MI,48632,MICHIGAN STATE,AWMB,0.060000,0.060000,0,0,0
MI,48633,MICHIGAN STATE,AWMB,0.060000,0.060000,0,0,0
MI,48634,MICHIGAN STATE,AWMB,0.060000,0.060000,0,0,0
MI,48635,MICHIGAN STATE,AWMB,0.060000,0.060000,0,0,0
MI,48636,MICHIGAN STATE,AWMB,0.060000,0.060000,0,0,0
MI,48637,MICHIGAN STATE,AWMB,0.060000,0.060000,0,0,0
MI,48638,MICHIGAN STATE,AWMB,0.060000,0.060000,0,0,0
MI,48640,MICHIGAN STATE,AWMB,0.060000,0.060000,0,0,0
MI,48641,MICHIGAN STATE,AWMB,0.060000,0.060000,0,0,0
MI,48642,MICHIGAN STATE,AWMB,0.060000,0.060000,0,0,0
MI,48647,MICHIGAN STATE,AWMB,0.060000,0.060000,0,0,0
MI,48649,MICHIGAN STATE,AWMB,0.060000,0.060000,0,0,0
MI,48650,MICHIGAN STATE,AWMB,0.060000,0.060000,0,0,0
MI,48651,MICHIGAN STATE,AWMB,0.060000,0.060000,0,0,0
MI,48652,MICHIGAN STATE,AWMB,0.060000,0.060000,0,0,0
MI,48653,MICHIGAN STATE,AWMB,0.060000,0.060000,0,0,0
MI,48654,MICHIGAN STATE,AWMB,0.060000,0.060000,0,0,0
MI,48655,MICHIGAN STATE,AWMB,0.060000,0.060000,0,0,0
MI,48656,MICHIGAN STATE,AWMB,0.060000,0.060000,0,0,0
MI,48657,MICHIGAN STATE,AWMB,0.060000,0.060000,0,0,0
MI,48658,MICHIGAN STATE,AWMB,0.060000,0.060000,0,0,0
MI,48659,MICHIGAN STATE,AWMB,0.060000,0.060000,0,0,0
MI,48661,MICHIGAN STATE,AWMB,0.060000,0.060000,0,0,0
MI,48662,MICHIGAN STATE,AWMB,0.060000,0.060000,0,0,0
MI,48663,MICHIGAN STATE,AWMB,0.060000,0.060000,0,0,0
MI,48667,MICHIGAN STATE,AWMB,0.060000,0.060000,0,0,0
MI,48670,MICHIGAN STATE,AWMB,0.060000,0.060000,0,0,0
MI,48674,MICHIGAN STATE,AWMB,0.060000,0.060000,0,0,0
MI,48686,MICHIGAN STATE,AWMB,0.060000,0.060000,0,0,0
MI,48701,MICHIGAN STATE,AWMB,0.060000,0.060000,0,0,0
MI,48703,MICHIGAN STATE,AWMB,0.060000,0.060000,0,0,0
MI,48705,MICHIGAN STATE,AWMB,0.060000,0.060000,0,0,0
MI,48706,MICHIGAN STATE,AWMB,0.060000,0.060000,0,0,0
MI,48707,MICHIGAN STATE,AWMB,0.060000,0.060000,0,0,0
MI,48708,MICHIGAN STATE,AWMB,0.060000,0.060000,0,0,0
MI,48720,MICHIGAN STATE,AWMB,0.060000,0.060000,0,0,0
MI,48721,MICHIGAN STATE,AWMB,0.060000,0.060000,0,0,0
MI,48722,MICHIGAN STATE,AWMB,0.060000,0.060000,0,0,0
MI,48723,MICHIGAN STATE,AWMB,0.060000,0.060000,0,0,0
MI,48724,MICHIGAN STATE,AWMB,0.060000,0.060000,0,0,0
MI,48725,MICHIGAN STATE,AWMB,0.060000,0.060000,0,0,0
MI,48726,MICHIGAN STATE,AWMB,0.060000,0.060000,0,0,0
MI,48727,MICHIGAN STATE,AWMB,0.060000,0.060000,0,0,0
MI,48728,MICHIGAN STATE,AWMB,0.060000,0.060000,0,0,0
MI,48729,MICHIGAN STATE,AWMB,0.060000,0.060000,0,0,0
MI,48730,MICHIGAN STATE,AWMB,0.060000,0.060000,0,0,0
MI,48731,MICHIGAN STATE,AWMB,0.060000,0.060000,0,0,0
MI,48732,MICHIGAN STATE,AWMB,0.060000,0.060000,0,0,0
MI,48733,MICHIGAN STATE,AWMB,0.060000,0.060000,0,0,0
MI,48734,MICHIGAN STATE,AWMB,0.060000,0.060000,0,0,0
MI,48735,MICHIGAN STATE,AWMB,0.060000,0.060000,0,0,0
MI,48737,MICHIGAN STATE,AWMB,0.060000,0.060000,0,0,0
MI,48738,MICHIGAN STATE,AWMB,0.060000,0.060000,0,0,0
MI,48739,MICHIGAN STATE,AWMB,0.060000,0.060000,0,0,0
MI,48740,MICHIGAN STATE,AWMB,0.060000,0.060000,0,0,0
MI,48741,MICHIGAN STATE,AWMB,0.060000,0.060000,0,0,0
MI,48742,MICHIGAN STATE,AWMB,0.060000,0.060000,0,0,0
MI,48743,MICHIGAN STATE,AWMB,0.060000,0.060000,0,0,0
MI,48744,MICHIGAN STATE,AWMB,0.060000,0.060000,0,0,0
MI,48745,MICHIGAN STATE,AWMB,0.060000,0.060000,0,0,0
MI,48746,MICHIGAN STATE,AWMB,0.060000,0.060000,0,0,0
MI,48747,MICHIGAN STATE,AWMB,0.060000,0.060000,0,0,0
MI,48748,MICHIGAN STATE,AWMB,0.060000,0.060000,0,0,0
MI,48749,MICHIGAN STATE,AWMB,0.060000,0.060000,0,0,0
MI,48750,MICHIGAN STATE,AWMB,0.060000,0.060000,0,0,0
MI,48754,MICHIGAN STATE,AWMB,0.060000,0.060000,0,0,0
MI,48755,MICHIGAN STATE,AWMB,0.060000,0.060000,0,0,0
MI,48756,MICHIGAN STATE,AWMB,0.060000,0.060000,0,0,0
MI,48757,MICHIGAN STATE,AWMB,0.060000,0.060000,0,0,0
MI,48758,MICHIGAN STATE,AWMB,0.060000,0.060000,0,0,0
MI,48759,MICHIGAN STATE,AWMB,0.060000,0.060000,0,0,0
MI,48760,MICHIGAN STATE,AWMB,0.060000,0.060000,0,0,0
MI,48761,MICHIGAN STATE,AWMB,0.060000,0.060000,0,0,0
MI,48762,MICHIGAN STATE,AWMB,0.060000,0.060000,0,0,0
MI,48763,MICHIGAN STATE,AWMB,0.060000,0.060000,0,0,0
MI,48764,MICHIGAN STATE,AWMB,0.060000,0.060000,0,0,0
MI,48765,MICHIGAN STATE,AWMB,0.060000,0.060000,0,0,0
MI,48766,MICHIGAN STATE,AWMB,0.060000,0.060000,0,0,0
MI,48767,MICHIGAN STATE,AWMB,0.060000,0.060000,0,0,0
MI,48768,MICHIGAN STATE,AWMB,0.060000,0.060000,0,0,0
MI,48770,MICHIGAN STATE,AWMB,0.060000,0.060000,0,0,0
MI,48787,MICHIGAN STATE,AWMB,0.060000,0.060000,0,0,0
MI,48801,MICHIGAN STATE,AWMB,0.060000,0.060000,0,0,0
MI,48804,MICHIGAN STATE,AWMB,0.060000,0.060000,0,0,0
MI,48805,MICHIGAN STATE,AWMB,0.060000,0.060000,0,0,0
MI,48806,MICHIGAN STATE,AWMB,0.060000,0.060000,0,0,0
MI,48807,MICHIGAN STATE,AWMB,0.060000,0.060000,0,0,0
MI,48808,MICHIGAN STATE,AWMB,0.060000,0.060000,0,0,0
MI,48809,MICHIGAN STATE,AWMB,0.060000,0.060000,0,0,0
MI,48811,MICHIGAN STATE,AWMB,0.060000,0.060000,0,0,0
MI,48812,MICHIGAN STATE,AWMB,0.060000,0.060000,0,0,0
MI,48813,MICHIGAN STATE,AWMB,0.060000,0.060000,0,0,0
MI,48815,MICHIGAN STATE,AWMB,0.060000,0.060000,0,0,0
MI,48816,MICHIGAN STATE,AWMB,0.060000,0.060000,0,0,0
MI,48817,MICHIGAN STATE,AWMB,0.060000,0.060000,0,0,0
MI,48818,MICHIGAN STATE,AWMB,0.060000,0.060000,0,0,0
MI,48819,MICHIGAN STATE,AWMB,0.060000,0.060000,0,0,0
MI,48820,MICHIGAN STATE,AWMB,0.060000,0.060000,0,0,0
MI,48821,MICHIGAN STATE,AWMB,0.060000,0.060000,0,0,0
MI,48822,MICHIGAN STATE,AWMB,0.060000,0.060000,0,0,0
MI,48823,MICHIGAN STATE,AWMB,0.060000,0.060000,0,0,0
MI,48824,MICHIGAN STATE,AWMB,0.060000,0.060000,0,0,0
MI,48825,MICHIGAN STATE,AWMB,0.060000,0.060000,0,0,0
MI,48826,MICHIGAN STATE,AWMB,0.060000,0.060000,0,0,0
MI,48827,MICHIGAN STATE,AWMB,0.060000,0.060000,0,0,0
MI,48829,MICHIGAN STATE,AWMB,0.060000,0.060000,0,0,0
MI,48830,MICHIGAN STATE,AWMB,0.060000,0.060000,0,0,0
MI,48831,MICHIGAN STATE,AWMB,0.060000,0.060000,0,0,0
MI,48832,MICHIGAN STATE,AWMB,0.060000,0.060000,0,0,0
MI,48833,MICHIGAN STATE,AWMB,0.060000,0.060000,0,0,0
MI,48834,MICHIGAN STATE,AWMB,0.060000,0.060000,0,0,0
MI,48835,MICHIGAN STATE,AWMB,0.060000,0.060000,0,0,0
MI,48836,MICHIGAN STATE,AWMB,0.060000,0.060000,0,0,0
MI,48837,MICHIGAN STATE,AWMB,0.060000,0.060000,0,0,0
MI,48838,MICHIGAN STATE,AWMB,0.060000,0.060000,0,0,0
MI,48840,MICHIGAN STATE,AWMB,0.060000,0.060000,0,0,0
MI,48841,MICHIGAN STATE,AWMB,0.060000,0.060000,0,0,0
MI,48842,MICHIGAN STATE,AWMB,0.060000,0.060000,0,0,0
MI,48843,MICHIGAN STATE,AWMB,0.060000,0.060000,0,0,0
MI,48844,MICHIGAN STATE,AWMB,0.060000,0.060000,0,0,0
MI,48845,MICHIGAN STATE,AWMB,0.060000,0.060000,0,0,0
MI,48846,MICHIGAN STATE,AWMB,0.060000,0.060000,0,0,0
MI,48847,MICHIGAN STATE,AWMB,0.060000,0.060000,0,0,0
MI,48848,MICHIGAN STATE,AWMB,0.060000,0.060000,0,0,0
MI,48849,MICHIGAN STATE,AWMB,0.060000,0.060000,0,0,0
MI,48850,MICHIGAN STATE,AWMB,0.060000,0.060000,0,0,0
MI,48851,MICHIGAN STATE,AWMB,0.060000,0.060000,0,0,0
MI,48852,MICHIGAN STATE,AWMB,0.060000,0.060000,0,0,0
MI,48853,MICHIGAN STATE,AWMB,0.060000,0.060000,0,0,0
MI,48854,MICHIGAN STATE,AWMB,0.060000,0.060000,0,0,0
MI,48855,MICHIGAN STATE,AWMB,0.060000,0.060000,0,0,0
MI,48856,MICHIGAN STATE,AWMB,0.060000,0.060000,0,0,0
MI,48857,MICHIGAN STATE,AWMB,0.060000,0.060000,0,0,0
MI,48858,MICHIGAN STATE,AWMB,0.060000,0.060000,0,0,0
MI,48859,MICHIGAN STATE,AWMB,0.060000,0.060000,0,0,0
MI,48860,MICHIGAN STATE,AWMB,0.060000,0.060000,0,0,0
MI,48861,MICHIGAN STATE,AWMB,0.060000,0.060000,0,0,0
MI,48862,MICHIGAN STATE,AWMB,0.060000,0.060000,0,0,0
MI,48864,MICHIGAN STATE,AWMB,0.060000,0.060000,0,0,0
MI,48865,MICHIGAN STATE,AWMB,0.060000,0.060000,0,0,0
MI,48866,MICHIGAN STATE,AWMB,0.060000,0.060000,0,0,0
MI,48867,MICHIGAN STATE,AWMB,0.060000,0.060000,0,0,0
MI,48870,MICHIGAN STATE,AWMB,0.060000,0.060000,0,0,0
MI,48871,MICHIGAN STATE,AWMB,0.060000,0.060000,0,0,0
MI,48872,MICHIGAN STATE,AWMB,0.060000,0.060000,0,0,0
MI,48873,MICHIGAN STATE,AWMB,0.060000,0.060000,0,0,0
MI,48874,MICHIGAN STATE,AWMB,0.060000,0.060000,0,0,0
MI,48875,MICHIGAN STATE,AWMB,0.060000,0.060000,0,0,0
MI,48876,MICHIGAN STATE,AWMB,0.060000,0.060000,0,0,0
MI,48877,MICHIGAN STATE,AWMB,0.060000,0.060000,0,0,0
MI,48878,MICHIGAN STATE,AWMB,0.060000,0.060000,0,0,0
MI,48879,MICHIGAN STATE,AWMB,0.060000,0.060000,0,0,0
MI,48880,MICHIGAN STATE,AWMB,0.060000,0.060000,0,0,0
MI,48881,MICHIGAN STATE,AWMB,0.060000,0.060000,0,0,0
MI,48882,MICHIGAN STATE,AWMB,0.060000,0.060000,0,0,0
MI,48883,MICHIGAN STATE,AWMB,0.060000,0.060000,0,0,0
MI,48884,MICHIGAN STATE,AWMB,0.060000,0.060000,0,0,0
MI,48885,MICHIGAN STATE,AWMB,0.060000,0.060000,0,0,0
MI,48886,MICHIGAN STATE,AWMB,0.060000,0.060000,0,0,0
MI,48887,MICHIGAN STATE,AWMB,0.060000,0.060000,0,0,0
MI,48888,MICHIGAN STATE,AWMB,0.060000,0.060000,0,0,0
MI,48889,MICHIGAN STATE,AWMB,0.060000,0.060000,0,0,0
MI,48890,MICHIGAN STATE,AWMB,0.060000,0.060000,0,0,0
MI,48891,MICHIGAN STATE,AWMB,0.060000,0.060000,0,0,0
MI,48892,MICHIGAN STATE,AWMB,0.060000,0.060000,0,0,0
MI,48893,MICHIGAN STATE,AWMB,0.060000,0.060000,0,0,0
MI,48894,MICHIGAN STATE,AWMB,0.060000,0.060000,0,0,0
MI,48895,MICHIGAN STATE,AWMB,0.060000,0.060000,0,0,0
MI,48896,MICHIGAN STATE,AWMB,0.060000,0.060000,0,0,0
MI,48897,MICHIGAN STATE,AWMB,0.060000,0.060000,0,0,0
MI,48901,MICHIGAN STATE,AWMB,0.060000,0.060000,0,0,0
MI,48906,MICHIGAN STATE,AWMB,0.060000,0.060000,0,0,0
MI,48908,MICHIGAN STATE,AWMB,0.060000,0.060000,0,0,0
MI,48909,MICHIGAN STATE,AWMB,0.060000,0.060000,0,0,0
MI,48910,MICHIGAN STATE,AWMB,0.060000,0.060000,0,0,0
MI,48911,MICHIGAN STATE,AWMB,0.060000,0.060000,0,0,0
MI,48912,MICHIGAN STATE,AWMB,0.060000,0.060000,0,0,0
MI,48913,MICHIGAN STATE,AWMB,0.060000,0.060000,0,0,0
MI,48915,MICHIGAN STATE,AWMB,0.060000,0.060000,0,0,0
MI,48916,MICHIGAN STATE,AWMB,0.060000,0.060000,0,0,0
MI,48917,MICHIGAN STATE,AWMB,0.060000,0.060000,0,0,0
MI,48918,MICHIGAN STATE,AWMB,0.060000,0.060000,0,0,0
MI,48919,MICHIGAN STATE,AWMB,0.060000,0.060000,0,0,0
MI,48922,MICHIGAN STATE,AWMB,0.060000,0.060000,0,0,0
MI,48924,MICHIGAN STATE,AWMB,0.060000,0.060000,0,0,0
MI,48929,MICHIGAN STATE,AWMB,0.060000,0.060000,0,0,0
MI,48930,MICHIGAN STATE,AWMB,0.060000,0.060000,0,0,0
MI,48933,MICHIGAN STATE,AWMB,0.060000,0.060000,0,0,0
MI,48937,MICHIGAN STATE,AWMB,0.060000,0.060000,0,0,0
MI,48951,MICHIGAN STATE,AWMB,0.060000,0.060000,0,0,0
MI,48956,MICHIGAN STATE,AWMB,0.060000,0.060000,0,0,0
MI,48980,MICHIGAN STATE,AWMB,0.060000,0.060000,0,0,0
MI,49001,MICHIGAN STATE,AWMB,0.060000,0.060000,0,0,0
MI,49002,MICHIGAN STATE,AWMB,0.060000,0.060000,0,0,0
MI,49003,MICHIGAN STATE,AWMB,0.060000,0.060000,0,0,0
MI,49004,MICHIGAN STATE,AWMB,0.060000,0.060000,0,0,0
MI,49005,MICHIGAN STATE,AWMB,0.060000,0.060000,0,0,0
MI,49006,MICHIGAN STATE,AWMB,0.060000,0.060000,0,0,0
MI,49007,MICHIGAN STATE,AWMB,0.060000,0.060000,0,0,0
MI,49008,MICHIGAN STATE,AWMB,0.060000,0.060000,0,0,0
MI,49009,MICHIGAN STATE,AWMB,0.060000,0.060000,0,0,0
MI,49010,MICHIGAN STATE,AWMB,0.060000,0.060000,0,0,0
MI,49011,MICHIGAN STATE,AWMB,0.060000,0.060000,0,0,0
MI,49012,MICHIGAN STATE,AWMB,0.060000,0.060000,0,0,0
MI,49013,MICHIGAN STATE,AWMB,0.060000,0.060000,0,0,0
MI,49014,MICHIGAN STATE,AWMB,0.060000,0.060000,0,0,0
MI,49015,MICHIGAN STATE,AWMB,0.060000,0.060000,0,0,0
MI,49016,MICHIGAN STATE,AWMB,0.060000,0.060000,0,0,0
MI,49017,MICHIGAN STATE,AWMB,0.060000,0.060000,0,0,0
MI,49018,MICHIGAN STATE,AWMB,0.060000,0.060000,0,0,0
MI,49019,MICHIGAN STATE,AWMB,0.060000,0.060000,0,0,0
MI,49020,MICHIGAN STATE,AWMB,0.060000,0.060000,0,0,0
MI,49021,MICHIGAN STATE,AWMB,0.060000,0.060000,0,0,0
MI,49022,MICHIGAN STATE,AWMB,0.060000,0.060000,0,0,0
MI,49023,MICHIGAN STATE,AWMB,0.060000,0.060000,0,0,0
MI,49024,MICHIGAN STATE,AWMB,0.060000,0.060000,0,0,0
MI,49026,MICHIGAN STATE,AWMB,0.060000,0.060000,0,0,0
MI,49027,MICHIGAN STATE,AWMB,0.060000,0.060000,0,0,0
MI,49028,MICHIGAN STATE,AWMB,0.060000,0.060000,0,0,0
MI,49029,MICHIGAN STATE,AWMB,0.060000,0.060000,0,0,0
MI,49030,MICHIGAN STATE,AWMB,0.060000,0.060000,0,0,0
MI,49031,MICHIGAN STATE,AWMB,0.060000,0.060000,0,0,0
MI,49032,MICHIGAN STATE,AWMB,0.060000,0.060000,0,0,0
MI,49033,MICHIGAN STATE,AWMB,0.060000,0.060000,0,0,0
MI,49034,MICHIGAN STATE,AWMB,0.060000,0.060000,0,0,0
MI,49035,MICHIGAN STATE,AWMB,0.060000,0.060000,0,0,0
MI,49036,MICHIGAN STATE,AWMB,0.060000,0.060000,0,0,0
MI,49037,MICHIGAN STATE,AWMB,0.060000,0.060000,0,0,0
MI,49038,MICHIGAN STATE,AWMB,0.060000,0.060000,0,0,0
MI,49039,MICHIGAN STATE,AWMB,0.060000,0.060000,0,0,0
MI,49040,MICHIGAN STATE,AWMB,0.060000,0.060000,0,0,0
MI,49041,MICHIGAN STATE,AWMB,0.060000,0.060000,0,0,0
MI,49042,MICHIGAN STATE,AWMB,0.060000,0.060000,0,0,0
MI,49043,MICHIGAN STATE,AWMB,0.060000,0.060000,0,0,0
MI,49045,MICHIGAN STATE,AWMB,0.060000,0.060000,0,0,0
MI,49046,MICHIGAN STATE,AWMB,0.060000,0.060000,0,0,0
MI,49047,MICHIGAN STATE,AWMB,0.060000,0.060000,0,0,0
MI,49048,MICHIGAN STATE,AWMB,0.060000,0.060000,0,0,0
MI,49050,MICHIGAN STATE,AWMB,0.060000,0.060000,0,0,0
MI,49051,MICHIGAN STATE,AWMB,0.060000,0.060000,0,0,0
MI,49052,MICHIGAN STATE,AWMB,0.060000,0.060000,0,0,0
MI,49053,MICHIGAN STATE,AWMB,0.060000,0.060000,0,0,0
MI,49055,MICHIGAN STATE,AWMB,0.060000,0.060000,0,0,0
MI,49056,MICHIGAN STATE,AWMB,0.060000,0.060000,0,0,0
MI,49057,MICHIGAN STATE,AWMB,0.060000,0.060000,0,0,0
MI,49058,MICHIGAN STATE,AWMB,0.060000,0.060000,0,0,0
MI,49060,MICHIGAN STATE,AWMB,0.060000,0.060000,0,0,0
MI,49061,MICHIGAN STATE,AWMB,0.060000,0.060000,0,0,0
MI,49062,MICHIGAN STATE,AWMB,0.060000,0.060000,0,0,0
MI,49063,MICHIGAN STATE,AWMB,0.060000,0.060000,0,0,0
MI,49064,MICHIGAN STATE,AWMB,0.060000,0.060000,0,0,0
MI,49065,MICHIGAN STATE,AWMB,0.060000,0.060000,0,0,0
MI,49066,MICHIGAN STATE,AWMB,0.060000,0.060000,0,0,0
MI,49067,MICHIGAN STATE,AWMB,0.060000,0.060000,0,0,0
MI,49068,MICHIGAN STATE,AWMB,0.060000,0.060000,0,0,0
MI,49070,MICHIGAN STATE,AWMB,0.060000,0.060000,0,0,0
MI,49071,MICHIGAN STATE,AWMB,0.060000,0.060000,0,0,0
MI,49072,MICHIGAN STATE,AWMB,0.060000,0.060000,0,0,0
MI,49073,MICHIGAN STATE,AWMB,0.060000,0.060000,0,0,0
MI,49074,MICHIGAN STATE,AWMB,0.060000,0.060000,0,0,0
MI,49075,MICHIGAN STATE,AWMB,0.060000,0.060000,0,0,0
MI,49076,MICHIGAN STATE,AWMB,0.060000,0.060000,0,0,0
MI,49077,MICHIGAN STATE,AWMB,0.060000,0.060000,0,0,0
MI,49078,MICHIGAN STATE,AWMB,0.060000,0.060000,0,0,0
MI,49079,MICHIGAN STATE,AWMB,0.060000,0.060000,0,0,0
MI,49080,MICHIGAN STATE,AWMB,0.060000,0.060000,0,0,0
MI,49081,MICHIGAN STATE,AWMB,0.060000,0.060000,0,0,0
MI,49082,MICHIGAN STATE,AWMB,0.060000,0.060000,0,0,0
MI,49083,MICHIGAN STATE,AWMB,0.060000,0.060000,0,0,0
MI,49084,MICHIGAN STATE,AWMB,0.060000,0.060000,0,0,0
MI,49085,MICHIGAN STATE,AWMB,0.060000,0.060000,0,0,0
MI,49087,MICHIGAN STATE,AWMB,0.060000,0.060000,0,0,0
MI,49088,MICHIGAN STATE,AWMB,0.060000,0.060000,0,0,0
MI,49089,MICHIGAN STATE,AWMB,0.060000,0.060000,0,0,0
MI,49090,MICHIGAN STATE,AWMB,0.060000,0.060000,0,0,0
MI,49091,MICHIGAN STATE,AWMB,0.060000,0.060000,0,0,0
MI,49092,MICHIGAN STATE,AWMB,0.060000,0.060000,0,0,0
MI,49093,MICHIGAN STATE,AWMB,0.060000,0.060000,0,0,0
MI,49094,MICHIGAN STATE,AWMB,0.060000,0.060000,0,0,0
MI,49095,MICHIGAN STATE,AWMB,0.060000,0.060000,0,0,0
MI,49096,MICHIGAN STATE,AWMB,0.060000,0.060000,0,0,0
MI,49097,MICHIGAN STATE,AWMB,0.060000,0.060000,0,0,0
MI,49098,MICHIGAN STATE,AWMB,0.060000,0.060000,0,0,0
MI,49099,MICHIGAN STATE,AWMB,0.060000,0.060000,0,0,0
MI,49101,MICHIGAN STATE,AWMB,0.060000,0.060000,0,0,0
MI,49102,MICHIGAN STATE,AWMB,0.060000,0.060000,0,0,0
MI,49103,MICHIGAN STATE,AWMB,0.060000,0.060000,0,0,0
MI,49104,MICHIGAN STATE,AWMB,0.060000,0.060000,0,0,0
MI,49106,MICHIGAN STATE,AWMB,0.060000,0.060000,0,0,0
MI,49107,MICHIGAN STATE,AWMB,0.060000,0.060000,0,0,0
MI,49111,MICHIGAN STATE,AWMB,0.060000,0.060000,0,0,0
MI,49112,MICHIGAN STATE,AWMB,0.060000,0.060000,0,0,0
MI,49113,MICHIGAN STATE,AWMB,0.060000,0.060000,0,0,0
MI,49115,MICHIGAN STATE,AWMB,0.060000,0.060000,0,0,0
MI,49116,MICHIGAN STATE,AWMB,0.060000,0.060000,0,0,0
MI,49117,MICHIGAN STATE,AWMB,0.060000,0.060000,0,0,0
MI,49119,MICHIGAN STATE,AWMB,0.060000,0.060000,0,0,0
MI,49120,MICHIGAN STATE,AWMB,0.060000,0.060000,0,0,0
MI,49125,MICHIGAN STATE,AWMB,0.060000,0.060000,0,0,0
MI,49126,MICHIGAN STATE,AWMB,0.060000,0.060000,0,0,0
MI,49127,MICHIGAN STATE,AWMB,0.060000,0.060000,0,0,0
MI,49128,MICHIGAN STATE,AWMB,0.060000,0.060000,0,0,0
MI,49129,MICHIGAN STATE,AWMB,0.060000,0.060000,0,0,0
MI,49130,MICHIGAN STATE,AWMB,0.060000,0.060000,0,0,0
MI,49201,MICHIGAN STATE,AWMB,0.060000,0.060000,0,0,0
MI,49202,MICHIGAN STATE,AWMB,0.060000,0.060000,0,0,0
MI,49203,MICHIGAN STATE,AWMB,0.060000,0.060000,0,0,0
MI,49204,MICHIGAN STATE,AWMB,0.060000,0.060000,0,0,0
MI,49220,MICHIGAN STATE,AWMB,0.060000,0.060000,0,0,0
MI,49221,MICHIGAN STATE,AWMB,0.060000,0.060000,0,0,0
MI,49224,MICHIGAN STATE,AWMB,0.060000,0.060000,0,0,0
MI,49227,MICHIGAN STATE,AWMB,0.060000,0.060000,0,0,0
MI,49228,MICHIGAN STATE,AWMB,0.060000,0.060000,0,0,0
MI,49229,MICHIGAN STATE,AWMB,0.060000,0.060000,0,0,0
MI,49230,MICHIGAN STATE,AWMB,0.060000,0.060000,0,0,0
MI,49232,MICHIGAN STATE,AWMB,0.060000,0.060000,0,0,0
MI,49233,MICHIGAN STATE,AWMB,0.060000,0.060000,0,0,0
MI,49234,MICHIGAN STATE,AWMB,0.060000,0.060000,0,0,0
MI,49235,MICHIGAN STATE,AWMB,0.060000,0.060000,0,0,0
MI,49236,MICHIGAN STATE,AWMB,0.060000,0.060000,0,0,0
MI,49237,MICHIGAN STATE,AWMB,0.060000,0.060000,0,0,0
MI,49238,MICHIGAN STATE,AWMB,0.060000,0.060000,0,0,0
MI,49239,MICHIGAN STATE,AWMB,0.060000,0.060000,0,0,0
MI,49240,MICHIGAN STATE,AWMB,0.060000,0.060000,0,0,0
MI,49241,MICHIGAN STATE,AWMB,0.060000,0.060000,0,0,0
MI,49242,MICHIGAN STATE,AWMB,0.060000,0.060000,0,0,0
MI,49245,MICHIGAN STATE,AWMB,0.060000,0.060000,0,0,0
MI,49246,MICHIGAN STATE,AWMB,0.060000,0.060000,0,0,0
MI,49247,MICHIGAN STATE,AWMB,0.060000,0.060000,0,0,0
MI,49248,MICHIGAN STATE,AWMB,0.060000,0.060000,0,0,0
MI,49249,MICHIGAN STATE,AWMB,0.060000,0.060000,0,0,0
MI,49250,MICHIGAN STATE,AWMB,0.060000,0.060000,0,0,0
MI,49251,MICHIGAN STATE,AWMB,0.060000,0.060000,0,0,0
MI,49252,MICHIGAN STATE,AWMB,0.060000,0.060000,0,0,0
MI,49253,MICHIGAN STATE,AWMB,0.060000,0.060000,0,0,0
MI,49254,MICHIGAN STATE,AWMB,0.060000,0.060000,0,0,0
MI,49255,MICHIGAN STATE,AWMB,0.060000,0.060000,0,0,0
MI,49256,MICHIGAN STATE,AWMB,0.060000,0.060000,0,0,0
MI,49257,MICHIGAN STATE,AWMB,0.060000,0.060000,0,0,0
MI,49258,MICHIGAN STATE,AWMB,0.060000,0.060000,0,0,0
MI,49259,MICHIGAN STATE,AWMB,0.060000,0.060000,0,0,0
MI,49261,MICHIGAN STATE,AWMB,0.060000,0.060000,0,0,0
MI,49262,MICHIGAN STATE,AWMB,0.060000,0.060000,0,0,0
MI,49263,MICHIGAN STATE,AWMB,0.060000,0.060000,0,0,0
MI,49264,MICHIGAN STATE,AWMB,0.060000,0.060000,0,0,0
MI,49265,MICHIGAN STATE,AWMB,0.060000,0.060000,0,0,0
MI,49266,MICHIGAN STATE,AWMB,0.060000,0.060000,0,0,0
MI,49267,MICHIGAN STATE,AWMB,0.060000,0.060000,0,0,0
MI,49268,MICHIGAN STATE,AWMB,0.060000,0.060000,0,0,0
MI,49269,MICHIGAN STATE,AWMB,0.060000,0.060000,0,0,0
MI,49270,MICHIGAN STATE,AWMB,0.060000,0.060000,0,0,0
MI,49271,MICHIGAN STATE,AWMB,0.060000,0.060000,0,0,0
MI,49272,MICHIGAN STATE,AWMB,0.060000,0.060000,0,0,0
MI,49274,MICHIGAN STATE,AWMB,0.060000,0.060000,0,0,0
MI,49276,MICHIGAN STATE,AWMB,0.060000,0.060000,0,0,0
MI,49277,MICHIGAN STATE,AWMB,0.060000,0.060000,0,0,0
MI,49279,MICHIGAN STATE,AWMB,0.060000,0.060000,0,0,0
MI,49281,MICHIGAN STATE,AWMB,0.060000,0.060000,0,0,0
MI,49282,MICHIGAN STATE,AWMB,0.060000,0.060000,0,0,0
MI,49283,MICHIGAN STATE,AWMB,0.060000,0.060000,0,0,0
MI,49284,MICHIGAN STATE,AWMB,0.060000,0.060000,0,0,0
MI,49285,MICHIGAN STATE,AWMB,0.060000,0.060000,0,0,0
MI,49286,MICHIGAN STATE,AWMB,0.060000,0.060000,0,0,0
MI,49287,MICHIGAN STATE,AWMB,0.060000,0.060000,0,0,0
MI,49288,MICHIGAN STATE,AWMB,0.060000,0.060000,0,0,0
MI,49289,MICHIGAN STATE,AWMB,0.060000,0.060000,0,0,0
MI,49301,MICHIGAN STATE,AWMB,0.060000,0.060000,0,0,0
MI,49302,MICHIGAN STATE,AWMB,0.060000,0.060000,0,0,0
MI,49303,MICHIGAN STATE,AWMB,0.060000,0.060000,0,0,0
MI,49304,MICHIGAN STATE,AWMB,0.060000,0.060000,0,0,0
MI,49305,MICHIGAN STATE,AWMB,0.060000,0.060000,0,0,0
MI,49306,MICHIGAN STATE,AWMB,0.060000,0.060000,0,0,0
MI,49307,MICHIGAN STATE,AWMB,0.060000,0.060000,0,0,0
MI,49309,MICHIGAN STATE,AWMB,0.060000,0.060000,0,0,0
MI,49310,MICHIGAN STATE,AWMB,0.060000,0.060000,0,0,0
MI,49311,MICHIGAN STATE,AWMB,0.060000,0.060000,0,0,0
MI,49312,MICHIGAN STATE,AWMB,0.060000,0.060000,0,0,0
MI,49314,MICHIGAN STATE,AWMB,0.060000,0.060000,0,0,0
MI,49315,MICHIGAN STATE,AWMB,0.060000,0.060000,0,0,0
MI,49316,MICHIGAN STATE,AWMB,0.060000,0.060000,0,0,0
MI,49317,MICHIGAN STATE,AWMB,0.060000,0.060000,0,0,0
MI,49318,MICHIGAN STATE,AWMB,0.060000,0.060000,0,0,0
MI,49319,MICHIGAN STATE,AWMB,0.060000,0.060000,0,0,0
MI,49320,MICHIGAN STATE,AWMB,0.060000,0.060000,0,0,0
MI,49321,MICHIGAN STATE,AWMB,0.060000,0.060000,0,0,0
MI,49322,MICHIGAN STATE,AWMB,0.060000,0.060000,0,0,0
MI,49323,MICHIGAN STATE,AWMB,0.060000,0.060000,0,0,0
MI,49325,MICHIGAN STATE,AWMB,0.060000,0.060000,0,0,0
MI,49326,MICHIGAN STATE,AWMB,0.060000,0.060000,0,0,0
MI,49327,MICHIGAN STATE,AWMB,0.060000,0.060000,0,0,0
MI,49328,MICHIGAN STATE,AWMB,0.060000,0.060000,0,0,0
MI,49329,MICHIGAN STATE,AWMB,0.060000,0.060000,0,0,0
MI,49330,MICHIGAN STATE,AWMB,0.060000,0.060000,0,0,0
MI,49331,MICHIGAN STATE,AWMB,0.060000,0.060000,0,0,0
MI,49332,MICHIGAN STATE,AWMB,0.060000,0.060000,0,0,0
MI,49333,MICHIGAN STATE,AWMB,0.060000,0.060000,0,0,0
MI,49335,MICHIGAN STATE,AWMB,0.060000,0.060000,0,0,0
MI,49336,MICHIGAN STATE,AWMB,0.060000,0.060000,0,0,0
MI,49337,MICHIGAN STATE,AWMB,0.060000,0.060000,0,0,0
MI,49338,MICHIGAN STATE,AWMB,0.060000,0.060000,0,0,0
MI,49339,MICHIGAN STATE,AWMB,0.060000,0.060000,0,0,0
MI,49340,MICHIGAN STATE,AWMB,0.060000,0.060000,0,0,0
MI,49341,MICHIGAN STATE,AWMB,0.060000,0.060000,0,0,0
MI,49342,MICHIGAN STATE,AWMB,0.060000,0.060000,0,0,0
MI,49343,MICHIGAN STATE,AWMB,0.060000,0.060000,0,0,0
MI,49344,MICHIGAN STATE,AWMB,0.060000,0.060000,0,0,0
MI,49345,MICHIGAN STATE,AWMB,0.060000,0.060000,0,0,0
MI,49346,MICHIGAN STATE,AWMB,0.060000,0.060000,0,0,0
MI,49347,MICHIGAN STATE,AWMB,0.060000,0.060000,0,0,0
MI,49348,MICHIGAN STATE,AWMB,0.060000,0.060000,0,0,0
MI,49349,MICHIGAN STATE,AWMB,0.060000,0.060000,0,0,0
MI,49351,MICHIGAN STATE,AWMB,0.060000,0.060000,0,0,0
MI,49355,MICHIGAN STATE,AWMB,0.060000,0.060000,0,0,0
MI,49356,MICHIGAN STATE,AWMB,0.060000,0.060000,0,0,0
MI,49357,MICHIGAN STATE,AWMB,0.060000,0.060000,0,0,0
MI,49401,MICHIGAN STATE,AWMB,0.060000,0.060000,0,0,0
MI,49402,MICHIGAN STATE,AWMB,0.060000,0.060000,0,0,0
MI,49403,MICHIGAN STATE,AWMB,0.060000,0.060000,0,0,0
MI,49404,MICHIGAN STATE,AWMB,0.060000,0.060000,0,0,0
MI,49405,MICHIGAN STATE,AWMB,0.060000,0.060000,0,0,0
MI,49406,MICHIGAN STATE,AWMB,0.060000,0.060000,0,0,0
MI,49408,MICHIGAN STATE,AWMB,0.060000,0.060000,0,0,0
MI,49409,MICHIGAN STATE,AWMB,0.060000,0.060000,0,0,0
MI,49410,MICHIGAN STATE,AWMB,0.060000,0.060000,0,0,0
MI,49411,MICHIGAN STATE,AWMB,0.060000,0.060000,0,0,0
MI,49412,MICHIGAN STATE,AWMB,0.060000,0.060000,0,0,0
MI,49413,MICHIGAN STATE,AWMB,0.060000,0.060000,0,0,0
MI,49415,MICHIGAN STATE,AWMB,0.060000,0.060000,0,0,0
MI,49416,MICHIGAN STATE,AWMB,0.060000,0.060000,0,0,0
MI,49417,MICHIGAN STATE,AWMB,0.060000,0.060000,0,0,0
MI,49418,MICHIGAN STATE,AWMB,0.060000,0.060000,0,0,0
MI,49419,MICHIGAN STATE,AWMB,0.060000,0.060000,0,0,0
MI,49420,MICHIGAN STATE,AWMB,0.060000,0.060000,0,0,0
MI,49421,MICHIGAN STATE,AWMB,0.060000,0.060000,0,0,0
MI,49422,MICHIGAN STATE,AWMB,0.060000,0.060000,0,0,0
MI,49423,MICHIGAN STATE,AWMB,0.060000,0.060000,0,0,0
MI,49424,MICHIGAN STATE,AWMB,0.060000,0.060000,0,0,0
MI,49425,MICHIGAN STATE,AWMB,0.060000,0.060000,0,0,0
MI,49426,MICHIGAN STATE,AWMB,0.060000,0.060000,0,0,0
MI,49427,MICHIGAN STATE,AWMB,0.060000,0.060000,0,0,0
MI,49428,MICHIGAN STATE,AWMB,0.060000,0.060000,0,0,0
MI,49429,MICHIGAN STATE,AWMB,0.060000,0.060000,0,0,0
MI,49430,MICHIGAN STATE,AWMB,0.060000,0.060000,0,0,0
MI,49431,MICHIGAN STATE,AWMB,0.060000,0.060000,0,0,0
MI,49434,MICHIGAN STATE,AWMB,0.060000,0.060000,0,0,0
MI,49435,MICHIGAN STATE,AWMB,0.060000,0.060000,0,0,0
MI,49436,MICHIGAN STATE,AWMB,0.060000,0.060000,0,0,0
MI,49437,MICHIGAN STATE,AWMB,0.060000,0.060000,0,0,0
MI,49440,MICHIGAN STATE,AWMB,0.060000,0.060000,0,0,0
MI,49441,MICHIGAN STATE,AWMB,0.060000,0.060000,0,0,0
MI,49442,MICHIGAN STATE,AWMB,0.060000,0.060000,0,0,0
MI,49443,MICHIGAN STATE,AWMB,0.060000,0.060000,0,0,0
MI,49444,MICHIGAN STATE,AWMB,0.060000,0.060000,0,0,0
MI,49445,MICHIGAN STATE,AWMB,0.060000,0.060000,0,0,0
MI,49446,MICHIGAN STATE,AWMB,0.060000,0.060000,0,0,0
MI,49448,MICHIGAN STATE,AWMB,0.060000,0.060000,0,0,0
MI,49449,MICHIGAN STATE,AWMB,0.060000,0.060000,0,0,0
MI,49450,MICHIGAN STATE,AWMB,0.060000,0.060000,0,0,0
MI,49451,MICHIGAN STATE,AWMB,0.060000,0.060000,0,0,0
MI,49452,MICHIGAN STATE,AWMB,0.060000,0.060000,0,0,0
MI,49453,MICHIGAN STATE,AWMB,0.060000,0.060000,0,0,0
MI,49454,MICHIGAN STATE,AWMB,0.060000,0.060000,0,0,0
MI,49455,MICHIGAN STATE,AWMB,0.060000,0.060000,0,0,0
MI,49456,MICHIGAN STATE,AWMB,0.060000,0.060000,0,0,0
MI,49457,MICHIGAN STATE,AWMB,0.060000,0.060000,0,0,0
MI,49458,MICHIGAN STATE,AWMB,0.060000,0.060000,0,0,0
MI,49459,MICHIGAN STATE,AWMB,0.060000,0.060000,0,0,0
MI,49460,MICHIGAN STATE,AWMB,0.060000,0.060000,0,0,0
MI,49461,MICHIGAN STATE,AWMB,0.060000,0.060000,0,0,0
MI,49463,MICHIGAN STATE,AWMB,0.060000,0.060000,0,0,0
MI,49464,MICHIGAN STATE,AWMB,0.060000,0.060000,0,0,0
MI,49468,MICHIGAN STATE,AWMB,0.060000,0.060000,0,0,0
MI,49501,MICHIGAN STATE,AWMB,0.060000,0.060000,0,0,0
MI,49502,MICHIGAN STATE,AWMB,0.060000,0.060000,0,0,0
MI,49503,MICHIGAN STATE,AWMB,0.060000,0.060000,0,0,0
MI,49504,MICHIGAN STATE,AWMB,0.060000,0.060000,0,0,0
MI,49505,MICHIGAN STATE,AWMB,0.060000,0.060000,0,0,0
MI,49506,MICHIGAN STATE,AWMB,0.060000,0.060000,0,0,0
MI,49507,MICHIGAN STATE,AWMB,0.060000,0.060000,0,0,0
MI,49508,MICHIGAN STATE,AWMB,0.060000,0.060000,0,0,0
MI,49509,MICHIGAN STATE,AWMB,0.060000,0.060000,0,0,0
MI,49510,MICHIGAN STATE,AWMB,0.060000,0.060000,0,0,0
MI,49512,MICHIGAN STATE,AWMB,0.060000,0.060000,0,0,0
MI,49514,MICHIGAN STATE,AWMB,0.060000,0.060000,0,0,0
MI,49515,MICHIGAN STATE,AWMB,0.060000,0.060000,0,0,0
MI,49516,MICHIGAN STATE,AWMB,0.060000,0.060000,0,0,0
MI,49518,MICHIGAN STATE,AWMB,0.060000,0.060000,0,0,0
MI,49519,MICHIGAN STATE,AWMB,0.060000,0.060000,0,0,0
MI,49523,MICHIGAN STATE,AWMB,0.060000,0.060000,0,0,0
MI,49525,MICHIGAN STATE,AWMB,0.060000,0.060000,0,0,0
MI,49528,MICHIGAN STATE,AWMB,0.060000,0.060000,0,0,0
MI,49530,MICHIGAN STATE,AWMB,0.060000,0.060000,0,0,0
MI,49534,MICHIGAN STATE,AWMB,0.060000,0.060000,0,0,0
MI,49544,MICHIGAN STATE,AWMB,0.060000,0.060000,0,0,0
MI,49546,MICHIGAN STATE,AWMB,0.060000,0.060000,0,0,0
MI,49548,MICHIGAN STATE,AWMB,0.060000,0.060000,0,0,0
MI,49555,MICHIGAN STATE,AWMB,0.060000,0.060000,0,0,0
MI,49560,MICHIGAN STATE,AWMB,0.060000,0.060000,0,0,0
MI,49588,MICHIGAN STATE,AWMB,0.060000,0.060000,0,0,0
MI,49599,MICHIGAN STATE,AWMB,0.060000,0.060000,0,0,0
MI,49601,MICHIGAN STATE,AWMB,0.060000,0.060000,0,0,0
MI,49610,MICHIGAN STATE,AWMB,0.060000,0.060000,0,0,0
MI,49611,MICHIGAN STATE,AWMB,0.060000,0.060000,0,0,0
MI,49612,MICHIGAN STATE,AWMB,0.060000,0.060000,0,0,0
MI,49613,MICHIGAN STATE,AWMB,0.060000,0.060000,0,0,0
MI,49614,MICHIGAN STATE,AWMB,0.060000,0.060000,0,0,0
MI,49615,MICHIGAN STATE,AWMB,0.060000,0.060000,0,0,0
MI,49616,MICHIGAN STATE,AWMB,0.060000,0.060000,0,0,0
MI,49617,MICHIGAN STATE,AWMB,0.060000,0.060000,0,0,0
MI,49618,MICHIGAN STATE,AWMB,0.060000,0.060000,0,0,0
MI,49619,MICHIGAN STATE,AWMB,0.060000,0.060000,0,0,0
MI,49620,MICHIGAN STATE,AWMB,0.060000,0.060000,0,0,0
MI,49621,MICHIGAN STATE,AWMB,0.060000,0.060000,0,0,0
MI,49622,MICHIGAN STATE,AWMB,0.060000,0.060000,0,0,0
MI,49623,MICHIGAN STATE,AWMB,0.060000,0.060000,0,0,0
MI,49625,MICHIGAN STATE,AWMB,0.060000,0.060000,0,0,0
MI,49626,MICHIGAN STATE,AWMB,0.060000,0.060000,0,0,0
MI,49627,MICHIGAN STATE,AWMB,0.060000,0.060000,0,0,0
MI,49628,MICHIGAN STATE,AWMB,0.060000,0.060000,0,0,0
MI,49629,MICHIGAN STATE,AWMB,0.060000,0.060000,0,0,0
MI,49630,MICHIGAN STATE,AWMB,0.060000,0.060000,0,0,0
MI,49631,MICHIGAN STATE,AWMB,0.060000,0.060000,0,0,0
MI,49632,MICHIGAN STATE,AWMB,0.060000,0.060000,0,0,0
MI,49633,MICHIGAN STATE,AWMB,0.060000,0.060000,0,0,0
MI,49634,MICHIGAN STATE,AWMB,0.060000,0.060000,0,0,0
MI,49635,MICHIGAN STATE,AWMB,0.060000,0.060000,0,0,0
MI,49636,MICHIGAN STATE,AWMB,0.060000,0.060000,0,0,0
MI,49637,MICHIGAN STATE,AWMB,0.060000,0.060000,0,0,0
MI,49638,MICHIGAN STATE,AWMB,0.060000,0.060000,0,0,0
MI,49639,MICHIGAN STATE,AWMB,0.060000,0.060000,0,0,0
MI,49640,MICHIGAN STATE,AWMB,0.060000,0.060000,0,0,0
MI,49642,MICHIGAN STATE,AWMB,0.060000,0.060000,0,0,0
MI,49643,MICHIGAN STATE,AWMB,0.060000,0.060000,0,0,0
MI,49644,MICHIGAN STATE,AWMB,0.060000,0.060000,0,0,0
MI,49645,MICHIGAN STATE,AWMB,0.060000,0.060000,0,0,0
MI,49646,MICHIGAN STATE,AWMB,0.060000,0.060000,0,0,0
MI,49648,MICHIGAN STATE,AWMB,0.060000,0.060000,0,0,0
MI,49649,MICHIGAN STATE,AWMB,0.060000,0.060000,0,0,0
MI,49650,MICHIGAN STATE,AWMB,0.060000,0.060000,0,0,0
MI,49651,MICHIGAN STATE,AWMB,0.060000,0.060000,0,0,0
MI,49653,MICHIGAN STATE,AWMB,0.060000,0.060000,0,0,0
MI,49654,MICHIGAN STATE,AWMB,0.060000,0.060000,0,0,0
MI,49655,MICHIGAN STATE,AWMB,0.060000,0.060000,0,0,0
MI,49656,MICHIGAN STATE,AWMB,0.060000,0.060000,0,0,0
MI,49657,MICHIGAN STATE,AWMB,0.060000,0.060000,0,0,0
MI,49659,MICHIGAN STATE,AWMB,0.060000,0.060000,0,0,0
MI,49660,MICHIGAN STATE,AWMB,0.060000,0.060000,0,0,0
MI,49663,MICHIGAN STATE,AWMB,0.060000,0.060000,0,0,0
MI,49664,MICHIGAN STATE,AWMB,0.060000,0.060000,0,0,0
MI,49665,MICHIGAN STATE,AWMB,0.060000,0.060000,0,0,0
MI,49666,MICHIGAN STATE,AWMB,0.060000,0.060000,0,0,0
MI,49667,MICHIGAN STATE,AWMB,0.060000,0.060000,0,0,0
MI,49668,MICHIGAN STATE,AWMB,0.060000,0.060000,0,0,0
MI,49670,MICHIGAN STATE,AWMB,0.060000,0.060000,0,0,0
MI,49673,MICHIGAN STATE,AWMB,0.060000,0.060000,0,0,0
MI,49674,MICHIGAN STATE,AWMB,0.060000,0.060000,0,0,0
MI,49675,MICHIGAN STATE,AWMB,0.060000,0.060000,0,0,0
MI,49676,MICHIGAN STATE,AWMB,0.060000,0.060000,0,0,0
MI,49677,MICHIGAN STATE,AWMB,0.060000,0.060000,0,0,0
MI,49679,MICHIGAN STATE,AWMB,0.060000,0.060000,0,0,0
MI,49680,MICHIGAN STATE,AWMB,0.060000,0.060000,0,0,0
MI,49682,MICHIGAN STATE,AWMB,0.060000,0.060000,0,0,0
MI,49683,MICHIGAN STATE,AWMB,0.060000,0.060000,0,0,0
MI,49684,MICHIGAN STATE,AWMB,0.060000,0.060000,0,0,0
MI,49685,MICHIGAN STATE,AWMB,0.060000,0.060000,0,0,0
MI,49686,MICHIGAN STATE,AWMB,0.060000,0.060000,0,0,0
MI,49688,MICHIGAN STATE,AWMB,0.060000,0.060000,0,0,0
MI,49689,MICHIGAN STATE,AWMB,0.060000,0.060000,0,0,0
MI,49690,MICHIGAN STATE,AWMB,0.060000,0.060000,0,0,0
MI,49696,MICHIGAN STATE,AWMB,0.060000,0.060000,0,0,0
MI,49701,MICHIGAN STATE,AWMB,0.060000,0.060000,0,0,0
MI,49705,MICHIGAN STATE,AWMB,0.060000,0.060000,0,0,0
MI,49706,MICHIGAN STATE,AWMB,0.060000,0.060000,0,0,0
MI,49707,MICHIGAN STATE,AWMB,0.060000,0.060000,0,0,0
MI,49709,MICHIGAN STATE,AWMB,0.060000,0.060000,0,0,0
MI,49710,MICHIGAN STATE,AWMB,0.060000,0.060000,0,0,0
MI,49711,MICHIGAN STATE,AWMB,0.060000,0.060000,0,0,0
MI,49712,MICHIGAN STATE,AWMB,0.060000,0.060000,0,0,0
MI,49713,MICHIGAN STATE,AWMB,0.060000,0.060000,0,0,0
MI,49715,MICHIGAN STATE,AWMB,0.060000,0.060000,0,0,0
MI,49716,MICHIGAN STATE,AWMB,0.060000,0.060000,0,0,0
MI,49717,MICHIGAN STATE,AWMB,0.060000,0.060000,0,0,0
MI,49718,MICHIGAN STATE,AWMB,0.060000,0.060000,0,0,0
MI,49719,MICHIGAN STATE,AWMB,0.060000,0.060000,0,0,0
MI,49720,MICHIGAN STATE,AWMB,0.060000,0.060000,0,0,0
MI,49721,MICHIGAN STATE,AWMB,0.060000,0.060000,0,0,0
MI,49722,MICHIGAN STATE,AWMB,0.060000,0.060000,0,0,0
MI,49723,MICHIGAN STATE,AWMB,0.060000,0.060000,0,0,0
MI,49724,MICHIGAN STATE,AWMB,0.060000,0.060000,0,0,0
MI,49725,MICHIGAN STATE,AWMB,0.060000,0.060000,0,0,0
MI,49726,MICHIGAN STATE,AWMB,0.060000,0.060000,0,0,0
MI,49727,MICHIGAN STATE,AWMB,0.060000,0.060000,0,0,0
MI,49728,MICHIGAN STATE,AWMB,0.060000,0.060000,0,0,0
MI,49729,MICHIGAN STATE,AWMB,0.060000,0.060000,0,0,0
MI,49730,MICHIGAN STATE,AWMB,0.060000,0.060000,0,0,0
MI,49733,MICHIGAN STATE,AWMB,0.060000,0.060000,0,0,0
MI,49734,MICHIGAN STATE,AWMB,0.060000,0.060000,0,0,0
MI,49735,MICHIGAN STATE,AWMB,0.060000,0.060000,0,0,0
MI,49736,MICHIGAN STATE,AWMB,0.060000,0.060000,0,0,0
MI,49737,MICHIGAN STATE,AWMB,0.060000,0.060000,0,0,0
MI,49738,MICHIGAN STATE,AWMB,0.060000,0.060000,0,0,0
MI,49740,MICHIGAN STATE,AWMB,0.060000,0.060000,0,0,0
MI,49743,MICHIGAN STATE,AWMB,0.060000,0.060000,0,0,0
MI,49744,MICHIGAN STATE,AWMB,0.060000,0.060000,0,0,0
MI,49745,MICHIGAN STATE,AWMB,0.060000,0.060000,0,0,0
MI,49746,MICHIGAN STATE,AWMB,0.060000,0.060000,0,0,0
MI,49747,MICHIGAN STATE,AWMB,0.060000,0.060000,0,0,0
MI,49748,MICHIGAN STATE,AWMB,0.060000,0.060000,0,0,0
MI,49749,MICHIGAN STATE,AWMB,0.060000,0.060000,0,0,0
MI,49751,MICHIGAN STATE,AWMB,0.060000,0.060000,0,0,0
MI,49752,MICHIGAN STATE,AWMB,0.060000,0.060000,0,0,0
MI,49753,MICHIGAN STATE,AWMB,0.060000,0.060000,0,0,0
MI,49755,MICHIGAN STATE,AWMB,0.060000,0.060000,0,0,0
MI,49756,MICHIGAN STATE,AWMB,0.060000,0.060000,0,0,0
MI,49757,MICHIGAN STATE,AWMB,0.060000,0.060000,0,0,0
MI,49759,MICHIGAN STATE,AWMB,0.060000,0.060000,0,0,0
MI,49760,MICHIGAN STATE,AWMB,0.060000,0.060000,0,0,0
MI,49761,MICHIGAN STATE,AWMB,0.060000,0.060000,0,0,0
MI,49762,MICHIGAN STATE,AWMB,0.060000,0.060000,0,0,0
MI,49764,MICHIGAN STATE,AWMB,0.060000,0.060000,0,0,0
MI,49765,MICHIGAN STATE,AWMB,0.060000,0.060000,0,0,0
MI,49766,MICHIGAN STATE,AWMB,0.060000,0.060000,0,0,0
MI,49768,MICHIGAN STATE,AWMB,0.060000,0.060000,0,0,0
MI,49769,MICHIGAN STATE,AWMB,0.060000,0.060000,0,0,0
MI,49770,MICHIGAN STATE,AWMB,0.060000,0.060000,0,0,0
MI,49774,MICHIGAN STATE,AWMB,0.060000,0.060000,0,0,0
MI,49775,MICHIGAN STATE,AWMB,0.060000,0.060000,0,0,0
MI,49776,MICHIGAN STATE,AWMB,0.060000,0.060000,0,0,0
MI,49777,MICHIGAN STATE,AWMB,0.060000,0.060000,0,0,0
MI,49779,MICHIGAN STATE,AWMB,0.060000,0.060000,0,0,0
MI,49780,MICHIGAN STATE,AWMB,0.060000,0.060000,0,0,0
MI,49781,MICHIGAN STATE,AWMB,0.060000,0.060000,0,0,0
MI,49782,MICHIGAN STATE,AWMB,0.060000,0.060000,0,0,0
MI,49783,MICHIGAN STATE,AWMB,0.060000,0.060000,0,0,0
MI,49784,MICHIGAN STATE,AWMB,0.060000,0.060000,0,0,0
MI,49785,MICHIGAN STATE,AWMB,0.060000,0.060000,0,0,0
MI,49786,MICHIGAN STATE,AWMB,0.060000,0.060000,0,0,0
MI,49788,MICHIGAN STATE,AWMB,0.060000,0.060000,0,0,0
MI,49791,MICHIGAN STATE,AWMB,0.060000,0.060000,0,0,0
MI,49792,MICHIGAN STATE,AWMB,0.060000,0.060000,0,0,0
MI,49793,MICHIGAN STATE,AWMB,0.060000,0.060000,0,0,0
MI,49795,MICHIGAN STATE,AWMB,0.060000,0.060000,0,0,0
MI,49796,MICHIGAN STATE,AWMB,0.060000,0.060000,0,0,0
MI,49797,MICHIGAN STATE,AWMB,0.060000,0.060000,0,0,0
MI,49799,MICHIGAN STATE,AWMB,0.060000,0.060000,0,0,0
MI,49801,MICHIGAN STATE,AWMB,0.060000,0.060000,0,0,0
MI,49802,MICHIGAN STATE,AWMB,0.060000,0.060000,0,0,0
MI,49805,MICHIGAN STATE,AWMB,0.060000,0.060000,0,0,0
MI,49806,MICHIGAN STATE,AWMB,0.060000,0.060000,0,0,0
MI,49807,MICHIGAN STATE,AWMB,0.060000,0.060000,0,0,0
MI,49808,MICHIGAN STATE,AWMB,0.060000,0.060000,0,0,0
MI,49812,MICHIGAN STATE,AWMB,0.060000,0.060000,0,0,0
MI,49814,MICHIGAN STATE,AWMB,0.060000,0.060000,0,0,0
MI,49815,MICHIGAN STATE,AWMB,0.060000,0.060000,0,0,0
MI,49816,MICHIGAN STATE,AWMB,0.060000,0.060000,0,0,0
MI,49817,MICHIGAN STATE,AWMB,0.060000,0.060000,0,0,0
MI,49818,MICHIGAN STATE,AWMB,0.060000,0.060000,0,0,0
MI,49819,MICHIGAN STATE,AWMB,0.060000,0.060000,0,0,0
MI,49820,MICHIGAN STATE,AWMB,0.060000,0.060000,0,0,0
MI,49821,MICHIGAN STATE,AWMB,0.060000,0.060000,0,0,0
MI,49822,MICHIGAN STATE,AWMB,0.060000,0.060000,0,0,0
MI,49825,MICHIGAN STATE,AWMB,0.060000,0.060000,0,0,0
MI,49826,MICHIGAN STATE,AWMB,0.060000,0.060000,0,0,0
MI,49827,MICHIGAN STATE,AWMB,0.060000,0.060000,0,0,0
MI,49829,MICHIGAN STATE,AWMB,0.060000,0.060000,0,0,0
MI,49831,MICHIGAN STATE,AWMB,0.060000,0.060000,0,0,0
MI,49833,MICHIGAN STATE,AWMB,0.060000,0.060000,0,0,0
MI,49834,MICHIGAN STATE,AWMB,0.060000,0.060000,0,0,0
MI,49835,MICHIGAN STATE,AWMB,0.060000,0.060000,0,0,0
MI,49836,MICHIGAN STATE,AWMB,0.060000,0.060000,0,0,0
MI,49837,MICHIGAN STATE,AWMB,0.060000,0.060000,0,0,0
MI,49838,MICHIGAN STATE,AWMB,0.060000,0.060000,0,0,0
MI,49839,MICHIGAN STATE,AWMB,0.060000,0.060000,0,0,0
MI,49840,MICHIGAN STATE,AWMB,0.060000,0.060000,0,0,0
MI,49841,MICHIGAN STATE,AWMB,0.060000,0.060000,0,0,0
MI,49845,MICHIGAN STATE,AWMB,0.060000,0.060000,0,0,0
MI,49847,MICHIGAN STATE,AWMB,0.060000,0.060000,0,0,0
MI,49848,MICHIGAN STATE,AWMB,0.060000,0.060000,0,0,0
MI,49849,MICHIGAN STATE,AWMB,0.060000,0.060000,0,0,0
MI,49852,MICHIGAN STATE,AWMB,0.060000,0.060000,0,0,0
MI,49853,MICHIGAN STATE,AWMB,0.060000,0.060000,0,0,0
MI,49854,MICHIGAN STATE,AWMB,0.060000,0.060000,0,0,0
MI,49855,MICHIGAN STATE,AWMB,0.060000,0.060000,0,0,0
MI,49858,MICHIGAN STATE,AWMB,0.060000,0.060000,0,0,0
MI,49861,MICHIGAN STATE,AWMB,0.060000,0.060000,0,0,0
MI,49862,MICHIGAN STATE,AWMB,0.060000,0.060000,0,0,0
MI,49863,MICHIGAN STATE,AWMB,0.060000,0.060000,0,0,0
MI,49864,MICHIGAN STATE,AWMB,0.060000,0.060000,0,0,0
MI,49866,MICHIGAN STATE,AWMB,0.060000,0.060000,0,0,0
MI,49868,MICHIGAN STATE,AWMB,0.060000,0.060000,0,0,0
MI,49870,MICHIGAN STATE,AWMB,0.060000,0.060000,0,0,0
MI,49871,MICHIGAN STATE,AWMB,0.060000,0.060000,0,0,0
MI,49872,MICHIGAN STATE,AWMB,0.060000,0.060000,0,0,0
MI,49873,MICHIGAN STATE,AWMB,0.060000,0.060000,0,0,0
MI,49874,MICHIGAN STATE,AWMB,0.060000,0.060000,0,0,0
MI,49876,MICHIGAN STATE,AWMB,0.060000,0.060000,0,0,0
MI,49877,MICHIGAN STATE,AWMB,0.060000,0.060000,0,0,0
MI,49878,MICHIGAN STATE,AWMB,0.060000,0.060000,0,0,0
MI,49879,MICHIGAN STATE,AWMB,0.060000,0.060000,0,0,0
MI,49880,MICHIGAN STATE,AWMB,0.060000,0.060000,0,0,0
MI,49881,MICHIGAN STATE,AWMB,0.060000,0.060000,0,0,0
MI,49883,MICHIGAN STATE,AWMB,0.060000,0.060000,0,0,0
MI,49884,MICHIGAN STATE,AWMB,0.060000,0.060000,0,0,0
MI,49885,MICHIGAN STATE,AWMB,0.060000,0.060000,0,0,0
MI,49886,MICHIGAN STATE,AWMB,0.060000,0.060000,0,0,0
MI,49887,MICHIGAN STATE,AWMB,0.060000,0.060000,0,0,0
MI,49891,MICHIGAN STATE,AWMB,0.060000,0.060000,0,0,0
MI,49892,MICHIGAN STATE,AWMB,0.060000,0.060000,0,0,0
MI,49893,MICHIGAN STATE,AWMB,0.060000,0.060000,0,0,0
MI,49894,MICHIGAN STATE,AWMB,0.060000,0.060000,0,0,0
MI,49895,MICHIGAN STATE,AWMB,0.060000,0.060000,0,0,0
MI,49896,MICHIGAN STATE,AWMB,0.060000,0.060000,0,0,0
MI,49901,MICHIGAN STATE,AWMB,0.060000,0.060000,0,0,0
MI,49902,MICHIGAN STATE,AWMB,0.060000,0.060000,0,0,0
MI,49903,MICHIGAN STATE,AWMB,0.060000,0.060000,0,0,0
MI,49905,MICHIGAN STATE,AWMB,0.060000,0.060000,0,0,0
MI,49908,MICHIGAN STATE,AWMB,0.060000,0.060000,0,0,0
MI,49910,MICHIGAN STATE,AWMB,0.060000,0.060000,0,0,0
MI,49911,MICHIGAN STATE,AWMB,0.060000,0.060000,0,0,0
MI,49912,MICHIGAN STATE,AWMB,0.060000,0.060000,0,0,0
MI,49913,MICHIGAN STATE,AWMB,0.060000,0.060000,0,0,0
MI,49915,MICHIGAN STATE,AWMB,0.060000,0.060000,0,0,0
MI,49916,MICHIGAN STATE,AWMB,0.060000,0.060000,0,0,0
MI,49917,MICHIGAN STATE,AWMB,0.060000,0.060000,0,0,0
MI,49918,MICHIGAN STATE,AWMB,0.060000,0.060000,0,0,0
MI,49919,MICHIGAN STATE,AWMB,0.060000,0.060000,0,0,0
MI,49920,MICHIGAN STATE,AWMB,0.060000,0.060000,0,0,0
MI,49921,MICHIGAN STATE,AWMB,0.060000,0.060000,0,0,0
MI,49922,MICHIGAN STATE,AWMB,0.060000,0.060000,0,0,0
MI,49925,MICHIGAN STATE,AWMB,0.060000,0.060000,0,0,0
MI,49927,MICHIGAN STATE,AWMB,0.060000,0.060000,0,0,0
MI,49929,MICHIGAN STATE,AWMB,0.060000,0.060000,0,0,0
MI,49930,MICHIGAN STATE,AWMB,0.060000,0.060000,0,0,0
MI,49931,MICHIGAN STATE,AWMB,0.060000,0.060000,0,0,0
MI,49934,MICHIGAN STATE,AWMB,0.060000,0.060000,0,0,0
MI,49935,MICHIGAN STATE,AWMB,0.060000,0.060000,0,0,0
MI,49938,MICHIGAN STATE,AWMB,0.060000,0.060000,0,0,0
MI,49945,MICHIGAN STATE,AWMB,0.060000,0.060000,0,0,0
MI,49946,MICHIGAN STATE,AWMB,0.060000,0.060000,0,0,0
MI,49947,MICHIGAN STATE,AWMB,0.060000,0.060000,0,0,0
MI,49948,MICHIGAN STATE,AWMB,0.060000,0.060000,0,0,0
MI,49950,MICHIGAN STATE,AWMB,0.060000,0.060000,0,0,0
MI,49952,MICHIGAN STATE,AWMB,0.060000,0.060000,0,0,0
MI,49953,MICHIGAN STATE,AWMB,0.060000,0.060000,0,0,0
MI,49955,MICHIGAN STATE,AWMB,0.060000,0.060000,0,0,0
MI,49958,MICHIGAN STATE,AWMB,0.060000,0.060000,0,0,0
MI,49959,MICHIGAN STATE,AWMB,0.060000,0.060000,0,0,0
MI,49960,MICHIGAN STATE,AWMB,0.060000,0.060000,0,0,0
MI,49961,MICHIGAN STATE,AWMB,0.060000,0.060000,0,0,0
MI,49962,MICHIGAN STATE,AWMB,0.060000,0.060000,0,0,0
MI,49963,MICHIGAN STATE,AWMB,0.060000,0.060000,0,0,0
MI,49964,MICHIGAN STATE,AWMB,0.060000,0.060000,0,0,0
MI,49965,MICHIGAN STATE,AWMB,0.060000,0.060000,0,0,0
MI,49967,MICHIGAN STATE,AWMB,0.060000,0.060000,0,0,0
MI,49968,MICHIGAN STATE,AWMB,0.060000,0.060000,0,0,0
MI,49969,MICHIGAN STATE,AWMB,0.060000,0.060000,0,0,0
MI,49970,MICHIGAN STATE,AWMB,0.060000,0.060000,0,0,0
MI,49971,MICHIGAN STATE,AWMB,0.060000,0.060000,0,0,0
