State,ZipCode,TaxRegionName,TaxRegionCode,CombinedRate,StateRate,CountyRate,CityRate,SpecialRate
PR,00601,PUERTO RICO,CXFO,0.070000,0.070000,0,0,0
PR,00602,PUERTO RICO,CXFO,0.070000,0.070000,0,0,0
PR,00603,AGUADILLA CO,CUHM,0.070000,0.060000,0.010000,0,0
PR,00604,AGUADILLA CO,CUHM,0.070000,0.060000,0.010000,0,0
PR,00605,AGUADILLA CO,CUHM,0.070000,0.060000,0.010000,0,0
PR,00606,MARICAO CO,CVWS,0.070000,0.060000,0.010000,0,0
PR,00610,PUERTO RICO,CXFO,0.070000,0.070000,0,0,0
PR,00611,PUERTO RICO,CXFO,0.070000,0.070000,0,0,0
PR,00612,PUERTO RICO,CXFO,0.070000,0.070000,0,0,0
PR,00613,PUERTO RICO,CXFO,0.070000,0.070000,0,0,0
PR,00614,PUERTO RICO,CXFO,0.070000,0.070000,0,0,0
PR,00616,PUERTO RICO,CXFO,0.070000,0.070000,0,0,0
PR,00617,PUERTO RICO,CXFO,0.070000,0.070000,0,0,0
PR,00622,PUERTO RICO,CXFO,0.070000,0.070000,0,0,0
PR,00623,PUERTO RICO,CXFO,0.070000,0.070000,0,0,0
PR,00624,PENUELAS CO,CWCC,0.070000,0.060000,0.010000,0,0
PR,00627,PUERTO RICO,CXFO,0.070000,0.070000,0,0,0
PR,00631,PUERTO RICO,CXFO,0.070000,0.070000,0,0,0
PR,00636,PUERTO RICO,CXFO,0.070000,0.070000,0,0,0
PR,00637,PUERTO RICO,CXFO,0.070000,0.070000,0,0,0
PR,00638,CIALES CO,CVDK,0.070000,0.060000,0.010000,0,0
PR,00641,PUERTO RICO,CXFO,0.070000,0.070000,0,0,0
PR,00646,PUERTO RICO,CXFO,0.070000,0.070000,0,0,0
PR,00647,PUERTO RICO,CXFO,0.070000,0.070000,0,0,0
PR,00650,PUERTO RICO,CXFO,0.070000,0.070000,0,0,0
PR,00652,PUERTO RICO,CXFO,0.070000,0.070000,0,0,0
PR,00653,PUERTO RICO,CXFO,0.070000,0.070000,0,0,0
PR,00656,PUERTO RICO,CXFO,0.070000,0.070000,0,0,0
PR,00659,HATILLO CO,CVPP,0.070000,0.060000,0.010000,0,0
PR,00660,PUERTO RICO,CXFO,0.070000,0.070000,0,0,0
PR,00662,PUERTO RICO,CXFO,0.070000,0.070000,0,0,0
PR,00664,PUERTO RICO,CXFO,0.070000,0.070000,0,0,0
PR,00667,LAJAS CO,CVUA,0.070000,0.060000,0.010000,0,0
PR,00669,LARES CO,CVUJ,0.070000,0.060000,0.010000,0,0
PR,00670,PUERTO RICO,CXFO,0.070000,0.070000,0,0,0
PR,00674,PUERTO RICO,CXFO,0.070000,0.070000,0,0,0
PR,00676,PUERTO RICO,CXFO,0.070000,0.070000,0,0,0
PR,00677,RINCON CO,CWIS,0.070000,0.060000,0.010000,0,0
PR,00678,PUERTO RICO,CXFO,0.070000,0.070000,0,0,0
PR,00680,PUERTO RICO,CXFO,0.070000,0.070000,0,0,0
PR,00681,PUERTO RICO,CXFO,0.070000,0.070000,0,0,0
PR,00682,PUERTO RICO,CXFO,0.070000,0.070000,0,0,0
PR,00683,PUERTO RICO,CXFO,0.070000,0.070000,0,0,0
PR,00685,PUERTO RICO,CXFO,0.070000,0.070000,0,0,0
PR,00687,PUERTO RICO,CXFO,0.070000,0.070000,0,0,0
PR,00688,PUERTO RICO,CXFO,0.070000,0.070000,0,0,0
PR,00690,AGUADILLA CO,CUHM,0.070000,0.060000,0.010000,0,0
PR,00692,PUERTO RICO,CXFO,0.070000,0.070000,0,0,0
PR,00693,PUERTO RICO,CXFO,0.070000,0.070000,0,0,0
PR,00694,PUERTO RICO,CXFO,0.070000,0.070000,0,0,0
PR,00698,PUERTO RICO,CXFO,0.070000,0.070000,0,0,0
PR,00703,PUERTO RICO,CXFO,0.070000,0.070000,0,0,0
PR,00704,PUERTO RICO,CXFO,0.070000,0.070000,0,0,0
PR,00705,AIBONITO CO,CUJC,0.070000,0.060000,0.010000,0,0
PR,00707,MAUNABO CO,CVWV,0.070000,0.060000,0.010000,0,0
PR,00714,ARROYO CO,CUMG,0.070000,0.060000,0.010000,0,0
PR,00715,PUERTO RICO,CXFO,0.070000,0.070000,0,0,0
PR,00716,PUERTO RICO,CXFO,0.070000,0.070000,0,0,0
PR,00717,PUERTO RICO,CXFO,0.070000,0.070000,0,0,0
PR,00718,NAGUABO CO,CWAZ,0.070000,0.060000,0.010000,0,0
PR,00719,PUERTO RICO,CXFO,0.070000,0.070000,0,0,0
PR,00720,PUERTO RICO,CXFO,0.070000,0.070000,0,0,0
PR,00721,PUERTO RICO,CXFO,0.070000,0.070000,0,0,0
PR,00723,PATILLAS CO,CWBQ,0.070000,0.060000,0.010000,0,0
PR,00725,PUERTO RICO,CXFO,0.070000,0.070000,0,0,0
PR,00726,PUERTO RICO,CXFO,0.070000,0.070000,0,0,0
PR,00727,PUERTO RICO,CXFO,0.070000,0.070000,0,0,0
PR,00728,PUERTO RICO,CXFO,0.070000,0.070000,0,0,0
PR,00729,PUERTO RICO,CXFO,0.070000,0.070000,0,0,0
PR,00730,PUERTO RICO,CXFO,0.070000,0.070000,0,0,0
PR,00731,PUERTO RICO,CXFO,0.070000,0.070000,0,0,0
PR,00732,PUERTO RICO,CXFO,0.070000,0.070000,0,0,0
PR,00733,PUERTO RICO,CXFO,0.070000,0.070000,0,0,0
PR,00734,PUERTO RICO,CXFO,0.070000,0.070000,0,0,0
PR,00735,PUERTO RICO,CXFO,0.070000,0.070000,0,0,0
PR,00736,PUERTO RICO,CXFO,0.070000,0.070000,0,0,0
PR,00737,PUERTO RICO,CXFO,0.070000,0.070000,0,0,0
PR,00738,PUERTO RICO,CXFO,0.070000,0.070000,0,0,0
PR,00739,PUERTO RICO,CXFO,0.070000,0.070000,0,0,0
PR,00740,PUERTO RICO,CXFO,0.070000,0.070000,0,0,0
PR,00741,PUERTO RICO,CXFO,0.070000,0.070000,0,0,0
PR,00742,PUERTO RICO,CXFO,0.070000,0.070000,0,0,0
PR,00744,PUERTO RICO,CXFO,0.070000,0.070000,0,0,0
PR,00745,PUERTO RICO,CXFO,0.070000,0.070000,0,0,0
PR,00751,PUERTO RICO,CXFO,0.070000,0.070000,0,0,0
PR,00754,PUERTO RICO,CXFO,0.070000,0.070000,0,0,0
PR,00757,PUERTO RICO,CXFO,0.070000,0.070000,0,0,0
PR,00765,PUERTO RICO,CXFO,0.070000,0.070000,0,0,0
PR,00766,PUERTO RICO,CXFO,0.070000,0.070000,0,0,0
PR,00767,PUERTO RICO,CXFO,0.070000,0.070000,0,0,0
PR,00769,PUERTO RICO,CXFO,0.070000,0.070000,0,0,0
PR,00771,PUERTO RICO,CXFO,0.070000,0.070000,0,0,0
PR,00772,PUERTO RICO,CXFO,0.070000,0.070000,0,0,0
PR,00773,PUERTO RICO,CXFO,0.070000,0.070000,0,0,0
PR,00775,PUERTO RICO,CXFO,0.070000,0.070000,0,0,0
PR,00777,JUNCOS CO,CVTL,0.070000,0.060000,0.010000,0,0
PR,00778,PUERTO RICO,CXFO,0.070000,0.070000,0,0,0
PR,00780,PUERTO RICO,CXFO,0.070000,0.070000,0,0,0
PR,00782,PUERTO RICO,CXFO,0.070000,0.070000,0,0,0
PR,00783,PUERTO RICO,CXFO,0.070000,0.070000,0,0,0
PR,00784,PUERTO RICO,CXFO,0.070000,0.070000,0,0,0
PR,00785,PUERTO RICO,CXFO,0.070000,0.070000,0,0,0
PR,00786,PUERTO RICO,CXFO,0.070000,0.070000,0,0,0
PR,00791,PUERTO RICO,CXFO,0.070000,0.070000,0,0,0
PR,00792,PUERTO RICO,CXFO,0.070000,0.070000,0,0,0
PR,00794,BARRANQUITAS CO,CUNM,0.070000,0.060000,0.010000,0,0
PR,00795,PUERTO RICO,CXFO,0.070000,0.070000,0,0,0
PR,00901,PUERTO RICO,CXFO,0.070000,0.070000,0,0,0
PR,00902,PUERTO RICO,CXFO,0.070000,0.070000,0,0,0
PR,00906,PUERTO RICO,CXFO,0.070000,0.070000,0,0,0
PR,00907,PUERTO RICO,CXFO,0.070000,0.070000,0,0,0
PR,00908,PUERTO RICO,CXFO,0.070000,0.070000,0,0,0
PR,00909,PUERTO RICO,CXFO,0.070000,0.070000,0,0,0
PR,00910,PUERTO RICO,CXFO,0.070000,0.070000,0,0,0
PR,00911,PUERTO RICO,CXFO,0.070000,0.070000,0,0,0
PR,00912,PUERTO RICO,CXFO,0.070000,0.070000,0,0,0
PR,00913,PUERTO RICO,CXFO,0.070000,0.070000,0,0,0
PR,00914,PUERTO RICO,CXFO,0.070000,0.070000,0,0,0
PR,00915,PUERTO RICO,CXFO,0.070000,0.070000,0,0,0
PR,00916,PUERTO RICO,CXFO,0.070000,0.070000,0,0,0
PR,00917,PUERTO RICO,CXFO,0.070000,0.070000,0,0,0
PR,00918,PUERTO RICO,CXFO,0.070000,0.070000,0,0,0
PR,00919,PUERTO RICO,CXFO,0.070000,0.070000,0,0,0
PR,00920,PUERTO RICO,CXFO,0.070000,0.070000,0,0,0
PR,00921,PUERTO RICO,CXFO,0.070000,0.070000,0,0,0
PR,00922,PUERTO RICO,CXFO,0.070000,0.070000,0,0,0
PR,00923,PUERTO RICO,CXFO,0.070000,0.070000,0,0,0
PR,00924,PUERTO RICO,CXFO,0.070000,0.070000,0,0,0
PR,00925,PUERTO RICO,CXFO,0.070000,0.070000,0,0,0
PR,00926,PUERTO RICO,CXFO,0.070000,0.070000,0,0,0
PR,00927,PUERTO RICO,CXFO,0.070000,0.070000,0,0,0
PR,00928,PUERTO RICO,CXFO,0.070000,0.070000,0,0,0
PR,00929,PUERTO RICO,CXFO,0.070000,0.070000,0,0,0
PR,00930,PUERTO RICO,CXFO,0.070000,0.070000,0,0,0
PR,00931,PUERTO RICO,CXFO,0.070000,0.070000,0,0,0
PR,00933,PUERTO RICO,CXFO,0.070000,0.070000,0,0,0
PR,00934,PUERTO RICO,CXFO,0.070000,0.070000,0,0,0
PR,00935,PUERTO RICO,CXFO,0.070000,0.070000,0,0,0
PR,00936,PUERTO RICO,CXFO,0.070000,0.070000,0,0,0
PR,00937,PUERTO RICO,CXFO,0.070000,0.070000,0,0,0
PR,00939,PUERTO RICO,CXFO,0.070000,0.070000,0,0,0
PR,00940,PUERTO RICO,CXFO,0.070000,0.070000,0,0,0
PR,00949,PUERTO RICO,CXFO,0.070000,0.070000,0,0,0
PR,00950,PUERTO RICO,CXFO,0.070000,0.070000,0,0,0
PR,00951,PUERTO RICO,CXFO,0.070000,0.070000,0,0,0
PR,00952,PUERTO RICO,CXFO,0.070000,0.070000,0,0,0
PR,00953,PUERTO RICO,CXFO,0.070000,0.070000,0,0,0
PR,00954,PUERTO RICO,CXFO,0.070000,0.070000,0,0,0
PR,00955,PUERTO RICO,CXFO,0.070000,0.070000,0,0,0
PR,00956,PUERTO RICO,CXFO,0.070000,0.070000,0,0,0
PR,00957,PUERTO RICO,CXFO,0.070000,0.070000,0,0,0
PR,00958,PUERTO RICO,CXFO,0.070000,0.070000,0,0,0
PR,00959,PUERTO RICO,CXFO,0.070000,0.070000,0,0,0
PR,00960,PUERTO RICO,CXFO,0.070000,0.070000,0,0,0
PR,00961,PUERTO RICO,CXFO,0.070000,0.070000,0,0,0
PR,00962,PUERTO RICO,CXFO,0.070000,0.070000,0,0,0
PR,00963,PUERTO RICO,CXFO,0.070000,0.070000,0,0,0
PR,00965,PUERTO RICO,CXFO,0.070000,0.070000,0,0,0
PR,00966,PUERTO RICO,CXFO,0.070000,0.070000,0,0,0
PR,00968,PUERTO RICO,CXFO,0.070000,0.070000,0,0,0
PR,00969,PUERTO RICO,CXFO,0.070000,0.070000,0,0,0
PR,00970,PUERTO RICO,CXFO,0.070000,0.070000,0,0,0
PR,00971,PUERTO RICO,CXFO,0.070000,0.070000,0,0,0
PR,00975,PUERTO RICO,CXFO,0.070000,0.070000,0,0,0
PR,00976,PUERTO RICO,CXFO,0.070000,0.070000,0,0,0
PR,00977,PUERTO RICO,CXFO,0.070000,0.070000,0,0,0
PR,00978,PUERTO RICO,CXFO,0.070000,0.070000,0,0,0
PR,00979,PUERTO RICO,CXFO,0.070000,0.070000,0,0,0
PR,00981,PUERTO RICO,CXFO,0.070000,0.070000,0,0,0
PR,00982,PUERTO RICO,CXFO,0.070000,0.070000,0,0,0
PR,00983,PUERTO RICO,CXFO,0.070000,0.070000,0,0,0
PR,00984,PUERTO RICO,CXFO,0.070000,0.070000,0,0,0
PR,00985,PUERTO RICO,CXFO,0.070000,0.070000,0,0,0
PR,00986,PUERTO RICO,CXFO,0.070000,0.070000,0,0,0
PR,00987,PUERTO RICO,CXFO,0.070000,0.070000,0,0,0
PR,00988,PUERTO RICO,CXFO,0.070000,0.070000,0,0,0
