State,ZipCode,TaxRegionName,TaxRegionCode,CombinedRate,StateRate,CountyRate,CityRate,SpecialRate
NM,87001,SANDOVAL COUNTY,BEVY,0.062500,0.051250,0,0,0.011250
NM,87002,BELEN,BEZV,0.078125,0.051250,0,0.026875,0
NM,87004,BERNALILLO (CITY),BEWA,0.070625,0.051250,0,0.019375,0
NM,87005,CIBOLA COUNTY,BELC,0.065625,0.051250,0,0,0.014375
NM,87006,SOCORRO COUNTY,BEXN,0.060000,0.051250,0,0,0.008750
NM,87007,LAGUNA PUEBLO (2) (CIBOLA CO),EFPT,0.065625,0.000000,0,0,0.065625
NM,87008,BERNALILLO COUNTY,BEKE,0.060625,0.051250,0,0,0.009375
NM,87009,ESTANCIA,BEZB,0.075625,0.051250,0,0.024375,0
NM,87010,SANTA FE COUNTY,BEWQ,0.068750,0.051250,0,0,0.017500
NM,87011,SOCORRO COUNTY,BEXN,0.060000,0.051250,0,0,0.008750
NM,87012,RIO ARRIBA COUNTY,BESW,0.065000,0.051250,0,0,0.013750
NM,87013,CUBA,BEWB,0.078125,0.051250,0,0.026875,0
NM,87014,CIBOLA COUNTY,BELC,0.065625,0.051250,0,0,0.014375
NM,87015,SANTA FE COUNTY,BEWQ,0.068750,0.051250,0,0,0.017500
NM,87016,TORRANCE COUNTY,BEYW,0.065000,0.051250,0,0,0.013750
NM,87017,RIO ARRIBA COUNTY,BESW,0.065000,0.051250,0,0,0.013750
NM,87018,SAN JUAN COUNTY,BEUN,0.063750,0.051250,0,0,0.012500
NM,87020,GRANTS,BELH,0.078750,0.051250,0,0.027500,0
NM,87021,GRANTS,BELH,0.078750,0.051250,0,0.027500,0
NM,87022,BERNALILLO COUNTY,BEKE,0.060625,0.051250,0,0,0.009375
NM,87023,VALENCIA COUNTY,BEZU,0.063750,0.051250,0,0,0.012500
NM,87024,SANDOVAL COUNTY,BEVY,0.062500,0.051250,0,0,0.011250
NM,87025,SANDOVAL COUNTY,BEVY,0.062500,0.051250,0,0,0.011250
NM,87026,VALENCIA COUNTY,BEZU,0.063750,0.051250,0,0,0.012500
NM,87027,SANDOVAL COUNTY,BEVY,0.062500,0.051250,0,0,0.011250
NM,87028,SOCORRO COUNTY,BEXN,0.060000,0.051250,0,0,0.008750
NM,87029,RIO ARRIBA COUNTY,BESW,0.065000,0.051250,0,0,0.013750
NM,87031,VALENCIA COUNTY,BEZU,0.063750,0.051250,0,0,0.012500
NM,87032,TORRANCE COUNTY,BEYW,0.065000,0.051250,0,0,0.013750
NM,87034,CIBOLA COUNTY,BELC,0.065625,0.051250,0,0,0.014375
NM,87035,TORRANCE COUNTY,BEYW,0.065000,0.051250,0,0,0.013750
NM,87036,MOUNTAINAIR,BEZD,0.076875,0.051250,0,0.025625,0
NM,87037,SAN JUAN COUNTY,BEUN,0.063750,0.051250,0,0,0.012500
NM,87038,LAGUNA PUEBLO (2) (CIBOLA CO),EFPT,0.065625,0.000000,0,0,0.065625
NM,87040,LAGUNA PUEBLO (2) (CIBOLA CO),EFPT,0.065625,0.000000,0,0,0.065625
NM,87041,PUEBLO DE COCHITI (2) (SANDOVAL CO),EFQE,0.062500,0.000000,0,0,0.062500
NM,87042,PERALTA,BFAA,0.074375,0.051250,0,0.023125,0
NM,87043,SANDOVAL COUNTY,BEVY,0.062500,0.051250,0,0,0.011250
NM,87044,SANDOVAL COUNTY,BEVY,0.062500,0.051250,0,0,0.011250
NM,87045,MCKINLEY COUNTY,BEQM,0.067500,0.051250,0,0,0.016250
NM,87046,SANDOVAL COUNTY,BEVY,0.062500,0.051250,0,0,0.011250
NM,87047,BERNALILLO COUNTY,BEKE,0.060625,0.051250,0,0,0.009375
NM,87048,CORRALES,BEWC,0.075625,0.051250,0,0.024375,0
NM,87049,CIBOLA COUNTY,BELC,0.065625,0.051250,0,0,0.014375
NM,87051,CIBOLA COUNTY,BELC,0.065625,0.051250,0,0,0.014375
NM,87052,KEWA PUEBLO 2,EIIA,0.062500,0.000000,0,0.062500,0
NM,87053,SANDOVAL COUNTY,BEVY,0.062500,0.051250,0,0,0.011250
NM,87056,SANTA FE COUNTY,BEWQ,0.068750,0.051250,0,0,0.017500
NM,87059,BERNALILLO COUNTY,BEKE,0.060625,0.051250,0,0,0.009375
NM,87060,VALENCIA COUNTY,BEZU,0.063750,0.051250,0,0,0.012500
NM,87061,TORRANCE COUNTY,BEYW,0.065000,0.051250,0,0,0.013750
NM,87062,SOCORRO COUNTY,BEXN,0.060000,0.051250,0,0,0.008750
NM,87063,ESTANCIA,BEZB,0.075625,0.051250,0,0.024375,0
NM,87064,RIO ARRIBA COUNTY,BESW,0.065000,0.051250,0,0,0.013750
NM,87068,BOSQUE FARMS,BEZW,0.076875,0.051250,0,0.025625,0
NM,87070,MORIARTY,BEZC,0.074375,0.051250,0,0.023125,0
NM,87072,PUEBLO DE COCHITI (2) (SANDOVAL CO),EFQE,0.062500,0.000000,0,0,0.062500
NM,87083,PUEBLO DE COCHITI (2) (SANDOVAL CO),EFQE,0.062500,0.000000,0,0,0.062500
NM,87101,ALBUQUERQUE,BEKF,0.070000,0.051250,0,0.018750,0
NM,87102,ALBUQUERQUE,BEKF,0.070000,0.051250,0,0.018750,0
NM,87103,ALBUQUERQUE,BEKF,0.070000,0.051250,0,0.018750,0
NM,87104,ALBUQUERQUE,BEKF,0.070000,0.051250,0,0.018750,0
NM,87105,BERNALILLO COUNTY,BEKE,0.060625,0.051250,0,0,0.009375
NM,87106,ALBUQUERQUE,BEKF,0.070000,0.051250,0,0.018750,0
NM,87107,ALBUQUERQUE,BEKF,0.070000,0.051250,0,0.018750,0
NM,87108,ALBUQUERQUE,BEKF,0.070000,0.051250,0,0.018750,0
NM,87109,ALBUQUERQUE,BEKF,0.070000,0.051250,0,0.018750,0
NM,87110,ALBUQUERQUE,BEKF,0.070000,0.051250,0,0.018750,0
NM,87111,ALBUQUERQUE,BEKF,0.070000,0.051250,0,0.018750,0
NM,87112,ALBUQUERQUE,BEKF,0.070000,0.051250,0,0.018750,0
NM,87113,ALBUQUERQUE,BEKF,0.070000,0.051250,0,0.018750,0
NM,87114,ALBUQUERQUE,BEKF,0.070000,0.051250,0,0.018750,0
NM,87115,BERNALILLO COUNTY,BEKE,0.060625,0.051250,0,0,0.009375
NM,87116,BERNALILLO COUNTY,BEKE,0.060625,0.051250,0,0,0.009375
NM,87117,BERNALILLO COUNTY,BEKE,0.060625,0.051250,0,0,0.009375
NM,87119,ALBUQUERQUE,BEKF,0.070000,0.051250,0,0.018750,0
NM,87120,ALBUQUERQUE,BEKF,0.070000,0.051250,0,0.018750,0
NM,87121,ALBUQUERQUE,BEKF,0.070000,0.051250,0,0.018750,0
NM,87122,BERNALILLO COUNTY,BEKE,0.060625,0.051250,0,0,0.009375
NM,87123,ALBUQUERQUE,BEKF,0.070000,0.051250,0,0.018750,0
NM,87124,RIO RANCHO (SANDOVAL CO),BEWM,0.074375,0.051250,0,0.023125,0
NM,87125,ALBUQUERQUE,BEKF,0.070000,0.051250,0,0.018750,0
NM,87131,ALBUQUERQUE,BEKF,0.070000,0.051250,0,0.018750,0
NM,87144,RIO RANCHO (SANDOVAL CO),BEWM,0.074375,0.051250,0,0.023125,0
NM,87151,ALBUQUERQUE,BEKF,0.070000,0.051250,0,0.018750,0
NM,87153,ALBUQUERQUE,BEKF,0.070000,0.051250,0,0.018750,0
NM,87154,ALBUQUERQUE,BEKF,0.070000,0.051250,0,0.018750,0
NM,87158,ALBUQUERQUE,BEKF,0.070000,0.051250,0,0.018750,0
NM,87174,RIO RANCHO (SANDOVAL CO),BEWM,0.074375,0.051250,0,0.023125,0
NM,87176,ALBUQUERQUE,BEKF,0.070000,0.051250,0,0.018750,0
NM,87181,ALBUQUERQUE,BEKF,0.070000,0.051250,0,0.018750,0
NM,87184,BERNALILLO COUNTY,BEKE,0.060625,0.051250,0,0,0.009375
NM,87185,BERNALILLO COUNTY,BEKE,0.060625,0.051250,0,0,0.009375
NM,87187,ALBUQUERQUE,BEKF,0.070000,0.051250,0,0.018750,0
NM,87190,ALBUQUERQUE,BEKF,0.070000,0.051250,0,0.018750,0
NM,87191,ALBUQUERQUE,BEKF,0.070000,0.051250,0,0.018750,0
NM,87192,ALBUQUERQUE,BEKF,0.070000,0.051250,0,0.018750,0
NM,87193,ALBUQUERQUE,BEKF,0.070000,0.051250,0,0.018750,0
NM,87194,ALBUQUERQUE,BEKF,0.070000,0.051250,0,0.018750,0
NM,87195,BERNALILLO COUNTY,BEKE,0.060625,0.051250,0,0,0.009375
NM,87196,ALBUQUERQUE,BEKF,0.070000,0.051250,0,0.018750,0
NM,87197,ALBUQUERQUE,BEKF,0.070000,0.051250,0,0.018750,0
NM,87198,ALBUQUERQUE,BEKF,0.070000,0.051250,0,0.018750,0
NM,87199,ALBUQUERQUE,BEKF,0.070000,0.051250,0,0.018750,0
NM,87301,GALLUP,BEQS,0.083125,0.051250,0,0.031875,0
NM,87302,GALLUP,BEQS,0.083125,0.051250,0,0.031875,0
NM,87305,GALLUP,BEQS,0.083125,0.051250,0,0.031875,0
NM,87310,MCKINLEY COUNTY,BEQM,0.067500,0.051250,0,0,0.016250
NM,87311,MCKINLEY COUNTY,BEQM,0.067500,0.051250,0,0,0.016250
NM,87312,MCKINLEY COUNTY,BEQM,0.067500,0.051250,0,0,0.016250
NM,87313,MCKINLEY COUNTY,BEQM,0.067500,0.051250,0,0,0.016250
NM,87315,CIBOLA COUNTY,BELC,0.065625,0.051250,0,0,0.014375
NM,87316,MCKINLEY COUNTY,BEQM,0.067500,0.051250,0,0,0.016250
NM,87317,GALLUP,BEQS,0.083125,0.051250,0,0.031875,0
NM,87319,GALLUP,BEQS,0.083125,0.051250,0,0.031875,0
NM,87320,MCKINLEY COUNTY,BEQM,0.067500,0.051250,0,0,0.016250
NM,87321,MCKINLEY COUNTY,BEQM,0.067500,0.051250,0,0,0.016250
NM,87322,MCKINLEY COUNTY,BEQM,0.067500,0.051250,0,0,0.016250
NM,87323,CIBOLA COUNTY,BELC,0.065625,0.051250,0,0,0.014375
NM,87325,MCKINLEY COUNTY,BEQM,0.067500,0.051250,0,0,0.016250
NM,87326,GALLUP,BEQS,0.083125,0.051250,0,0.031875,0
NM,87327,MCKINLEY COUNTY,BEQM,0.067500,0.051250,0,0,0.016250
NM,87347,MCKINLEY COUNTY,BEQM,0.067500,0.051250,0,0,0.016250
NM,87357,MCKINLEY COUNTY,BEQM,0.067500,0.051250,0,0,0.016250
NM,87365,MCKINLEY COUNTY,BEQM,0.067500,0.051250,0,0,0.016250
NM,87375,GALLUP,BEQS,0.083125,0.051250,0,0.031875,0
NM,87401,FARMINGTON,BEUR,0.071875,0.051250,0,0.020625,0
NM,87402,FARMINGTON,BEUR,0.071875,0.051250,0,0.020625,0
NM,87410,AZTEC,BEUO,0.078125,0.051250,0,0.026875,0
NM,87412,SAN JUAN COUNTY,BEUN,0.063750,0.051250,0,0,0.012500
NM,87413,BLOOMFIELD,BEUP,0.077500,0.051250,0,0.026250,0
NM,87415,SAN JUAN COUNTY,BEUN,0.063750,0.051250,0,0,0.012500
NM,87416,SAN JUAN COUNTY,BEUN,0.063750,0.051250,0,0,0.012500
NM,87417,SAN JUAN COUNTY,BEUN,0.063750,0.051250,0,0,0.012500
NM,87418,SAN JUAN COUNTY,BEUN,0.063750,0.051250,0,0,0.012500
NM,87419,SAN JUAN COUNTY,BEUN,0.063750,0.051250,0,0,0.012500
NM,87420,SAN JUAN COUNTY,BEUN,0.063750,0.051250,0,0,0.012500
NM,87421,SAN JUAN COUNTY,BEUN,0.063750,0.051250,0,0,0.012500
NM,87455,SAN JUAN COUNTY,BEUN,0.063750,0.051250,0,0,0.012500
NM,87461,SAN JUAN COUNTY,BEUN,0.063750,0.051250,0,0,0.012500
NM,87499,FARMINGTON,BEUR,0.071875,0.051250,0,0.020625,0
NM,87501,SANTA FE (CITY),BEWX,0.081875,0.051250,0,0.030625,0
NM,87502,SANTA FE (CITY),BEWX,0.081875,0.051250,0,0.030625,0
NM,87503,SANTA FE (CITY),BEWX,0.081875,0.051250,0,0.030625,0
NM,87504,SANTA FE (CITY),BEWX,0.081875,0.051250,0,0.030625,0
NM,87505,SANTA FE (CITY),BEWX,0.081875,0.051250,0,0.030625,0
NM,87506,SANTA FE COUNTY,BEWQ,0.068750,0.051250,0,0,0.017500
NM,87507,SANTA FE (CITY),BEWX,0.081875,0.051250,0,0.030625,0
NM,87508,SANTA FE COUNTY,BEWQ,0.068750,0.051250,0,0,0.017500
NM,87509,SANTA FE (CITY),BEWX,0.081875,0.051250,0,0.030625,0
NM,87510,RIO ARRIBA COUNTY,BESW,0.065000,0.051250,0,0,0.013750
NM,87511,RIO ARRIBA COUNTY,BESW,0.065000,0.051250,0,0,0.013750
NM,87512,TAOS COUNTY,BEXZ,0.071250,0.051250,0,0,0.020000
NM,87513,TAOS COUNTY,BEXZ,0.071250,0.051250,0,0,0.020000
NM,87514,TAOS COUNTY,BEXZ,0.071250,0.051250,0,0,0.020000
NM,87515,RIO ARRIBA COUNTY,BESW,0.065000,0.051250,0,0,0.013750
NM,87516,RIO ARRIBA COUNTY,BESW,0.065000,0.051250,0,0,0.013750
NM,87517,TAOS COUNTY,BEXZ,0.071250,0.051250,0,0,0.020000
NM,87518,RIO ARRIBA COUNTY,BESW,0.065000,0.051250,0,0,0.013750
NM,87519,TAOS COUNTY,BEXZ,0.071250,0.051250,0,0,0.020000
NM,87520,CHAMA,BESZ,0.081875,0.051250,0,0.030625,0
NM,87521,TAOS COUNTY,BEXZ,0.071250,0.051250,0,0,0.020000
NM,87522,RIO ARRIBA COUNTY,BESW,0.065000,0.051250,0,0,0.013750
NM,87523,RIO ARRIBA COUNTY,BESW,0.065000,0.051250,0,0,0.013750
NM,87524,TAOS COUNTY,BEXZ,0.071250,0.051250,0,0,0.020000
NM,87525,TAOS/TAOS PUEBLO (2),EGNI,0.081875,0.000000,0,0.081875,0
NM,87527,RIO ARRIBA COUNTY,BESW,0.065000,0.051250,0,0,0.013750
NM,87528,JICARILLA APACHE NATION (2) (RIO ARRIBA CO),EFQA,0.065000,0.000000,0,0,0.065000
NM,87529,TAOS COUNTY,BEXZ,0.071250,0.051250,0,0,0.020000
NM,87530,RIO ARRIBA COUNTY,BESW,0.065000,0.051250,0,0,0.013750
NM,87531,RIO ARRIBA COUNTY,BESW,0.065000,0.051250,0,0,0.013750
NM,87532,ESPANOLA (RIO ARRIBA CO),BETI,0.085625,0.051250,0,0.034375,0
NM,87533,ESPANOLA (RIO ARRIBA CO),BETI,0.085625,0.051250,0,0.034375,0
NM,87535,SANTA FE COUNTY,BEWQ,0.068750,0.051250,0,0,0.017500
NM,87537,RIO ARRIBA COUNTY,BESW,0.065000,0.051250,0,0,0.013750
NM,87538,SAN MIGUEL COUNTY,BEVD,0.065000,0.051250,0,0,0.013750
NM,87539,RIO ARRIBA COUNTY,BESW,0.065000,0.051250,0,0,0.013750
NM,87540,SANTA FE COUNTY,BEWQ,0.068750,0.051250,0,0,0.017500
NM,87543,PICURIS PUEBLO 2,EIII,0.071250,0.000000,0,0.071250,0
NM,87544,LOS ALAMOS COUNTY,BEQH,0.073125,0.051250,0,0,0.021875
NM,87545,LOS ALAMOS COUNTY,BEQH,0.073125,0.051250,0,0,0.021875
NM,87548,RIO ARRIBA COUNTY,BESW,0.065000,0.051250,0,0,0.013750
NM,87549,RIO ARRIBA COUNTY,BESW,0.065000,0.051250,0,0,0.013750
NM,87551,RIO ARRIBA COUNTY,BESW,0.065000,0.051250,0,0,0.013750
NM,87552,SAN MIGUEL COUNTY,BEVD,0.065000,0.051250,0,0,0.013750
NM,87553,PICURIS PUEBLO 2,EIII,0.071250,0.000000,0,0.071250,0
NM,87554,RIO ARRIBA COUNTY,BESW,0.065000,0.051250,0,0,0.013750
NM,87556,QUESTA,BEYL,0.081875,0.051250,0,0.030625,0
NM,87557,EL VALLE DE LOS RANCHOS WATER & SANITATION DISTRICT,EGND,0.084375,0.051250,0,0,0.033125
NM,87558,RED RIVER,BEYM,0.084375,0.051250,0,0.033125,0
NM,87560,SAN MIGUEL COUNTY,BEVD,0.065000,0.051250,0,0,0.013750
NM,87562,SAN MIGUEL COUNTY,BEVD,0.065000,0.051250,0,0,0.013750
NM,87564,TAOS COUNTY,BEXZ,0.071250,0.051250,0,0,0.020000
NM,87565,SAN MIGUEL COUNTY,BEVD,0.065000,0.051250,0,0,0.013750
NM,87566,OHKAY OWINGEH PUEBLO (2),EGNA,0.065000,0.000000,0,0,0.065000
NM,87567,ESPANOLA (RIO ARRIBA CO),BETI,0.085625,0.051250,0,0.034375,0
NM,87569,SAN MIGUEL COUNTY,BEVD,0.065000,0.051250,0,0,0.013750
NM,87571,TAOS/TAOS PUEBLO (2),EGNI,0.081875,0.000000,0,0.081875,0
NM,87573,SAN MIGUEL COUNTY,BEVD,0.065000,0.051250,0,0,0.013750
NM,87574,PUEBLO OF TESUQUE 2,EIRQ,0.068750,0.000000,0,0.068750,0
NM,87575,RIO ARRIBA COUNTY,BESW,0.065000,0.051250,0,0,0.013750
NM,87576,PICURIS PUEBLO 2,EIII,0.071250,0.000000,0,0.071250,0
NM,87577,TAOS COUNTY,BEXZ,0.071250,0.051250,0,0,0.020000
NM,87578,RIO ARRIBA COUNTY,BESW,0.065000,0.051250,0,0,0.013750
NM,87579,TAOS COUNTY,BEXZ,0.071250,0.051250,0,0,0.020000
NM,87580,TAOS AIRPORT,DVYN,0.071250,0.051250,0,0,0.020000
NM,87581,RIO ARRIBA COUNTY,BESW,0.065000,0.051250,0,0,0.013750
NM,87582,RIO ARRIBA COUNTY,BESW,0.065000,0.051250,0,0,0.013750
NM,87583,SAN MIGUEL COUNTY,BEVD,0.065000,0.051250,0,0,0.013750
NM,87592,SANTA FE (CITY),BEWX,0.081875,0.051250,0,0.030625,0
NM,87594,SANTA FE (CITY),BEWX,0.081875,0.051250,0,0.030625,0
NM,87654,SIERRA COUNTY,BEXB,0.063125,0.051250,0,0,0.011875
NM,87701,LAS VEGAS,BEVJ,0.080625,0.051250,0,0.029375,0
NM,87710,ANGEL FIRE,BELS,0.074375,0.051250,0,0.023125,0
NM,87711,GUADALUPE COUNTY,BEOM,0.064375,0.051250,0,0,0.013125
NM,87712,MORA COUNTY,BERH,0.063125,0.051250,0,0,0.011875
NM,87713,MORA COUNTY,BERH,0.063125,0.051250,0,0,0.011875
NM,87714,CIMARRON,BELT,0.074375,0.051250,0,0.023125,0
NM,87715,MORA COUNTY,BERH,0.063125,0.051250,0,0,0.011875
NM,87718,EAGLE NEST,BELU,0.071875,0.051250,0,0.020625,0
NM,87722,MORA COUNTY,BERH,0.063125,0.051250,0,0,0.011875
NM,87723,MORA COUNTY,BERH,0.063125,0.051250,0,0,0.011875
NM,87724,GUADALUPE COUNTY,BEOM,0.064375,0.051250,0,0,0.013125
NM,87728,COLFAX COUNTY,BELR,0.057500,0.051250,0,0,0.006250
NM,87729,COLFAX COUNTY,BELR,0.057500,0.051250,0,0,0.006250
NM,87730,HARDING COUNTY,BEOU,0.057500,0.051250,0,0,0.006250
NM,87731,SAN MIGUEL COUNTY,BEVD,0.065000,0.051250,0,0,0.013750
NM,87732,MORA COUNTY,BERH,0.063125,0.051250,0,0,0.011875
NM,87733,HARDING COUNTY,BEOU,0.057500,0.051250,0,0,0.006250
NM,87734,MORA COUNTY,BERH,0.063125,0.051250,0,0,0.011875
NM,87735,MORA COUNTY,BERH,0.063125,0.051250,0,0,0.011875
NM,87736,MORA COUNTY,BERH,0.063125,0.051250,0,0,0.011875
NM,87740,RATON,BELX,0.079375,0.051250,0,0.028125,0
NM,87742,SAN MIGUEL COUNTY,BEVD,0.065000,0.051250,0,0,0.013750
NM,87743,HARDING COUNTY,BEOU,0.057500,0.051250,0,0,0.006250
NM,87745,SAN MIGUEL COUNTY,BEVD,0.065000,0.051250,0,0,0.013750
NM,87746,HARDING COUNTY,BEOU,0.057500,0.051250,0,0,0.006250
NM,87747,SPRINGER,BELY,0.068125,0.051250,0,0.016875,0
NM,87749,COLFAX COUNTY,BELR,0.057500,0.051250,0,0,0.006250
NM,87752,WAGON MOUND,BERT,0.073125,0.051250,0,0.021875,0
NM,87753,MORA COUNTY,BERH,0.063125,0.051250,0,0,0.011875
NM,87801,SOCORRO (CITY),BEXT,0.070625,0.051250,0,0.019375,0
NM,87820,CATRON COUNTY,BEKO,0.056875,0.051250,0,0,0.005625
NM,87821,CATRON COUNTY,BEKO,0.056875,0.051250,0,0,0.005625
NM,87823,SOCORRO COUNTY,BEXN,0.060000,0.051250,0,0,0.008750
NM,87824,CATRON COUNTY,BEKO,0.056875,0.051250,0,0,0.005625
NM,87825,MAGDALENA,BEXR,0.069375,0.051250,0,0.018125,0
NM,87827,CATRON COUNTY,BEKO,0.056875,0.051250,0,0,0.005625
NM,87828,SOCORRO COUNTY,BEXN,0.060000,0.051250,0,0,0.008750
NM,87829,CATRON COUNTY,BEKO,0.056875,0.051250,0,0,0.005625
NM,87830,CATRON COUNTY,BEKO,0.056875,0.051250,0,0,0.005625
NM,87831,SOCORRO COUNTY,BEXN,0.060000,0.051250,0,0,0.008750
NM,87832,SOCORRO COUNTY,BEXN,0.060000,0.051250,0,0,0.008750
NM,87901,TRUTH OR CONSEQUENCES,BEXJ,0.078750,0.051250,0,0.027500,0
NM,87930,SIERRA COUNTY,BEXB,0.063125,0.051250,0,0,0.011875
NM,87931,SIERRA COUNTY,BEXB,0.063125,0.051250,0,0,0.011875
NM,87933,SIERRA COUNTY,BEXB,0.063125,0.051250,0,0,0.011875
NM,87935,ELEPHANT BUTTE,BEXG,0.075625,0.051250,0,0.024375,0
NM,87936,DONA ANA COUNTY,BEMN,0.063750,0.051250,0,0,0.012500
NM,87937,HATCH,BEMU,0.074375,0.051250,0,0.023125,0
NM,87939,SIERRA COUNTY,BEXB,0.063125,0.051250,0,0,0.011875
NM,87940,DONA ANA COUNTY,BEMN,0.063750,0.051250,0,0,0.012500
NM,87941,DONA ANA COUNTY,BEMN,0.063750,0.051250,0,0,0.012500
NM,87942,WILLIAMSBURG,BEXK,0.075625,0.051250,0,0.024375,0
NM,87943,SIERRA COUNTY,BEXB,0.063125,0.051250,0,0,0.011875
NM,88001,LAS CRUCES,BEMV,0.079375,0.051250,0,0.028125,0
NM,88002,DONA ANA COUNTY,BEMN,0.063750,0.051250,0,0,0.012500
NM,88003,DONA ANA COUNTY,BEMN,0.063750,0.051250,0,0,0.012500
NM,88004,CITY OF LAS CRUCES TID DISTRICT,EGMW,0.079375,0.051250,0,0,0.028125
NM,88005,LAS CRUCES,BEMV,0.079375,0.051250,0,0.028125,0
NM,88006,CITY OF LAS CRUCES TID DISTRICT,EGMW,0.079375,0.051250,0,0,0.028125
NM,88007,DONA ANA COUNTY,BEMN,0.063750,0.051250,0,0,0.012500
NM,88008,DONA ANA COUNTY,BEMN,0.063750,0.051250,0,0,0.012500
NM,88009,LORDSBURG,BEPB,0.072500,0.051250,0,0.021250,0
NM,88011,LAS CRUCES,BEMV,0.079375,0.051250,0,0.028125,0
NM,88012,LAS CRUCES,BEMV,0.079375,0.051250,0,0.028125,0
NM,88013,CITY OF LAS CRUCES TID DISTRICT,EGMW,0.079375,0.051250,0,0,0.028125
NM,88020,HIDALGO COUNTY,BEOZ,0.059375,0.051250,0,0,0.008125
NM,88021,DONA ANA COUNTY,BEMN,0.063750,0.051250,0,0,0.012500
NM,88022,GRANT COUNTY,BENT,0.061875,0.051250,0,0,0.010625
NM,88023,BAYARD,BENV,0.072500,0.051250,0,0.021250,0
NM,88024,DONA ANA COUNTY,BEMN,0.063750,0.051250,0,0,0.012500
NM,88025,GRANT COUNTY,BENT,0.061875,0.051250,0,0,0.010625
NM,88026,SANTA CLARA,BYDE,0.072500,0.051250,0,0.021250,0
NM,88027,DONA ANA COUNTY,BEMN,0.063750,0.051250,0,0,0.012500
NM,88028,GRANT COUNTY,BENT,0.061875,0.051250,0,0,0.010625
NM,88029,COLUMBUS,BEQK,0.075625,0.051250,0,0.024375,0
NM,88030,LUNA COUNTY,BEQJ,0.065000,0.051250,0,0,0.013750
NM,88031,DEMING,BEQL,0.075000,0.051250,0,0.023750,0
NM,88032,DONA ANA COUNTY,BEMN,0.063750,0.051250,0,0,0.012500
NM,88033,DONA ANA COUNTY,BEMN,0.063750,0.051250,0,0,0.012500
NM,88034,GRANT COUNTY,BENT,0.061875,0.051250,0,0,0.010625
NM,88036,SILVER CITY,BEOK,0.073750,0.051250,0,0.022500,0
NM,88038,GRANT COUNTY,BENT,0.061875,0.051250,0,0,0.010625
NM,88039,CATRON COUNTY,BEKO,0.056875,0.051250,0,0,0.005625
NM,88040,GRANT COUNTY,BENT,0.061875,0.051250,0,0,0.010625
NM,88041,GRANT COUNTY,BENT,0.061875,0.051250,0,0,0.010625
NM,88042,SIERRA COUNTY,BEXB,0.063125,0.051250,0,0,0.011875
NM,88043,HURLEY,BEOC,0.072500,0.051250,0,0.021250,0
NM,88044,DONA ANA COUNTY,BEMN,0.063750,0.051250,0,0,0.012500
NM,88045,LORDSBURG,BEPB,0.072500,0.051250,0,0.021250,0
NM,88046,MESILLA,BEMX,0.078125,0.051250,0,0.026875,0
NM,88047,DONA ANA COUNTY,BEMN,0.063750,0.051250,0,0,0.012500
NM,88048,DONA ANA COUNTY,BEMN,0.063750,0.051250,0,0,0.012500
NM,88049,GRANT COUNTY,BENT,0.061875,0.051250,0,0,0.010625
NM,88051,GRANT COUNTY,BENT,0.061875,0.051250,0,0,0.010625
NM,88052,DONA ANA COUNTY,BEMN,0.063750,0.051250,0,0,0.012500
NM,88053,SILVER CITY,BEOK,0.073750,0.051250,0,0.022500,0
NM,88054,DONA ANA COUNTY,BEMN,0.063750,0.051250,0,0,0.012500
NM,88055,LORDSBURG,BEPB,0.072500,0.051250,0,0.021250,0
NM,88056,HIDALGO COUNTY,BEOZ,0.059375,0.051250,0,0,0.008125
NM,88058,DONA ANA COUNTY,BEMN,0.063750,0.051250,0,0,0.012500
NM,88061,SILVER CITY,BEOK,0.073750,0.051250,0,0.022500,0
NM,88062,SILVER CITY,BEOK,0.073750,0.051250,0,0.022500,0
NM,88063,SUNLAND PARK,BENE,0.076875,0.051250,0,0.025625,0
NM,88065,GRANT COUNTY,BENT,0.061875,0.051250,0,0,0.010625
NM,88072,DONA ANA COUNTY,BEMN,0.063750,0.051250,0,0,0.012500
NM,88081,DONA ANA COUNTY,BEMN,0.063750,0.051250,0,0,0.012500
NM,88101,CLOVIS,BEMD,0.078125,0.051250,0,0.026875,0
NM,88102,CLOVIS,BEMD,0.078125,0.051250,0,0.026875,0
NM,88103,CURRY COUNTY,BEMA,0.058750,0.051250,0,0,0.007500
NM,88112,CURRY COUNTY,BEMA,0.058750,0.051250,0,0,0.007500
NM,88113,CAUSEY,BEUD,0.067500,0.051250,0,0.016250,0
NM,88114,LEA COUNTY,BEPF,0.055000,0.051250,0,0,0.003750
NM,88115,DORA,BEUE,0.070000,0.051250,0,0.018750,0
NM,88116,ROOSEVELT COUNTY,BEUC,0.062500,0.051250,0,0,0.011250
NM,88118,ROOSEVELT COUNTY,BEUC,0.062500,0.051250,0,0,0.011250
NM,88119,DEBACA COUNTY,BEMJ,0.063125,0.051250,0,0,0.011875
NM,88120,GRADY,BEMF,0.066875,0.051250,0,0.015625,0
NM,88121,QUAY COUNTY,BESM,0.064375,0.051250,0,0,0.013125
NM,88122,ELIDA,BEUF,0.076250,0.051250,0,0.025000,0
NM,88123,ROOSEVELT COUNTY,BEUC,0.062500,0.051250,0,0,0.011250
NM,88124,MELROSE,BEMG,0.075000,0.051250,0,0.023750,0
NM,88125,ROOSEVELT COUNTY,BEUC,0.062500,0.051250,0,0,0.011250
NM,88126,ROOSEVELT COUNTY,BEUC,0.062500,0.051250,0,0,0.011250
NM,88130,PORTALES,BEUK,0.078125,0.051250,0,0.026875,0
NM,88132,ROOSEVELT COUNTY,BEUC,0.062500,0.051250,0,0,0.011250
NM,88133,CURRY COUNTY,BEMA,0.058750,0.051250,0,0,0.007500
NM,88134,DEBACA COUNTY,BEMJ,0.063125,0.051250,0,0,0.011875
NM,88135,CURRY COUNTY,BEMA,0.058750,0.051250,0,0,0.007500
NM,88136,DEBACA COUNTY,BEMJ,0.063125,0.051250,0,0,0.011875
NM,88201,ROSWELL,BELB,0.071250,0.051250,0,0.020000,0
NM,88202,ROSWELL,BELB,0.071250,0.051250,0,0.020000,0
NM,88203,ROSWELL,BELB,0.071250,0.051250,0,0.020000,0
NM,88210,ARTESIA,BENL,0.074375,0.051250,0,0.023125,0
NM,88211,ARTESIA,BENL,0.074375,0.051250,0,0.023125,0
NM,88213,LEA COUNTY,BEPF,0.055000,0.051250,0,0,0.003750
NM,88220,CARLSBAD,BENM,0.074375,0.051250,0,0.023125,0
NM,88221,CARLSBAD,BENM,0.074375,0.051250,0,0.023125,0
NM,88230,CHAVES COUNTY,BEKW,0.060625,0.051250,0,0,0.009375
NM,88231,EUNICE,BEPI,0.068125,0.051250,0,0.016875,0
NM,88232,HAGERMAN,BEKY,0.071250,0.051250,0,0.020000,0
NM,88240,HOBBS,BEPJ,0.068125,0.051250,0,0.016875,0
NM,88241,LEA COUNTY,BEPF,0.055000,0.051250,0,0,0.003750
NM,88242,LEA COUNTY,BEPF,0.055000,0.051250,0,0,0.003750
NM,88244,HOBBS,BEPJ,0.068125,0.051250,0,0.016875,0
NM,88250,HOPE,BENN,0.066250,0.051250,0,0.015000,0
NM,88252,JAL,BEPK,0.070625,0.051250,0,0.019375,0
NM,88253,EDDY COUNTY,BENK,0.057500,0.051250,0,0,0.006250
NM,88254,EDDY COUNTY,BENK,0.057500,0.051250,0,0,0.006250
NM,88255,EDDY COUNTY,BENK,0.057500,0.051250,0,0,0.006250
NM,88256,EDDY COUNTY,BENK,0.057500,0.051250,0,0,0.006250
NM,88260,LOVINGTON,BEPL,0.068750,0.051250,0,0.017500,0
NM,88262,LOVINGTON,BEPL,0.068750,0.051250,0,0.017500,0
NM,88263,EDDY COUNTY,BENK,0.057500,0.051250,0,0,0.006250
NM,88264,LEA COUNTY,BEPF,0.055000,0.051250,0,0,0.003750
NM,88265,LEA COUNTY,BEPF,0.055000,0.051250,0,0,0.003750
NM,88267,LEA COUNTY,BEPF,0.055000,0.051250,0,0,0.003750
NM,88268,EDDY COUNTY,BENK,0.057500,0.051250,0,0,0.006250
NM,88301,LINCOLN COUNTY,BEPR,0.056875,0.051250,0,0,0.005625
NM,88310,ALAMOGORDO,BERW,0.078750,0.051250,0,0.027500,0
NM,88311,ALAMOGORDO,BERW,0.078750,0.051250,0,0.027500,0
NM,88312,LINCOLN COUNTY,BEPR,0.056875,0.051250,0,0,0.005625
NM,88314,OTERO COUNTY,BERV,0.061875,0.051250,0,0,0.010625
NM,88316,CAPITAN,BEPT,0.070000,0.051250,0,0.018750,0
NM,88317,OTERO COUNTY,BERV,0.061875,0.051250,0,0,0.010625
NM,88318,CORONA,BEPV,0.071250,0.051250,0,0.020000,0
NM,88321,ENCINO,BEZA,0.070625,0.051250,0,0.019375,0
NM,88323,LINCOLN COUNTY,BEPR,0.056875,0.051250,0,0,0.005625
NM,88324,LINCOLN COUNTY,BEPR,0.056875,0.051250,0,0,0.005625
NM,88325,OTERO COUNTY,BERV,0.061875,0.051250,0,0,0.010625
NM,88330,OTERO COUNTY,BERV,0.061875,0.051250,0,0,0.010625
NM,88336,LINCOLN COUNTY,BEPR,0.056875,0.051250,0,0,0.005625
NM,88337,OTERO COUNTY,BERV,0.061875,0.051250,0,0,0.010625
NM,88338,LINCOLN COUNTY,BEPR,0.056875,0.051250,0,0,0.005625
NM,88339,OTERO COUNTY,BERV,0.061875,0.051250,0,0,0.010625
NM,88340,OTERO COUNTY,BERV,0.061875,0.051250,0,0,0.010625
NM,88341,LINCOLN COUNTY,BEPR,0.056875,0.051250,0,0,0.005625
NM,88342,OTERO COUNTY,BERV,0.061875,0.051250,0,0,0.010625
NM,88343,LINCOLN COUNTY,BEPR,0.056875,0.051250,0,0,0.005625
NM,88344,CHAVES COUNTY,BEKW,0.060625,0.051250,0,0,0.009375
NM,88345,RUIDOSO,BEQC,0.086250,0.051250,0,0.035000,0
NM,88346,RUIDOSO DOWNS,BEQD,0.076250,0.051250,0,0.025000,0
NM,88347,OTERO COUNTY,BERV,0.061875,0.051250,0,0,0.010625
NM,88348,LINCOLN COUNTY,BEPR,0.056875,0.051250,0,0,0.005625
NM,88349,OTERO COUNTY,BERV,0.061875,0.051250,0,0,0.010625
NM,88350,CLOUDCROFT,BERY,0.076250,0.051250,0,0.025000,0
NM,88351,LINCOLN COUNTY,BEPR,0.056875,0.051250,0,0,0.005625
NM,88352,TULAROSA,BESI,0.076250,0.051250,0,0.025000,0
NM,88353,VAUGHN,BEOT,0.075000,0.051250,0,0.023750,0
NM,88354,OTERO COUNTY,BERV,0.061875,0.051250,0,0,0.010625
NM,88355,RUIDOSO,BEQC,0.086250,0.051250,0,0.035000,0
NM,88401,TUCUMCARI,BESV,0.081250,0.051250,0,0.030000,0
NM,88410,UNION COUNTY,BEZI,0.060625,0.051250,0,0,0.009375
NM,88411,QUAY COUNTY,BESM,0.064375,0.051250,0,0,0.013125
NM,88414,UNION COUNTY,BEZI,0.060625,0.051250,0,0,0.009375
NM,88415,CLAYTON,BEZK,0.078750,0.051250,0,0.027500,0
NM,88416,TUCUMCARI,BESV,0.081250,0.051250,0,0.030000,0
NM,88417,GUADALUPE COUNTY,BEOM,0.064375,0.051250,0,0,0.013125
NM,88418,UNION COUNTY,BEZI,0.060625,0.051250,0,0,0.009375
NM,88419,UNION COUNTY,BEZI,0.060625,0.051250,0,0,0.009375
NM,88421,SAN MIGUEL COUNTY,BEVD,0.065000,0.051250,0,0,0.013750
NM,88422,UNION COUNTY,BEZI,0.060625,0.051250,0,0,0.009375
NM,88424,UNION COUNTY,BEZI,0.060625,0.051250,0,0,0.009375
NM,88426,LOGAN,BESQ,0.081250,0.051250,0,0.030000,0
NM,88427,QUAY COUNTY,BESM,0.064375,0.051250,0,0,0.013125
NM,88430,QUAY COUNTY,BESM,0.064375,0.051250,0,0,0.013125
NM,88431,GUADALUPE COUNTY,BEOM,0.064375,0.051250,0,0,0.013125
NM,88434,QUAY COUNTY,BESM,0.064375,0.051250,0,0,0.013125
NM,88435,SANTA ROSA,BEOS,0.080000,0.051250,0,0.028750,0
NM,88436,UNION COUNTY,BEZI,0.060625,0.051250,0,0,0.009375
NM,88439,SAN MIGUEL COUNTY,BEVD,0.065000,0.051250,0,0,0.013750
