State,ZipCode,TaxRegionName,TaxRegionCode,CombinedRate,StateRate,CountyRate,CityRate,SpecialRate
VA,20101,LOUDOUN COUNTY,BUWL,0.060000,0.043000,0.010000,0,0.007000
VA,20102,LOUDOUN COUNTY,BUWL,0.060000,0.043000,0.010000,0,0.007000
VA,20103,LOUDOUN COUNTY,BUWL,0.060000,0.043000,0.010000,0,0.007000
VA,20104,LOUDOUN COUNTY,BUWL,0.060000,0.043000,0.010000,0,0.007000
VA,20105,LOUDOUN COUNTY,BUWL,0.060000,0.043000,0.010000,0,0.007000
VA,20106,CULPEPER COUNTY,BUJQ,0.053000,0.043000,0.010000,0,0
VA,20108,MANASSAS CITY,BUYL,0.060000,0.043000,0,0.010000,0.007000
VA,20109,PRINCE WILLIAM COUNTY,BVFS,0.060000,0.043000,0.010000,0,0.007000
VA,20110,MANASSAS CITY,BUYL,0.060000,0.043000,0,0.010000,0.007000
VA,20111,PRINCE WILLIAM COUNTY,BVFS,0.060000,0.043000,0.010000,0,0.007000
VA,20112,PRINCE WILLIAM COUNTY,BVFS,0.060000,0.043000,0.010000,0,0.007000
VA,20113,PRINCE WILLIAM COUNTY,BVFS,0.060000,0.043000,0.010000,0,0.007000
VA,20115,FAUQUIER COUNTY,BUNA,0.053000,0.043000,0.010000,0,0
VA,20116,FAUQUIER COUNTY,BUNA,0.053000,0.043000,0.010000,0,0
VA,20117,LOUDOUN COUNTY,BUWL,0.060000,0.043000,0.010000,0,0.007000
VA,20118,LOUDOUN COUNTY,BUWL,0.060000,0.043000,0.010000,0,0.007000
VA,20119,FAUQUIER COUNTY,BUNA,0.053000,0.043000,0.010000,0,0
VA,20120,FAIRFAX COUNTY,BULR,0.060000,0.043000,0.010000,0,0.007000
VA,20121,FAIRFAX COUNTY,BULR,0.060000,0.043000,0.010000,0,0.007000
VA,20122,FAIRFAX COUNTY,BULR,0.060000,0.043000,0.010000,0,0.007000
VA,20124,FAIRFAX COUNTY,BULR,0.060000,0.043000,0.010000,0,0.007000
VA,20128,FAUQUIER COUNTY,BUNA,0.053000,0.043000,0.010000,0,0
VA,20129,LOUDOUN COUNTY,BUWL,0.060000,0.043000,0.010000,0,0.007000
VA,20130,CLARKE COUNTY,BUJC,0.053000,0.043000,0.010000,0,0
VA,20131,LOUDOUN COUNTY,BUWL,0.060000,0.043000,0.010000,0,0.007000
VA,20132,LOUDOUN COUNTY,BUWL,0.060000,0.043000,0.010000,0,0.007000
VA,20134,LOUDOUN COUNTY,BUWL,0.060000,0.043000,0.010000,0,0.007000
VA,20135,CLARKE COUNTY,BUJC,0.053000,0.043000,0.010000,0,0
VA,20136,PRINCE WILLIAM COUNTY,BVFS,0.060000,0.043000,0.010000,0,0.007000
VA,20137,FAUQUIER COUNTY,BUNA,0.053000,0.043000,0.010000,0,0
VA,20138,FAUQUIER COUNTY,BUNA,0.053000,0.043000,0.010000,0,0
VA,20139,FAUQUIER COUNTY,BUNA,0.053000,0.043000,0.010000,0,0
VA,20140,FAUQUIER COUNTY,BUNA,0.053000,0.043000,0.010000,0,0
VA,20141,LOUDOUN COUNTY,BUWL,0.060000,0.043000,0.010000,0,0.007000
VA,20142,LOUDOUN COUNTY,BUWL,0.060000,0.043000,0.010000,0,0.007000
VA,20143,PRINCE WILLIAM COUNTY,BVFS,0.060000,0.043000,0.010000,0,0.007000
VA,20144,FAUQUIER COUNTY,BUNA,0.053000,0.043000,0.010000,0,0
VA,20146,LOUDOUN COUNTY,BUWL,0.060000,0.043000,0.010000,0,0.007000
VA,20147,LOUDOUN COUNTY,BUWL,0.060000,0.043000,0.010000,0,0.007000
VA,20148,LOUDOUN COUNTY,BUWL,0.060000,0.043000,0.010000,0,0.007000
VA,20149,LOUDOUN COUNTY,BUWL,0.060000,0.043000,0.010000,0,0.007000
VA,20151,FAIRFAX COUNTY,BULR,0.060000,0.043000,0.010000,0,0.007000
VA,20152,LOUDOUN COUNTY,BUWL,0.060000,0.043000,0.010000,0,0.007000
VA,20153,FAIRFAX COUNTY,BULR,0.060000,0.043000,0.010000,0,0.007000
VA,20155,PRINCE WILLIAM COUNTY,BVFS,0.060000,0.043000,0.010000,0,0.007000
VA,20156,PRINCE WILLIAM COUNTY,BVFS,0.060000,0.043000,0.010000,0,0.007000
VA,20158,LOUDOUN COUNTY,BUWL,0.060000,0.043000,0.010000,0,0.007000
VA,20159,LOUDOUN COUNTY,BUWL,0.060000,0.043000,0.010000,0,0.007000
VA,20160,LOUDOUN COUNTY,BUWL,0.060000,0.043000,0.010000,0,0.007000
VA,20163,LOUDOUN COUNTY,BUWL,0.060000,0.043000,0.010000,0,0.007000
VA,20164,LOUDOUN COUNTY,BUWL,0.060000,0.043000,0.010000,0,0.007000
VA,20165,LOUDOUN COUNTY,BUWL,0.060000,0.043000,0.010000,0,0.007000
VA,20166,LOUDOUN COUNTY,BUWL,0.060000,0.043000,0.010000,0,0.007000
VA,20167,LOUDOUN COUNTY,BUWL,0.060000,0.043000,0.010000,0,0.007000
VA,20168,PRINCE WILLIAM COUNTY,BVFS,0.060000,0.043000,0.010000,0,0.007000
VA,20169,PRINCE WILLIAM COUNTY,BVFS,0.060000,0.043000,0.010000,0,0.007000
VA,20170,FAIRFAX COUNTY,BULR,0.060000,0.043000,0.010000,0,0.007000
VA,20171,FAIRFAX COUNTY,BULR,0.060000,0.043000,0.010000,0,0.007000
VA,20172,FAIRFAX COUNTY,BULR,0.060000,0.043000,0.010000,0,0.007000
VA,20175,LOUDOUN COUNTY,BUWL,0.060000,0.043000,0.010000,0,0.007000
VA,20176,LOUDOUN COUNTY,BUWL,0.060000,0.043000,0.010000,0,0.007000
VA,20177,LOUDOUN COUNTY,BUWL,0.060000,0.043000,0.010000,0,0.007000
VA,20178,LOUDOUN COUNTY,BUWL,0.060000,0.043000,0.010000,0,0.007000
VA,20180,LOUDOUN COUNTY,BUWL,0.060000,0.043000,0.010000,0,0.007000
VA,20181,PRINCE WILLIAM COUNTY,BVFS,0.060000,0.043000,0.010000,0,0.007000
VA,20182,PRINCE WILLIAM COUNTY,BVFS,0.060000,0.043000,0.010000,0,0.007000
VA,20184,FAUQUIER COUNTY,BUNA,0.053000,0.043000,0.010000,0,0
VA,20185,FAUQUIER COUNTY,BUNA,0.053000,0.043000,0.010000,0,0
VA,20186,FAUQUIER COUNTY,BUNA,0.053000,0.043000,0.010000,0,0
VA,20187,FAUQUIER COUNTY,BUNA,0.053000,0.043000,0.010000,0,0
VA,20188,FAUQUIER COUNTY,BUNA,0.053000,0.043000,0.010000,0,0
VA,20189,LOUDOUN COUNTY,BUWL,0.060000,0.043000,0.010000,0,0.007000
VA,20190,FAIRFAX COUNTY,BULR,0.060000,0.043000,0.010000,0,0.007000
VA,20191,FAIRFAX COUNTY,BULR,0.060000,0.043000,0.010000,0,0.007000
VA,20192,FAIRFAX COUNTY,BULR,0.060000,0.043000,0.010000,0,0.007000
VA,20194,FAIRFAX COUNTY,BULR,0.060000,0.043000,0.010000,0,0.007000
VA,20195,FAIRFAX COUNTY,BULR,0.060000,0.043000,0.010000,0,0.007000
VA,20196,FAIRFAX COUNTY,BULR,0.060000,0.043000,0.010000,0,0.007000
VA,20197,LOUDOUN COUNTY,BUWL,0.060000,0.043000,0.010000,0,0.007000
VA,20198,FAUQUIER COUNTY,BUNA,0.053000,0.043000,0.010000,0,0
VA,22003,FAIRFAX COUNTY,BULR,0.060000,0.043000,0.010000,0,0.007000
VA,22009,FAIRFAX COUNTY,BULR,0.060000,0.043000,0.010000,0,0.007000
VA,22015,FAIRFAX COUNTY,BULR,0.060000,0.043000,0.010000,0,0.007000
VA,22025,PRINCE WILLIAM COUNTY,BVFS,0.060000,0.043000,0.010000,0,0.007000
VA,22026,PRINCE WILLIAM COUNTY,BVFS,0.060000,0.043000,0.010000,0,0.007000
VA,22027,FAIRFAX COUNTY,BULR,0.060000,0.043000,0.010000,0,0.007000
VA,22030,FAIRFAX COUNTY,BULR,0.060000,0.043000,0.010000,0,0.007000
VA,22031,FAIRFAX COUNTY,BULR,0.060000,0.043000,0.010000,0,0.007000
VA,22032,FAIRFAX COUNTY,BULR,0.060000,0.043000,0.010000,0,0.007000
VA,22033,FAIRFAX COUNTY,BULR,0.060000,0.043000,0.010000,0,0.007000
VA,22034,FAIRFAX (CITY),BUMX,0.060000,0.043000,0,0.010000,0.007000
VA,22035,FAIRFAX COUNTY,BULR,0.060000,0.043000,0.010000,0,0.007000
VA,22036,FAIRFAX (CITY),BUMX,0.060000,0.043000,0,0.010000,0.007000
VA,22037,FAIRFAX COUNTY,BULR,0.060000,0.043000,0.010000,0,0.007000
VA,22038,FAIRFAX COUNTY,BULR,0.060000,0.043000,0.010000,0,0.007000
VA,22039,FAIRFAX COUNTY,BULR,0.060000,0.043000,0.010000,0,0.007000
VA,22040,FALLS CHURCH CITY,BUMZ,0.060000,0.043000,0,0.010000,0.007000
VA,22041,FAIRFAX COUNTY,BULR,0.060000,0.043000,0.010000,0,0.007000
VA,22042,FAIRFAX COUNTY,BULR,0.060000,0.043000,0.010000,0,0.007000
VA,22043,FAIRFAX COUNTY,BULR,0.060000,0.043000,0.010000,0,0.007000
VA,22044,FAIRFAX COUNTY,BULR,0.060000,0.043000,0.010000,0,0.007000
VA,22046,FALLS CHURCH CITY,BUMZ,0.060000,0.043000,0,0.010000,0.007000
VA,22060,FAIRFAX COUNTY,BULR,0.060000,0.043000,0.010000,0,0.007000
VA,22066,FAIRFAX COUNTY,BULR,0.060000,0.043000,0.010000,0,0.007000
VA,22067,FAIRFAX COUNTY,BULR,0.060000,0.043000,0.010000,0,0.007000
VA,22079,FAIRFAX COUNTY,BULR,0.060000,0.043000,0.010000,0,0.007000
VA,22081,FAIRFAX COUNTY,BULR,0.060000,0.043000,0.010000,0,0.007000
VA,22082,FAIRFAX COUNTY,BULR,0.060000,0.043000,0.010000,0,0.007000
VA,22095,FAIRFAX COUNTY,BULR,0.060000,0.043000,0.010000,0,0.007000
VA,22096,FAIRFAX COUNTY,BULR,0.060000,0.043000,0.010000,0,0.007000
VA,22101,FAIRFAX COUNTY,BULR,0.060000,0.043000,0.010000,0,0.007000
VA,22102,FAIRFAX COUNTY,BULR,0.060000,0.043000,0.010000,0,0.007000
VA,22103,FAIRFAX COUNTY,BULR,0.060000,0.043000,0.010000,0,0.007000
VA,22106,FAIRFAX COUNTY,BULR,0.060000,0.043000,0.010000,0,0.007000
VA,22107,FAIRFAX COUNTY,BULR,0.060000,0.043000,0.010000,0,0.007000
VA,22108,FAIRFAX COUNTY,BULR,0.060000,0.043000,0.010000,0,0.007000
VA,22109,FAIRFAX COUNTY,BULR,0.060000,0.043000,0.010000,0,0.007000
VA,22116,FAIRFAX COUNTY,BULR,0.060000,0.043000,0.010000,0,0.007000
VA,22121,FAIRFAX COUNTY,BULR,0.060000,0.043000,0.010000,0,0.007000
VA,22122,FAIRFAX COUNTY,BULR,0.060000,0.043000,0.010000,0,0.007000
VA,22124,FAIRFAX COUNTY,BULR,0.060000,0.043000,0.010000,0,0.007000
VA,22125,PRINCE WILLIAM COUNTY,BVFS,0.060000,0.043000,0.010000,0,0.007000
VA,22134,PRINCE WILLIAM COUNTY,BVFS,0.060000,0.043000,0.010000,0,0.007000
VA,22135,PRINCE WILLIAM COUNTY,BVFS,0.060000,0.043000,0.010000,0,0.007000
VA,22150,FAIRFAX COUNTY,BULR,0.060000,0.043000,0.010000,0,0.007000
VA,22151,FAIRFAX COUNTY,BULR,0.060000,0.043000,0.010000,0,0.007000
VA,22152,FAIRFAX COUNTY,BULR,0.060000,0.043000,0.010000,0,0.007000
VA,22153,FAIRFAX COUNTY,BULR,0.060000,0.043000,0.010000,0,0.007000
VA,22156,FAIRFAX COUNTY,BULR,0.060000,0.043000,0.010000,0,0.007000
VA,22158,FAIRFAX COUNTY,BULR,0.060000,0.043000,0.010000,0,0.007000
VA,22159,FAIRFAX COUNTY,BULR,0.060000,0.043000,0.010000,0,0.007000
VA,22160,FAIRFAX COUNTY,BULR,0.060000,0.043000,0.010000,0,0.007000
VA,22161,FAIRFAX COUNTY,BULR,0.060000,0.043000,0.010000,0,0.007000
VA,22172,PRINCE WILLIAM COUNTY,BVFS,0.060000,0.043000,0.010000,0,0.007000
VA,22180,FAIRFAX COUNTY,BULR,0.060000,0.043000,0.010000,0,0.007000
VA,22181,FAIRFAX COUNTY,BULR,0.060000,0.043000,0.010000,0,0.007000
VA,22182,FAIRFAX COUNTY,BULR,0.060000,0.043000,0.010000,0,0.007000
VA,22183,FAIRFAX COUNTY,BULR,0.060000,0.043000,0.010000,0,0.007000
VA,22185,FAIRFAX COUNTY,BULR,0.060000,0.043000,0.010000,0,0.007000
VA,22191,PRINCE WILLIAM COUNTY,BVFS,0.060000,0.043000,0.010000,0,0.007000
VA,22192,PRINCE WILLIAM COUNTY,BVFS,0.060000,0.043000,0.010000,0,0.007000
VA,22193,PRINCE WILLIAM COUNTY,BVFS,0.060000,0.043000,0.010000,0,0.007000
VA,22194,PRINCE WILLIAM COUNTY,BVFS,0.060000,0.043000,0.010000,0,0.007000
VA,22195,PRINCE WILLIAM COUNTY,BVFS,0.060000,0.043000,0.010000,0,0.007000
VA,22199,FAIRFAX COUNTY,BULR,0.060000,0.043000,0.010000,0,0.007000
VA,22201,ARLINGTON COUNTY,BUDA,0.060000,0.043000,0.010000,0,0.007000
VA,22202,ARLINGTON COUNTY,BUDA,0.060000,0.043000,0.010000,0,0.007000
VA,22203,ARLINGTON COUNTY,BUDA,0.060000,0.043000,0.010000,0,0.007000
VA,22204,ARLINGTON COUNTY,BUDA,0.060000,0.043000,0.010000,0,0.007000
VA,22205,ARLINGTON COUNTY,BUDA,0.060000,0.043000,0.010000,0,0.007000
VA,22206,ARLINGTON COUNTY,BUDA,0.060000,0.043000,0.010000,0,0.007000
VA,22207,ARLINGTON COUNTY,BUDA,0.060000,0.043000,0.010000,0,0.007000
VA,22209,ARLINGTON COUNTY,BUDA,0.060000,0.043000,0.010000,0,0.007000
VA,22210,ARLINGTON COUNTY,BUDA,0.060000,0.043000,0.010000,0,0.007000
VA,22211,ARLINGTON COUNTY,BUDA,0.060000,0.043000,0.010000,0,0.007000
VA,22212,ARLINGTON COUNTY,BUDA,0.060000,0.043000,0.010000,0,0.007000
VA,22213,ARLINGTON COUNTY,BUDA,0.060000,0.043000,0.010000,0,0.007000
VA,22214,ARLINGTON COUNTY,BUDA,0.060000,0.043000,0.010000,0,0.007000
VA,22215,ARLINGTON COUNTY,BUDA,0.060000,0.043000,0.010000,0,0.007000
VA,22216,ARLINGTON COUNTY,BUDA,0.060000,0.043000,0.010000,0,0.007000
VA,22217,ARLINGTON COUNTY,BUDA,0.060000,0.043000,0.010000,0,0.007000
VA,22219,ARLINGTON COUNTY,BUDA,0.060000,0.043000,0.010000,0,0.007000
VA,22225,ARLINGTON COUNTY,BUDA,0.060000,0.043000,0.010000,0,0.007000
VA,22226,ARLINGTON COUNTY,BUDA,0.060000,0.043000,0.010000,0,0.007000
VA,22227,ARLINGTON COUNTY,BUDA,0.060000,0.043000,0.010000,0,0.007000
VA,22230,ARLINGTON COUNTY,BUDA,0.060000,0.043000,0.010000,0,0.007000
VA,22240,ARLINGTON COUNTY,BUDA,0.060000,0.043000,0.010000,0,0.007000
VA,22241,ARLINGTON COUNTY,BUDA,0.060000,0.043000,0.010000,0,0.007000
VA,22242,ARLINGTON COUNTY,BUDA,0.060000,0.043000,0.010000,0,0.007000
VA,22243,ARLINGTON COUNTY,BUDA,0.060000,0.043000,0.010000,0,0.007000
VA,22244,ARLINGTON COUNTY,BUDA,0.060000,0.043000,0.010000,0,0.007000
VA,22245,ARLINGTON COUNTY,BUDA,0.060000,0.043000,0.010000,0,0.007000
VA,22246,ARLINGTON COUNTY,BUDA,0.060000,0.043000,0.010000,0,0.007000
VA,22301,ALEXANDRIA CITY,DWZW,0.060000,0.043000,0,0.010000,0.007000
VA,22302,ALEXANDRIA CITY,DWZW,0.060000,0.043000,0,0.010000,0.007000
VA,22303,FAIRFAX COUNTY,BULR,0.060000,0.043000,0.010000,0,0.007000
VA,22304,ALEXANDRIA CITY,DWZW,0.060000,0.043000,0,0.010000,0.007000
VA,22305,ALEXANDRIA CITY,DWZW,0.060000,0.043000,0,0.010000,0.007000
VA,22306,FAIRFAX COUNTY,BULR,0.060000,0.043000,0.010000,0,0.007000
VA,22307,FAIRFAX COUNTY,BULR,0.060000,0.043000,0.010000,0,0.007000
VA,22308,FAIRFAX COUNTY,BULR,0.060000,0.043000,0.010000,0,0.007000
VA,22309,FAIRFAX COUNTY,BULR,0.060000,0.043000,0.010000,0,0.007000
VA,22310,FAIRFAX COUNTY,BULR,0.060000,0.043000,0.010000,0,0.007000
VA,22311,ALEXANDRIA CITY,DWZW,0.060000,0.043000,0,0.010000,0.007000
VA,22312,FAIRFAX COUNTY,BULR,0.060000,0.043000,0.010000,0,0.007000
VA,22313,ALEXANDRIA CITY,DWZW,0.060000,0.043000,0,0.010000,0.007000
VA,22314,ALEXANDRIA CITY,DWZW,0.060000,0.043000,0,0.010000,0.007000
VA,22315,FAIRFAX COUNTY,BULR,0.060000,0.043000,0.010000,0,0.007000
VA,22320,ALEXANDRIA CITY,DWZW,0.060000,0.043000,0,0.010000,0.007000
VA,22331,ALEXANDRIA CITY,DWZW,0.060000,0.043000,0,0.010000,0.007000
VA,22332,ALEXANDRIA CITY,DWZW,0.060000,0.043000,0,0.010000,0.007000
VA,22333,ALEXANDRIA CITY,DWZW,0.060000,0.043000,0,0.010000,0.007000
VA,22350,ALEXANDRIA CITY,DWZW,0.060000,0.043000,0,0.010000,0.007000
VA,22401,FREDERICKSBURG CITY,BUPJ,0.053000,0.043000,0,0.010000,0
VA,22402,FREDERICKSBURG CITY,BUPJ,0.053000,0.043000,0,0.010000,0
VA,22403,FREDERICKSBURG CITY,BUPJ,0.053000,0.043000,0,0.010000,0
VA,22404,FREDERICKSBURG CITY,BUPJ,0.053000,0.043000,0,0.010000,0
VA,22405,STAFFORD COUNTY,BVLH,0.053000,0.043000,0.010000,0,0
VA,22406,STAFFORD COUNTY,BVLH,0.053000,0.043000,0.010000,0,0
VA,22407,SPOTSYLVANIA COUNTY,BVLC,0.053000,0.043000,0.010000,0,0
VA,22408,SPOTSYLVANIA COUNTY,BVLC,0.053000,0.043000,0.010000,0,0
VA,22412,STAFFORD COUNTY,BVLH,0.053000,0.043000,0.010000,0,0
VA,22427,CAROLINE COUNTY,BUHL,0.053000,0.043000,0.010000,0,0
VA,22428,CAROLINE COUNTY,BUHL,0.053000,0.043000,0.010000,0,0
VA,22430,STAFFORD COUNTY,BVLH,0.053000,0.043000,0.010000,0,0
VA,22432,NORTHUMBERLAND COUNTY,BVCK,0.053000,0.043000,0.010000,0,0
VA,22433,ORANGE COUNTY,BVDE,0.053000,0.043000,0.010000,0,0
VA,22435,NORTHUMBERLAND COUNTY,BVCK,0.053000,0.043000,0.010000,0,0
VA,22436,ESSEX COUNTY,BULF,0.053000,0.043000,0.010000,0,0
VA,22437,ESSEX COUNTY,BULF,0.053000,0.043000,0.010000,0,0
VA,22438,ESSEX COUNTY,BULF,0.053000,0.043000,0.010000,0,0
VA,22442,WESTMORELAND COUNTY,BVNS,0.053000,0.043000,0.010000,0,0
VA,22443,WESTMORELAND COUNTY,BVNS,0.053000,0.043000,0.010000,0,0
VA,22446,CAROLINE COUNTY,BUHL,0.053000,0.043000,0.010000,0,0
VA,22448,KING GEORGE COUNTY,BUUX,0.053000,0.043000,0.010000,0,0
VA,22451,KING GEORGE COUNTY,BUUX,0.053000,0.043000,0.010000,0,0
VA,22454,ESSEX COUNTY,BULF,0.053000,0.043000,0.010000,0,0
VA,22456,NORTHUMBERLAND COUNTY,BVCK,0.053000,0.043000,0.010000,0,0
VA,22460,RICHMOND COUNTY,BVHC,0.053000,0.043000,0.010000,0,0
VA,22463,STAFFORD COUNTY,BVLH,0.053000,0.043000,0.010000,0,0
VA,22469,WESTMORELAND COUNTY,BVNS,0.053000,0.043000,0.010000,0,0
VA,22471,STAFFORD COUNTY,BVLH,0.053000,0.043000,0.010000,0,0
VA,22472,RICHMOND COUNTY,BVHC,0.053000,0.043000,0.010000,0,0
VA,22473,NORTHUMBERLAND COUNTY,BVCK,0.053000,0.043000,0.010000,0,0
VA,22476,ESSEX COUNTY,BULF,0.053000,0.043000,0.010000,0,0
VA,22480,LANCASTER COUNTY,BUVM,0.053000,0.043000,0.010000,0,0
VA,22481,KING GEORGE COUNTY,BUUX,0.053000,0.043000,0.010000,0,0
VA,22482,LANCASTER COUNTY,BUVM,0.053000,0.043000,0.010000,0,0
VA,22485,KING GEORGE COUNTY,BUUX,0.053000,0.043000,0.010000,0,0
VA,22488,WESTMORELAND COUNTY,BVNS,0.053000,0.043000,0.010000,0,0
VA,22501,CAROLINE COUNTY,BUHL,0.053000,0.043000,0.010000,0,0
VA,22503,LANCASTER COUNTY,BUVM,0.053000,0.043000,0.010000,0,0
VA,22504,ESSEX COUNTY,BULF,0.053000,0.043000,0.010000,0,0
VA,22507,LANCASTER COUNTY,BUVM,0.053000,0.043000,0.010000,0,0
VA,22508,ORANGE COUNTY,BVDE,0.053000,0.043000,0.010000,0,0
VA,22509,ESSEX COUNTY,BULF,0.053000,0.043000,0.010000,0,0
VA,22511,NORTHUMBERLAND COUNTY,BVCK,0.053000,0.043000,0.010000,0,0
VA,22513,LANCASTER COUNTY,BUVM,0.053000,0.043000,0.010000,0,0
VA,22514,CAROLINE COUNTY,BUHL,0.053000,0.043000,0.010000,0,0
VA,22517,LANCASTER COUNTY,BUVM,0.053000,0.043000,0.010000,0,0
VA,22520,WESTMORELAND COUNTY,BVNS,0.053000,0.043000,0.010000,0,0
VA,22523,LANCASTER COUNTY,BUVM,0.053000,0.043000,0.010000,0,0
VA,22524,WESTMORELAND COUNTY,BVNS,0.053000,0.043000,0.010000,0,0
VA,22528,LANCASTER COUNTY,BUVM,0.053000,0.043000,0.010000,0,0
VA,22529,WESTMORELAND COUNTY,BVNS,0.053000,0.043000,0.010000,0,0
VA,22530,NORTHUMBERLAND COUNTY,BVCK,0.053000,0.043000,0.010000,0,0
VA,22534,SPOTSYLVANIA COUNTY,BVLC,0.053000,0.043000,0.010000,0,0
VA,22535,CAROLINE COUNTY,BUHL,0.053000,0.043000,0.010000,0,0
VA,22538,CAROLINE COUNTY,BUHL,0.053000,0.043000,0.010000,0,0
VA,22539,NORTHUMBERLAND COUNTY,BVCK,0.053000,0.043000,0.010000,0,0
VA,22542,ORANGE COUNTY,BVDE,0.053000,0.043000,0.010000,0,0
VA,22544,KING GEORGE COUNTY,BUUX,0.053000,0.043000,0.010000,0,0
VA,22545,STAFFORD COUNTY,BVLH,0.053000,0.043000,0.010000,0,0
VA,22546,CAROLINE COUNTY,BUHL,0.053000,0.043000,0.010000,0,0
VA,22548,RICHMOND COUNTY,BVHC,0.053000,0.043000,0.010000,0,0
VA,22551,SPOTSYLVANIA COUNTY,BVLC,0.053000,0.043000,0.010000,0,0
VA,22552,CAROLINE COUNTY,BUHL,0.053000,0.043000,0.010000,0,0
VA,22553,SPOTSYLVANIA COUNTY,BVLC,0.053000,0.043000,0.010000,0,0
VA,22554,STAFFORD COUNTY,BVLH,0.053000,0.043000,0.010000,0,0
VA,22555,STAFFORD COUNTY,BVLH,0.053000,0.043000,0.010000,0,0
VA,22556,STAFFORD COUNTY,BVLH,0.053000,0.043000,0.010000,0,0
VA,22558,WESTMORELAND COUNTY,BVNS,0.053000,0.043000,0.010000,0,0
VA,22560,ESSEX COUNTY,BULF,0.053000,0.043000,0.010000,0,0
VA,22565,SPOTSYLVANIA COUNTY,BVLC,0.053000,0.043000,0.010000,0,0
VA,22567,ORANGE COUNTY,BVDE,0.053000,0.043000,0.010000,0,0
VA,22570,RICHMOND COUNTY,BVHC,0.053000,0.043000,0.010000,0,0
VA,22572,RICHMOND COUNTY,BVHC,0.053000,0.043000,0.010000,0,0
VA,22576,LANCASTER COUNTY,BUVM,0.053000,0.043000,0.010000,0,0
VA,22577,WESTMORELAND COUNTY,BVNS,0.053000,0.043000,0.010000,0,0
VA,22578,LANCASTER COUNTY,BUVM,0.053000,0.043000,0.010000,0,0
VA,22580,CAROLINE COUNTY,BUHL,0.053000,0.043000,0.010000,0,0
VA,22581,WESTMORELAND COUNTY,BVNS,0.053000,0.043000,0.010000,0,0
VA,22601,WINCHESTER (CITY),BVOG,0.053000,0.043000,0,0.010000,0
VA,22602,FREDERICK COUNTY,BUOY,0.053000,0.043000,0.010000,0,0
VA,22603,FREDERICK COUNTY,BUOY,0.053000,0.043000,0.010000,0,0
VA,22604,WINCHESTER (CITY),BVOG,0.053000,0.043000,0,0.010000,0
VA,22610,WARREN COUNTY,BVND,0.053000,0.043000,0.010000,0,0
VA,22611,CLARKE COUNTY,BUJC,0.053000,0.043000,0.010000,0,0
VA,22620,CLARKE COUNTY,BUJC,0.053000,0.043000,0.010000,0,0
VA,22622,FREDERICK COUNTY,BUOY,0.053000,0.043000,0.010000,0,0
VA,22623,RAPPAHANNOCK COUNTY,BVGS,0.053000,0.043000,0.010000,0,0
VA,22624,FREDERICK COUNTY,BUOY,0.053000,0.043000,0.010000,0,0
VA,22625,FREDERICK COUNTY,BUOY,0.053000,0.043000,0.010000,0,0
VA,22626,SHENANDOAH COUNTY,BVJW,0.053000,0.043000,0.010000,0,0
VA,22627,RAPPAHANNOCK COUNTY,BVGS,0.053000,0.043000,0.010000,0,0
VA,22630,WARREN COUNTY,BVND,0.053000,0.043000,0.010000,0,0
VA,22637,FREDERICK COUNTY,BUOY,0.053000,0.043000,0.010000,0,0
VA,22639,FAUQUIER COUNTY,BUNA,0.053000,0.043000,0.010000,0,0
VA,22640,RAPPAHANNOCK COUNTY,BVGS,0.053000,0.043000,0.010000,0,0
VA,22641,SHENANDOAH COUNTY,BVJW,0.053000,0.043000,0.010000,0,0
VA,22642,WARREN COUNTY,BVND,0.053000,0.043000,0.010000,0,0
VA,22643,FAUQUIER COUNTY,BUNA,0.053000,0.043000,0.010000,0,0
VA,22644,SHENANDOAH COUNTY,BVJW,0.053000,0.043000,0.010000,0,0
VA,22645,FREDERICK COUNTY,BUOY,0.053000,0.043000,0.010000,0,0
VA,22646,CLARKE COUNTY,BUJC,0.053000,0.043000,0.010000,0,0
VA,22649,FREDERICK COUNTY,BUOY,0.053000,0.043000,0.010000,0,0
VA,22650,PAGE COUNTY,BVDQ,0.053000,0.043000,0.010000,0,0
VA,22652,SHENANDOAH COUNTY,BVJW,0.053000,0.043000,0.010000,0,0
VA,22654,FREDERICK COUNTY,BUOY,0.053000,0.043000,0.010000,0,0
VA,22655,FREDERICK COUNTY,BUOY,0.053000,0.043000,0.010000,0,0
VA,22656,FREDERICK COUNTY,BUOY,0.053000,0.043000,0.010000,0,0
VA,22657,SHENANDOAH COUNTY,BVJW,0.053000,0.043000,0.010000,0,0
VA,22660,SHENANDOAH COUNTY,BVJW,0.053000,0.043000,0.010000,0,0
VA,22663,CLARKE COUNTY,BUJC,0.053000,0.043000,0.010000,0,0
VA,22664,SHENANDOAH COUNTY,BVJW,0.053000,0.043000,0.010000,0,0
VA,22701,CULPEPER COUNTY,BUJQ,0.053000,0.043000,0.010000,0,0
VA,22709,MADISON COUNTY,BUXR,0.053000,0.043000,0.010000,0,0
VA,22711,MADISON COUNTY,BUXR,0.053000,0.043000,0.010000,0,0
VA,22712,FAUQUIER COUNTY,BUNA,0.053000,0.043000,0.010000,0,0
VA,22713,CULPEPER COUNTY,BUJQ,0.053000,0.043000,0.010000,0,0
VA,22714,CULPEPER COUNTY,BUJQ,0.053000,0.043000,0.010000,0,0
VA,22715,MADISON COUNTY,BUXR,0.053000,0.043000,0.010000,0,0
VA,22716,RAPPAHANNOCK COUNTY,BVGS,0.053000,0.043000,0.010000,0,0
VA,22718,CULPEPER COUNTY,BUJQ,0.053000,0.043000,0.010000,0,0
VA,22719,MADISON COUNTY,BUXR,0.053000,0.043000,0.010000,0,0
VA,22720,FAUQUIER COUNTY,BUNA,0.053000,0.043000,0.010000,0,0
VA,22722,MADISON COUNTY,BUXR,0.053000,0.043000,0.010000,0,0
VA,22723,MADISON COUNTY,BUXR,0.053000,0.043000,0.010000,0,0
VA,22724,CULPEPER COUNTY,BUJQ,0.053000,0.043000,0.010000,0,0
VA,22725,MADISON COUNTY,BUXR,0.053000,0.043000,0.010000,0,0
VA,22726,CULPEPER COUNTY,BUJQ,0.053000,0.043000,0.010000,0,0
VA,22727,MADISON COUNTY,BUXR,0.053000,0.043000,0.010000,0,0
VA,22728,FAUQUIER COUNTY,BUNA,0.053000,0.043000,0.010000,0,0
VA,22729,CULPEPER COUNTY,BUJQ,0.053000,0.043000,0.010000,0,0
VA,22730,MADISON COUNTY,BUXR,0.053000,0.043000,0.010000,0,0
VA,22731,MADISON COUNTY,BUXR,0.053000,0.043000,0.010000,0,0
VA,22732,MADISON COUNTY,BUXR,0.053000,0.043000,0.010000,0,0
VA,22733,CULPEPER COUNTY,BUJQ,0.053000,0.043000,0.010000,0,0
VA,22734,FAUQUIER COUNTY,BUNA,0.053000,0.043000,0.010000,0,0
VA,22735,CULPEPER COUNTY,BUJQ,0.053000,0.043000,0.010000,0,0
VA,22736,CULPEPER COUNTY,BUJQ,0.053000,0.043000,0.010000,0,0
VA,22737,CULPEPER COUNTY,BUJQ,0.053000,0.043000,0.010000,0,0
VA,22738,MADISON COUNTY,BUXR,0.053000,0.043000,0.010000,0,0
VA,22739,FAUQUIER COUNTY,BUNA,0.053000,0.043000,0.010000,0,0
VA,22740,RAPPAHANNOCK COUNTY,BVGS,0.053000,0.043000,0.010000,0,0
VA,22741,CULPEPER COUNTY,BUJQ,0.053000,0.043000,0.010000,0,0
VA,22742,FAUQUIER COUNTY,BUNA,0.053000,0.043000,0.010000,0,0
VA,22743,MADISON COUNTY,BUXR,0.053000,0.043000,0.010000,0,0
VA,22746,RAPPAHANNOCK COUNTY,BVGS,0.053000,0.043000,0.010000,0,0
VA,22747,RAPPAHANNOCK COUNTY,BVGS,0.053000,0.043000,0.010000,0,0
VA,22748,MADISON COUNTY,BUXR,0.053000,0.043000,0.010000,0,0
VA,22749,RAPPAHANNOCK COUNTY,BVGS,0.053000,0.043000,0.010000,0,0
VA,22801,HARRISONBURG CITY,BUSU,0.053000,0.043000,0,0.010000,0
VA,22802,HARRISONBURG CITY,BUSU,0.053000,0.043000,0,0.010000,0
VA,22803,HARRISONBURG CITY,BUSU,0.053000,0.043000,0,0.010000,0
VA,22807,HARRISONBURG CITY,BUSU,0.053000,0.043000,0,0.010000,0
VA,22810,SHENANDOAH COUNTY,BVJW,0.053000,0.043000,0.010000,0,0
VA,22811,ROCKINGHAM COUNTY,BVIJ,0.053000,0.043000,0.010000,0,0
VA,22812,ROCKINGHAM COUNTY,BVIJ,0.053000,0.043000,0.010000,0,0
VA,22815,ROCKINGHAM COUNTY,BVIJ,0.053000,0.043000,0.010000,0,0
VA,22820,ROCKINGHAM COUNTY,BVIJ,0.053000,0.043000,0.010000,0,0
VA,22821,ROCKINGHAM COUNTY,BVIJ,0.053000,0.043000,0.010000,0,0
VA,22824,SHENANDOAH COUNTY,BVJW,0.053000,0.043000,0.010000,0,0
VA,22827,ROCKINGHAM COUNTY,BVIJ,0.053000,0.043000,0.010000,0,0
VA,22830,ROCKINGHAM COUNTY,BVIJ,0.053000,0.043000,0.010000,0,0
VA,22831,ROCKINGHAM COUNTY,BVIJ,0.053000,0.043000,0.010000,0,0
VA,22832,ROCKINGHAM COUNTY,BVIJ,0.053000,0.043000,0.010000,0,0
VA,22833,ROCKINGHAM COUNTY,BVIJ,0.053000,0.043000,0.010000,0,0
VA,22834,ROCKINGHAM COUNTY,BVIJ,0.053000,0.043000,0.010000,0,0
VA,22835,PAGE COUNTY,BVDQ,0.053000,0.043000,0.010000,0,0
VA,22840,ROCKINGHAM COUNTY,BVIJ,0.053000,0.043000,0.010000,0,0
VA,22841,ROCKINGHAM COUNTY,BVIJ,0.053000,0.043000,0.010000,0,0
VA,22842,SHENANDOAH COUNTY,BVJW,0.053000,0.043000,0.010000,0,0
VA,22843,AUGUSTA COUNTY,BUDC,0.053000,0.043000,0.010000,0,0
VA,22844,SHENANDOAH COUNTY,BVJW,0.053000,0.043000,0.010000,0,0
VA,22845,SHENANDOAH COUNTY,BVJW,0.053000,0.043000,0.010000,0,0
VA,22846,ROCKINGHAM COUNTY,BVIJ,0.053000,0.043000,0.010000,0,0
VA,22847,SHENANDOAH COUNTY,BVJW,0.053000,0.043000,0.010000,0,0
VA,22848,HARRISONBURG CITY,BUSU,0.053000,0.043000,0,0.010000,0
VA,22849,PAGE COUNTY,BVDQ,0.053000,0.043000,0.010000,0,0
VA,22850,ROCKINGHAM COUNTY,BVIJ,0.053000,0.043000,0.010000,0,0
VA,22851,PAGE COUNTY,BVDQ,0.053000,0.043000,0.010000,0,0
VA,22853,ROCKINGHAM COUNTY,BVIJ,0.053000,0.043000,0.010000,0,0
VA,22901,ALBEMARLE COUNTY,BUBJ,0.053000,0.043000,0.010000,0,0
VA,22902,CHARLOTTESVILLE CITY,BUIT,0.053000,0.043000,0,0.010000,0
VA,22903,CHARLOTTESVILLE CITY,BUIT,0.053000,0.043000,0,0.010000,0
VA,22904,ALBEMARLE COUNTY,BUBJ,0.053000,0.043000,0.010000,0,0
VA,22905,CHARLOTTESVILLE CITY,BUIT,0.053000,0.043000,0,0.010000,0
VA,22906,CHARLOTTESVILLE CITY,BUIT,0.053000,0.043000,0,0.010000,0
VA,22907,CHARLOTTESVILLE CITY,BUIT,0.053000,0.043000,0,0.010000,0
VA,22908,CHARLOTTESVILLE CITY,BUIT,0.053000,0.043000,0,0.010000,0
VA,22909,CHARLOTTESVILLE CITY,BUIT,0.053000,0.043000,0,0.010000,0
VA,22910,CHARLOTTESVILLE CITY,BUIT,0.053000,0.043000,0,0.010000,0
VA,22911,ALBEMARLE COUNTY,BUBJ,0.053000,0.043000,0.010000,0,0
VA,22920,NELSON COUNTY,BVAR,0.053000,0.043000,0.010000,0,0
VA,22922,NELSON COUNTY,BVAR,0.053000,0.043000,0.010000,0,0
VA,22923,ORANGE COUNTY,BVDE,0.053000,0.043000,0.010000,0,0
VA,22924,ALBEMARLE COUNTY,BUBJ,0.053000,0.043000,0.010000,0,0
VA,22931,ALBEMARLE COUNTY,BUBJ,0.053000,0.043000,0.010000,0,0
VA,22932,ALBEMARLE COUNTY,BUBJ,0.053000,0.043000,0.010000,0,0
VA,22935,GREENE COUNTY,BURL,0.053000,0.043000,0.010000,0,0
VA,22936,ALBEMARLE COUNTY,BUBJ,0.053000,0.043000,0.010000,0,0
VA,22937,ALBEMARLE COUNTY,BUBJ,0.053000,0.043000,0.010000,0,0
VA,22938,NELSON COUNTY,BVAR,0.053000,0.043000,0.010000,0,0
VA,22939,AUGUSTA COUNTY,BUDC,0.053000,0.043000,0.010000,0,0
VA,22940,ALBEMARLE COUNTY,BUBJ,0.053000,0.043000,0.010000,0,0
VA,22942,ORANGE COUNTY,BVDE,0.053000,0.043000,0.010000,0,0
VA,22943,ALBEMARLE COUNTY,BUBJ,0.053000,0.043000,0.010000,0,0
VA,22945,ALBEMARLE COUNTY,BUBJ,0.053000,0.043000,0.010000,0,0
VA,22946,ALBEMARLE COUNTY,BUBJ,0.053000,0.043000,0.010000,0,0
VA,22947,ALBEMARLE COUNTY,BUBJ,0.053000,0.043000,0.010000,0,0
VA,22948,MADISON COUNTY,BUXR,0.053000,0.043000,0.010000,0,0
VA,22949,NELSON COUNTY,BVAR,0.053000,0.043000,0.010000,0,0
VA,22952,AUGUSTA COUNTY,BUDC,0.053000,0.043000,0.010000,0,0
VA,22957,ORANGE COUNTY,BVDE,0.053000,0.043000,0.010000,0,0
VA,22958,NELSON COUNTY,BVAR,0.053000,0.043000,0.010000,0,0
VA,22959,ALBEMARLE COUNTY,BUBJ,0.053000,0.043000,0.010000,0,0
VA,22960,ORANGE COUNTY,BVDE,0.053000,0.043000,0.010000,0,0
VA,22963,FLUVANNA COUNTY,BUOC,0.053000,0.043000,0.010000,0,0
VA,22964,NELSON COUNTY,BVAR,0.053000,0.043000,0.010000,0,0
VA,22967,NELSON COUNTY,BVAR,0.053000,0.043000,0.010000,0,0
VA,22968,GREENE COUNTY,BURL,0.053000,0.043000,0.010000,0,0
VA,22969,NELSON COUNTY,BVAR,0.053000,0.043000,0.010000,0,0
VA,22971,NELSON COUNTY,BVAR,0.053000,0.043000,0.010000,0,0
VA,22972,ORANGE COUNTY,BVDE,0.053000,0.043000,0.010000,0,0
VA,22973,GREENE COUNTY,BURL,0.053000,0.043000,0.010000,0,0
VA,22974,FLUVANNA COUNTY,BUOC,0.053000,0.043000,0.010000,0,0
VA,22976,NELSON COUNTY,BVAR,0.053000,0.043000,0.010000,0,0
VA,22980,WAYNESBORO (CITY),BVNR,0.053000,0.043000,0,0.010000,0
VA,22987,ALBEMARLE COUNTY,BUBJ,0.053000,0.043000,0.010000,0,0
VA,22989,ORANGE COUNTY,BVDE,0.053000,0.043000,0.010000,0,0
VA,23002,AMELIA COUNTY,BUCI,0.053000,0.043000,0.010000,0,0
VA,23003,GLOUCESTER COUNTY,BUPX,0.053000,0.043000,0.010000,0,0
VA,23004,BUCKINGHAM COUNTY,BUGS,0.053000,0.043000,0.010000,0,0
VA,23005,HANOVER COUNTY,BUSJ,0.053000,0.043000,0.010000,0,0
VA,23009,KING WILLIAM COUNTY,BUVG,0.053000,0.043000,0.010000,0,0
VA,23011,NEW KENT COUNTY,BVBI,0.053000,0.043000,0.010000,0,0
VA,23014,GOOCHLAND COUNTY,BUQR,0.053000,0.043000,0.010000,0,0
VA,23015,HANOVER COUNTY,BUSJ,0.053000,0.043000,0.010000,0,0
VA,23018,GLOUCESTER COUNTY,BUPX,0.053000,0.043000,0.010000,0,0
VA,23021,MATHEWS COUNTY,BUYQ,0.053000,0.043000,0.010000,0,0
VA,23022,FLUVANNA COUNTY,BUOC,0.053000,0.043000,0.010000,0,0
VA,23023,KING AND QUEEN COUNTY,BUUJ,0.053000,0.043000,0.010000,0,0
VA,23024,LOUISA COUNTY,BUXC,0.053000,0.043000,0.010000,0,0
VA,23025,MATHEWS COUNTY,BUYQ,0.053000,0.043000,0.010000,0,0
VA,23027,CUMBERLAND COUNTY,BUKD,0.053000,0.043000,0.010000,0,0
VA,23030,CHARLES CITY CO,BUID,0.053000,0.043000,0.010000,0,0
VA,23031,MIDDLESEX COUNTY,BUZU,0.053000,0.043000,0.010000,0,0
VA,23032,MIDDLESEX COUNTY,BUZU,0.053000,0.043000,0.010000,0,0
VA,23035,MATHEWS COUNTY,BUYQ,0.053000,0.043000,0.010000,0,0
VA,23038,GOOCHLAND COUNTY,BUQR,0.053000,0.043000,0.010000,0,0
VA,23039,GOOCHLAND COUNTY,BUQR,0.053000,0.043000,0.010000,0,0
VA,23040,CUMBERLAND COUNTY,BUKD,0.053000,0.043000,0.010000,0,0
VA,23043,MIDDLESEX COUNTY,BUZU,0.053000,0.043000,0.010000,0,0
VA,23045,MATHEWS COUNTY,BUYQ,0.053000,0.043000,0.010000,0,0
VA,23047,HANOVER COUNTY,BUSJ,0.053000,0.043000,0.010000,0,0
VA,23050,MATHEWS COUNTY,BUYQ,0.053000,0.043000,0.010000,0,0
VA,23055,FLUVANNA COUNTY,BUOC,0.053000,0.043000,0.010000,0,0
VA,23056,MATHEWS COUNTY,BUYQ,0.053000,0.043000,0.010000,0,0
VA,23058,HENRICO COUNTY,BUSV,0.053000,0.043000,0.010000,0,0
VA,23059,HENRICO COUNTY,BUSV,0.053000,0.043000,0.010000,0,0
VA,23060,HENRICO COUNTY,BUSV,0.053000,0.043000,0.010000,0,0
VA,23061,GLOUCESTER COUNTY,BUPX,0.053000,0.043000,0.010000,0,0
VA,23062,GLOUCESTER COUNTY,BUPX,0.053000,0.043000,0.010000,0,0
VA,23063,GOOCHLAND COUNTY,BUQR,0.053000,0.043000,0.010000,0,0
VA,23064,MATHEWS COUNTY,BUYQ,0.053000,0.043000,0.010000,0,0
VA,23065,GOOCHLAND COUNTY,BUQR,0.053000,0.043000,0.010000,0,0
VA,23066,MATHEWS COUNTY,BUYQ,0.053000,0.043000,0.010000,0,0
VA,23067,GOOCHLAND COUNTY,BUQR,0.053000,0.043000,0.010000,0,0
VA,23068,MATHEWS COUNTY,BUYQ,0.053000,0.043000,0.010000,0,0
VA,23069,HANOVER COUNTY,BUSJ,0.053000,0.043000,0.010000,0,0
VA,23070,MIDDLESEX COUNTY,BUZU,0.053000,0.043000,0.010000,0,0
VA,23071,MIDDLESEX COUNTY,BUZU,0.053000,0.043000,0.010000,0,0
VA,23072,GLOUCESTER COUNTY,BUPX,0.053000,0.043000,0.010000,0,0
VA,23075,HENRICO COUNTY,BUSV,0.053000,0.043000,0.010000,0,0
VA,23076,MATHEWS COUNTY,BUYQ,0.053000,0.043000,0.010000,0,0
VA,23079,MIDDLESEX COUNTY,BUZU,0.053000,0.043000,0.010000,0,0
VA,23081,JAMES CITY CO,BUUE,0.060000,0.043000,0.010000,0,0.007000
VA,23083,AMELIA COUNTY,BUCI,0.053000,0.043000,0.010000,0,0
VA,23084,FLUVANNA COUNTY,BUOC,0.053000,0.043000,0.010000,0,0
VA,23085,KING AND QUEEN COUNTY,BUUJ,0.053000,0.043000,0.010000,0,0
VA,23086,KING WILLIAM COUNTY,BUVG,0.053000,0.043000,0.010000,0,0
VA,23089,NEW KENT COUNTY,BVBI,0.053000,0.043000,0.010000,0,0
VA,23090,YORK COUNTY,BVPB,0.060000,0.043000,0.010000,0,0.007000
VA,23091,KING AND QUEEN COUNTY,BUUJ,0.053000,0.043000,0.010000,0,0
VA,23092,MIDDLESEX COUNTY,BUZU,0.053000,0.043000,0.010000,0,0
VA,23093,LOUISA COUNTY,BUXC,0.053000,0.043000,0.010000,0,0
VA,23102,GOOCHLAND COUNTY,BUQR,0.053000,0.043000,0.010000,0,0
VA,23103,GOOCHLAND COUNTY,BUQR,0.053000,0.043000,0.010000,0,0
VA,23105,AMELIA COUNTY,BUCI,0.053000,0.043000,0.010000,0,0
VA,23106,KING WILLIAM COUNTY,BUVG,0.053000,0.043000,0.010000,0,0
VA,23107,GLOUCESTER COUNTY,BUPX,0.053000,0.043000,0.010000,0,0
VA,23108,KING AND QUEEN COUNTY,BUUJ,0.053000,0.043000,0.010000,0,0
VA,23109,MATHEWS COUNTY,BUYQ,0.053000,0.043000,0.010000,0,0
VA,23110,KING AND QUEEN COUNTY,BUUJ,0.053000,0.043000,0.010000,0,0
VA,23111,HANOVER COUNTY,BUSJ,0.053000,0.043000,0.010000,0,0
VA,23112,CHESTERFIELD COUNTY,BUIW,0.053000,0.043000,0.010000,0,0
VA,23113,CHESTERFIELD COUNTY,BUIW,0.053000,0.043000,0.010000,0,0
VA,23114,CHESTERFIELD COUNTY,BUIW,0.053000,0.043000,0.010000,0,0
VA,23115,ESSEX COUNTY,BULF,0.053000,0.043000,0.010000,0,0
VA,23116,HANOVER COUNTY,BUSJ,0.053000,0.043000,0.010000,0,0
VA,23117,LOUISA COUNTY,BUXC,0.053000,0.043000,0.010000,0,0
VA,23119,MATHEWS COUNTY,BUYQ,0.053000,0.043000,0.010000,0,0
VA,23120,CHESTERFIELD COUNTY,BUIW,0.053000,0.043000,0.010000,0,0
VA,23123,BUCKINGHAM COUNTY,BUGS,0.053000,0.043000,0.010000,0,0
VA,23124,NEW KENT COUNTY,BVBI,0.053000,0.043000,0.010000,0,0
VA,23125,MATHEWS COUNTY,BUYQ,0.053000,0.043000,0.010000,0,0
VA,23126,KING AND QUEEN COUNTY,BUUJ,0.053000,0.043000,0.010000,0,0
VA,23128,MATHEWS COUNTY,BUYQ,0.053000,0.043000,0.010000,0,0
VA,23129,GOOCHLAND COUNTY,BUQR,0.053000,0.043000,0.010000,0,0
VA,23130,MATHEWS COUNTY,BUYQ,0.053000,0.043000,0.010000,0,0
VA,23131,GLOUCESTER COUNTY,BUPX,0.053000,0.043000,0.010000,0,0
VA,23138,MATHEWS COUNTY,BUYQ,0.053000,0.043000,0.010000,0,0
VA,23139,POWHATAN COUNTY,BVFC,0.053000,0.043000,0.010000,0,0
VA,23140,NEW KENT COUNTY,BVBI,0.053000,0.043000,0.010000,0,0
VA,23141,NEW KENT COUNTY,BVBI,0.053000,0.043000,0.010000,0,0
VA,23146,HANOVER COUNTY,BUSJ,0.053000,0.043000,0.010000,0,0
VA,23147,CHARLES CITY CO,BUID,0.053000,0.043000,0.010000,0,0
VA,23148,KING AND QUEEN COUNTY,BUUJ,0.053000,0.043000,0.010000,0,0
VA,23149,MIDDLESEX COUNTY,BUZU,0.053000,0.043000,0.010000,0,0
VA,23150,HENRICO COUNTY,BUSV,0.053000,0.043000,0.010000,0,0
VA,23153,GOOCHLAND COUNTY,BUQR,0.053000,0.043000,0.010000,0,0
VA,23154,GLOUCESTER COUNTY,BUPX,0.053000,0.043000,0.010000,0,0
VA,23156,KING AND QUEEN COUNTY,BUUJ,0.053000,0.043000,0.010000,0,0
VA,23160,GOOCHLAND COUNTY,BUQR,0.053000,0.043000,0.010000,0,0
VA,23161,KING AND QUEEN COUNTY,BUUJ,0.053000,0.043000,0.010000,0,0
VA,23162,HANOVER COUNTY,BUSJ,0.053000,0.043000,0.010000,0,0
VA,23163,MATHEWS COUNTY,BUYQ,0.053000,0.043000,0.010000,0,0
VA,23168,JAMES CITY CO,BUUE,0.060000,0.043000,0.010000,0,0.007000
VA,23169,MIDDLESEX COUNTY,BUZU,0.053000,0.043000,0.010000,0,0
VA,23170,LOUISA COUNTY,BUXC,0.053000,0.043000,0.010000,0,0
VA,23173,RICHMOND CITY,BVHM,0.053000,0.043000,0,0.010000,0
VA,23175,MIDDLESEX COUNTY,BUZU,0.053000,0.043000,0.010000,0,0
VA,23176,MIDDLESEX COUNTY,BUZU,0.053000,0.043000,0.010000,0,0
VA,23177,KING AND QUEEN COUNTY,BUUJ,0.053000,0.043000,0.010000,0,0
VA,23178,GLOUCESTER COUNTY,BUPX,0.053000,0.043000,0.010000,0,0
VA,23180,MIDDLESEX COUNTY,BUZU,0.053000,0.043000,0.010000,0,0
VA,23181,KING WILLIAM COUNTY,BUVG,0.053000,0.043000,0.010000,0,0
VA,23183,GLOUCESTER COUNTY,BUPX,0.053000,0.043000,0.010000,0,0
VA,23184,GLOUCESTER COUNTY,BUPX,0.053000,0.043000,0.010000,0,0
VA,23185,JAMES CITY CO,BUUE,0.060000,0.043000,0.010000,0,0.007000
VA,23186,WILLIAMSBURG (CITY),ECYB,0.060000,0.043000,0,0.010000,0.007000
VA,23187,WILLIAMSBURG (CITY),ECYB,0.060000,0.043000,0,0.010000,0.007000
VA,23188,JAMES CITY CO,BUUE,0.060000,0.043000,0.010000,0,0.007000
VA,23190,GLOUCESTER COUNTY,BUPX,0.053000,0.043000,0.010000,0,0
VA,23192,HANOVER COUNTY,BUSJ,0.053000,0.043000,0.010000,0,0
VA,23218,RICHMOND CITY,BVHM,0.053000,0.043000,0,0.010000,0
VA,23219,RICHMOND CITY,BVHM,0.053000,0.043000,0,0.010000,0
VA,23220,RICHMOND CITY,BVHM,0.053000,0.043000,0,0.010000,0
VA,23221,RICHMOND CITY,BVHM,0.053000,0.043000,0,0.010000,0
VA,23222,RICHMOND CITY,BVHM,0.053000,0.043000,0,0.010000,0
VA,23223,RICHMOND CITY,BVHM,0.053000,0.043000,0,0.010000,0
VA,23224,RICHMOND CITY,BVHM,0.053000,0.043000,0,0.010000,0
VA,23225,RICHMOND CITY,BVHM,0.053000,0.043000,0,0.010000,0
VA,23226,RICHMOND CITY,BVHM,0.053000,0.043000,0,0.010000,0
VA,23227,HENRICO COUNTY,BUSV,0.053000,0.043000,0.010000,0,0
VA,23228,HENRICO COUNTY,BUSV,0.053000,0.043000,0.010000,0,0
VA,23229,HENRICO COUNTY,BUSV,0.053000,0.043000,0.010000,0,0
VA,23230,HENRICO COUNTY,BUSV,0.053000,0.043000,0.010000,0,0
VA,23231,HENRICO COUNTY,BUSV,0.053000,0.043000,0.010000,0,0
VA,23232,RICHMOND CITY,BVHM,0.053000,0.043000,0,0.010000,0
VA,23233,HENRICO COUNTY,BUSV,0.053000,0.043000,0.010000,0,0
VA,23234,CHESTERFIELD COUNTY,BUIW,0.053000,0.043000,0.010000,0,0
VA,23235,CHESTERFIELD COUNTY,BUIW,0.053000,0.043000,0.010000,0,0
VA,23236,CHESTERFIELD COUNTY,BUIW,0.053000,0.043000,0.010000,0,0
VA,23237,CHESTERFIELD COUNTY,BUIW,0.053000,0.043000,0.010000,0,0
VA,23238,HENRICO COUNTY,BUSV,0.053000,0.043000,0.010000,0,0
VA,23241,RICHMOND CITY,BVHM,0.053000,0.043000,0,0.010000,0
VA,23242,HENRICO COUNTY,BUSV,0.053000,0.043000,0.010000,0,0
VA,23249,RICHMOND CITY,BVHM,0.053000,0.043000,0,0.010000,0
VA,23250,HENRICO COUNTY,BUSV,0.053000,0.043000,0.010000,0,0
VA,23255,HENRICO COUNTY,BUSV,0.053000,0.043000,0.010000,0,0
VA,23260,RICHMOND CITY,BVHM,0.053000,0.043000,0,0.010000,0
VA,23261,RICHMOND CITY,BVHM,0.053000,0.043000,0,0.010000,0
VA,23269,RICHMOND CITY,BVHM,0.053000,0.043000,0,0.010000,0
VA,23273,RICHMOND CITY,BVHM,0.053000,0.043000,0,0.010000,0
VA,23274,RICHMOND CITY,BVHM,0.053000,0.043000,0,0.010000,0
VA,23276,RICHMOND CITY,BVHM,0.053000,0.043000,0,0.010000,0
VA,23278,RICHMOND CITY,BVHM,0.053000,0.043000,0,0.010000,0
VA,23279,RICHMOND CITY,BVHM,0.053000,0.043000,0,0.010000,0
VA,23282,RICHMOND CITY,BVHM,0.053000,0.043000,0,0.010000,0
VA,23284,RICHMOND CITY,BVHM,0.053000,0.043000,0,0.010000,0
VA,23285,RICHMOND CITY,BVHM,0.053000,0.043000,0,0.010000,0
VA,23286,RICHMOND CITY,BVHM,0.053000,0.043000,0,0.010000,0
VA,23288,HENRICO COUNTY,BUSV,0.053000,0.043000,0.010000,0,0
VA,23289,RICHMOND CITY,BVHM,0.053000,0.043000,0,0.010000,0
VA,23290,RICHMOND CITY,BVHM,0.053000,0.043000,0,0.010000,0
VA,23291,RICHMOND CITY,BVHM,0.053000,0.043000,0,0.010000,0
VA,23292,RICHMOND CITY,BVHM,0.053000,0.043000,0,0.010000,0
VA,23293,RICHMOND CITY,BVHM,0.053000,0.043000,0,0.010000,0
VA,23294,HENRICO COUNTY,BUSV,0.053000,0.043000,0.010000,0,0
VA,23295,RICHMOND CITY,BVHM,0.053000,0.043000,0,0.010000,0
VA,23297,CHESTERFIELD COUNTY,BUIW,0.053000,0.043000,0.010000,0,0
VA,23298,RICHMOND CITY,BVHM,0.053000,0.043000,0,0.010000,0
VA,23301,ACCOMACK COUNTY,BTZV,0.053000,0.043000,0.010000,0,0
VA,23302,ACCOMACK COUNTY,BTZV,0.053000,0.043000,0.010000,0,0
VA,23303,ACCOMACK COUNTY,BTZV,0.053000,0.043000,0.010000,0,0
VA,23304,ISLE OF WIGHT COUNTY,BUTV,0.060000,0.043000,0.010000,0,0.007000
VA,23306,ACCOMACK COUNTY,BTZV,0.053000,0.043000,0.010000,0,0
VA,23307,NORTHAMPTON COUNTY,BVBS,0.053000,0.043000,0.010000,0,0
VA,23308,ACCOMACK COUNTY,BTZV,0.053000,0.043000,0.010000,0,0
VA,23310,NORTHAMPTON COUNTY,BVBS,0.053000,0.043000,0.010000,0,0
VA,23313,NORTHAMPTON COUNTY,BVBS,0.053000,0.043000,0.010000,0,0
VA,23314,ISLE OF WIGHT COUNTY,BUTV,0.060000,0.043000,0.010000,0,0.007000
VA,23315,ISLE OF WIGHT COUNTY,BUTV,0.060000,0.043000,0.010000,0,0.007000
VA,23316,NORTHAMPTON COUNTY,BVBS,0.053000,0.043000,0.010000,0,0
VA,23320,CHESAPEAKE CITY,BUIV,0.060000,0.043000,0,0.010000,0.007000
VA,23321,CHESAPEAKE CITY,BUIV,0.060000,0.043000,0,0.010000,0.007000
VA,23322,CHESAPEAKE CITY,BUIV,0.060000,0.043000,0,0.010000,0.007000
VA,23323,CHESAPEAKE CITY,BUIV,0.060000,0.043000,0,0.010000,0.007000
VA,23324,CHESAPEAKE CITY,BUIV,0.060000,0.043000,0,0.010000,0.007000
VA,23325,CHESAPEAKE CITY,BUIV,0.060000,0.043000,0,0.010000,0.007000
VA,23326,CHESAPEAKE CITY,BUIV,0.060000,0.043000,0,0.010000,0.007000
VA,23327,CHESAPEAKE CITY,BUIV,0.060000,0.043000,0,0.010000,0.007000
VA,23328,CHESAPEAKE CITY,BUIV,0.060000,0.043000,0,0.010000,0.007000
VA,23336,ACCOMACK COUNTY,BTZV,0.053000,0.043000,0.010000,0,0
VA,23337,ACCOMACK COUNTY,BTZV,0.053000,0.043000,0.010000,0,0
VA,23341,ACCOMACK COUNTY,BTZV,0.053000,0.043000,0.010000,0,0
VA,23345,ACCOMACK COUNTY,BTZV,0.053000,0.043000,0.010000,0,0
VA,23347,NORTHAMPTON COUNTY,BVBS,0.053000,0.043000,0.010000,0,0
VA,23350,NORTHAMPTON COUNTY,BVBS,0.053000,0.043000,0.010000,0,0
VA,23354,NORTHAMPTON COUNTY,BVBS,0.053000,0.043000,0.010000,0,0
VA,23356,ACCOMACK COUNTY,BTZV,0.053000,0.043000,0.010000,0,0
VA,23357,ACCOMACK COUNTY,BTZV,0.053000,0.043000,0.010000,0,0
VA,23358,ACCOMACK COUNTY,BTZV,0.053000,0.043000,0.010000,0,0
VA,23359,ACCOMACK COUNTY,BTZV,0.053000,0.043000,0.010000,0,0
VA,23389,ACCOMACK COUNTY,BTZV,0.053000,0.043000,0.010000,0,0
VA,23395,ACCOMACK COUNTY,BTZV,0.053000,0.043000,0.010000,0,0
VA,23396,ACCOMACK COUNTY,BTZV,0.053000,0.043000,0.010000,0,0
VA,23397,ISLE OF WIGHT COUNTY,BUTV,0.060000,0.043000,0.010000,0,0.007000
VA,23398,NORTHAMPTON COUNTY,BVBS,0.053000,0.043000,0.010000,0,0
VA,23399,ACCOMACK COUNTY,BTZV,0.053000,0.043000,0.010000,0,0
VA,23401,ACCOMACK COUNTY,BTZV,0.053000,0.043000,0.010000,0,0
VA,23404,ACCOMACK COUNTY,BTZV,0.053000,0.043000,0.010000,0,0
VA,23405,NORTHAMPTON COUNTY,BVBS,0.053000,0.043000,0.010000,0,0
VA,23407,ACCOMACK COUNTY,BTZV,0.053000,0.043000,0.010000,0,0
VA,23408,NORTHAMPTON COUNTY,BVBS,0.053000,0.043000,0.010000,0,0
VA,23409,ACCOMACK COUNTY,BTZV,0.053000,0.043000,0.010000,0,0
VA,23410,ACCOMACK COUNTY,BTZV,0.053000,0.043000,0.010000,0,0
VA,23412,ACCOMACK COUNTY,BTZV,0.053000,0.043000,0.010000,0,0
VA,23413,NORTHAMPTON COUNTY,BVBS,0.053000,0.043000,0.010000,0,0
VA,23414,ACCOMACK COUNTY,BTZV,0.053000,0.043000,0.010000,0,0
VA,23415,ACCOMACK COUNTY,BTZV,0.053000,0.043000,0.010000,0,0
VA,23416,ACCOMACK COUNTY,BTZV,0.053000,0.043000,0.010000,0,0
VA,23417,ACCOMACK COUNTY,BTZV,0.053000,0.043000,0.010000,0,0
VA,23418,ACCOMACK COUNTY,BTZV,0.053000,0.043000,0.010000,0,0
VA,23419,NORTHAMPTON COUNTY,BVBS,0.053000,0.043000,0.010000,0,0
VA,23420,ACCOMACK COUNTY,BTZV,0.053000,0.043000,0.010000,0,0
VA,23421,ACCOMACK COUNTY,BTZV,0.053000,0.043000,0.010000,0,0
VA,23422,ACCOMACK COUNTY,BTZV,0.053000,0.043000,0.010000,0,0
VA,23423,ACCOMACK COUNTY,BTZV,0.053000,0.043000,0.010000,0,0
VA,23424,ISLE OF WIGHT COUNTY,BUTV,0.060000,0.043000,0.010000,0,0.007000
VA,23426,ACCOMACK COUNTY,BTZV,0.053000,0.043000,0.010000,0,0
VA,23427,ACCOMACK COUNTY,BTZV,0.053000,0.043000,0.010000,0,0
VA,23429,NORTHAMPTON COUNTY,BVBS,0.053000,0.043000,0.010000,0,0
VA,23430,ISLE OF WIGHT COUNTY,BUTV,0.060000,0.043000,0.010000,0,0.007000
VA,23431,ISLE OF WIGHT COUNTY,BUTV,0.060000,0.043000,0.010000,0,0.007000
VA,23432,SUFFOLK CITY,BVLR,0.060000,0.043000,0,0.010000,0.007000
VA,23433,SUFFOLK CITY,BVLR,0.060000,0.043000,0,0.010000,0.007000
VA,23434,SUFFOLK CITY,BVLR,0.060000,0.043000,0,0.010000,0.007000
VA,23435,SUFFOLK CITY,BVLR,0.060000,0.043000,0,0.010000,0.007000
VA,23436,SUFFOLK CITY,BVLR,0.060000,0.043000,0,0.010000,0.007000
VA,23437,SUFFOLK CITY,BVLR,0.060000,0.043000,0,0.010000,0.007000
VA,23438,SUFFOLK CITY,BVLR,0.060000,0.043000,0,0.010000,0.007000
VA,23439,SUFFOLK CITY,BVLR,0.060000,0.043000,0,0.010000,0.007000
VA,23440,ACCOMACK COUNTY,BTZV,0.053000,0.043000,0.010000,0,0
VA,23441,ACCOMACK COUNTY,BTZV,0.053000,0.043000,0.010000,0,0
VA,23442,ACCOMACK COUNTY,BTZV,0.053000,0.043000,0.010000,0,0
VA,23443,NORTHAMPTON COUNTY,BVBS,0.053000,0.043000,0.010000,0,0
VA,23450,VIRGINIA BEACH (CITY),BVNC,0.060000,0.043000,0,0.010000,0.007000
VA,23451,VIRGINIA BEACH (CITY),BVNC,0.060000,0.043000,0,0.010000,0.007000
VA,23452,VIRGINIA BEACH (CITY),BVNC,0.060000,0.043000,0,0.010000,0.007000
VA,23453,VIRGINIA BEACH (CITY),BVNC,0.060000,0.043000,0,0.010000,0.007000
VA,23454,VIRGINIA BEACH (CITY),BVNC,0.060000,0.043000,0,0.010000,0.007000
VA,23455,VIRGINIA BEACH (CITY),BVNC,0.060000,0.043000,0,0.010000,0.007000
VA,23456,VIRGINIA BEACH (CITY),BVNC,0.060000,0.043000,0,0.010000,0.007000
VA,23457,VIRGINIA BEACH (CITY),BVNC,0.060000,0.043000,0,0.010000,0.007000
VA,23458,VIRGINIA BEACH (CITY),BVNC,0.060000,0.043000,0,0.010000,0.007000
VA,23459,VIRGINIA BEACH (CITY),BVNC,0.060000,0.043000,0,0.010000,0.007000
VA,23460,VIRGINIA BEACH (CITY),BVNC,0.060000,0.043000,0,0.010000,0.007000
VA,23461,VIRGINIA BEACH (CITY),BVNC,0.060000,0.043000,0,0.010000,0.007000
VA,23462,VIRGINIA BEACH (CITY),BVNC,0.060000,0.043000,0,0.010000,0.007000
VA,23463,VIRGINIA BEACH (CITY),BVNC,0.060000,0.043000,0,0.010000,0.007000
VA,23464,VIRGINIA BEACH (CITY),BVNC,0.060000,0.043000,0,0.010000,0.007000
VA,23465,VIRGINIA BEACH (CITY),BVNC,0.060000,0.043000,0,0.010000,0.007000
VA,23466,VIRGINIA BEACH (CITY),BVNC,0.060000,0.043000,0,0.010000,0.007000
VA,23467,VIRGINIA BEACH (CITY),BVNC,0.060000,0.043000,0,0.010000,0.007000
VA,23471,VIRGINIA BEACH (CITY),BVNC,0.060000,0.043000,0,0.010000,0.007000
VA,23479,VIRGINIA BEACH (CITY),BVNC,0.060000,0.043000,0,0.010000,0.007000
VA,23480,ACCOMACK COUNTY,BTZV,0.053000,0.043000,0.010000,0,0
VA,23482,NORTHAMPTON COUNTY,BVBS,0.053000,0.043000,0.010000,0,0
VA,23483,ACCOMACK COUNTY,BTZV,0.053000,0.043000,0.010000,0,0
VA,23486,NORTHAMPTON COUNTY,BVBS,0.053000,0.043000,0.010000,0,0
VA,23487,ISLE OF WIGHT COUNTY,BUTV,0.060000,0.043000,0.010000,0,0.007000
VA,23488,ACCOMACK COUNTY,BTZV,0.053000,0.043000,0.010000,0,0
VA,23501,NORFOLK CITY,BVBR,0.060000,0.043000,0,0.010000,0.007000
VA,23502,NORFOLK CITY,BVBR,0.060000,0.043000,0,0.010000,0.007000
VA,23503,NORFOLK CITY,BVBR,0.060000,0.043000,0,0.010000,0.007000
VA,23504,NORFOLK CITY,BVBR,0.060000,0.043000,0,0.010000,0.007000
VA,23505,NORFOLK CITY,BVBR,0.060000,0.043000,0,0.010000,0.007000
VA,23506,NORFOLK CITY,BVBR,0.060000,0.043000,0,0.010000,0.007000
VA,23507,NORFOLK CITY,BVBR,0.060000,0.043000,0,0.010000,0.007000
VA,23508,NORFOLK CITY,BVBR,0.060000,0.043000,0,0.010000,0.007000
VA,23509,NORFOLK CITY,BVBR,0.060000,0.043000,0,0.010000,0.007000
VA,23510,NORFOLK CITY,BVBR,0.060000,0.043000,0,0.010000,0.007000
VA,23511,NORFOLK CITY,BVBR,0.060000,0.043000,0,0.010000,0.007000
VA,23513,NORFOLK CITY,BVBR,0.060000,0.043000,0,0.010000,0.007000
VA,23514,NORFOLK CITY,BVBR,0.060000,0.043000,0,0.010000,0.007000
VA,23515,NORFOLK CITY,BVBR,0.060000,0.043000,0,0.010000,0.007000
VA,23517,NORFOLK CITY,BVBR,0.060000,0.043000,0,0.010000,0.007000
VA,23518,NORFOLK CITY,BVBR,0.060000,0.043000,0,0.010000,0.007000
VA,23519,NORFOLK CITY,BVBR,0.060000,0.043000,0,0.010000,0.007000
VA,23520,NORFOLK CITY,BVBR,0.060000,0.043000,0,0.010000,0.007000
VA,23521,NORFOLK CITY,BVBR,0.060000,0.043000,0,0.010000,0.007000
VA,23523,NORFOLK CITY,BVBR,0.060000,0.043000,0,0.010000,0.007000
VA,23529,NORFOLK CITY,BVBR,0.060000,0.043000,0,0.010000,0.007000
VA,23541,NORFOLK CITY,BVBR,0.060000,0.043000,0,0.010000,0.007000
VA,23551,NORFOLK CITY,BVBR,0.060000,0.043000,0,0.010000,0.007000
VA,23601,NEWPORT NEWS CITY,BVBP,0.060000,0.043000,0.000000,0.010000,0.007000
VA,23602,NEWPORT NEWS CITY,BVBP,0.060000,0.043000,0.000000,0.010000,0.007000
VA,23603,NEWPORT NEWS CITY,BVBP,0.060000,0.043000,0.000000,0.010000,0.007000
VA,23604,NEWPORT NEWS CITY,BVBP,0.060000,0.043000,0.000000,0.010000,0.007000
VA,23605,NEWPORT NEWS CITY,BVBP,0.060000,0.043000,0.000000,0.010000,0.007000
VA,23606,NEWPORT NEWS CITY,BVBP,0.060000,0.043000,0.000000,0.010000,0.007000
VA,23607,NEWPORT NEWS CITY,BVBP,0.060000,0.043000,0.000000,0.010000,0.007000
VA,23608,NEWPORT NEWS CITY,BVBP,0.060000,0.043000,0.000000,0.010000,0.007000
VA,23609,NEWPORT NEWS CITY,BVBP,0.060000,0.043000,0.000000,0.010000,0.007000
VA,23612,NEWPORT NEWS CITY,BVBP,0.060000,0.043000,0.000000,0.010000,0.007000
VA,23628,NEWPORT NEWS CITY,BVBP,0.060000,0.043000,0.000000,0.010000,0.007000
VA,23630,HAMPTON CITY,BUSH,0.060000,0.043000,0,0.010000,0.007000
VA,23651,HAMPTON CITY,BUSH,0.060000,0.043000,0,0.010000,0.007000
VA,23661,HAMPTON CITY,BUSH,0.060000,0.043000,0,0.010000,0.007000
VA,23662,POQUOSON CITY,BVEZ,0.060000,0.043000,0,0.010000,0.007000
VA,23663,HAMPTON CITY,BUSH,0.060000,0.043000,0,0.010000,0.007000
VA,23664,HAMPTON CITY,BUSH,0.060000,0.043000,0,0.010000,0.007000
VA,23665,HAMPTON CITY,BUSH,0.060000,0.043000,0,0.010000,0.007000
VA,23666,HAMPTON CITY,BUSH,0.060000,0.043000,0,0.010000,0.007000
VA,23667,HAMPTON CITY,BUSH,0.060000,0.043000,0,0.010000,0.007000
VA,23668,HAMPTON CITY,BUSH,0.060000,0.043000,0,0.010000,0.007000
VA,23669,HAMPTON CITY,BUSH,0.060000,0.043000,0,0.010000,0.007000
VA,23670,HAMPTON CITY,BUSH,0.060000,0.043000,0,0.010000,0.007000
VA,23681,HAMPTON CITY,BUSH,0.060000,0.043000,0,0.010000,0.007000
VA,23690,YORK COUNTY,BVPB,0.060000,0.043000,0.010000,0,0.007000
VA,23691,YORK COUNTY,BVPB,0.060000,0.043000,0.010000,0,0.007000
VA,23692,YORK COUNTY,BVPB,0.060000,0.043000,0.010000,0,0.007000
VA,23693,YORK COUNTY,BVPB,0.060000,0.043000,0.010000,0,0.007000
VA,23694,YORK COUNTY,BVPB,0.060000,0.043000,0.010000,0,0.007000
VA,23696,YORK COUNTY,BVPB,0.060000,0.043000,0.010000,0,0.007000
VA,23701,PORTSMOUTH CITY,BVFB,0.060000,0.043000,0,0.010000,0.007000
VA,23702,PORTSMOUTH CITY,BVFB,0.060000,0.043000,0,0.010000,0.007000
VA,23703,PORTSMOUTH CITY,BVFB,0.060000,0.043000,0,0.010000,0.007000
VA,23704,PORTSMOUTH CITY,BVFB,0.060000,0.043000,0,0.010000,0.007000
VA,23705,PORTSMOUTH CITY,BVFB,0.060000,0.043000,0,0.010000,0.007000
VA,23707,PORTSMOUTH CITY,BVFB,0.060000,0.043000,0,0.010000,0.007000
VA,23708,PORTSMOUTH CITY,BVFB,0.060000,0.043000,0,0.010000,0.007000
VA,23709,PORTSMOUTH CITY,BVFB,0.060000,0.043000,0,0.010000,0.007000
VA,23801,PRINCE GEORGE COUNTY,BVFP,0.053000,0.043000,0.010000,0,0
VA,23803,PETERSBURG CITY,BVEH,0.053000,0.043000,0,0.010000,0
VA,23804,PETERSBURG CITY,BVEH,0.053000,0.043000,0,0.010000,0
VA,23805,PETERSBURG CITY,BVEH,0.053000,0.043000,0,0.010000,0
VA,23821,BRUNSWICK COUNTY,BUFN,0.053000,0.043000,0.010000,0,0
VA,23822,DINWIDDIE COUNTY,BUKS,0.053000,0.043000,0.010000,0,0
VA,23824,NOTTOWAY COUNTY,BVCZ,0.053000,0.043000,0.010000,0,0
VA,23827,SOUTHAMPTON COUNTY,BVKS,0.060000,0.043000,0.010000,0,0.007000
VA,23828,SOUTHAMPTON COUNTY,BVKS,0.060000,0.043000,0.010000,0,0.007000
VA,23829,SOUTHAMPTON COUNTY,BVKS,0.060000,0.043000,0.010000,0,0.007000
VA,23830,PRINCE GEORGE COUNTY,BVFP,0.053000,0.043000,0.010000,0,0
VA,23831,CHESTERFIELD COUNTY,BUIW,0.053000,0.043000,0.010000,0,0
VA,23832,CHESTERFIELD COUNTY,BUIW,0.053000,0.043000,0.010000,0,0
VA,23833,DINWIDDIE COUNTY,BUKS,0.053000,0.043000,0.010000,0,0
VA,23834,COLONIAL HEIGHTS CITY,BUJK,0.053000,0.043000,0,0.010000,0
VA,23836,CHESTERFIELD COUNTY,BUIW,0.053000,0.043000,0.010000,0,0
VA,23837,SOUTHAMPTON COUNTY,BVKS,0.060000,0.043000,0.010000,0,0.007000
VA,23838,CHESTERFIELD COUNTY,BUIW,0.053000,0.043000,0.010000,0,0
VA,23839,SURRY COUNTY,BVLS,0.053000,0.043000,0.010000,0,0
VA,23840,DINWIDDIE COUNTY,BUKS,0.053000,0.043000,0.010000,0,0
VA,23841,DINWIDDIE COUNTY,BUKS,0.053000,0.043000,0.010000,0,0
VA,23842,PRINCE GEORGE COUNTY,BVFP,0.053000,0.043000,0.010000,0,0
VA,23843,BRUNSWICK COUNTY,BUFN,0.053000,0.043000,0.010000,0,0
VA,23844,SOUTHAMPTON COUNTY,BVKS,0.060000,0.043000,0.010000,0,0.007000
VA,23845,BRUNSWICK COUNTY,BUFN,0.053000,0.043000,0.010000,0,0
VA,23846,SURRY COUNTY,BVLS,0.053000,0.043000,0.010000,0,0
VA,23847,GREENSVILLE COUNTY,BURQ,0.053000,0.043000,0.010000,0,0
VA,23850,DINWIDDIE COUNTY,BUKS,0.053000,0.043000,0.010000,0,0
VA,23851,FRANKLIN (CITY),BUOX,0.060000,0.043000,0,0.010000,0.007000
VA,23856,BRUNSWICK COUNTY,BUFN,0.053000,0.043000,0.010000,0,0
VA,23857,BRUNSWICK COUNTY,BUFN,0.053000,0.043000,0.010000,0,0
VA,23860,HOPEWELL CITY,BUTU,0.053000,0.043000,0,0.010000,0
VA,23866,SOUTHAMPTON COUNTY,BVKS,0.060000,0.043000,0.010000,0,0.007000
VA,23867,SUSSEX COUNTY,BVLY,0.053000,0.043000,0.010000,0,0
VA,23868,BRUNSWICK COUNTY,BUFN,0.053000,0.043000,0.010000,0,0
VA,23870,GREENSVILLE COUNTY,BURQ,0.053000,0.043000,0.010000,0,0
VA,23872,DINWIDDIE COUNTY,BUKS,0.053000,0.043000,0.010000,0,0
VA,23874,SOUTHAMPTON COUNTY,BVKS,0.060000,0.043000,0.010000,0,0.007000
VA,23875,PRINCE GEORGE COUNTY,BVFP,0.053000,0.043000,0.010000,0,0
VA,23876,BRUNSWICK COUNTY,BUFN,0.053000,0.043000,0.010000,0,0
VA,23878,SOUTHAMPTON COUNTY,BVKS,0.060000,0.043000,0.010000,0,0.007000
VA,23879,GREENSVILLE COUNTY,BURQ,0.053000,0.043000,0.010000,0,0
VA,23881,SURRY COUNTY,BVLS,0.053000,0.043000,0.010000,0,0
VA,23882,SUSSEX COUNTY,BVLY,0.053000,0.043000,0.010000,0,0
VA,23883,SURRY COUNTY,BVLS,0.053000,0.043000,0.010000,0,0
VA,23884,SUSSEX COUNTY,BVLY,0.053000,0.043000,0.010000,0,0
VA,23885,DINWIDDIE COUNTY,BUKS,0.053000,0.043000,0.010000,0,0
VA,23887,BRUNSWICK COUNTY,BUFN,0.053000,0.043000,0.010000,0,0
VA,23888,SUSSEX COUNTY,BVLY,0.053000,0.043000,0.010000,0,0
VA,23889,BRUNSWICK COUNTY,BUFN,0.053000,0.043000,0.010000,0,0
VA,23890,SUSSEX COUNTY,BVLY,0.053000,0.043000,0.010000,0,0
VA,23891,SUSSEX COUNTY,BVLY,0.053000,0.043000,0.010000,0,0
VA,23893,BRUNSWICK COUNTY,BUFN,0.053000,0.043000,0.010000,0,0
VA,23894,DINWIDDIE COUNTY,BUKS,0.053000,0.043000,0.010000,0,0
VA,23897,SUSSEX COUNTY,BVLY,0.053000,0.043000,0.010000,0,0
VA,23898,ISLE OF WIGHT COUNTY,BUTV,0.060000,0.043000,0.010000,0,0.007000
VA,23899,SURRY COUNTY,BVLS,0.053000,0.043000,0.010000,0,0
VA,23901,PRINCE EDWARD COUNTY,BVFG,0.053000,0.043000,0.010000,0,0
VA,23909,PRINCE EDWARD COUNTY,BVFG,0.053000,0.043000,0.010000,0,0
VA,23915,MECKLENBURG COUNTY,BUZI,0.053000,0.043000,0.010000,0,0
VA,23917,MECKLENBURG COUNTY,BUZI,0.053000,0.043000,0.010000,0,0
VA,23919,MECKLENBURG COUNTY,BUZI,0.053000,0.043000,0.010000,0,0
VA,23920,BRUNSWICK COUNTY,BUFN,0.053000,0.043000,0.010000,0,0
VA,23921,BUCKINGHAM COUNTY,BUGS,0.053000,0.043000,0.010000,0,0
VA,23922,NOTTOWAY COUNTY,BVCZ,0.053000,0.043000,0.010000,0,0
VA,23923,CHARLOTTE COUNTY,BUIG,0.053000,0.043000,0.010000,0,0
VA,23924,MECKLENBURG COUNTY,BUZI,0.053000,0.043000,0.010000,0,0
VA,23927,MECKLENBURG COUNTY,BUZI,0.053000,0.043000,0.010000,0,0
VA,23930,NOTTOWAY COUNTY,BVCZ,0.053000,0.043000,0.010000,0,0
VA,23934,CHARLOTTE COUNTY,BUIG,0.053000,0.043000,0.010000,0,0
VA,23936,BUCKINGHAM COUNTY,BUGS,0.053000,0.043000,0.010000,0,0
VA,23937,CHARLOTTE COUNTY,BUIG,0.053000,0.043000,0.010000,0,0
VA,23938,BRUNSWICK COUNTY,BUFN,0.053000,0.043000,0.010000,0,0
VA,23939,APPOMATTOX COUNTY,BUCU,0.053000,0.043000,0.010000,0,0
VA,23941,MECKLENBURG COUNTY,BUZI,0.053000,0.043000,0.010000,0,0
VA,23942,PRINCE EDWARD COUNTY,BVFG,0.053000,0.043000,0.010000,0,0
VA,23943,PRINCE EDWARD COUNTY,BVFG,0.053000,0.043000,0.010000,0,0
VA,23944,LUNENBURG COUNTY,BUXI,0.053000,0.043000,0.010000,0,0
VA,23947,CHARLOTTE COUNTY,BUIG,0.053000,0.043000,0.010000,0,0
VA,23950,MECKLENBURG COUNTY,BUZI,0.053000,0.043000,0.010000,0,0
VA,23952,LUNENBURG COUNTY,BUXI,0.053000,0.043000,0.010000,0,0
VA,23954,PRINCE EDWARD COUNTY,BVFG,0.053000,0.043000,0.010000,0,0
VA,23955,NOTTOWAY COUNTY,BVCZ,0.053000,0.043000,0.010000,0,0
VA,23958,APPOMATTOX COUNTY,BUCU,0.053000,0.043000,0.010000,0,0
VA,23959,CHARLOTTE COUNTY,BUIG,0.053000,0.043000,0.010000,0,0
VA,23960,PRINCE EDWARD COUNTY,BVFG,0.053000,0.043000,0.010000,0,0
VA,23962,CHARLOTTE COUNTY,BUIG,0.053000,0.043000,0.010000,0,0
VA,23963,CHARLOTTE COUNTY,BUIG,0.053000,0.043000,0.010000,0,0
VA,23964,CHARLOTTE COUNTY,BUIG,0.053000,0.043000,0.010000,0,0
VA,23966,PRINCE EDWARD COUNTY,BVFG,0.053000,0.043000,0.010000,0,0
VA,23967,CHARLOTTE COUNTY,BUIG,0.053000,0.043000,0.010000,0,0
VA,23968,MECKLENBURG COUNTY,BUZI,0.053000,0.043000,0.010000,0,0
VA,23970,MECKLENBURG COUNTY,BUZI,0.053000,0.043000,0.010000,0,0
VA,23974,LUNENBURG COUNTY,BUXI,0.053000,0.043000,0.010000,0,0
VA,23976,CHARLOTTE COUNTY,BUIG,0.053000,0.043000,0.010000,0,0
VA,24001,ROANOKE CITY,BVHV,0.053000,0.043000,0,0.010000,0
VA,24002,ROANOKE CITY,BVHV,0.053000,0.043000,0,0.010000,0
VA,24003,ROANOKE CITY,BVHV,0.053000,0.043000,0,0.010000,0
VA,24004,ROANOKE CITY,BVHV,0.053000,0.043000,0,0.010000,0
VA,24005,ROANOKE CITY,BVHV,0.053000,0.043000,0,0.010000,0
VA,24006,ROANOKE CITY,BVHV,0.053000,0.043000,0,0.010000,0
VA,24007,ROANOKE CITY,BVHV,0.053000,0.043000,0,0.010000,0
VA,24008,ROANOKE CITY,BVHV,0.053000,0.043000,0,0.010000,0
VA,24009,ROANOKE CITY,BVHV,0.053000,0.043000,0,0.010000,0
VA,24010,ROANOKE CITY,BVHV,0.053000,0.043000,0,0.010000,0
VA,24011,ROANOKE CITY,BVHV,0.053000,0.043000,0,0.010000,0
VA,24012,ROANOKE CITY,BVHV,0.053000,0.043000,0,0.010000,0
VA,24013,ROANOKE CITY,BVHV,0.053000,0.043000,0,0.010000,0
VA,24014,ROANOKE CITY,BVHV,0.053000,0.043000,0,0.010000,0
VA,24015,ROANOKE CITY,BVHV,0.053000,0.043000,0,0.010000,0
VA,24016,ROANOKE CITY,BVHV,0.053000,0.043000,0,0.010000,0
VA,24017,ROANOKE CITY,BVHV,0.053000,0.043000,0,0.010000,0
VA,24018,ROANOKE COUNTY,BVHO,0.053000,0.043000,0.010000,0,0
VA,24019,ROANOKE COUNTY,BVHO,0.053000,0.043000,0.010000,0,0
VA,24020,ROANOKE COUNTY,BVHO,0.053000,0.043000,0.010000,0,0
VA,24022,ROANOKE CITY,BVHV,0.053000,0.043000,0,0.010000,0
VA,24023,ROANOKE CITY,BVHV,0.053000,0.043000,0,0.010000,0
VA,24024,ROANOKE CITY,BVHV,0.053000,0.043000,0,0.010000,0
VA,24025,ROANOKE CITY,BVHV,0.053000,0.043000,0,0.010000,0
VA,24026,ROANOKE CITY,BVHV,0.053000,0.043000,0,0.010000,0
VA,24027,ROANOKE CITY,BVHV,0.053000,0.043000,0,0.010000,0
VA,24028,ROANOKE CITY,BVHV,0.053000,0.043000,0,0.010000,0
VA,24029,ROANOKE CITY,BVHV,0.053000,0.043000,0,0.010000,0
VA,24030,ROANOKE CITY,BVHV,0.053000,0.043000,0,0.010000,0
VA,24031,ROANOKE CITY,BVHV,0.053000,0.043000,0,0.010000,0
VA,24032,ROANOKE CITY,BVHV,0.053000,0.043000,0,0.010000,0
VA,24033,ROANOKE CITY,BVHV,0.053000,0.043000,0,0.010000,0
VA,24034,ROANOKE CITY,BVHV,0.053000,0.043000,0,0.010000,0
VA,24035,ROANOKE CITY,BVHV,0.053000,0.043000,0,0.010000,0
VA,24036,ROANOKE CITY,BVHV,0.053000,0.043000,0,0.010000,0
VA,24037,ROANOKE CITY,BVHV,0.053000,0.043000,0,0.010000,0
VA,24038,ROANOKE CITY,BVHV,0.053000,0.043000,0,0.010000,0
VA,24040,ROANOKE CITY,BVHV,0.053000,0.043000,0,0.010000,0
VA,24042,ROANOKE CITY,BVHV,0.053000,0.043000,0,0.010000,0
VA,24043,ROANOKE CITY,BVHV,0.053000,0.043000,0,0.010000,0
VA,24050,ROANOKE CITY,BVHV,0.053000,0.043000,0,0.010000,0
VA,24053,PATRICK COUNTY,BVDW,0.053000,0.043000,0.010000,0,0
VA,24054,HENRY COUNTY,BUTB,0.053000,0.043000,0.010000,0,0
VA,24055,HENRY COUNTY,BUTB,0.053000,0.043000,0.010000,0,0
VA,24058,PULASKI COUNTY,BVGG,0.053000,0.043000,0.010000,0,0
VA,24059,ROANOKE COUNTY,BVHO,0.053000,0.043000,0.010000,0,0
VA,24060,MONTGOMERY COUNTY,BVAI,0.053000,0.043000,0.010000,0,0
VA,24061,MONTGOMERY COUNTY,BVAI,0.053000,0.043000,0.010000,0,0
VA,24062,MONTGOMERY COUNTY,BVAI,0.053000,0.043000,0.010000,0,0
VA,24063,MONTGOMERY COUNTY,BVAI,0.053000,0.043000,0.010000,0,0
VA,24064,BOTETOURT COUNTY,BUFA,0.053000,0.043000,0.010000,0,0
VA,24065,FRANKLIN COUNTY,BUOK,0.053000,0.043000,0.010000,0,0
VA,24066,BOTETOURT COUNTY,BUFA,0.053000,0.043000,0.010000,0,0
VA,24067,FRANKLIN COUNTY,BUOK,0.053000,0.043000,0.010000,0,0
VA,24068,MONTGOMERY COUNTY,BVAI,0.053000,0.043000,0.010000,0,0
VA,24069,PITTSYLVANIA COUNTY,BVEI,0.053000,0.043000,0.010000,0,0
VA,24070,CRAIG COUNTY,BUJN,0.053000,0.043000,0.010000,0,0
VA,24072,FLOYD COUNTY,BUNW,0.053000,0.043000,0.010000,0,0
VA,24073,MONTGOMERY COUNTY,BVAI,0.053000,0.043000,0.010000,0,0
VA,24076,PATRICK COUNTY,BVDW,0.053000,0.043000,0.010000,0,0
VA,24077,BOTETOURT COUNTY,BUFA,0.053000,0.043000,0.010000,0,0
VA,24078,HENRY COUNTY,BUTB,0.053000,0.043000,0.010000,0,0
VA,24079,FLOYD COUNTY,BUNW,0.053000,0.043000,0.010000,0,0
VA,24082,PATRICK COUNTY,BVDW,0.053000,0.043000,0.010000,0,0
VA,24083,BOTETOURT COUNTY,BUFA,0.053000,0.043000,0.010000,0,0
VA,24084,PULASKI COUNTY,BVGG,0.053000,0.043000,0.010000,0,0
VA,24085,BOTETOURT COUNTY,BUFA,0.053000,0.043000,0.010000,0,0
VA,24086,GILES COUNTY,BUPM,0.053000,0.043000,0.010000,0,0
VA,24087,MONTGOMERY COUNTY,BVAI,0.053000,0.043000,0.010000,0,0
VA,24088,FRANKLIN COUNTY,BUOK,0.053000,0.043000,0.010000,0,0
VA,24089,HENRY COUNTY,BUTB,0.053000,0.043000,0.010000,0,0
VA,24090,BOTETOURT COUNTY,BUFA,0.053000,0.043000,0.010000,0,0
VA,24091,FLOYD COUNTY,BUNW,0.053000,0.043000,0.010000,0,0
VA,24092,FRANKLIN COUNTY,BUOK,0.053000,0.043000,0.010000,0,0
VA,24093,GILES COUNTY,BUPM,0.053000,0.043000,0.010000,0,0
VA,24095,BEDFORD COUNTY,BUEG,0.053000,0.043000,0.010000,0,0
VA,24101,FRANKLIN COUNTY,BUOK,0.053000,0.043000,0.010000,0,0
VA,24102,FRANKLIN COUNTY,BUOK,0.053000,0.043000,0.010000,0,0
VA,24104,BEDFORD COUNTY,BUEG,0.053000,0.043000,0.010000,0,0
VA,24105,FLOYD COUNTY,BUNW,0.053000,0.043000,0.010000,0,0
VA,24112,HENRY COUNTY,BUTB,0.053000,0.043000,0.010000,0,0
VA,24113,MARTINSVILLE CITY,BUYP,0.053000,0.043000,0,0.010000,0
VA,24114,MARTINSVILLE CITY,BUYP,0.053000,0.043000,0,0.010000,0
VA,24115,MARTINSVILLE CITY,BUYP,0.053000,0.043000,0,0.010000,0
VA,24120,PATRICK COUNTY,BVDW,0.053000,0.043000,0.010000,0,0
VA,24121,BEDFORD COUNTY,BUEG,0.053000,0.043000,0.010000,0,0
VA,24122,BEDFORD COUNTY,BUEG,0.053000,0.043000,0.010000,0,0
VA,24124,GILES COUNTY,BUPM,0.053000,0.043000,0.010000,0,0
VA,24127,CRAIG COUNTY,BUJN,0.053000,0.043000,0.010000,0,0
VA,24128,GILES COUNTY,BUPM,0.053000,0.043000,0.010000,0,0
VA,24129,PULASKI COUNTY,BVGG,0.053000,0.043000,0.010000,0,0
VA,24130,BOTETOURT COUNTY,BUFA,0.053000,0.043000,0.010000,0,0
VA,24131,CRAIG COUNTY,BUJN,0.053000,0.043000,0.010000,0,0
VA,24132,PULASKI COUNTY,BVGG,0.053000,0.043000,0.010000,0,0
VA,24133,PATRICK COUNTY,BVDW,0.053000,0.043000,0.010000,0,0
VA,24134,GILES COUNTY,BUPM,0.053000,0.043000,0.010000,0,0
VA,24136,GILES COUNTY,BUPM,0.053000,0.043000,0.010000,0,0
VA,24137,FRANKLIN COUNTY,BUOK,0.053000,0.043000,0.010000,0,0
VA,24138,FLOYD COUNTY,BUNW,0.053000,0.043000,0.010000,0,0
VA,24139,PITTSYLVANIA COUNTY,BVEI,0.053000,0.043000,0.010000,0,0
VA,24141,RADFORD CITY,BVGR,0.053000,0.043000,0,0.010000,0
VA,24142,RADFORD CITY,BVGR,0.053000,0.043000,0,0.010000,0
VA,24143,RADFORD CITY,BVGR,0.053000,0.043000,0,0.010000,0
VA,24146,FRANKLIN COUNTY,BUOK,0.053000,0.043000,0.010000,0,0
VA,24147,GILES COUNTY,BUPM,0.053000,0.043000,0.010000,0,0
VA,24148,HENRY COUNTY,BUTB,0.053000,0.043000,0.010000,0,0
VA,24149,MONTGOMERY COUNTY,BVAI,0.053000,0.043000,0.010000,0,0
VA,24150,GILES COUNTY,BUPM,0.053000,0.043000,0.010000,0,0
VA,24151,FRANKLIN COUNTY,BUOK,0.053000,0.043000,0.010000,0,0
VA,24153,SALEM CITY,BVJN,0.053000,0.043000,0,0.010000,0
VA,24155,ROANOKE CITY,BVHV,0.053000,0.043000,0,0.010000,0
VA,24157,ROANOKE CITY,BVHV,0.053000,0.043000,0,0.010000,0
VA,24161,PITTSYLVANIA COUNTY,BVEI,0.053000,0.043000,0.010000,0,0
VA,24162,MONTGOMERY COUNTY,BVAI,0.053000,0.043000,0.010000,0,0
VA,24165,HENRY COUNTY,BUTB,0.053000,0.043000,0.010000,0,0
VA,24167,GILES COUNTY,BUPM,0.053000,0.043000,0.010000,0,0
VA,24168,HENRY COUNTY,BUTB,0.053000,0.043000,0.010000,0,0
VA,24171,PATRICK COUNTY,BVDW,0.053000,0.043000,0.010000,0,0
VA,24174,BEDFORD COUNTY,BUEG,0.053000,0.043000,0.010000,0,0
VA,24175,BOTETOURT COUNTY,BUFA,0.053000,0.043000,0.010000,0,0
VA,24176,FRANKLIN COUNTY,BUOK,0.053000,0.043000,0.010000,0,0
VA,24177,PATRICK COUNTY,BVDW,0.053000,0.043000,0.010000,0,0
VA,24178,BOTETOURT COUNTY,BUFA,0.053000,0.043000,0.010000,0,0
VA,24179,BEDFORD COUNTY,BUEG,0.053000,0.043000,0.010000,0,0
VA,24184,FRANKLIN COUNTY,BUOK,0.053000,0.043000,0.010000,0,0
VA,24185,PATRICK COUNTY,BVDW,0.053000,0.043000,0.010000,0,0
VA,24201,BRISTOL CITY,BUFM,0.053000,0.043000,0,0.010000,0
VA,24202,WASHINGTON COUNTY,BVNI,0.053000,0.043000,0.010000,0,0
VA,24203,BRISTOL CITY,BUFM,0.053000,0.043000,0,0.010000,0
VA,24205,BRISTOL CITY,BUFM,0.053000,0.043000,0,0.010000,0
VA,24209,BRISTOL CITY,BUFM,0.053000,0.043000,0,0.010000,0
VA,24210,WASHINGTON COUNTY,BVNI,0.053000,0.043000,0.010000,0,0
VA,24211,WASHINGTON COUNTY,BVNI,0.053000,0.043000,0.010000,0,0
VA,24212,WASHINGTON COUNTY,BVNI,0.053000,0.043000,0.010000,0,0
VA,24215,WISE COUNTY,BVOH,0.053000,0.043000,0.010000,0,0
VA,24216,WISE COUNTY,BVOH,0.053000,0.043000,0.010000,0,0
VA,24217,DICKENSON COUNTY,BUKI,0.053000,0.043000,0.010000,0,0
VA,24218,LEE COUNTY,BUVZ,0.053000,0.043000,0.010000,0,0
VA,24219,WISE COUNTY,BVOH,0.053000,0.043000,0.010000,0,0
VA,24220,DICKENSON COUNTY,BUKI,0.053000,0.043000,0.010000,0,0
VA,24221,LEE COUNTY,BUVZ,0.053000,0.043000,0.010000,0,0
VA,24224,RUSSELL COUNTY,BVJD,0.053000,0.043000,0.010000,0,0
VA,24225,RUSSELL COUNTY,BVJD,0.053000,0.043000,0.010000,0,0
VA,24226,DICKENSON COUNTY,BUKI,0.053000,0.043000,0.010000,0,0
VA,24228,DICKENSON COUNTY,BUKI,0.053000,0.043000,0.010000,0,0
VA,24230,WISE COUNTY,BVOH,0.053000,0.043000,0.010000,0,0
VA,24236,WASHINGTON COUNTY,BVNI,0.053000,0.043000,0.010000,0,0
VA,24237,DICKENSON COUNTY,BUKI,0.053000,0.043000,0.010000,0,0
VA,24239,BUCHANAN COUNTY,BUGA,0.053000,0.043000,0.010000,0,0
VA,24243,LEE COUNTY,BUVZ,0.053000,0.043000,0.010000,0,0
VA,24244,SCOTT COUNTY,BVJO,0.053000,0.043000,0.010000,0,0
VA,24245,SCOTT COUNTY,BVJO,0.053000,0.043000,0.010000,0,0
VA,24246,WISE COUNTY,BVOH,0.053000,0.043000,0.010000,0,0
VA,24248,LEE COUNTY,BUVZ,0.053000,0.043000,0.010000,0,0
VA,24250,SCOTT COUNTY,BVJO,0.053000,0.043000,0.010000,0,0
VA,24251,SCOTT COUNTY,BVJO,0.053000,0.043000,0.010000,0,0
VA,24256,DICKENSON COUNTY,BUKI,0.053000,0.043000,0.010000,0,0
VA,24258,SCOTT COUNTY,BVJO,0.053000,0.043000,0.010000,0,0
VA,24260,RUSSELL COUNTY,BVJD,0.053000,0.043000,0.010000,0,0
VA,24263,LEE COUNTY,BUVZ,0.053000,0.043000,0.010000,0,0
VA,24265,LEE COUNTY,BUVZ,0.053000,0.043000,0.010000,0,0
VA,24266,RUSSELL COUNTY,BVJD,0.053000,0.043000,0.010000,0,0
VA,24269,DICKENSON COUNTY,BUKI,0.053000,0.043000,0.010000,0,0
VA,24270,WASHINGTON COUNTY,BVNI,0.053000,0.043000,0.010000,0,0
VA,24271,SCOTT COUNTY,BVJO,0.053000,0.043000,0.010000,0,0
VA,24272,DICKENSON COUNTY,BUKI,0.053000,0.043000,0.010000,0,0
VA,24273,NORTON CITY,BVCY,0.053000,0.043000,0,0.010000,0
VA,24277,LEE COUNTY,BUVZ,0.053000,0.043000,0.010000,0,0
VA,24279,WISE COUNTY,BVOH,0.053000,0.043000,0.010000,0,0
VA,24280,RUSSELL COUNTY,BVJD,0.053000,0.043000,0.010000,0,0
VA,24281,LEE COUNTY,BUVZ,0.053000,0.043000,0.010000,0,0
VA,24282,LEE COUNTY,BUVZ,0.053000,0.043000,0.010000,0,0
VA,24283,WISE COUNTY,BVOH,0.053000,0.043000,0.010000,0,0
VA,24290,SCOTT COUNTY,BVJO,0.053000,0.043000,0.010000,0,0
VA,24292,GRAYSON COUNTY,BURD,0.053000,0.043000,0.010000,0,0
VA,24293,WISE COUNTY,BVOH,0.053000,0.043000,0.010000,0,0
VA,24301,PULASKI COUNTY,BVGG,0.053000,0.043000,0.010000,0,0
VA,24311,SMYTH COUNTY,BVKJ,0.053000,0.043000,0.010000,0,0
VA,24312,CARROLL COUNTY,BUHV,0.053000,0.043000,0.010000,0,0
VA,24313,WYTHE COUNTY,BVOR,0.053000,0.043000,0.010000,0,0
VA,24314,BLAND COUNTY,BUEV,0.053000,0.043000,0.010000,0,0
VA,24315,BLAND COUNTY,BUEV,0.053000,0.043000,0.010000,0,0
VA,24316,TAZEWELL COUNTY,BVMF,0.053000,0.043000,0.010000,0,0
VA,24317,CARROLL COUNTY,BUHV,0.053000,0.043000,0.010000,0,0
VA,24318,BLAND COUNTY,BUEV,0.053000,0.043000,0.010000,0,0
VA,24319,SMYTH COUNTY,BVKJ,0.053000,0.043000,0.010000,0,0
VA,24322,WYTHE COUNTY,BVOR,0.053000,0.043000,0.010000,0,0
VA,24323,WYTHE COUNTY,BVOR,0.053000,0.043000,0.010000,0,0
VA,24324,PULASKI COUNTY,BVGG,0.053000,0.043000,0.010000,0,0
VA,24325,CARROLL COUNTY,BUHV,0.053000,0.043000,0.010000,0,0
VA,24326,GRAYSON COUNTY,BURD,0.053000,0.043000,0.010000,0,0
VA,24327,WASHINGTON COUNTY,BVNI,0.053000,0.043000,0.010000,0,0
VA,24328,CARROLL COUNTY,BUHV,0.053000,0.043000,0.010000,0,0
VA,24330,GRAYSON COUNTY,BURD,0.053000,0.043000,0.010000,0,0
VA,24333,CARROLL COUNTY,BUHV,0.053000,0.043000,0.010000,0,0
VA,24340,WASHINGTON COUNTY,BVNI,0.053000,0.043000,0.010000,0,0
VA,24343,CARROLL COUNTY,BUHV,0.053000,0.043000,0.010000,0,0
VA,24347,PULASKI COUNTY,BVGG,0.053000,0.043000,0.010000,0,0
VA,24348,GRAYSON COUNTY,BURD,0.053000,0.043000,0.010000,0,0
VA,24350,WYTHE COUNTY,BVOR,0.053000,0.043000,0.010000,0,0
VA,24351,CARROLL COUNTY,BUHV,0.053000,0.043000,0.010000,0,0
VA,24352,CARROLL COUNTY,BUHV,0.053000,0.043000,0.010000,0,0
VA,24354,SMYTH COUNTY,BVKJ,0.053000,0.043000,0.010000,0,0
VA,24360,WYTHE COUNTY,BVOR,0.053000,0.043000,0.010000,0,0
VA,24361,WASHINGTON COUNTY,BVNI,0.053000,0.043000,0.010000,0,0
VA,24363,GRAYSON COUNTY,BURD,0.053000,0.043000,0.010000,0,0
VA,24366,BLAND COUNTY,BUEV,0.053000,0.043000,0.010000,0,0
VA,24368,WYTHE COUNTY,BVOR,0.053000,0.043000,0.010000,0,0
VA,24370,SMYTH COUNTY,BVKJ,0.053000,0.043000,0.010000,0,0
VA,24374,WYTHE COUNTY,BVOR,0.053000,0.043000,0.010000,0,0
VA,24375,SMYTH COUNTY,BVKJ,0.053000,0.043000,0.010000,0,0
VA,24377,TAZEWELL COUNTY,BVMF,0.053000,0.043000,0.010000,0,0
VA,24378,GRAYSON COUNTY,BURD,0.053000,0.043000,0.010000,0,0
VA,24380,FLOYD COUNTY,BUNW,0.053000,0.043000,0.010000,0,0
VA,24381,CARROLL COUNTY,BUHV,0.053000,0.043000,0.010000,0,0
VA,24382,WYTHE COUNTY,BVOR,0.053000,0.043000,0.010000,0,0
VA,24401,STAUNTON CITY,BVLP,0.053000,0.043000,0,0.010000,0
VA,24402,STAUNTON CITY,BVLP,0.053000,0.043000,0,0.010000,0
VA,24411,AUGUSTA COUNTY,BUDC,0.053000,0.043000,0.010000,0,0
VA,24412,BATH COUNTY,BUEA,0.053000,0.043000,0.010000,0,0
VA,24413,HIGHLAND COUNTY,BUTL,0.053000,0.043000,0.010000,0,0
VA,24415,ROCKBRIDGE COUNTY,BVHW,0.053000,0.043000,0.010000,0,0
VA,24416,BUENA VISTA CITY,BUGZ,0.053000,0.043000,0,0.010000,0
VA,24421,AUGUSTA COUNTY,BUDC,0.053000,0.043000,0.010000,0,0
VA,24422,ALLEGHANY COUNTY,BUCD,0.053000,0.043000,0.010000,0,0
VA,24426,COVINGTON CITY,BUJM,0.053000,0.043000,0,0.010000,0
VA,24430,AUGUSTA COUNTY,BUDC,0.053000,0.043000,0.010000,0,0
VA,24431,AUGUSTA COUNTY,BUDC,0.053000,0.043000,0.010000,0,0
VA,24432,AUGUSTA COUNTY,BUDC,0.053000,0.043000,0.010000,0,0
VA,24433,HIGHLAND COUNTY,BUTL,0.053000,0.043000,0.010000,0,0
VA,24435,ROCKBRIDGE COUNTY,BVHW,0.053000,0.043000,0.010000,0,0
VA,24437,AUGUSTA COUNTY,BUDC,0.053000,0.043000,0.010000,0,0
VA,24438,BOTETOURT COUNTY,BUFA,0.053000,0.043000,0.010000,0,0
VA,24439,ROCKBRIDGE COUNTY,BVHW,0.053000,0.043000,0.010000,0,0
VA,24440,AUGUSTA COUNTY,BUDC,0.053000,0.043000,0.010000,0,0
VA,24441,ROCKINGHAM COUNTY,BVIJ,0.053000,0.043000,0.010000,0,0
VA,24442,HIGHLAND COUNTY,BUTL,0.053000,0.043000,0.010000,0,0
VA,24445,BATH COUNTY,BUEA,0.053000,0.043000,0.010000,0,0
VA,24448,ALLEGHANY COUNTY,BUCD,0.053000,0.043000,0.010000,0,0
VA,24450,ROCKBRIDGE COUNTY,BVHW,0.053000,0.043000,0.010000,0,0
VA,24457,ALLEGHANY COUNTY,BUCD,0.053000,0.043000,0.010000,0,0
VA,24458,HIGHLAND COUNTY,BUTL,0.053000,0.043000,0.010000,0,0
VA,24459,AUGUSTA COUNTY,BUDC,0.053000,0.043000,0.010000,0,0
VA,24460,BATH COUNTY,BUEA,0.053000,0.043000,0.010000,0,0
VA,24463,AUGUSTA COUNTY,BUDC,0.053000,0.043000,0.010000,0,0
VA,24464,NELSON COUNTY,BVAR,0.053000,0.043000,0.010000,0,0
VA,24465,HIGHLAND COUNTY,BUTL,0.053000,0.043000,0.010000,0,0
VA,24467,AUGUSTA COUNTY,BUDC,0.053000,0.043000,0.010000,0,0
VA,24468,HIGHLAND COUNTY,BUTL,0.053000,0.043000,0.010000,0,0
VA,24469,AUGUSTA COUNTY,BUDC,0.053000,0.043000,0.010000,0,0
VA,24471,ROCKINGHAM COUNTY,BVIJ,0.053000,0.043000,0.010000,0,0
VA,24472,ROCKBRIDGE COUNTY,BVHW,0.053000,0.043000,0.010000,0,0
VA,24473,ROCKBRIDGE COUNTY,BVHW,0.053000,0.043000,0.010000,0,0
VA,24474,ALLEGHANY COUNTY,BUCD,0.053000,0.043000,0.010000,0,0
VA,24476,AUGUSTA COUNTY,BUDC,0.053000,0.043000,0.010000,0,0
VA,24477,AUGUSTA COUNTY,BUDC,0.053000,0.043000,0.010000,0,0
VA,24479,AUGUSTA COUNTY,BUDC,0.053000,0.043000,0.010000,0,0
VA,24482,AUGUSTA COUNTY,BUDC,0.053000,0.043000,0.010000,0,0
VA,24483,ROCKBRIDGE COUNTY,BVHW,0.053000,0.043000,0.010000,0,0
VA,24484,BATH COUNTY,BUEA,0.053000,0.043000,0.010000,0,0
VA,24485,AUGUSTA COUNTY,BUDC,0.053000,0.043000,0.010000,0,0
VA,24486,AUGUSTA COUNTY,BUDC,0.053000,0.043000,0.010000,0,0
VA,24487,BATH COUNTY,BUEA,0.053000,0.043000,0.010000,0,0
VA,24501,LYNCHBURG CITY,BUXQ,0.053000,0.043000,0,0.010000,0
VA,24502,LYNCHBURG CITY,BUXQ,0.053000,0.043000,0,0.010000,0
VA,24503,LYNCHBURG CITY,BUXQ,0.053000,0.043000,0,0.010000,0
VA,24504,LYNCHBURG CITY,BUXQ,0.053000,0.043000,0,0.010000,0
VA,24505,LYNCHBURG CITY,BUXQ,0.053000,0.043000,0,0.010000,0
VA,24506,LYNCHBURG CITY,BUXQ,0.053000,0.043000,0,0.010000,0
VA,24513,LYNCHBURG CITY,BUXQ,0.053000,0.043000,0,0.010000,0
VA,24514,LYNCHBURG CITY,BUXQ,0.053000,0.043000,0,0.010000,0
VA,24515,LYNCHBURG CITY,BUXQ,0.053000,0.043000,0,0.010000,0
VA,24517,CAMPBELL COUNTY,BUHA,0.053000,0.043000,0.010000,0,0
VA,24520,HALIFAX COUNTY,BURT,0.053000,0.043000,0.010000,0,0
VA,24521,AMHERST COUNTY,BUCN,0.053000,0.043000,0.010000,0,0
VA,24522,APPOMATTOX COUNTY,BUCU,0.053000,0.043000,0.010000,0,0
VA,24523,BEDFORD COUNTY,BUEG,0.053000,0.043000,0.010000,0,0
VA,24526,BEDFORD COUNTY,BUEG,0.053000,0.043000,0.010000,0,0
VA,24527,PITTSYLVANIA COUNTY,BVEI,0.053000,0.043000,0.010000,0,0
VA,24528,CAMPBELL COUNTY,BUHA,0.053000,0.043000,0.010000,0,0
VA,24529,MECKLENBURG COUNTY,BUZI,0.053000,0.043000,0.010000,0,0
VA,24530,PITTSYLVANIA COUNTY,BVEI,0.053000,0.043000,0.010000,0,0
VA,24531,PITTSYLVANIA COUNTY,BVEI,0.053000,0.043000,0.010000,0,0
VA,24533,AMHERST COUNTY,BUCN,0.053000,0.043000,0.010000,0,0
VA,24534,HALIFAX COUNTY,BURT,0.053000,0.043000,0.010000,0,0
VA,24535,HALIFAX COUNTY,BURT,0.053000,0.043000,0.010000,0,0
VA,24536,BEDFORD COUNTY,BUEG,0.053000,0.043000,0.010000,0,0
VA,24538,CAMPBELL COUNTY,BUHA,0.053000,0.043000,0.010000,0,0
VA,24539,HALIFAX COUNTY,BURT,0.053000,0.043000,0.010000,0,0
VA,24540,DANVILLE CITY,BUKH,0.053000,0.043000,0,0.010000,0
VA,24541,DANVILLE CITY,BUKH,0.053000,0.043000,0,0.010000,0
VA,24543,DANVILLE CITY,BUKH,0.053000,0.043000,0,0.010000,0
VA,24549,PITTSYLVANIA COUNTY,BVEI,0.053000,0.043000,0.010000,0,0
VA,24550,CAMPBELL COUNTY,BUHA,0.053000,0.043000,0.010000,0,0
VA,24551,BEDFORD COUNTY,BUEG,0.053000,0.043000,0.010000,0,0
VA,24553,NELSON COUNTY,BVAR,0.053000,0.043000,0.010000,0,0
VA,24554,CAMPBELL COUNTY,BUHA,0.053000,0.043000,0.010000,0,0
VA,24555,ROCKBRIDGE COUNTY,BVHW,0.053000,0.043000,0.010000,0,0
VA,24556,BEDFORD COUNTY,BUEG,0.053000,0.043000,0.010000,0,0
VA,24557,PITTSYLVANIA COUNTY,BVEI,0.053000,0.043000,0.010000,0,0
VA,24558,HALIFAX COUNTY,BURT,0.053000,0.043000,0.010000,0,0
VA,24562,BUCKINGHAM COUNTY,BUGS,0.053000,0.043000,0.010000,0,0
VA,24563,PITTSYLVANIA COUNTY,BVEI,0.053000,0.043000,0.010000,0,0
VA,24565,PITTSYLVANIA COUNTY,BVEI,0.053000,0.043000,0.010000,0,0
VA,24566,PITTSYLVANIA COUNTY,BVEI,0.053000,0.043000,0.010000,0,0
VA,24569,PITTSYLVANIA COUNTY,BVEI,0.053000,0.043000,0.010000,0,0
VA,24570,BEDFORD COUNTY,BUEG,0.053000,0.043000,0.010000,0,0
VA,24571,CAMPBELL COUNTY,BUHA,0.053000,0.043000,0.010000,0,0
VA,24572,AMHERST COUNTY,BUCN,0.053000,0.043000,0.010000,0,0
VA,24574,AMHERST COUNTY,BUCN,0.053000,0.043000,0.010000,0,0
VA,24576,CAMPBELL COUNTY,BUHA,0.053000,0.043000,0.010000,0,0
VA,24577,HALIFAX COUNTY,BURT,0.053000,0.043000,0.010000,0,0
VA,24578,ROCKBRIDGE COUNTY,BVHW,0.053000,0.043000,0.010000,0,0
VA,24579,ROCKBRIDGE COUNTY,BVHW,0.053000,0.043000,0.010000,0,0
VA,24580,MECKLENBURG COUNTY,BUZI,0.053000,0.043000,0.010000,0,0
VA,24581,NELSON COUNTY,BVAR,0.053000,0.043000,0.010000,0,0
VA,24586,PITTSYLVANIA COUNTY,BVEI,0.053000,0.043000,0.010000,0,0
VA,24588,CAMPBELL COUNTY,BUHA,0.053000,0.043000,0.010000,0,0
VA,24589,HALIFAX COUNTY,BURT,0.053000,0.043000,0.010000,0,0
VA,24590,ALBEMARLE COUNTY,BUBJ,0.053000,0.043000,0.010000,0,0
VA,24592,HALIFAX COUNTY,BURT,0.053000,0.043000,0.010000,0,0
VA,24593,APPOMATTOX COUNTY,BUCU,0.053000,0.043000,0.010000,0,0
VA,24594,PITTSYLVANIA COUNTY,BVEI,0.053000,0.043000,0.010000,0,0
VA,24595,AMHERST COUNTY,BUCN,0.053000,0.043000,0.010000,0,0
VA,24597,HALIFAX COUNTY,BURT,0.053000,0.043000,0.010000,0,0
VA,24598,HALIFAX COUNTY,BURT,0.053000,0.043000,0.010000,0,0
VA,24599,BUCKINGHAM COUNTY,BUGS,0.053000,0.043000,0.010000,0,0
VA,24601,TAZEWELL COUNTY,BVMF,0.053000,0.043000,0.010000,0,0
VA,24602,TAZEWELL COUNTY,BVMF,0.053000,0.043000,0.010000,0,0
VA,24603,BUCHANAN COUNTY,BUGA,0.053000,0.043000,0.010000,0,0
VA,24604,TAZEWELL COUNTY,BVMF,0.053000,0.043000,0.010000,0,0
VA,24605,TAZEWELL COUNTY,BVMF,0.053000,0.043000,0.010000,0,0
VA,24606,TAZEWELL COUNTY,BVMF,0.053000,0.043000,0.010000,0,0
VA,24607,DICKENSON COUNTY,BUKI,0.053000,0.043000,0.010000,0,0
VA,24608,TAZEWELL COUNTY,BVMF,0.053000,0.043000,0.010000,0,0
VA,24609,TAZEWELL COUNTY,BVMF,0.053000,0.043000,0.010000,0,0
VA,24612,TAZEWELL COUNTY,BVMF,0.053000,0.043000,0.010000,0,0
VA,24613,TAZEWELL COUNTY,BVMF,0.053000,0.043000,0.010000,0,0
VA,24614,BUCHANAN COUNTY,BUGA,0.053000,0.043000,0.010000,0,0
VA,24619,TAZEWELL COUNTY,BVMF,0.053000,0.043000,0.010000,0,0
VA,24620,BUCHANAN COUNTY,BUGA,0.053000,0.043000,0.010000,0,0
VA,24622,BUCHANAN COUNTY,BUGA,0.053000,0.043000,0.010000,0,0
VA,24624,BUCHANAN COUNTY,BUGA,0.053000,0.043000,0.010000,0,0
VA,24628,BUCHANAN COUNTY,BUGA,0.053000,0.043000,0.010000,0,0
VA,24630,TAZEWELL COUNTY,BVMF,0.053000,0.043000,0.010000,0,0
VA,24631,BUCHANAN COUNTY,BUGA,0.053000,0.043000,0.010000,0,0
VA,24634,BUCHANAN COUNTY,BUGA,0.053000,0.043000,0.010000,0,0
VA,24635,TAZEWELL COUNTY,BVMF,0.053000,0.043000,0.010000,0,0
VA,24637,TAZEWELL COUNTY,BVMF,0.053000,0.043000,0.010000,0,0
VA,24639,TAZEWELL COUNTY,BVMF,0.053000,0.043000,0.010000,0,0
VA,24640,TAZEWELL COUNTY,BVMF,0.053000,0.043000,0.010000,0,0
VA,24641,TAZEWELL COUNTY,BVMF,0.053000,0.043000,0.010000,0,0
VA,24646,BUCHANAN COUNTY,BUGA,0.053000,0.043000,0.010000,0,0
VA,24647,TAZEWELL COUNTY,BVMF,0.053000,0.043000,0.010000,0,0
VA,24649,RUSSELL COUNTY,BVJD,0.053000,0.043000,0.010000,0,0
VA,24651,TAZEWELL COUNTY,BVMF,0.053000,0.043000,0.010000,0,0
VA,24656,BUCHANAN COUNTY,BUGA,0.053000,0.043000,0.010000,0,0
VA,24657,BUCHANAN COUNTY,BUGA,0.053000,0.043000,0.010000,0,0
VA,24658,BUCHANAN COUNTY,BUGA,0.053000,0.043000,0.010000,0,0
